ISO-10303-21;
HEADER;
FILE_DESCRIPTION(('Open CASCADE Model'),'2;1');
FILE_NAME('Open CASCADE Shape Model','2026-10-01T18:44:04',('Author'),(
    'Open CASCADE'),'Open CASCADE STEP processor 8.0','build123d',
  'Unknown');
FILE_SCHEMA(('AUTOMOTIVE_DESIGN { 1 0 10303 214 1 1 1 1 }'));
ENDSEC;
DATA;
#1 = APPLICATION_PROTOCOL_DEFINITION('international standard',
  'automotive_design',2000,#2);
#2 = APPLICATION_CONTEXT(
  'core data for automotive mechanical design processes');
#3 = SHAPE_DEFINITION_REPRESENTATION(#4,#10);
#4 = PRODUCT_DEFINITION_SHAPE('','',#5);
#5 = PRODUCT_DEFINITION('design','',#6,#9);
#6 = PRODUCT_DEFINITION_FORMATION('','',#7);
#7 = PRODUCT('=>[0:1:1:2]','=>[0:1:1:2]','',(#8));
#8 = PRODUCT_CONTEXT('',#2,'mechanical');
#9 = PRODUCT_DEFINITION_CONTEXT('part definition',#2,'design');
#10 = SHAPE_REPRESENTATION('',(#11,#15),#19);
#11 = AXIS2_PLACEMENT_3D('',#12,#13,#14);
#12 = CARTESIAN_POINT('',(0.,0.,0.));
#13 = DIRECTION('',(0.,0.,1.));
#14 = DIRECTION('',(1.,0.,-0.));
#15 = AXIS2_PLACEMENT_3D('',#16,#17,#18);
#16 = CARTESIAN_POINT('',(1.7763568394E-15,0.,1.E-07));
#17 = DIRECTION('',(0.,0.,1.));
#18 = DIRECTION('',(1.,0.,0.));
#19 = ( GEOMETRIC_REPRESENTATION_CONTEXT(3) 
GLOBAL_UNCERTAINTY_ASSIGNED_CONTEXT((#23)) GLOBAL_UNIT_ASSIGNED_CONTEXT(
(#20,#21,#22)) REPRESENTATION_CONTEXT('Context #1',
  '3D Context with UNIT and UNCERTAINTY') );
#20 = ( LENGTH_UNIT() NAMED_UNIT(*) SI_UNIT(.MILLI.,.METRE.) );
#21 = ( NAMED_UNIT(*) PLANE_ANGLE_UNIT() SI_UNIT($,.RADIAN.) );
#22 = ( NAMED_UNIT(*) SI_UNIT($,.STERADIAN.) SOLID_ANGLE_UNIT() );
#23 = UNCERTAINTY_MEASURE_WITH_UNIT(LENGTH_MEASURE(1.E-07),#20,
  'distance_accuracy_value','confusion accuracy');
#24 = PRODUCT_RELATED_PRODUCT_CATEGORY('part',$,(#7));
#25 = SHAPE_DEFINITION_REPRESENTATION(#26,#32);
#26 = PRODUCT_DEFINITION_SHAPE('','',#27);
#27 = PRODUCT_DEFINITION('design','',#28,#31);
#28 = PRODUCT_DEFINITION_FORMATION('','',#29);
#29 = PRODUCT('COMPOUND','COMPOUND','',(#30));
#30 = PRODUCT_CONTEXT('',#2,'mechanical');
#31 = PRODUCT_DEFINITION_CONTEXT('part definition',#2,'design');
#32 = ADVANCED_BREP_SHAPE_REPRESENTATION('',(#11,#33),#2191);
#33 = MANIFOLD_SOLID_BREP('',#34);
#34 = CLOSED_SHELL('',(#35,#1431,#1466,#1665,#1738,#1788,#1839,#1894,
    #1921,#1948,#1979,#2055,#2104,#2153,#2180,#2184));
#35 = ADVANCED_FACE('',(#36,#228,#585,#1008),#50,.T.);
#36 = FACE_BOUND('',#37,.T.);
#37 = EDGE_LOOP('',(#38,#68,#97,#123,#152,#178,#200,#201));
#38 = ORIENTED_EDGE('',*,*,#39,.T.);
#39 = EDGE_CURVE('',#40,#42,#44,.T.);
#40 = VERTEX_POINT('',#41);
#41 = CARTESIAN_POINT('',(28.15,-6.8947614792E-15,0.));
#42 = VERTEX_POINT('',#43);
#43 = CARTESIAN_POINT('',(28.15,-6.8947614792E-15,34.));
#44 = SEAM_CURVE('',#45,(#49,#61),.PCURVE_S1.);
#45 = LINE('',#46,#47);
#46 = CARTESIAN_POINT('',(28.15,-6.8947614792E-15,0.));
#47 = VECTOR('',#48,1.);
#48 = DIRECTION('',(0.,0.,1.));
#49 = PCURVE('',#50,#55);
#50 = CYLINDRICAL_SURFACE('',#51,28.15);
#51 = AXIS2_PLACEMENT_3D('',#52,#53,#54);
#52 = CARTESIAN_POINT('',(0.,0.,0.));
#53 = DIRECTION('',(0.,0.,1.));
#54 = DIRECTION('',(1.,0.,-0.));
#55 = DEFINITIONAL_REPRESENTATION('',(#56),#60);
#56 = LINE('',#57,#58);
#57 = CARTESIAN_POINT('',(6.28318530718,-0.));
#58 = VECTOR('',#59,1.);
#59 = DIRECTION('',(0.,1.));
#60 = ( GEOMETRIC_REPRESENTATION_CONTEXT(2) 
PARAMETRIC_REPRESENTATION_CONTEXT() REPRESENTATION_CONTEXT('2D SPACE',''
  ) );
#61 = PCURVE('',#50,#62);
#62 = DEFINITIONAL_REPRESENTATION('',(#63),#67);
#63 = LINE('',#64,#65);
#64 = CARTESIAN_POINT('',(0.,-0.));
#65 = VECTOR('',#66,1.);
#66 = DIRECTION('',(0.,1.));
#67 = ( GEOMETRIC_REPRESENTATION_CONTEXT(2) 
PARAMETRIC_REPRESENTATION_CONTEXT() REPRESENTATION_CONTEXT('2D SPACE',''
  ) );
#68 = ORIENTED_EDGE('',*,*,#69,.F.);
#69 = EDGE_CURVE('',#70,#42,#72,.T.);
#70 = VERTEX_POINT('',#71);
#71 = CARTESIAN_POINT('',(1.,-28.13223240341,34.));
#72 = SURFACE_CURVE('',#73,(#78,#85),.PCURVE_S1.);
#73 = CIRCLE('',#74,28.15);
#74 = AXIS2_PLACEMENT_3D('',#75,#76,#77);
#75 = CARTESIAN_POINT('',(0.,0.,34.));
#76 = DIRECTION('',(0.,0.,1.));
#77 = DIRECTION('',(1.,0.,-0.));
#78 = PCURVE('',#50,#79);
#79 = DEFINITIONAL_REPRESENTATION('',(#80),#84);
#80 = LINE('',#81,#82);
#81 = CARTESIAN_POINT('',(0.,34.));
#82 = VECTOR('',#83,1.);
#83 = DIRECTION('',(1.,0.));
#84 = ( GEOMETRIC_REPRESENTATION_CONTEXT(2) 
PARAMETRIC_REPRESENTATION_CONTEXT() REPRESENTATION_CONTEXT('2D SPACE',''
  ) );
#85 = PCURVE('',#86,#91);
#86 = PLANE('',#87);
#87 = AXIS2_PLACEMENT_3D('',#88,#89,#90);
#88 = CARTESIAN_POINT('',(0.,0.,34.));
#89 = DIRECTION('',(0.,0.,1.));
#90 = DIRECTION('',(1.,0.,-0.));
#91 = DEFINITIONAL_REPRESENTATION('',(#92),#96);
#92 = CIRCLE('',#93,28.15);
#93 = AXIS2_PLACEMENT_2D('',#94,#95);
#94 = CARTESIAN_POINT('',(0.,0.));
#95 = DIRECTION('',(1.,0.));
#96 = ( GEOMETRIC_REPRESENTATION_CONTEXT(2) 
PARAMETRIC_REPRESENTATION_CONTEXT() REPRESENTATION_CONTEXT('2D SPACE',''
  ) );
#97 = ORIENTED_EDGE('',*,*,#98,.F.);
#98 = EDGE_CURVE('',#99,#70,#101,.T.);
#99 = VERTEX_POINT('',#100);
#100 = CARTESIAN_POINT('',(1.,-28.13223240341,6.));
#101 = SURFACE_CURVE('',#102,(#106,#112),.PCURVE_S1.);
#102 = LINE('',#103,#104);
#103 = CARTESIAN_POINT('',(1.,-28.13223240341,0.));
#104 = VECTOR('',#105,1.);
#105 = DIRECTION('',(0.,0.,1.));
#106 = PCURVE('',#50,#107);
#107 = DEFINITIONAL_REPRESENTATION('',(#108),#111);
#108 = B_SPLINE_CURVE_WITH_KNOTS('',1,(#109,#110),.UNSPECIFIED.,.F.,.F.,
  (2,2),(3.1,34.0000006),.PIECEWISE_BEZIER_KNOTS.);
#109 = CARTESIAN_POINT('',(4.747920434915,3.1));
#110 = CARTESIAN_POINT('',(4.747920434915,34.0000006));
#111 = ( GEOMETRIC_REPRESENTATION_CONTEXT(2) 
PARAMETRIC_REPRESENTATION_CONTEXT() REPRESENTATION_CONTEXT('2D SPACE',''
  ) );
#112 = PCURVE('',#113,#118);
#113 = PLANE('',#114);
#114 = AXIS2_PLACEMENT_3D('',#115,#116,#117);
#115 = CARTESIAN_POINT('',(1.,-29.15,6.));
#116 = DIRECTION('',(1.,0.,-0.));
#117 = DIRECTION('',(0.,0.,1.));
#118 = DEFINITIONAL_REPRESENTATION('',(#119),#122);
#119 = B_SPLINE_CURVE_WITH_KNOTS('',1,(#120,#121),.UNSPECIFIED.,.F.,.F.,
  (2,2),(3.1,34.0000006),.PIECEWISE_BEZIER_KNOTS.);
#120 = CARTESIAN_POINT('',(-2.9,-1.017767596581));
#121 = CARTESIAN_POINT('',(28.0000006,-1.017767596581));
#122 = ( GEOMETRIC_REPRESENTATION_CONTEXT(2) 
PARAMETRIC_REPRESENTATION_CONTEXT() REPRESENTATION_CONTEXT('2D SPACE',''
  ) );
#123 = ORIENTED_EDGE('',*,*,#124,.F.);
#124 = EDGE_CURVE('',#125,#99,#127,.T.);
#125 = VERTEX_POINT('',#126);
#126 = CARTESIAN_POINT('',(-1.,-28.13223240341,6.));
#127 = SURFACE_CURVE('',#128,(#133,#140),.PCURVE_S1.);
#128 = CIRCLE('',#129,28.15);
#129 = AXIS2_PLACEMENT_3D('',#130,#131,#132);
#130 = CARTESIAN_POINT('',(0.,0.,6.));
#131 = DIRECTION('',(0.,0.,1.));
#132 = DIRECTION('',(1.,0.,-0.));
#133 = PCURVE('',#50,#134);
#134 = DEFINITIONAL_REPRESENTATION('',(#135),#139);
#135 = LINE('',#136,#137);
#136 = CARTESIAN_POINT('',(0.,6.));
#137 = VECTOR('',#138,1.);
#138 = DIRECTION('',(1.,0.));
#139 = ( GEOMETRIC_REPRESENTATION_CONTEXT(2) 
PARAMETRIC_REPRESENTATION_CONTEXT() REPRESENTATION_CONTEXT('2D SPACE',''
  ) );
#140 = PCURVE('',#141,#146);
#141 = PLANE('',#142);
#142 = AXIS2_PLACEMENT_3D('',#143,#144,#145);
#143 = CARTESIAN_POINT('',(-1.,-29.15,6.));
#144 = DIRECTION('',(0.,0.,1.));
#145 = DIRECTION('',(1.,0.,-0.));
#146 = DEFINITIONAL_REPRESENTATION('',(#147),#151);
#147 = CIRCLE('',#148,28.15);
#148 = AXIS2_PLACEMENT_2D('',#149,#150);
#149 = CARTESIAN_POINT('',(1.,29.15));
#150 = DIRECTION('',(1.,0.));
#151 = ( GEOMETRIC_REPRESENTATION_CONTEXT(2) 
PARAMETRIC_REPRESENTATION_CONTEXT() REPRESENTATION_CONTEXT('2D SPACE',''
  ) );
#152 = ORIENTED_EDGE('',*,*,#153,.T.);
#153 = EDGE_CURVE('',#125,#154,#156,.T.);
#154 = VERTEX_POINT('',#155);
#155 = CARTESIAN_POINT('',(-1.,-28.13223240341,34.));
#156 = SURFACE_CURVE('',#157,(#161,#167),.PCURVE_S1.);
#157 = LINE('',#158,#159);
#158 = CARTESIAN_POINT('',(-1.,-28.13223240341,0.));
#159 = VECTOR('',#160,1.);
#160 = DIRECTION('',(0.,0.,1.));
#161 = PCURVE('',#50,#162);
#162 = DEFINITIONAL_REPRESENTATION('',(#163),#166);
#163 = B_SPLINE_CURVE_WITH_KNOTS('',1,(#164,#165),.UNSPECIFIED.,.F.,.F.,
  (2,2),(3.1,34.0000006),.PIECEWISE_BEZIER_KNOTS.);
#164 = CARTESIAN_POINT('',(4.676857525854,3.1));
#165 = CARTESIAN_POINT('',(4.676857525854,34.0000006));
#166 = ( GEOMETRIC_REPRESENTATION_CONTEXT(2) 
PARAMETRIC_REPRESENTATION_CONTEXT() REPRESENTATION_CONTEXT('2D SPACE',''
  ) );
#167 = PCURVE('',#168,#173);
#168 = PLANE('',#169);
#169 = AXIS2_PLACEMENT_3D('',#170,#171,#172);
#170 = CARTESIAN_POINT('',(-1.,-29.15,6.));
#171 = DIRECTION('',(1.,0.,-0.));
#172 = DIRECTION('',(0.,0.,1.));
#173 = DEFINITIONAL_REPRESENTATION('',(#174),#177);
#174 = B_SPLINE_CURVE_WITH_KNOTS('',1,(#175,#176),.UNSPECIFIED.,.F.,.F.,
  (2,2),(3.1,34.0000006),.PIECEWISE_BEZIER_KNOTS.);
#175 = CARTESIAN_POINT('',(-2.9,-1.017767596581));
#176 = CARTESIAN_POINT('',(28.0000006,-1.017767596581));
#177 = ( GEOMETRIC_REPRESENTATION_CONTEXT(2) 
PARAMETRIC_REPRESENTATION_CONTEXT() REPRESENTATION_CONTEXT('2D SPACE',''
  ) );
#178 = ORIENTED_EDGE('',*,*,#179,.F.);
#179 = EDGE_CURVE('',#42,#154,#180,.T.);
#180 = SURFACE_CURVE('',#181,(#186,#193),.PCURVE_S1.);
#181 = CIRCLE('',#182,28.15);
#182 = AXIS2_PLACEMENT_3D('',#183,#184,#185);
#183 = CARTESIAN_POINT('',(0.,0.,34.));
#184 = DIRECTION('',(0.,0.,1.));
#185 = DIRECTION('',(1.,0.,-0.));
#186 = PCURVE('',#50,#187);
#187 = DEFINITIONAL_REPRESENTATION('',(#188),#192);
#188 = LINE('',#189,#190);
#189 = CARTESIAN_POINT('',(0.,34.));
#190 = VECTOR('',#191,1.);
#191 = DIRECTION('',(1.,0.));
#192 = ( GEOMETRIC_REPRESENTATION_CONTEXT(2) 
PARAMETRIC_REPRESENTATION_CONTEXT() REPRESENTATION_CONTEXT('2D SPACE',''
  ) );
#193 = PCURVE('',#86,#194);
#194 = DEFINITIONAL_REPRESENTATION('',(#195),#199);
#195 = CIRCLE('',#196,28.15);
#196 = AXIS2_PLACEMENT_2D('',#197,#198);
#197 = CARTESIAN_POINT('',(0.,0.));
#198 = DIRECTION('',(1.,0.));
#199 = ( GEOMETRIC_REPRESENTATION_CONTEXT(2) 
PARAMETRIC_REPRESENTATION_CONTEXT() REPRESENTATION_CONTEXT('2D SPACE',''
  ) );
#200 = ORIENTED_EDGE('',*,*,#39,.F.);
#201 = ORIENTED_EDGE('',*,*,#202,.T.);
#202 = EDGE_CURVE('',#40,#40,#203,.T.);
#203 = SURFACE_CURVE('',#204,(#209,#216),.PCURVE_S1.);
#204 = CIRCLE('',#205,28.15);
#205 = AXIS2_PLACEMENT_3D('',#206,#207,#208);
#206 = CARTESIAN_POINT('',(0.,0.,0.));
#207 = DIRECTION('',(0.,0.,1.));
#208 = DIRECTION('',(1.,0.,-0.));
#209 = PCURVE('',#50,#210);
#210 = DEFINITIONAL_REPRESENTATION('',(#211),#215);
#211 = LINE('',#212,#213);
#212 = CARTESIAN_POINT('',(0.,0.));
#213 = VECTOR('',#214,1.);
#214 = DIRECTION('',(1.,0.));
#215 = ( GEOMETRIC_REPRESENTATION_CONTEXT(2) 
PARAMETRIC_REPRESENTATION_CONTEXT() REPRESENTATION_CONTEXT('2D SPACE',''
  ) );
#216 = PCURVE('',#217,#222);
#217 = PLANE('',#218);
#218 = AXIS2_PLACEMENT_3D('',#219,#220,#221);
#219 = CARTESIAN_POINT('',(0.,0.,0.));
#220 = DIRECTION('',(0.,0.,1.));
#221 = DIRECTION('',(1.,0.,-0.));
#222 = DEFINITIONAL_REPRESENTATION('',(#223),#227);
#223 = CIRCLE('',#224,28.15);
#224 = AXIS2_PLACEMENT_2D('',#225,#226);
#225 = CARTESIAN_POINT('',(0.,0.));
#226 = DIRECTION('',(1.,0.));
#227 = ( GEOMETRIC_REPRESENTATION_CONTEXT(2) 
PARAMETRIC_REPRESENTATION_CONTEXT() REPRESENTATION_CONTEXT('2D SPACE',''
  ) );
#228 = FACE_BOUND('',#229,.T.);
#229 = EDGE_LOOP('',(#230));
#230 = ORIENTED_EDGE('',*,*,#231,.T.);
#231 = EDGE_CURVE('',#232,#232,#234,.T.);
#232 = VERTEX_POINT('',#233);
#233 = CARTESIAN_POINT('',(-28.15,-1.518562030943E-15,3.8));
#234 = SURFACE_CURVE('',#235,(#348,#464),.PCURVE_S1.);
#235 = B_SPLINE_CURVE_WITH_KNOTS('',6,(#236,#237,#238,#239,#240,#241,
    #242,#243,#244,#245,#246,#247,#248,#249,#250,#251,#252,#253,#254,
    #255,#256,#257,#258,#259,#260,#261,#262,#263,#264,#265,#266,#267,
    #268,#269,#270,#271,#272,#273,#274,#275,#276,#277,#278,#279,#280,
    #281,#282,#283,#284,#285,#286,#287,#288,#289,#290,#291,#292,#293,
    #294,#295,#296,#297,#298,#299,#300,#301,#302,#303,#304,#305,#306,
    #307,#308,#309,#310,#311,#312,#313,#314,#315,#316,#317,#318,#319,
    #320,#321,#322,#323,#324,#325,#326,#327,#328,#329,#330,#331,#332,
    #333,#334,#335,#336,#337,#338,#339,#340,#341,#342,#343,#344,#345,
    #346,#347),.UNSPECIFIED.,.T.,.F.,(7,5,5,5,5,5,5,5,5,5,5,5,5,5,5,5,5,
    5,5,5,5,5,7),(0.,4.559238014357E-02,7.459790211738E-02,0.11384682857
    ,0.171864920309,0.25001547595,0.30783394041,0.354572751667,
    0.386171342083,0.425414056684,0.469920455718,0.499969414696,
    0.545564569129,0.574571856084,0.613823170827,0.671844796945,
    0.750000108082,0.80782209083,0.854563747232,0.886164260438,
    0.925409363938,0.954412060694,1.),.UNSPECIFIED.);
#236 = CARTESIAN_POINT('',(-28.15,8.881784197001E-16,3.8));
#237 = CARTESIAN_POINT('',(-28.15,0.360838409987,3.8));
#238 = CARTESIAN_POINT('',(-28.1444496088,0.720871806331,3.82520093607)
  );
#239 = CARTESIAN_POINT('',(-28.13339485207,1.076326501499,3.875391357506
    ));
#240 = CARTESIAN_POINT('',(-28.11726212074,1.423489989696,3.949374466851
    ));
#241 = CARTESIAN_POINT('',(-28.09683503681,1.758890693424,4.044993571531
    ));
#242 = CARTESIAN_POINT('',(-28.05798122001,2.283421546611,4.231737331404
    ));
#243 = CARTESIAN_POINT('',(-28.04150768208,2.481680440817,4.311950570223
    ));
#244 = CARTESIAN_POINT('',(-28.02387224444,2.67395810973,4.399194364112)
  );
#245 = CARTESIAN_POINT('',(-28.00528425012,2.860008756802,4.492890115697
    ));
#246 = CARTESIAN_POINT('',(-27.98595155584,3.039630087792,4.592451644115
    ));
#247 = CARTESIAN_POINT('',(-27.9391766359,3.446803455374,4.839138607379)
  );
#248 = CARTESIAN_POINT('',(-27.91127407865,3.668945187694,4.990683525267
    ));
#249 = CARTESIAN_POINT('',(-27.88281065063,3.879124265475,5.150723337737
    ));
#250 = CARTESIAN_POINT('',(-27.85418186404,4.0774522817,5.318200628381)
  );
#251 = CARTESIAN_POINT('',(-27.82573381929,4.264093998172,5.492178717601
    ));
#252 = CARTESIAN_POINT('',(-27.75641529447,4.698154286518,5.937377806612
    ));
#253 = CARTESIAN_POINT('',(-27.71609045327,4.932077953484,6.215441118513
    ));
#254 = CARTESIAN_POINT('',(-27.67771330581,5.141826824125,6.503575596593
    ));
#255 = CARTESIAN_POINT('',(-27.6419871729,5.328221009002,6.799888228413)
  );
#256 = CARTESIAN_POINT('',(-27.60944225403,5.492006397164,7.102904990138
    ));
#257 = CARTESIAN_POINT('',(-27.54147812639,5.824729090691,7.82704761746)
  );
#258 = CARTESIAN_POINT('',(-27.50898024127,5.975733329208,8.252671146453
    ));
#259 = CARTESIAN_POINT('',(-27.48401144339,6.088084522314,8.685128258659
    ));
#260 = CARTESIAN_POINT('',(-27.46716759152,6.162683607997,9.121920599222
    ));
#261 = CARTESIAN_POINT('',(-27.45874177743,6.2,9.560910013111));
#262 = CARTESIAN_POINT('',(-27.45874177743,6.2,10.324853848999));
#263 = CARTESIAN_POINT('',(-27.46335390798,6.179574919952,
    10.649685675737));
#264 = CARTESIAN_POINT('',(-27.47257571237,6.13872958217,10.973625551209
    ));
#265 = CARTESIAN_POINT('',(-27.48632045018,6.077329715476,
    11.295793144319));
#266 = CARTESIAN_POINT('',(-27.50440607656,5.995109223692,
    11.615231090616));
#267 = CARTESIAN_POINT('',(-27.54444007162,5.808066137227,
    12.185966351383));
#268 = CARTESIAN_POINT('',(-27.56498328442,5.710597215751,
    12.438580980241));
#269 = CARTESIAN_POINT('',(-27.58802358985,5.599050327676,
    12.688149019924));
#270 = CARTESIAN_POINT('',(-27.61336703659,5.473138410167,12.93405622146
    ));
#271 = CARTESIAN_POINT('',(-27.64076330718,5.332522283851,
    13.175572119036));
#272 = CARTESIAN_POINT('',(-27.68958669358,5.071563526788,
    13.571530852129));
#273 = CARTESIAN_POINT('',(-27.71007324184,4.959405612157,
    13.728841762413));
#274 = CARTESIAN_POINT('',(-27.73125569842,4.840225166038,
    13.883487282859));
#275 = CARTESIAN_POINT('',(-27.7530212889,4.713893170684,14.035163658314
    ));
#276 = CARTESIAN_POINT('',(-27.7752399097,4.580277890069,14.183523519135
    ));
#277 = CARTESIAN_POINT('',(-27.82573381861,4.264094002463,
    14.507821277998));
#278 = CARTESIAN_POINT('',(-27.85418186513,4.077452273763,
    14.681799378077));
#279 = CARTESIAN_POINT('',(-27.88281065064,3.879124266172,
    14.849276662676));
#280 = CARTESIAN_POINT('',(-27.91127407756,3.668945195961,
    15.009316468468));
#281 = CARTESIAN_POINT('',(-27.93917663657,3.446803449583,
    15.160861396129));
#282 = CARTESIAN_POINT('',(-27.99657916738,2.947117254265,
    15.463597478403));
#283 = CARTESIAN_POINT('',(-28.02584914398,2.665636605283,
    15.612318519361));
#284 = CARTESIAN_POINT('',(-28.05311247261,2.369065950681,15.74643665837
    ));
#285 = CARTESIAN_POINT('',(-28.07756509494,2.058542424768,
    15.863695051436));
#286 = CARTESIAN_POINT('',(-28.09844224143,1.735470682807,
    15.962020250407));
#287 = CARTESIAN_POINT('',(-28.12633043024,1.176012926874,
    16.091844960286));
#288 = CARTESIAN_POINT('',(-28.13563222623,0.945772833253,
    16.134626512466));
#289 = CARTESIAN_POINT('',(-28.14277160346,0.711888235289,
    16.167182850204));
#290 = CARTESIAN_POINT('',(-28.14758939635,0.475506000341,
    16.189053930749));
#291 = CARTESIAN_POINT('',(-28.15,0.237806379082,16.2));
#292 = CARTESIAN_POINT('',(-28.15,-0.360838409987,16.2));
#293 = CARTESIAN_POINT('',(-28.1444496088,-0.720871806331,16.17479906393
    ));
#294 = CARTESIAN_POINT('',(-28.13339485207,-1.0763265015,16.124608642494
    ));
#295 = CARTESIAN_POINT('',(-28.11726212074,-1.423489989695,
    16.050625533149));
#296 = CARTESIAN_POINT('',(-28.09683503681,-1.758890693424,
    15.955006428469));
#297 = CARTESIAN_POINT('',(-28.05798122001,-2.283421546607,
    15.768262668597));
#298 = CARTESIAN_POINT('',(-28.04150768208,-2.481680440818,
    15.688049429777));
#299 = CARTESIAN_POINT('',(-28.02387224444,-2.673958109733,
    15.600805635886));
#300 = CARTESIAN_POINT('',(-28.00528425012,-2.860008756803,
    15.507109884302));
#301 = CARTESIAN_POINT('',(-27.98595155584,-3.039630087789,
    15.407548355887));
#302 = CARTESIAN_POINT('',(-27.9391766359,-3.446803455376,15.16086139262
    ));
#303 = CARTESIAN_POINT('',(-27.91127407865,-3.668945187692,
    15.009316474734));
#304 = CARTESIAN_POINT('',(-27.88281065063,-3.879124265474,
    14.849276662263));
#305 = CARTESIAN_POINT('',(-27.85418186404,-4.077452281702,
    14.681799371617));
#306 = CARTESIAN_POINT('',(-27.82573381929,-4.264093998171,14.5078212824
    ));
#307 = CARTESIAN_POINT('',(-27.75641529163,-4.698154304318,
    14.062622175131));
#308 = CARTESIAN_POINT('',(-27.71609045727,-4.932077930512,
    13.784558912795));
#309 = CARTESIAN_POINT('',(-27.67771330622,-5.141826820329,
    13.496424402156));
#310 = CARTESIAN_POINT('',(-27.64198716909,-5.32822103018,
    13.200111739695));
#311 = CARTESIAN_POINT('',(-27.609442256,-5.492006387528,12.897095030833
    ));
#312 = CARTESIAN_POINT('',(-27.5414781264,-5.824729090661,
    12.172952382607));
#313 = CARTESIAN_POINT('',(-27.50898024126,-5.975733329269,
    11.747328853442));
#314 = CARTESIAN_POINT('',(-27.4840114434,-6.088084522269,
    11.314871741333));
#315 = CARTESIAN_POINT('',(-27.46716759152,-6.162683608009,
    10.878079400893));
#316 = CARTESIAN_POINT('',(-27.45874177743,-6.2,10.439089986819));
#317 = CARTESIAN_POINT('',(-27.45874177743,-6.2,9.675146151));
#318 = CARTESIAN_POINT('',(-27.46335390798,-6.179574919952,
    9.350314324263));
#319 = CARTESIAN_POINT('',(-27.47257571237,-6.138729582171,
    9.026374448791));
#320 = CARTESIAN_POINT('',(-27.48632045018,-6.077329715476,
    8.704206855681));
#321 = CARTESIAN_POINT('',(-27.50440607656,-5.995109223692,
    8.384768909384));
#322 = CARTESIAN_POINT('',(-27.54444007203,-5.80806613533,7.814033642829
    ));
#323 = CARTESIAN_POINT('',(-27.56498328359,-5.710597219942,
    7.561419028776));
#324 = CARTESIAN_POINT('',(-27.58802358997,-5.599050326906,
    7.311850980258));
#325 = CARTESIAN_POINT('',(-27.61336703748,-5.473138405613,
    7.065943769608));
#326 = CARTESIAN_POINT('',(-27.64076330651,-5.332522287406,
    6.824427886357));
#327 = CARTESIAN_POINT('',(-27.68958669358,-5.071563526788,
    6.428469147871));
#328 = CARTESIAN_POINT('',(-27.71007324184,-4.959405612157,
    6.271158237587));
#329 = CARTESIAN_POINT('',(-27.73125569842,-4.840225166038,
    6.116512717141));
#330 = CARTESIAN_POINT('',(-27.7530212889,-4.713893170684,5.964836341686
    ));
#331 = CARTESIAN_POINT('',(-27.7752399097,-4.580277890069,5.816476480866
    ));
#332 = CARTESIAN_POINT('',(-27.82573381929,-4.26409399817,5.492178717598
    ));
#333 = CARTESIAN_POINT('',(-27.85418186404,-4.077452281701,
    5.318200628382));
#334 = CARTESIAN_POINT('',(-27.88281065063,-3.879124265478,
    5.150723337739));
#335 = CARTESIAN_POINT('',(-27.91127407865,-3.668945187695,
    4.990683525267));
#336 = CARTESIAN_POINT('',(-27.9391766359,-3.446803455371,4.839138607377
    ));
#337 = CARTESIAN_POINT('',(-27.98595155584,-3.039630087792,
    4.592451644115));
#338 = CARTESIAN_POINT('',(-28.00528425012,-2.860008756802,
    4.492890115697));
#339 = CARTESIAN_POINT('',(-28.02387224444,-2.67395810973,4.399194364112
    ));
#340 = CARTESIAN_POINT('',(-28.04150768208,-2.481680440817,
    4.311950570223));
#341 = CARTESIAN_POINT('',(-28.05798122001,-2.283421546611,
    4.231737331404));
#342 = CARTESIAN_POINT('',(-28.0968350368,-1.758890693532,4.04499357157)
  );
#343 = CARTESIAN_POINT('',(-28.11726212075,-1.423489989665,
    3.949374466825));
#344 = CARTESIAN_POINT('',(-28.13339485207,-1.07632650139,3.875391357487
    ));
#345 = CARTESIAN_POINT('',(-28.1444496088,-0.7208718063,3.825200936085)
  );
#346 = CARTESIAN_POINT('',(-28.15,-0.360838410101,3.8));
#347 = CARTESIAN_POINT('',(-28.15,8.881784197001E-16,3.8));
#348 = PCURVE('',#50,#349);
#349 = DEFINITIONAL_REPRESENTATION('',(#350),#463);
#350 = B_SPLINE_CURVE_WITH_KNOTS('',6,(#351,#352,#353,#354,#355,#356,
    #357,#358,#359,#360,#361,#362,#363,#364,#365,#366,#367,#368,#369,
    #370,#371,#372,#373,#374,#375,#376,#377,#378,#379,#380,#381,#382,
    #383,#384,#385,#386,#387,#388,#389,#390,#391,#392,#393,#394,#395,
    #396,#397,#398,#399,#400,#401,#402,#403,#404,#405,#406,#407,#408,
    #409,#410,#411,#412,#413,#414,#415,#416,#417,#418,#419,#420,#421,
    #422,#423,#424,#425,#426,#427,#428,#429,#430,#431,#432,#433,#434,
    #435,#436,#437,#438,#439,#440,#441,#442,#443,#444,#445,#446,#447,
    #448,#449,#450,#451,#452,#453,#454,#455,#456,#457,#458,#459,#460,
    #461,#462),.UNSPECIFIED.,.T.,.F.,(7,5,5,5,5,5,5,5,5,5,5,5,5,5,5,5,5,
    5,5,5,5,5,7),(0.,4.559238014357E-02,7.459790211738E-02,0.11384682857
    ,0.171864920309,0.25001547595,0.30783394041,0.354572751667,
    0.386171342083,0.425414056684,0.469920455718,0.499969414696,
    0.545564569129,0.574571856084,0.613823170827,0.671844796945,
    0.750000108082,0.80782209083,0.854563747232,0.886164260438,
    0.925409363938,0.954412060694,1.),.UNSPECIFIED.);
#351 = CARTESIAN_POINT('',(3.14159265359,3.8));
#352 = CARTESIAN_POINT('',(3.128774237604,3.8));
#353 = CARTESIAN_POINT('',(3.115984417251,3.82520093607));
#354 = CARTESIAN_POINT('',(3.103353469401,3.875391357506));
#355 = CARTESIAN_POINT('',(3.09100952813,3.949374466851));
#356 = CARTESIAN_POINT('',(3.079073707926,4.044993571531));
#357 = CARTESIAN_POINT('',(3.06038923535,4.231737331404));
#358 = CARTESIAN_POINT('',(3.053322304081,4.311950570223));
#359 = CARTESIAN_POINT('',(3.046463528023,4.399194364112));
#360 = CARTESIAN_POINT('',(3.039821667248,4.492890115697));
#361 = CARTESIAN_POINT('',(3.033404114414,4.592451644115));
#362 = CARTESIAN_POINT('',(3.018844567463,4.839138607379));
#363 = CARTESIAN_POINT('',(3.010891645775,4.990683525267));
#364 = CARTESIAN_POINT('',(3.003357580309,5.150723337737));
#365 = CARTESIAN_POINT('',(2.996239504767,5.318200628381));
#366 = CARTESIAN_POINT('',(2.989532843108,5.492178717601));
#367 = CARTESIAN_POINT('',(2.973917906946,5.937377806612));
#368 = CARTESIAN_POINT('',(2.965486074321,6.215441118513));
#369 = CARTESIAN_POINT('',(2.957911774178,6.503575596593));
#370 = CARTESIAN_POINT('',(2.951170007476,6.799888228413));
#371 = CARTESIAN_POINT('',(2.945238040696,7.102904990138));
#372 = CARTESIAN_POINT('',(2.933174340565,7.82704761746));
#373 = CARTESIAN_POINT('',(2.927687549564,8.252671146453));
#374 = CARTESIAN_POINT('',(2.923599026821,8.685128258659));
#375 = CARTESIAN_POINT('',(2.920882262264,9.121920599222));
#376 = CARTESIAN_POINT('',(2.919523262504,9.560910013111));
#377 = CARTESIAN_POINT('',(2.919523262504,10.324853848999));
#378 = CARTESIAN_POINT('',(2.920267107054,10.649685675737));
#379 = CARTESIAN_POINT('',(2.921754628142,10.973625551209));
#380 = CARTESIAN_POINT('',(2.923989764691,11.295793144319));
#381 = CARTESIAN_POINT('',(2.92698034583,11.615231090616));
#382 = CARTESIAN_POINT('',(2.933775353767,12.185966351383));
#383 = CARTESIAN_POINT('',(2.937313889216,12.438580980241));
#384 = CARTESIAN_POINT('',(2.941360077115,12.688149019924));
#385 = CARTESIAN_POINT('',(2.945922564519,12.93405622146));
#386 = CARTESIAN_POINT('',(2.951011592637,13.175572119036));
#387 = CARTESIAN_POINT('',(2.960442737049,13.571530852129));
#388 = CARTESIAN_POINT('',(2.964492915547,13.728841762413));
#389 = CARTESIAN_POINT('',(2.968792953942,13.883487282859));
#390 = CARTESIAN_POINT('',(2.973346781315,14.035163658314));
#391 = CARTESIAN_POINT('',(2.978158406376,14.183523519135));
#392 = CARTESIAN_POINT('',(2.989532842953,14.507821277998));
#393 = CARTESIAN_POINT('',(2.996239505052,14.681799378077));
#394 = CARTESIAN_POINT('',(3.003357580285,14.849276662676));
#395 = CARTESIAN_POINT('',(3.010891645479,15.009316468468));
#396 = CARTESIAN_POINT('',(3.01884456767,15.160861396129));
#397 = CARTESIAN_POINT('',(3.036712152342,15.463597478403));
#398 = CARTESIAN_POINT('',(3.046764808026,15.612318519361));
#399 = CARTESIAN_POINT('',(3.057343389514,15.74643665837));
#400 = CARTESIAN_POINT('',(3.068407032632,15.863695051436));
#401 = CARTESIAN_POINT('',(3.079906507888,15.962020250407));
#402 = CARTESIAN_POINT('',(3.099805350457,16.091844960286));
#403 = CARTESIAN_POINT('',(3.107990703983,16.134626512466));
#404 = CARTESIAN_POINT('',(3.116302464132,16.167182850204));
#405 = CARTESIAN_POINT('',(3.12470078966,16.189053930749));
#406 = CARTESIAN_POINT('',(3.133144824848,16.2));
#407 = CARTESIAN_POINT('',(3.154411069575,16.2));
#408 = CARTESIAN_POINT('',(3.167200889928,16.17479906393));
#409 = CARTESIAN_POINT('',(3.179831837779,16.124608642494));
#410 = CARTESIAN_POINT('',(3.19217577905,16.050625533149));
#411 = CARTESIAN_POINT('',(3.204111599253,15.955006428469));
#412 = CARTESIAN_POINT('',(3.22279607183,15.768262668597));
#413 = CARTESIAN_POINT('',(3.229863003099,15.688049429777));
#414 = CARTESIAN_POINT('',(3.236721779157,15.600805635886));
#415 = CARTESIAN_POINT('',(3.243363639931,15.507109884302));
#416 = CARTESIAN_POINT('',(3.249781192766,15.407548355887));
#417 = CARTESIAN_POINT('',(3.264340739717,15.16086139262));
#418 = CARTESIAN_POINT('',(3.272293661404,15.009316474734));
#419 = CARTESIAN_POINT('',(3.279827726871,14.849276662263));
#420 = CARTESIAN_POINT('',(3.286945802413,14.681799371617));
#421 = CARTESIAN_POINT('',(3.293652464072,14.5078212824));
#422 = CARTESIAN_POINT('',(3.309267400874,14.062622175131));
#423 = CARTESIAN_POINT('',(3.31769923203,13.784558912795));
#424 = CARTESIAN_POINT('',(3.325273532866,13.496424402156));
#425 = CARTESIAN_POINT('',(3.332015300468,13.200111739695));
#426 = CARTESIAN_POINT('',(3.337947266134,12.897095030833));
#427 = CARTESIAN_POINT('',(3.350010966614,12.172952382607));
#428 = CARTESIAN_POINT('',(3.355497757617,11.747328853442));
#429 = CARTESIAN_POINT('',(3.359586280357,11.314871741333));
#430 = CARTESIAN_POINT('',(3.362303044916,10.878079400893));
#431 = CARTESIAN_POINT('',(3.363662044675,10.439089986819));
#432 = CARTESIAN_POINT('',(3.363662044675,9.675146151));
#433 = CARTESIAN_POINT('',(3.362918200125,9.350314324263));
#434 = CARTESIAN_POINT('',(3.361430679038,9.026374448791));
#435 = CARTESIAN_POINT('',(3.359195542489,8.704206855681));
#436 = CARTESIAN_POINT('',(3.35620496135,8.384768909384));
#437 = CARTESIAN_POINT('',(3.349409953344,7.814033642829));
#438 = CARTESIAN_POINT('',(3.345871418116,7.561419028776));
#439 = CARTESIAN_POINT('',(3.341825230037,7.311850980258));
#440 = CARTESIAN_POINT('',(3.337262742495,7.065943769608));
#441 = CARTESIAN_POINT('',(3.332173714671,6.824427886357));
#442 = CARTESIAN_POINT('',(3.322742570131,6.428469147871));
#443 = CARTESIAN_POINT('',(3.318692391633,6.271158237587));
#444 = CARTESIAN_POINT('',(3.314392353237,6.116512717141));
#445 = CARTESIAN_POINT('',(3.309838525865,5.964836341686));
#446 = CARTESIAN_POINT('',(3.305026900803,5.816476480866));
#447 = CARTESIAN_POINT('',(3.293652464072,5.492178717598));
#448 = CARTESIAN_POINT('',(3.286945802413,5.318200628382));
#449 = CARTESIAN_POINT('',(3.279827726871,5.150723337739));
#450 = CARTESIAN_POINT('',(3.272293661404,4.990683525267));
#451 = CARTESIAN_POINT('',(3.264340739717,4.839138607377));
#452 = CARTESIAN_POINT('',(3.249781192766,4.592451644115));
#453 = CARTESIAN_POINT('',(3.243363639931,4.492890115697));
#454 = CARTESIAN_POINT('',(3.236721779156,4.399194364112));
#455 = CARTESIAN_POINT('',(3.229863003099,4.311950570223));
#456 = CARTESIAN_POINT('',(3.22279607183,4.231737331404));
#457 = CARTESIAN_POINT('',(3.204111599257,4.04499357157));
#458 = CARTESIAN_POINT('',(3.192175779049,3.949374466825));
#459 = CARTESIAN_POINT('',(3.179831837775,3.875391357487));
#460 = CARTESIAN_POINT('',(3.167200889927,3.825200936085));
#461 = CARTESIAN_POINT('',(3.154411069579,3.8));
#462 = CARTESIAN_POINT('',(3.14159265359,3.8));
#463 = ( GEOMETRIC_REPRESENTATION_CONTEXT(2) 
PARAMETRIC_REPRESENTATION_CONTEXT() REPRESENTATION_CONTEXT('2D SPACE',''
  ) );
#464 = PCURVE('',#465,#470);
#465 = CYLINDRICAL_SURFACE('',#466,6.2);
#466 = AXIS2_PLACEMENT_3D('',#467,#468,#469);
#467 = CARTESIAN_POINT('',(-29.15,0.,10.));
#468 = DIRECTION('',(1.,0.,2.22044604925E-16));
#469 = DIRECTION('',(2.22044604925E-16,0.,-1.));
#470 = DEFINITIONAL_REPRESENTATION('',(#471),#584);
#471 = B_SPLINE_CURVE_WITH_KNOTS('',6,(#472,#473,#474,#475,#476,#477,
    #478,#479,#480,#481,#482,#483,#484,#485,#486,#487,#488,#489,#490,
    #491,#492,#493,#494,#495,#496,#497,#498,#499,#500,#501,#502,#503,
    #504,#505,#506,#507,#508,#509,#510,#511,#512,#513,#514,#515,#516,
    #517,#518,#519,#520,#521,#522,#523,#524,#525,#526,#527,#528,#529,
    #530,#531,#532,#533,#534,#535,#536,#537,#538,#539,#540,#541,#542,
    #543,#544,#545,#546,#547,#548,#549,#550,#551,#552,#553,#554,#555,
    #556,#557,#558,#559,#560,#561,#562,#563,#564,#565,#566,#567,#568,
    #569,#570,#571,#572,#573,#574,#575,#576,#577,#578,#579,#580,#581,
    #582,#583),.UNSPECIFIED.,.F.,.F.,(7,5,5,5,5,5,5,5,5,5,5,5,5,5,5,5,5,
    5,5,5,5,5,7),(0.,4.559238014357E-02,7.459790211738E-02,0.11384682857
    ,0.171864920309,0.25001547595,0.30783394041,0.354572751667,
    0.386171342083,0.425414056684,0.469920455718,0.499969414696,
    0.545564569129,0.574571856084,0.613823170827,0.671844796945,
    0.750000108082,0.80782209083,0.854563747232,0.886164260438,
    0.925409363938,0.954412060694,1.),.UNSPECIFIED.);
#472 = CARTESIAN_POINT('',(0.,1.));
#473 = CARTESIAN_POINT('',(5.819974354632E-02,1.));
#474 = CARTESIAN_POINT('',(0.116269639964,1.005550391196));
#475 = CARTESIAN_POINT('',(0.173955920867,1.016605147929));
#476 = CARTESIAN_POINT('',(0.231006517567,1.032737879254));
#477 = CARTESIAN_POINT('',(0.287142570735,1.053164963185));
#478 = CARTESIAN_POINT('',(0.376946068757,1.092018779986));
#479 = CARTESIAN_POINT('',(0.411410338097,1.108492317918));
#480 = CARTESIAN_POINT('',(0.445422700743,1.126127755558));
#481 = CARTESIAN_POINT('',(0.478981274262,1.144715749878));
#482 = CARTESIAN_POINT('',(0.512080603313,1.164048444156));
#483 = CARTESIAN_POINT('',(0.588866419917,1.210823364093));
#484 = CARTESIAN_POINT('',(0.632175977613,1.238725921343));
#485 = CARTESIAN_POINT('',(0.674700018837,1.267189349369));
#486 = CARTESIAN_POINT('',(0.716491429153,1.29581813596));
#487 = CARTESIAN_POINT('',(0.75759828507,1.324266180703));
#488 = CARTESIAN_POINT('',(0.857885407055,1.393584705521));
#489 = CARTESIAN_POINT('',(0.916336644688,1.433909546724));
#490 = CARTESIAN_POINT('',(0.973613059479,1.472286694186));
#491 = CARTESIAN_POINT('',(1.029888831952,1.508012827099));
#492 = CARTESIAN_POINT('',(1.085328083591,1.540557745968));
#493 = CARTESIAN_POINT('',(1.213864118888,1.608521873601));
#494 = CARTESIAN_POINT('',(1.286412290775,1.641019758723));
#495 = CARTESIAN_POINT('',(1.358081201274,1.665988556602));
#496 = CARTESIAN_POINT('',(1.429170525387,1.682832408472));
#497 = CARTESIAN_POINT('',(1.499975361168,1.691258222562));
#498 = CARTESIAN_POINT('',(1.623192108892,1.691258222562));
#499 = CARTESIAN_POINT('',(1.675584295812,1.686646092012));
#500 = CARTESIAN_POINT('',(1.728091681034,1.677424287624));
#501 = CARTESIAN_POINT('',(1.780830750386,1.663679549814));
#502 = CARTESIAN_POINT('',(1.833920813392,1.645593923438));
#503 = CARTESIAN_POINT('',(1.930792250298,1.605559928374));
#504 = CARTESIAN_POINT('',(1.974406164895,1.585016715571));
#505 = CARTESIAN_POINT('',(2.01840659322,1.561976410142));
#506 = CARTESIAN_POINT('',(2.062870079956,1.536632963402));
#507 = CARTESIAN_POINT('',(2.107876422396,1.50923669282));
#508 = CARTESIAN_POINT('',(2.184363210139,1.460413306413));
#509 = CARTESIAN_POINT('',(2.215503499977,1.43992675816));
#510 = CARTESIAN_POINT('',(2.246961027501,1.418744301571));
#511 = CARTESIAN_POINT('',(2.278764058785,1.396978711092));
#512 = CARTESIAN_POINT('',(2.310941906943,1.374760090296));
#513 = CARTESIAN_POINT('',(2.383994367528,1.324266181388));
#514 = CARTESIAN_POINT('',(2.425101226098,1.295818134868));
#515 = CARTESIAN_POINT('',(2.466892634706,1.26718934936));
#516 = CARTESIAN_POINT('',(2.509416674293,1.238725922431));
#517 = CARTESIAN_POINT('',(2.552726234765,1.210823363428));
#518 = CARTESIAN_POINT('',(2.646958361932,1.153420832613));
#519 = CARTESIAN_POINT('',(2.698217442438,1.124150856019));
#520 = CARTESIAN_POINT('',(2.750564082767,1.096887527382));
#521 = CARTESIAN_POINT('',(2.803931403964,1.072434905055));
#522 = CARTESIAN_POINT('',(2.858275954199,1.051557758568));
#523 = CARTESIAN_POINT('',(2.950908770224,1.023669569756));
#524 = CARTESIAN_POINT('',(2.988642854812,1.014367773769));
#525 = CARTESIAN_POINT('',(3.026670398414,1.007228396535));
#526 = CARTESIAN_POINT('',(3.064898133192,1.002410603646));
#527 = CARTESIAN_POINT('',(3.103236785996,1.));
#528 = CARTESIAN_POINT('',(3.199792397136,1.));
#529 = CARTESIAN_POINT('',(3.257862293553,1.005550391196));
#530 = CARTESIAN_POINT('',(3.315548574457,1.016605147929));
#531 = CARTESIAN_POINT('',(3.372599171157,1.032737879254));
#532 = CARTESIAN_POINT('',(3.428735224325,1.053164963185));
#533 = CARTESIAN_POINT('',(3.518538722346,1.092018779986));
#534 = CARTESIAN_POINT('',(3.553002991687,1.108492317918));
#535 = CARTESIAN_POINT('',(3.587015354333,1.126127755558));
#536 = CARTESIAN_POINT('',(3.620573927852,1.144715749878));
#537 = CARTESIAN_POINT('',(3.653673256903,1.164048444156));
#538 = CARTESIAN_POINT('',(3.730459073507,1.210823364093));
#539 = CARTESIAN_POINT('',(3.773768631202,1.238725921343));
#540 = CARTESIAN_POINT('',(3.816292672426,1.267189349369));
#541 = CARTESIAN_POINT('',(3.858084082744,1.29581813596));
#542 = CARTESIAN_POINT('',(3.89919093866,1.324266180703));
#543 = CARTESIAN_POINT('',(3.999478064757,1.393584708363));
#544 = CARTESIAN_POINT('',(4.05792929194,1.433909542726));
#545 = CARTESIAN_POINT('',(4.115205712887,1.472286693778));
#546 = CARTESIAN_POINT('',(4.171481491793,1.508012830903));
#547 = CARTESIAN_POINT('',(4.226920733459,1.540557744));
#548 = CARTESIAN_POINT('',(4.355456772466,1.608521873594));
#549 = CARTESIAN_POINT('',(4.428004944383,1.641019758736));
#550 = CARTESIAN_POINT('',(4.499673854864,1.665988556593));
#551 = CARTESIAN_POINT('',(4.570763178958,1.682832408474));
#552 = CARTESIAN_POINT('',(4.641568014769,1.691258222562));
#553 = CARTESIAN_POINT('',(4.764784762481,1.691258222562));
#554 = CARTESIAN_POINT('',(4.817176949402,1.686646092012));
#555 = CARTESIAN_POINT('',(4.869684334623,1.677424287624));
#556 = CARTESIAN_POINT('',(4.922423403975,1.663679549814));
#557 = CARTESIAN_POINT('',(4.975513466982,1.645593923438));
#558 = CARTESIAN_POINT('',(5.07238490487,1.605559927968));
#559 = CARTESIAN_POINT('',(5.115998816869,1.585016716405));
#560 = CARTESIAN_POINT('',(5.159999246838,1.561976410021));
#561 = CARTESIAN_POINT('',(5.204462735174,1.536632962511));
#562 = CARTESIAN_POINT('',(5.249469074944,1.509236693485));
#563 = CARTESIAN_POINT('',(5.325955863729,1.460413306413));
#564 = CARTESIAN_POINT('',(5.357096153567,1.43992675816));
#565 = CARTESIAN_POINT('',(5.38855368109,1.418744301571));
#566 = CARTESIAN_POINT('',(5.420356712375,1.396978711092));
#567 = CARTESIAN_POINT('',(5.452534560533,1.374760090296));
#568 = CARTESIAN_POINT('',(5.52558702211,1.324266180703));
#569 = CARTESIAN_POINT('',(5.566693878026,1.29581813596));
#570 = CARTESIAN_POINT('',(5.608485288342,1.26718934937));
#571 = CARTESIAN_POINT('',(5.651009329567,1.238725921343));
#572 = CARTESIAN_POINT('',(5.694318887263,1.210823364092));
#573 = CARTESIAN_POINT('',(5.771104703866,1.164048444156));
#574 = CARTESIAN_POINT('',(5.804204032917,1.144715749878));
#575 = CARTESIAN_POINT('',(5.837762606437,1.126127755558));
#576 = CARTESIAN_POINT('',(5.871774969083,1.108492317918));
#577 = CARTESIAN_POINT('',(5.906239238422,1.092018779986));
#578 = CARTESIAN_POINT('',(5.996042736426,1.053164963193));
#579 = CARTESIAN_POINT('',(6.052178789618,1.032737879249));
#580 = CARTESIAN_POINT('',(6.10922938633,1.016605147924));
#581 = CARTESIAN_POINT('',(6.166915667221,1.005550391199));
#582 = CARTESIAN_POINT('',(6.224985563615,1.));
#583 = CARTESIAN_POINT('',(6.28318530718,1.));
#584 = ( GEOMETRIC_REPRESENTATION_CONTEXT(2) 
PARAMETRIC_REPRESENTATION_CONTEXT() REPRESENTATION_CONTEXT('2D SPACE',''
  ) );
#585 = FACE_BOUND('',#586,.T.);
#586 = EDGE_LOOP('',(#587));
#587 = ORIENTED_EDGE('',*,*,#588,.T.);
#588 = EDGE_CURVE('',#589,#589,#591,.T.);
#589 = VERTEX_POINT('',#590);
#590 = CARTESIAN_POINT('',(-17.37239189058,-22.15,14.3));
#591 = SURFACE_CURVE('',#592,(#727,#865),.PCURVE_S1.);
#592 = B_SPLINE_CURVE_WITH_KNOTS('',7,(#593,#594,#595,#596,#597,#598,
    #599,#600,#601,#602,#603,#604,#605,#606,#607,#608,#609,#610,#611,
    #612,#613,#614,#615,#616,#617,#618,#619,#620,#621,#622,#623,#624,
    #625,#626,#627,#628,#629,#630,#631,#632,#633,#634,#635,#636,#637,
    #638,#639,#640,#641,#642,#643,#644,#645,#646,#647,#648,#649,#650,
    #651,#652,#653,#654,#655,#656,#657,#658,#659,#660,#661,#662,#663,
    #664,#665,#666,#667,#668,#669,#670,#671,#672,#673,#674,#675,#676,
    #677,#678,#679,#680,#681,#682,#683,#684,#685,#686,#687,#688,#689,
    #690,#691,#692,#693,#694,#695,#696,#697,#698,#699,#700,#701,#702,
    #703,#704,#705,#706,#707,#708,#709,#710,#711,#712,#713,#714,#715,
    #716,#717,#718,#719,#720,#721,#722,#723,#724,#725,#726),
  .UNSPECIFIED.,.T.,.F.,(8,6,6,6,6,6,6,6,6,6,6,6,6,6,6,6,6,6,6,6,6,6,8),
  (0.,0.10786226365,0.148706934025,0.173364356528,0.190456764555,
    0.202589633625,0.23231777357,0.26328368145,0.294024851441,
    0.32159449943,0.365708935969,0.416390830545,0.539850426275,
    0.609072455769,0.656440918037,0.703485152652,0.732701588158,
    0.752071280045,0.780696194338,0.809100400849,0.833936076555,
    0.924244587436,1.),.UNSPECIFIED.);
#593 = CARTESIAN_POINT('',(-17.37239189058,-22.15,14.3));
#594 = CARTESIAN_POINT('',(-17.66151307365,-21.92324033877,14.3));
#595 = CARTESIAN_POINT('',(-17.94930213562,-21.69041442447,
    14.322218092768));
#596 = CARTESIAN_POINT('',(-18.23316083853,-21.45337125019,
    14.368796841995));
#597 = CARTESIAN_POINT('',(-18.51026426104,-21.2145009967,
    14.442017685912));
#598 = CARTESIAN_POINT('',(-18.77754619735,-20.97684221286,
    14.544282269199));
#599 = CARTESIAN_POINT('',(-19.03151187009,-20.74437475581,
    14.678039273937));
#600 = CARTESIAN_POINT('',(-19.35724906418,-20.43855349794,
    14.909059316211));
#601 = CARTESIAN_POINT('',(-19.44407447319,-20.35618062212,
    14.977285700695));
#602 = CARTESIAN_POINT('',(-19.52791085195,-20.27583397308,
    15.050307137411));
#603 = CARTESIAN_POINT('',(-19.60842634756,-20.19792092894,
    15.128109372073));
#604 = CARTESIAN_POINT('',(-19.68530151823,-20.12285282751,
    15.210641755365));
#605 = CARTESIAN_POINT('',(-19.75822794049,-20.05104208946,
    15.297817014664));
#606 = CARTESIAN_POINT('',(-19.86836740462,-19.94176240713,
    15.444865566573));
#607 = CARTESIAN_POINT('',(-19.90827126199,-19.90197089272,
    15.501855301684));
#608 = CARTESIAN_POINT('',(-19.94654136715,-19.86362641631,
    15.560435159497));
#609 = CARTESIAN_POINT('',(-19.98310526714,-19.82682731376,
    15.620553117771));
#610 = CARTESIAN_POINT('',(-20.01789488051,-19.7916681872,
    15.682150223827));
#611 = CARTESIAN_POINT('',(-20.05084630048,-19.75823945334,
    15.745160614753));
#612 = CARTESIAN_POINT('',(-20.10342559626,-19.70471321469,
    15.854119291315));
#613 = CARTESIAN_POINT('',(-20.1240383154,-19.68367340596,
    15.899368632568));
#614 = CARTESIAN_POINT('',(-20.14371698069,-19.66353700706,
    15.94523327973));
#615 = CARTESIAN_POINT('',(-20.16244199291,-19.64433207666,
    15.991684966099));
#616 = CARTESIAN_POINT('',(-20.18019492837,-19.62608519085,
    16.038693439904));
#617 = CARTESIAN_POINT('',(-20.19695853892,-19.60882144312,
    16.086226464303));
#618 = CARTESIAN_POINT('',(-20.22390255647,-19.58102458189,
    16.168338697922));
#619 = CARTESIAN_POINT('',(-20.23458181841,-19.5699919065,
    16.202674719842));
#620 = CARTESIAN_POINT('',(-20.24474881915,-19.55947480783,
    16.237245655936));
#621 = CARTESIAN_POINT('',(-20.25439821413,-19.54948115535,
    16.272038886486));
#622 = CARTESIAN_POINT('',(-20.26352503284,-19.54001829834,
    16.307041399261));
#623 = CARTESIAN_POINT('',(-20.27212467881,-19.53109306591,
    16.342239789527));
#624 = CARTESIAN_POINT('',(-20.29996188022,-19.50217578116,
    16.464310025869));
#625 = CARTESIAN_POINT('',(-20.31654153975,-19.48490422199,
    16.552097716635));
#626 = CARTESIAN_POINT('',(-20.32986849176,-19.47099115131,
    16.640774532576));
#627 = CARTESIAN_POINT('',(-20.33989537975,-19.46050793267,
    16.730125828254));
#628 = CARTESIAN_POINT('',(-20.34659069674,-19.45350272898,
    16.819931471877));
#629 = CARTESIAN_POINT('',(-20.34993857484,-19.45,16.90996620463));
#630 = CARTESIAN_POINT('',(-20.34993857484,-19.45,17.093782463981));
#631 = CARTESIAN_POINT('',(-20.34630608027,-19.45380050007,
    17.187566047419));
#632 = CARTESIAN_POINT('',(-20.33904165042,-19.46140117591,
    17.281090528313));
#633 = CARTESIAN_POINT('',(-20.32816395196,-19.47277322267,
    17.374101496221));
#634 = CARTESIAN_POINT('',(-20.31371002511,-19.48785999654,
    17.466350805477));
#635 = CARTESIAN_POINT('',(-20.29573554992,-19.50657765621,
    17.557597028411));
#636 = CARTESIAN_POINT('',(-20.25305013566,-19.55089255723,
    17.736961541076));
#637 = CARTESIAN_POINT('',(-20.22838933766,-19.57643860112,
    17.825096768856));
#638 = CARTESIAN_POINT('',(-20.20040396414,-19.60534809348,
    17.911794984391));
#639 = CARTESIAN_POINT('',(-20.16917922741,-19.63749418211,
    17.996854526548));
#640 = CARTESIAN_POINT('',(-20.13481489762,-19.67273041112,
    18.080088927602));
#641 = CARTESIAN_POINT('',(-20.09742589419,-19.71089212667,
    18.161327160265));
#642 = CARTESIAN_POINT('',(-20.02101580064,-19.78848345141,
    18.311341346304));
#643 = CARTESIAN_POINT('',(-19.98256131824,-19.82737582179,
    18.380537957843));
#644 = CARTESIAN_POINT('',(-19.94186501971,-19.86835298383,
    18.447909497104));
#645 = CARTESIAN_POINT('',(-19.89901811751,-19.91128662346,
    18.513372312397));
#646 = CARTESIAN_POINT('',(-19.85411777522,-19.95604287742,
    18.576853347277));
#647 = CARTESIAN_POINT('',(-19.80726743599,-20.00248308796,
    18.638290165253));
#648 = CARTESIAN_POINT('',(-19.68066739701,-20.12724012939,
    18.792582725964));
#649 = CARTESIAN_POINT('',(-19.59808147837,-20.20792776663,
    18.88212604834));
#650 = CARTESIAN_POINT('',(-19.51119207596,-20.292020445,18.9661605409)
  );
#651 = CARTESIAN_POINT('',(-19.42037956468,-20.37901678574,
    19.044629012247));
#652 = CARTESIAN_POINT('',(-19.32603368511,-20.46842420561,
    19.117517074918));
#653 = CARTESIAN_POINT('',(-19.22855521512,-20.55976206683,
    19.184852739993));
#654 = CARTESIAN_POINT('',(-19.01324333292,-20.75918343274,
    19.317767578865));
#655 = CARTESIAN_POINT('',(-18.89452532428,-20.86774909444,
    19.381601734503));
#656 = CARTESIAN_POINT('',(-18.77265245545,-20.97771934735,
    19.438418851317));
#657 = CARTESIAN_POINT('',(-18.64804772239,-21.08860811149,
    19.488443897993));
#658 = CARTESIAN_POINT('',(-18.52111415557,-21.1999787698,
    19.531913714203));
#659 = CARTESIAN_POINT('',(-18.3922406984,-21.31143724607,
    19.569074285619));
#660 = CARTESIAN_POINT('',(-17.94407809969,-21.69347536405,
    19.675945793011));
#661 = CARTESIAN_POINT('',(-17.61727227431,-21.9625695217,
    19.715731712195));
#662 = CARTESIAN_POINT('',(-17.28505210551,-22.22631337908,
    19.723695741041));
#663 = CARTESIAN_POINT('',(-16.95008495073,-22.48263740026,
    19.703084705628));
#664 = CARTESIAN_POINT('',(-16.61446851039,-22.73026453973,
    19.656278271951));
#665 = CARTESIAN_POINT('',(-16.280185099,-22.96821548971,19.584815045954
    ));
#666 = CARTESIAN_POINT('',(-15.76442231666,-23.32286549877,
    19.435874167941));
#667 = CARTESIAN_POINT('',(-15.58043448033,-23.44683624669,
    19.374860932841));
#668 = CARTESIAN_POINT('',(-15.39788874417,-23.56739539439,
    19.306392880941));
#669 = CARTESIAN_POINT('',(-15.21703657313,-23.68449535065,
    19.230376057579));
#670 = CARTESIAN_POINT('',(-15.03833315931,-23.79796825972,
    19.146609328492));
#671 = CARTESIAN_POINT('',(-14.8625331486,-23.9074913747,19.054820616867
    ));
#672 = CARTESIAN_POINT('',(-14.57326788546,-24.0844627173,
    18.886191227902));
#673 = CARTESIAN_POINT('',(-14.45767854353,-24.1542577343,
    18.813799354972));
#674 = CARTESIAN_POINT('',(-14.34414101196,-24.2219411429,18.73728603972
    ));
#675 = CARTESIAN_POINT('',(-14.23294118329,-24.28740667204,
    18.65638715255));
#676 = CARTESIAN_POINT('',(-14.12455709264,-24.35044527253,
    18.570831303418));
#677 = CARTESIAN_POINT('',(-14.01968343719,-24.41074201908,
    18.480356281682));
#678 = CARTESIAN_POINT('',(-13.8195161592,-24.52461295518,
    18.289749283803));
#679 = CARTESIAN_POINT('',(-13.72384446859,-24.57841060603,
    18.189385576576));
#680 = CARTESIAN_POINT('',(-13.63326466392,-24.62878252203,
    18.083398621846));
#681 = CARTESIAN_POINT('',(-13.54904624583,-24.6751340777,
    17.971590918805));
#682 = CARTESIAN_POINT('',(-13.47271155466,-24.71676692832,
    17.853810263728));
#683 = CARTESIAN_POINT('',(-13.40603792979,-24.75286948091,
    17.729957556044));
#684 = CARTESIAN_POINT('',(-13.31690838306,-24.80088618412,
    17.519283413736));
#685 = CARTESIAN_POINT('',(-13.28724792981,-24.81679400582,
    17.436162001921));
#686 = CARTESIAN_POINT('',(-13.26276849012,-24.82987441433,
    17.351081206376));
#687 = CARTESIAN_POINT('',(-13.24400617319,-24.83987279797,
    17.264486606561));
#688 = CARTESIAN_POINT('',(-13.23133714401,-24.84661450634,
    17.176818888594));
#689 = CARTESIAN_POINT('',(-13.22497637048,-24.85,17.088513449259));
#690 = CARTESIAN_POINT('',(-13.22497637048,-24.85,16.941318021506));
#691 = CARTESIAN_POINT('',(-13.22777224082,-24.84851202034,
    16.882667464878));
#692 = CARTESIAN_POINT('',(-13.23335876414,-24.84553898965,
    16.824197691866));
#693 = CARTESIAN_POINT('',(-13.24169257795,-24.84110125275,
    16.766059143148));
#694 = CARTESIAN_POINT('',(-13.25269230277,-24.83523706822,
    16.708403270307));
#695 = CARTESIAN_POINT('',(-13.26623867018,-24.82800310598,
    16.651382467803));
#696 = CARTESIAN_POINT('',(-13.30572515899,-24.80687185957,
    16.512048557645));
#697 = CARTESIAN_POINT('',(-13.33446556612,-24.7914578881,
    16.430771194549));
#698 = CARTESIAN_POINT('',(-13.36797018656,-24.77343403778,
    16.351438906117));
#699 = CARTESIAN_POINT('',(-13.40579216073,-24.75300760192,
    16.274169653202));
#700 = CARTESIAN_POINT('',(-13.44746443429,-24.73039546669,
    16.199078210652));
#701 = CARTESIAN_POINT('',(-13.49250073709,-24.70582741786,
    16.126276010907));
#702 = CARTESIAN_POINT('',(-13.58792309435,-24.65347408941,
    15.986008810857));
#703 = CARTESIAN_POINT('',(-13.63835550956,-24.62566556757,
    15.918374133776));
#704 = CARTESIAN_POINT('',(-13.6913393208,-24.59628692247,
    15.852913602617));
#705 = CARTESIAN_POINT('',(-13.7465627839,-24.56548139371,15.78956765867
    ));
#706 = CARTESIAN_POINT('',(-13.80375675966,-24.53337216842,
    15.728270736648));
#707 = CARTESIAN_POINT('',(-13.86269457573,-24.50006212947,
    15.668951463102));
#708 = CARTESIAN_POINT('',(-13.97608868909,-24.43553046743,
    15.561327969355));
#709 = CARTESIAN_POINT('',(-14.0301873222,-24.40456674785,
    15.512567099071));
#710 = CARTESIAN_POINT('',(-14.08535728853,-24.37280130527,
    15.465207722616));
#711 = CARTESIAN_POINT('',(-14.1414874499,-24.34028400459,
    15.419206413495));
#712 = CARTESIAN_POINT('',(-14.19848585927,-24.30705531938,15.3745188955
    ));
#713 = CARTESIAN_POINT('',(-14.25627959052,-24.27314593612,
    15.331100098133));
#714 = CARTESIAN_POINT('',(-14.52766187453,-24.11287303001,
    15.135469786309));
#715 = CARTESIAN_POINT('',(-14.75105565777,-23.97800073884,
    14.997668251824));
#716 = CARTESIAN_POINT('',(-14.98099209185,-23.83573102401,
    14.874607769808));
#717 = CARTESIAN_POINT('',(-15.21514042529,-23.68712314274,
    14.765368857136));
#718 = CARTESIAN_POINT('',(-15.45238949835,-23.53261294672,
    14.669185770044));
#719 = CARTESIAN_POINT('',(-15.69241272308,-23.3721514205,
    14.585632691495));
#720 = CARTESIAN_POINT('',(-16.138957174,-23.06550726328,14.455408975922
    ));
#721 = CARTESIAN_POINT('',(-16.34404718201,-22.92160098751,
    14.405138521438));
#722 = CARTESIAN_POINT('',(-16.54995149625,-22.77391255383,
    14.364138631356));
#723 = CARTESIAN_POINT('',(-16.75619550121,-22.62265554049,
    14.33266770583));
#724 = CARTESIAN_POINT('',(-16.96233824592,-22.46805091903,
    14.311113259405));
#725 = CARTESIAN_POINT('',(-17.16791610727,-22.31037171285,14.3));
#726 = CARTESIAN_POINT('',(-17.37239189058,-22.15,14.3));
#727 = PCURVE('',#50,#728);
#728 = DEFINITIONAL_REPRESENTATION('',(#729),#864);
#729 = B_SPLINE_CURVE_WITH_KNOTS('',7,(#730,#731,#732,#733,#734,#735,
    #736,#737,#738,#739,#740,#741,#742,#743,#744,#745,#746,#747,#748,
    #749,#750,#751,#752,#753,#754,#755,#756,#757,#758,#759,#760,#761,
    #762,#763,#764,#765,#766,#767,#768,#769,#770,#771,#772,#773,#774,
    #775,#776,#777,#778,#779,#780,#781,#782,#783,#784,#785,#786,#787,
    #788,#789,#790,#791,#792,#793,#794,#795,#796,#797,#798,#799,#800,
    #801,#802,#803,#804,#805,#806,#807,#808,#809,#810,#811,#812,#813,
    #814,#815,#816,#817,#818,#819,#820,#821,#822,#823,#824,#825,#826,
    #827,#828,#829,#830,#831,#832,#833,#834,#835,#836,#837,#838,#839,
    #840,#841,#842,#843,#844,#845,#846,#847,#848,#849,#850,#851,#852,
    #853,#854,#855,#856,#857,#858,#859,#860,#861,#862,#863),
  .UNSPECIFIED.,.T.,.F.,(8,6,6,6,6,6,6,6,6,6,6,6,6,6,6,6,6,6,6,6,6,6,8),
  (0.,0.10786226365,0.148706934025,0.173364356528,0.190456764555,
    0.202589633625,0.23231777357,0.26328368145,0.294024851441,
    0.32159449943,0.365708935969,0.416390830545,0.539850426275,
    0.609072455769,0.656440918037,0.703485152652,0.732701588158,
    0.752071280045,0.780696194338,0.809100400849,0.833936076555,
    0.924244587436,1.),.UNSPECIFIED.);
#730 = CARTESIAN_POINT('',(4.047290686011,14.3));
#731 = CARTESIAN_POINT('',(4.034237810929,14.3));
#732 = CARTESIAN_POINT('',(4.021089180955,14.322218092768));
#733 = CARTESIAN_POINT('',(4.007954321588,14.368796841995));
#734 = CARTESIAN_POINT('',(3.994960738382,14.442017685912));
#735 = CARTESIAN_POINT('',(3.982257366483,14.544282269199));
#736 = CARTESIAN_POINT('',(3.970027582585,14.678039273937));
#737 = CARTESIAN_POINT('',(3.95415542433,14.909059316211));
#738 = CARTESIAN_POINT('',(3.94990387802,14.977285700695));
#739 = CARTESIAN_POINT('',(3.945778873823,15.050307137411));
#740 = CARTESIAN_POINT('',(3.941798809221,15.128109372073));
#741 = CARTESIAN_POINT('',(3.937981894923,15.210641755365));
#742 = CARTESIAN_POINT('',(3.934346124105,15.297817014664));
#743 = CARTESIAN_POINT('',(3.928834438226,15.444865566573));
#744 = CARTESIAN_POINT('',(3.926832554903,15.501855301684));
#745 = CARTESIAN_POINT('',(3.924908061809,15.560435159497));
#746 = CARTESIAN_POINT('',(3.923065236636,15.620553117771));
#747 = CARTESIAN_POINT('',(3.921308157832,15.682150223827));
#748 = CARTESIAN_POINT('',(3.919640697774,15.745160614753));
#749 = CARTESIAN_POINT('',(3.916975300589,15.854119291315));
#750 = CARTESIAN_POINT('',(3.915928966348,15.899368632568));
#751 = CARTESIAN_POINT('',(3.914928777063,15.94523327973));
#752 = CARTESIAN_POINT('',(3.913975930349,15.991684966099));
#753 = CARTESIAN_POINT('',(3.913071557593,16.038693439904));
#754 = CARTESIAN_POINT('',(3.912216723956,16.086226464303));
#755 = CARTESIAN_POINT('',(3.910841507474,16.168338697922));
#756 = CARTESIAN_POINT('',(3.910296047849,16.202674719842));
#757 = CARTESIAN_POINT('',(3.909776404615,16.237245655936));
#758 = CARTESIAN_POINT('',(3.909282910456,16.272038886486));
#759 = CARTESIAN_POINT('',(3.90881587563,16.307041399261));
#760 = CARTESIAN_POINT('',(3.908375587963,16.342239789527));
#761 = CARTESIAN_POINT('',(3.906949699913,16.464310025869));
#762 = CARTESIAN_POINT('',(3.906099205991,16.552097716635));
#763 = CARTESIAN_POINT('',(3.90541479931,16.640774532576));
#764 = CARTESIAN_POINT('',(3.904899473439,16.730125828254));
#765 = CARTESIAN_POINT('',(3.90455523853,16.819931471877));
#766 = CARTESIAN_POINT('',(3.904383112558,16.90996620463));
#767 = CARTESIAN_POINT('',(3.904383112558,17.093782463981));
#768 = CARTESIAN_POINT('',(3.90456987138,17.187566047419));
#769 = CARTESIAN_POINT('',(3.904943367314,17.281090528313));
#770 = CARTESIAN_POINT('',(3.905502402012,17.374101496221));
#771 = CARTESIAN_POINT('',(3.906244611725,17.466350805477));
#772 = CARTESIAN_POINT('',(3.907166478548,17.557597028411));
#773 = CARTESIAN_POINT('',(3.909352244171,17.736961541076));
#774 = CARTESIAN_POINT('',(3.910613597493,17.825096768856));
#775 = CARTESIAN_POINT('',(3.912042939789,17.911794984391));
#776 = CARTESIAN_POINT('',(3.913634930707,17.996854526548));
#777 = CARTESIAN_POINT('',(3.91538337479,18.080088927602));
#778 = CARTESIAN_POINT('',(3.91728124491,18.161327160265));
#779 = CARTESIAN_POINT('',(3.921149758248,18.311341346304));
#780 = CARTESIAN_POINT('',(3.923092680164,18.380537957843));
#781 = CARTESIAN_POINT('',(3.925144259579,18.447909497104));
#782 = CARTESIAN_POINT('',(3.927298991033,18.513372312397));
#783 = CARTESIAN_POINT('',(3.929551086667,18.576853347277));
#784 = CARTESIAN_POINT('',(3.931894487436,18.638290165253));
#785 = CARTESIAN_POINT('',(3.938208557547,18.792582725964));
#786 = CARTESIAN_POINT('',(3.942310106372,18.88212604834));
#787 = CARTESIAN_POINT('',(3.946605541355,18.9661605409));
#788 = CARTESIAN_POINT('',(3.951072883892,19.044629012247));
#789 = CARTESIAN_POINT('',(3.955690181426,19.117517074918));
#790 = CARTESIAN_POINT('',(3.96043553267,19.184852739993));
#791 = CARTESIAN_POINT('',(3.970860963313,19.317767578865));
#792 = CARTESIAN_POINT('',(3.976575735724,19.381601734503));
#793 = CARTESIAN_POINT('',(3.982406919979,19.438418851317));
#794 = CARTESIAN_POINT('',(3.98833210612,19.488443897993));
#795 = CARTESIAN_POINT('',(3.994330638411,19.531913714203));
#796 = CARTESIAN_POINT('',(4.000383269446,19.569074285619));
#797 = CARTESIAN_POINT('',(4.021303329289,19.675945793011));
#798 = CARTESIAN_POINT('',(4.036339733039,19.715731712195));
#799 = CARTESIAN_POINT('',(4.051404537048,19.723695741041));
#800 = CARTESIAN_POINT('',(4.066383935889,19.703084705629));
#801 = CARTESIAN_POINT('',(4.081196869089,19.656278271951));
#802 = CARTESIAN_POINT('',(4.095771297785,19.584815045954));
#803 = CARTESIAN_POINT('',(4.118006807906,19.435874167941));
#804 = CARTESIAN_POINT('',(4.125887678742,19.374860932841));
#805 = CARTESIAN_POINT('',(4.133658502548,19.306392880941));
#806 = CARTESIAN_POINT('',(4.141311689601,19.230376057579));
#807 = CARTESIAN_POINT('',(4.148831172884,19.146609328492));
#808 = CARTESIAN_POINT('',(4.156188851114,19.054820616867));
#809 = CARTESIAN_POINT('',(4.168235264775,18.886191227902));
#810 = CARTESIAN_POINT('',(4.173031874065,18.813799354972));
#811 = CARTESIAN_POINT('',(4.177727349057,18.73728603972));
#812 = CARTESIAN_POINT('',(4.18231121878,18.65638715255));
#813 = CARTESIAN_POINT('',(4.186765243448,18.570831303418));
#814 = CARTESIAN_POINT('',(4.191062597942,18.480356281682));
#815 = CARTESIAN_POINT('',(4.199243418477,18.289749283803));
#816 = CARTESIAN_POINT('',(4.20314248281,18.189385576576));
#817 = CARTESIAN_POINT('',(4.206824258077,18.083398621846));
#818 = CARTESIAN_POINT('',(4.210239172003,17.971590918805));
#819 = CARTESIAN_POINT('',(4.213327953308,17.853810263728));
#820 = CARTESIAN_POINT('',(4.216021397521,17.729957556045));
#821 = CARTESIAN_POINT('',(4.219617870087,17.519283413736));
#822 = CARTESIAN_POINT('',(4.22081350261,17.436162001921));
#823 = CARTESIAN_POINT('',(4.221799469274,17.351081206376));
#824 = CARTESIAN_POINT('',(4.222554712606,17.264486606561));
#825 = CARTESIAN_POINT('',(4.22306452203,17.176818888594));
#826 = CARTESIAN_POINT('',(4.223320494375,17.088513449259));
#827 = CARTESIAN_POINT('',(4.223320494375,16.941318021506));
#828 = CARTESIAN_POINT('',(4.223207983861,16.882667464878));
#829 = CARTESIAN_POINT('',(4.222983175267,16.824197691866));
#830 = CARTESIAN_POINT('',(4.222647768042,16.766059143148));
#831 = CARTESIAN_POINT('',(4.222204952692,16.708403270307));
#832 = CARTESIAN_POINT('',(4.221659414818,16.651382467803));
#833 = CARTESIAN_POINT('',(4.220068467028,16.512048557645));
#834 = CARTESIAN_POINT('',(4.21890992722,16.430771194549));
#835 = CARTESIAN_POINT('',(4.21755842106,16.351438906117));
#836 = CARTESIAN_POINT('',(4.216031414341,16.274169653202));
#837 = CARTESIAN_POINT('',(4.214347161313,16.199078210652));
#838 = CARTESIAN_POINT('',(4.212524728687,16.126276010907));
#839 = CARTESIAN_POINT('',(4.208658274096,15.986008810857));
#840 = CARTESIAN_POINT('',(4.206612411294,15.918374133776));
#841 = CARTESIAN_POINT('',(4.204460245887,15.852913602617));
#842 = CARTESIAN_POINT('',(4.202213916157,15.78956765867));
#843 = CARTESIAN_POINT('',(4.199883884683,15.728270736648));
#844 = CARTESIAN_POINT('',(4.197478939026,15.668951463102));
#845 = CARTESIAN_POINT('',(4.192844106542,15.561327969355));
#846 = CARTESIAN_POINT('',(4.190629793938,15.512567099071));
#847 = CARTESIAN_POINT('',(4.188368301309,15.465207722616));
#848 = CARTESIAN_POINT('',(4.186063916116,15.419206413495));
#849 = CARTESIAN_POINT('',(4.183720165197,15.3745188955));
#850 = CARTESIAN_POINT('',(4.181339813406,15.331100098133));
#851 = CARTESIAN_POINT('',(4.170143517056,15.135469786309));
#852 = CARTESIAN_POINT('',(4.160873943695,14.997668251824));
#853 = CARTESIAN_POINT('',(4.151269503762,14.874607769808));
#854 = CARTESIAN_POINT('',(4.14141896867,14.765368857136));
#855 = CARTESIAN_POINT('',(4.131362335951,14.669185770044));
#856 = CARTESIAN_POINT('',(4.121106660916,14.585632691495));
#857 = CARTESIAN_POINT('',(4.101863528374,14.455408975922));
#858 = CARTESIAN_POINT('',(4.092963760194,14.405138521438));
#859 = CARTESIAN_POINT('',(4.083962981383,14.364138631356));
#860 = CARTESIAN_POINT('',(4.074878149042,14.33266770583));
#861 = CARTESIAN_POINT('',(4.065725287603,14.311113259405));
#862 = CARTESIAN_POINT('',(4.05652209835,14.3));
#863 = CARTESIAN_POINT('',(4.047290686011,14.3));
#864 = ( GEOMETRIC_REPRESENTATION_CONTEXT(2) 
PARAMETRIC_REPRESENTATION_CONTEXT() REPRESENTATION_CONTEXT('2D SPACE',''
  ) );
#865 = PCURVE('',#866,#871);
#866 = CYLINDRICAL_SURFACE('',#867,2.7);
#867 = AXIS2_PLACEMENT_3D('',#868,#869,#870);
#868 = CARTESIAN_POINT('',(-29.15,-22.15,17.));
#869 = DIRECTION('',(1.,0.,2.22044604925E-16));
#870 = DIRECTION('',(2.22044604925E-16,0.,-1.));
#871 = DEFINITIONAL_REPRESENTATION('',(#872),#1007);
#872 = B_SPLINE_CURVE_WITH_KNOTS('',7,(#873,#874,#875,#876,#877,#878,
    #879,#880,#881,#882,#883,#884,#885,#886,#887,#888,#889,#890,#891,
    #892,#893,#894,#895,#896,#897,#898,#899,#900,#901,#902,#903,#904,
    #905,#906,#907,#908,#909,#910,#911,#912,#913,#914,#915,#916,#917,
    #918,#919,#920,#921,#922,#923,#924,#925,#926,#927,#928,#929,#930,
    #931,#932,#933,#934,#935,#936,#937,#938,#939,#940,#941,#942,#943,
    #944,#945,#946,#947,#948,#949,#950,#951,#952,#953,#954,#955,#956,
    #957,#958,#959,#960,#961,#962,#963,#964,#965,#966,#967,#968,#969,
    #970,#971,#972,#973,#974,#975,#976,#977,#978,#979,#980,#981,#982,
    #983,#984,#985,#986,#987,#988,#989,#990,#991,#992,#993,#994,#995,
    #996,#997,#998,#999,#1000,#1001,#1002,#1003,#1004,#1005,#1006),
  .UNSPECIFIED.,.F.,.F.,(8,6,6,6,6,6,6,6,6,6,6,6,6,6,6,6,6,6,6,6,6,6,8),
  (0.,0.10786226365,0.148706934025,0.173364356528,0.190456764555,
    0.202589633625,0.23231777357,0.26328368145,0.294024851441,
    0.32159449943,0.365708935969,0.416390830545,0.539850426275,
    0.609072455769,0.656440918037,0.703485152652,0.732701588158,
    0.752071280045,0.780696194338,0.809100400849,0.833936076555,
    0.924244587436,1.),.UNSPECIFIED.);
#873 = CARTESIAN_POINT('',(0.,11.777608109417));
#874 = CARTESIAN_POINT('',(8.39850597132E-02,11.488486926348));
#875 = CARTESIAN_POINT('',(0.170216706005,11.200697864371));
#876 = CARTESIAN_POINT('',(0.258978880151,10.916839161461));
#877 = CARTESIAN_POINT('',(0.350583058597,10.639735738952));
#878 = CARTESIAN_POINT('',(0.44542975299,10.372453802647));
#879 = CARTESIAN_POINT('',(0.543990783347,10.118488129902));
#880 = CARTESIAN_POINT('',(0.685943122619,9.792750935815));
#881 = CARTESIAN_POINT('',(0.725517673066,9.705925526808));
#882 = CARTESIAN_POINT('',(0.765660705529,9.622089148045));
#883 = CARTESIAN_POINT('',(0.806358520303,9.541573652438));
#884 = CARTESIAN_POINT('',(0.84760052688,9.464698481768));
#885 = CARTESIAN_POINT('',(0.88937940038,9.391772059504));
#886 = CARTESIAN_POINT('',(0.957234371184,9.281632595379));
#887 = CARTESIAN_POINT('',(0.982966374389,9.241728738003));
#888 = CARTESIAN_POINT('',(1.008878612566,9.203458632843));
#889 = CARTESIAN_POINT('',(1.03496293763,9.16689473286));
#890 = CARTESIAN_POINT('',(1.061211535851,9.132105119489));
#891 = CARTESIAN_POINT('',(1.087616775271,9.099153699515));
#892 = CARTESIAN_POINT('',(1.132578352256,9.046574403734));
#893 = CARTESIAN_POINT('',(1.151056192579,9.025961684598));
#894 = CARTESIAN_POINT('',(1.169601274611,9.006283019304));
#895 = CARTESIAN_POINT('',(1.188210142814,8.987558007083));
#896 = CARTESIAN_POINT('',(1.206879185582,8.969805071624));
#897 = CARTESIAN_POINT('',(1.225604635247,8.95304146108));
#898 = CARTESIAN_POINT('',(1.257711889499,8.926097443523));
#899 = CARTESIAN_POINT('',(1.271067672167,8.915418181584));
#900 = CARTESIAN_POINT('',(1.284448514163,8.905251180847));
#901 = CARTESIAN_POINT('',(1.297852987341,8.895601785869));
#902 = CARTESIAN_POINT('',(1.311279637331,8.88647496716));
#903 = CARTESIAN_POINT('',(1.324726983534,8.877875321188));
#904 = CARTESIAN_POINT('',(1.371189429035,8.850038119777));
#905 = CARTESIAN_POINT('',(1.404302334501,8.833458460244));
#906 = CARTESIAN_POINT('',(1.437507609454,8.820131508232));
#907 = CARTESIAN_POINT('',(1.47078236253,8.810104620243));
#908 = CARTESIAN_POINT('',(1.504104281328,8.803409303256));
#909 = CARTESIAN_POINT('',(1.537450476658,8.800061425154));
#910 = CARTESIAN_POINT('',(1.605530572714,8.800061425154));
#911 = CARTESIAN_POINT('',(1.640265230592,8.803693919723));
#912 = CARTESIAN_POINT('',(1.674972382977,8.810958349572));
#913 = CARTESIAN_POINT('',(1.709626220539,8.821836048038));
#914 = CARTESIAN_POINT('',(1.744201635101,8.836289974881));
#915 = CARTESIAN_POINT('',(1.77867281266,8.854264450072));
#916 = CARTESIAN_POINT('',(1.847101621656,8.896949864333));
#917 = CARTESIAN_POINT('',(1.881060794632,8.92161066234));
#918 = CARTESIAN_POINT('',(1.914866803046,8.949596035851));
#919 = CARTESIAN_POINT('',(1.948498287454,8.980820772583));
#920 = CARTESIAN_POINT('',(1.981934132707,9.015185102371));
#921 = CARTESIAN_POINT('',(2.015152529394,9.052574105801));
#922 = CARTESIAN_POINT('',(2.077705299641,9.128984199359));
#923 = CARTESIAN_POINT('',(2.10708665405,9.167438681752));
#924 = CARTESIAN_POINT('',(2.136264607588,9.208134980283));
#925 = CARTESIAN_POINT('',(2.165229551064,9.250981882488));
#926 = CARTESIAN_POINT('',(2.193971537367,9.295882224775));
#927 = CARTESIAN_POINT('',(2.22248006181,9.342732564003));
#928 = CARTESIAN_POINT('',(2.295968966825,9.469332602988));
#929 = CARTESIAN_POINT('',(2.340547479223,9.551918521622));
#930 = CARTESIAN_POINT('',(2.384483392384,9.63880792404));
#931 = CARTESIAN_POINT('',(2.427775248445,9.729620435318));
#932 = CARTESIAN_POINT('',(2.470416779728,9.823966314884));
#933 = CARTESIAN_POINT('',(2.512397569494,9.921444784872));
#934 = CARTESIAN_POINT('',(2.601159234292,10.136756667079));
#935 = CARTESIAN_POINT('',(2.647730362949,10.255474675714));
#936 = CARTESIAN_POINT('',(2.693467192162,10.377347544542));
#937 = CARTESIAN_POINT('',(2.738412072518,10.501952277605));
#938 = CARTESIAN_POINT('',(2.782600672806,10.628885844421));
#939 = CARTESIAN_POINT('',(2.826063041113,10.757759301592));
#940 = CARTESIAN_POINT('',(2.972990718834,11.205921900309));
#941 = CARTESIAN_POINT('',(3.072940358694,11.532727725686));
#942 = CARTESIAN_POINT('',(3.16965173239,11.864947894482));
#943 = CARTESIAN_POINT('',(3.263889165175,12.199915049261));
#944 = CARTESIAN_POINT('',(3.356404353464,12.535531489605));
#945 = CARTESIAN_POINT('',(3.447907937,12.869814900995));
#946 = CARTESIAN_POINT('',(3.590373014217,13.385577683333));
#947 = CARTESIAN_POINT('',(3.641456340145,13.569565519666));
#948 = CARTESIAN_POINT('',(3.692662586856,13.75211125583));
#949 = CARTESIAN_POINT('',(3.744204640419,13.932963426866));
#950 = CARTESIAN_POINT('',(3.796286261851,14.111666840686));
#951 = CARTESIAN_POINT('',(3.84910485095,14.287466851397));
#952 = CARTESIAN_POINT('',(3.939641073172,14.576732114534));
#953 = CARTESIAN_POINT('',(3.976851295306,14.692321456462));
#954 = CARTESIAN_POINT('',(4.014629731894,14.805858988036));
#955 = CARTESIAN_POINT('',(4.053105039273,14.917058816708));
#956 = CARTESIAN_POINT('',(4.0923963986,15.025442907358));
#957 = CARTESIAN_POINT('',(4.132616493017,15.130316562807));
#958 = CARTESIAN_POINT('',(4.214850073921,15.330483840796));
#959 = CARTESIAN_POINT('',(4.256979804739,15.426155531402));
#960 = CARTESIAN_POINT('',(4.300358862141,15.516735336077));
#961 = CARTESIAN_POINT('',(4.345078641688,15.600953754166));
#962 = CARTESIAN_POINT('',(4.391233252578,15.67728844534));
#963 = CARTESIAN_POINT('',(4.438929114554,15.743962070209));
#964 = CARTESIAN_POINT('',(4.518957571448,15.83309161694));
#965 = CARTESIAN_POINT('',(4.550282790424,15.862752070184));
#966 = CARTESIAN_POINT('',(4.58212996207,15.887231509874));
#967 = CARTESIAN_POINT('',(4.614373454113,15.905993826806));
#968 = CARTESIAN_POINT('',(4.646900478021,15.918662855982));
#969 = CARTESIAN_POINT('',(4.6796062214,15.925023629511));
#970 = CARTESIAN_POINT('',(4.734123046493,15.925023629511));
#971 = CARTESIAN_POINT('',(4.755845476367,15.922227759174));
#972 = CARTESIAN_POINT('',(4.777517713653,15.91664123586));
#973 = CARTESIAN_POINT('',(4.799100734746,15.908307422047));
#974 = CARTESIAN_POINT('',(4.820554277562,15.897307697229));
#975 = CARTESIAN_POINT('',(4.841836070305,15.883761329815));
#976 = CARTESIAN_POINT('',(4.894031319571,15.844274841003));
#977 = CARTESIAN_POINT('',(4.924649764382,15.815534433876));
#978 = CARTESIAN_POINT('',(4.95475007633,15.782029813437));
#979 = CARTESIAN_POINT('',(4.984319694683,15.744207839262));
#980 = CARTESIAN_POINT('',(5.013339368301,15.702535565708));
#981 = CARTESIAN_POINT('',(5.041782707634,15.657499262907));
#982 = CARTESIAN_POINT('',(5.097234163695,15.56207690565));
#983 = CARTESIAN_POINT('',(5.124304148964,15.511644490433));
#984 = CARTESIAN_POINT('',(5.150857442535,15.4586606792));
#985 = CARTESIAN_POINT('',(5.176924502703,15.403437216092));
#986 = CARTESIAN_POINT('',(5.202535687741,15.346243240332));
#987 = CARTESIAN_POINT('',(5.227722447596,15.287305424261));
#988 = CARTESIAN_POINT('',(5.27419935723,15.17391131091));
#989 = CARTESIAN_POINT('',(5.29558542426,15.119812677794));
#990 = CARTESIAN_POINT('',(5.316695651485,15.064642711469));
#991 = CARTESIAN_POINT('',(5.337548956692,15.008512550094));
#992 = CARTESIAN_POINT('',(5.358164727665,14.951514140721));
#993 = CARTESIAN_POINT('',(5.378563309208,14.893720409478));
#994 = CARTESIAN_POINT('',(5.472230132089,14.622338125465));
#995 = CARTESIAN_POINT('',(5.54336734427,14.398944342228));
#996 = CARTESIAN_POINT('',(5.612663939683,14.169007908144));
#997 = CARTESIAN_POINT('',(5.680601506889,13.934859574704));
#998 = CARTESIAN_POINT('',(5.747691601005,13.697610501641));
#999 = CARTESIAN_POINT('',(5.814490003754,13.457587276916));
#1000 = CARTESIAN_POINT('',(5.937878855262,13.011042825993));
#1001 = CARTESIAN_POINT('',(5.994214818313,12.805952817983));
#1002 = CARTESIAN_POINT('',(6.05078908198,12.60004850375));
#1003 = CARTESIAN_POINT('',(6.107785575918,12.39380449879));
#1004 = CARTESIAN_POINT('',(6.165388612689,12.187661754075));
#1005 = CARTESIAN_POINT('',(6.223788376493,11.982083892723));
#1006 = CARTESIAN_POINT('',(6.28318530718,11.777608109417));
#1007 = ( GEOMETRIC_REPRESENTATION_CONTEXT(2) 
PARAMETRIC_REPRESENTATION_CONTEXT() REPRESENTATION_CONTEXT('2D SPACE',''
  ) );
#1008 = FACE_BOUND('',#1009,.T.);
#1009 = EDGE_LOOP('',(#1010));
#1010 = ORIENTED_EDGE('',*,*,#1011,.F.);
#1011 = EDGE_CURVE('',#1012,#1012,#1014,.T.);
#1012 = VERTEX_POINT('',#1013);
#1013 = CARTESIAN_POINT('',(17.372391890583,-22.15,14.3));
#1014 = SURFACE_CURVE('',#1015,(#1150,#1288),.PCURVE_S1.);
#1015 = B_SPLINE_CURVE_WITH_KNOTS('',7,(#1016,#1017,#1018,#1019,#1020,
    #1021,#1022,#1023,#1024,#1025,#1026,#1027,#1028,#1029,#1030,#1031,
    #1032,#1033,#1034,#1035,#1036,#1037,#1038,#1039,#1040,#1041,#1042,
    #1043,#1044,#1045,#1046,#1047,#1048,#1049,#1050,#1051,#1052,#1053,
    #1054,#1055,#1056,#1057,#1058,#1059,#1060,#1061,#1062,#1063,#1064,
    #1065,#1066,#1067,#1068,#1069,#1070,#1071,#1072,#1073,#1074,#1075,
    #1076,#1077,#1078,#1079,#1080,#1081,#1082,#1083,#1084,#1085,#1086,
    #1087,#1088,#1089,#1090,#1091,#1092,#1093,#1094,#1095,#1096,#1097,
    #1098,#1099,#1100,#1101,#1102,#1103,#1104,#1105,#1106,#1107,#1108,
    #1109,#1110,#1111,#1112,#1113,#1114,#1115,#1116,#1117,#1118,#1119,
    #1120,#1121,#1122,#1123,#1124,#1125,#1126,#1127,#1128,#1129,#1130,
    #1131,#1132,#1133,#1134,#1135,#1136,#1137,#1138,#1139,#1140,#1141,
    #1142,#1143,#1144,#1145,#1146,#1147,#1148,#1149),.UNSPECIFIED.,.T.,
  .F.,(8,6,6,6,6,6,6,6,6,6,6,6,6,6,6,6,6,6,6,6,6,6,8),(0.,0.107862263547
    ,0.148706933876,0.173364356349,0.190456764354,0.202589633409,
    0.232317773316,0.263283681157,0.29402485111,0.321594499065,
    0.365708935542,0.416390828949,0.53985042496,0.609072454612,
    0.656440916988,0.703485151732,0.732701587328,0.752071279276,
    0.780696193658,0.809100400257,0.833936076039,0.924244587201,1.),
  .UNSPECIFIED.);
#1016 = CARTESIAN_POINT('',(17.372391890583,-22.15,14.3));
#1017 = CARTESIAN_POINT('',(17.661513073653,-21.92324033877,14.3));
#1018 = CARTESIAN_POINT('',(17.949302135629,-21.69041442447,
    14.322218092768));
#1019 = CARTESIAN_POINT('',(18.233160838538,-21.45337125019,
    14.368796841994));
#1020 = CARTESIAN_POINT('',(18.510264261049,-21.2145009967,
    14.442017685913));
#1021 = CARTESIAN_POINT('',(18.777546197352,-20.97684221286,
    14.544282269198));
#1022 = CARTESIAN_POINT('',(19.031511870098,-20.74437475581,
    14.678039273937));
#1023 = CARTESIAN_POINT('',(19.357249064171,-20.43855349795,
    14.909059316201));
#1024 = CARTESIAN_POINT('',(19.444074473191,-20.35618062212,
    14.977285700692));
#1025 = CARTESIAN_POINT('',(19.527910851965,-20.27583397308,
    15.050307137419));
#1026 = CARTESIAN_POINT('',(19.608426347571,-20.19792092894,
    15.128109372083));
#1027 = CARTESIAN_POINT('',(19.68530151823,-20.12285282751,
    15.210641755365));
#1028 = CARTESIAN_POINT('',(19.758227940487,-20.05104208947,
    15.297817014651));
#1029 = CARTESIAN_POINT('',(19.868367404621,-19.94176240713,
    15.444865566573));
#1030 = CARTESIAN_POINT('',(19.908271261997,-19.90197089272,
    15.501855301684));
#1031 = CARTESIAN_POINT('',(19.946541367157,-19.86362641631,
    15.560435159497));
#1032 = CARTESIAN_POINT('',(19.98310526714,-19.82682731376,
    15.620553117771));
#1033 = CARTESIAN_POINT('',(20.017894880511,-19.7916681872,
    15.682150223827));
#1034 = CARTESIAN_POINT('',(20.050846300485,-19.75823945334,
    15.745160614753));
#1035 = CARTESIAN_POINT('',(20.103425596266,-19.70471321469,
    15.854119291315));
#1036 = CARTESIAN_POINT('',(20.124038315402,-19.68367340596,
    15.899368632568));
#1037 = CARTESIAN_POINT('',(20.143716980696,-19.66353700706,
    15.94523327973));
#1038 = CARTESIAN_POINT('',(20.162441992917,-19.64433207666,
    15.991684966099));
#1039 = CARTESIAN_POINT('',(20.180194928376,-19.62608519085,
    16.038693439904));
#1040 = CARTESIAN_POINT('',(20.19695853892,-19.60882144312,
    16.086226464303));
#1041 = CARTESIAN_POINT('',(20.223902556477,-19.58102458189,
    16.168338697922));
#1042 = CARTESIAN_POINT('',(20.234581818416,-19.5699919065,
    16.202674719842));
#1043 = CARTESIAN_POINT('',(20.244748819153,-19.55947480783,
    16.237245655936));
#1044 = CARTESIAN_POINT('',(20.254398214131,-19.54948115535,
    16.272038886486));
#1045 = CARTESIAN_POINT('',(20.26352503284,-19.54001829834,
    16.307041399261));
#1046 = CARTESIAN_POINT('',(20.272124678812,-19.53109306591,
    16.342239789527));
#1047 = CARTESIAN_POINT('',(20.299961880223,-19.50217578116,
    16.464310025869));
#1048 = CARTESIAN_POINT('',(20.316541539756,-19.48490422199,
    16.552097716635));
#1049 = CARTESIAN_POINT('',(20.329868491768,-19.47099115131,
    16.640774532576));
#1050 = CARTESIAN_POINT('',(20.339895379757,-19.46050793267,
    16.730125828254));
#1051 = CARTESIAN_POINT('',(20.346590696744,-19.45350272898,
    16.819931471877));
#1052 = CARTESIAN_POINT('',(20.349938574846,-19.45,16.90996620463));
#1053 = CARTESIAN_POINT('',(20.349938574846,-19.45,17.093782463981));
#1054 = CARTESIAN_POINT('',(20.346306080277,-19.45380050007,
    17.187566047419));
#1055 = CARTESIAN_POINT('',(20.339041650428,-19.46140117591,
    17.281090528313));
#1056 = CARTESIAN_POINT('',(20.328163951962,-19.47277322267,
    17.374101496221));
#1057 = CARTESIAN_POINT('',(20.313710025119,-19.48785999654,
    17.466350805477));
#1058 = CARTESIAN_POINT('',(20.295735549928,-19.50657765621,
    17.557597028411));
#1059 = CARTESIAN_POINT('',(20.253050135667,-19.55089255723,
    17.736961541076));
#1060 = CARTESIAN_POINT('',(20.22838933766,-19.57643860112,
    17.825096768856));
#1061 = CARTESIAN_POINT('',(20.200403964149,-19.60534809348,
    17.911794984391));
#1062 = CARTESIAN_POINT('',(20.169179227417,-19.63749418211,
    17.996854526548));
#1063 = CARTESIAN_POINT('',(20.134814897629,-19.67273041112,
    18.080088927602));
#1064 = CARTESIAN_POINT('',(20.097425894199,-19.71089212667,
    18.161327160265));
#1065 = CARTESIAN_POINT('',(20.021015800641,-19.78848345141,
    18.311341346304));
#1066 = CARTESIAN_POINT('',(19.982561318248,-19.82737582179,
    18.380537957843));
#1067 = CARTESIAN_POINT('',(19.941865019717,-19.86835298383,
    18.447909497104));
#1068 = CARTESIAN_POINT('',(19.899018117512,-19.91128662346,
    18.513372312397));
#1069 = CARTESIAN_POINT('',(19.854117775225,-19.95604287742,
    18.576853347277));
#1070 = CARTESIAN_POINT('',(19.807267435997,-20.00248308796,
    18.638290165253));
#1071 = CARTESIAN_POINT('',(19.680667397025,-20.12724012938,
    18.792582725948));
#1072 = CARTESIAN_POINT('',(19.598081478381,-20.20792776663,
    18.88212604834));
#1073 = CARTESIAN_POINT('',(19.511192075949,-20.29202044501,
    18.966160540912));
#1074 = CARTESIAN_POINT('',(19.420379564668,-20.37901678576,
    19.044629012256));
#1075 = CARTESIAN_POINT('',(19.326033685114,-20.46842420562,
    19.117517074917));
#1076 = CARTESIAN_POINT('',(19.228555215142,-20.55976206682,
    19.184852739984));
#1077 = CARTESIAN_POINT('',(19.013243335395,-20.75918343045,
    19.317767577338));
#1078 = CARTESIAN_POINT('',(18.894525321372,-20.86774909702,
    19.381601735658));
#1079 = CARTESIAN_POINT('',(18.772652453482,-20.97771934918,
    19.438418852537));
#1080 = CARTESIAN_POINT('',(18.648047725008,-21.08860810925,
    19.488443897291));
#1081 = CARTESIAN_POINT('',(18.521114158387,-21.19997876729,
    19.531913712926));
#1082 = CARTESIAN_POINT('',(18.392240695104,-21.31143724889,
    19.569074286406));
#1083 = CARTESIAN_POINT('',(17.944078099691,-21.69347536405,
    19.675945793011));
#1084 = CARTESIAN_POINT('',(17.617272274313,-21.9625695217,
    19.715731712195));
#1085 = CARTESIAN_POINT('',(17.28505210552,-22.22631337908,
    19.723695741042));
#1086 = CARTESIAN_POINT('',(16.950084950737,-22.48263740026,
    19.703084705628));
#1087 = CARTESIAN_POINT('',(16.614468510397,-22.73026453972,
    19.656278271951));
#1088 = CARTESIAN_POINT('',(16.280185099004,-22.96821548971,
    19.584815045954));
#1089 = CARTESIAN_POINT('',(15.764422316667,-23.32286549877,
    19.435874167941));
#1090 = CARTESIAN_POINT('',(15.580434480334,-23.44683624669,
    19.374860932841));
#1091 = CARTESIAN_POINT('',(15.39788874417,-23.56739539439,
    19.306392880941));
#1092 = CARTESIAN_POINT('',(15.217036573134,-23.68449535065,
    19.230376057579));
#1093 = CARTESIAN_POINT('',(15.038333159314,-23.79796825972,
    19.146609328492));
#1094 = CARTESIAN_POINT('',(14.862533148603,-23.9074913747,
    19.054820616867));
#1095 = CARTESIAN_POINT('',(14.573267885466,-24.0844627173,
    18.886191227902));
#1096 = CARTESIAN_POINT('',(14.457678543538,-24.1542577343,
    18.813799354972));
#1097 = CARTESIAN_POINT('',(14.344141011964,-24.2219411429,
    18.73728603972));
#1098 = CARTESIAN_POINT('',(14.232941183292,-24.28740667204,
    18.65638715255));
#1099 = CARTESIAN_POINT('',(14.124557092642,-24.35044527253,
    18.570831303418));
#1100 = CARTESIAN_POINT('',(14.019683437193,-24.41074201908,
    18.480356281682));
#1101 = CARTESIAN_POINT('',(13.819516159157,-24.52461295521,
    18.289749283759));
#1102 = CARTESIAN_POINT('',(13.723844468603,-24.57841060603,
    18.189385576573));
#1103 = CARTESIAN_POINT('',(13.633264663958,-24.62878252202,
    18.083398621884));
#1104 = CARTESIAN_POINT('',(13.549046245853,-24.67513407769,
    17.971590918841));
#1105 = CARTESIAN_POINT('',(13.472711554646,-24.71676692833,
    17.85381026372));
#1106 = CARTESIAN_POINT('',(13.406037929771,-24.75286948092,
    17.729957555998));
#1107 = CARTESIAN_POINT('',(13.31690838306,-24.80088618412,
    17.519283413736));
#1108 = CARTESIAN_POINT('',(13.287247929816,-24.81679400582,
    17.436162001921));
#1109 = CARTESIAN_POINT('',(13.262768490126,-24.82987441433,
    17.351081206376));
#1110 = CARTESIAN_POINT('',(13.244006173194,-24.83987279797,
    17.264486606561));
#1111 = CARTESIAN_POINT('',(13.231337144018,-24.84661450634,
    17.176818888594));
#1112 = CARTESIAN_POINT('',(13.224976370489,-24.85,17.088513449259));
#1113 = CARTESIAN_POINT('',(13.224976370489,-24.85,16.941318021506));
#1114 = CARTESIAN_POINT('',(13.227772240826,-24.84851202034,
    16.882667464878));
#1115 = CARTESIAN_POINT('',(13.23335876414,-24.84553898965,
    16.824197691866));
#1116 = CARTESIAN_POINT('',(13.241692577953,-24.84110125275,
    16.766059143148));
#1117 = CARTESIAN_POINT('',(13.252692302771,-24.83523706822,
    16.708403270307));
#1118 = CARTESIAN_POINT('',(13.266238670185,-24.82800310598,
    16.651382467803));
#1119 = CARTESIAN_POINT('',(13.305725158997,-24.80687185957,
    16.512048557645));
#1120 = CARTESIAN_POINT('',(13.334465566124,-24.7914578881,
    16.430771194549));
#1121 = CARTESIAN_POINT('',(13.367970186563,-24.77343403778,
    16.351438906117));
#1122 = CARTESIAN_POINT('',(13.405792160738,-24.75300760192,
    16.274169653202));
#1123 = CARTESIAN_POINT('',(13.447464434292,-24.73039546669,
    16.199078210652));
#1124 = CARTESIAN_POINT('',(13.492500737093,-24.70582741786,
    16.126276010907));
#1125 = CARTESIAN_POINT('',(13.58792309435,-24.65347408941,
    15.986008810857));
#1126 = CARTESIAN_POINT('',(13.638355509567,-24.62566556757,
    15.918374133776));
#1127 = CARTESIAN_POINT('',(13.6913393208,-24.59628692247,
    15.852913602618));
#1128 = CARTESIAN_POINT('',(13.746562783908,-24.56548139371,
    15.78956765867));
#1129 = CARTESIAN_POINT('',(13.803756759668,-24.53337216842,
    15.728270736648));
#1130 = CARTESIAN_POINT('',(13.862694575739,-24.50006212947,
    15.668951463102));
#1131 = CARTESIAN_POINT('',(13.97608868909,-24.43553046743,
    15.561327969355));
#1132 = CARTESIAN_POINT('',(14.030187322206,-24.40456674785,
    15.512567099071));
#1133 = CARTESIAN_POINT('',(14.085357288531,-24.37280130527,
    15.465207722616));
#1134 = CARTESIAN_POINT('',(14.141487449906,-24.34028400459,
    15.419206413494));
#1135 = CARTESIAN_POINT('',(14.198485859279,-24.30705531938,
    15.3745188955));
#1136 = CARTESIAN_POINT('',(14.256279590522,-24.27314593612,
    15.331100098133));
#1137 = CARTESIAN_POINT('',(14.527661874535,-24.11287303001,
    15.135469786309));
#1138 = CARTESIAN_POINT('',(14.751055657772,-23.97800073884,
    14.997668251824));
#1139 = CARTESIAN_POINT('',(14.980992091856,-23.83573102401,
    14.874607769808));
#1140 = CARTESIAN_POINT('',(15.215140425296,-23.68712314274,
    14.765368857136));
#1141 = CARTESIAN_POINT('',(15.452389498359,-23.53261294672,
    14.669185770044));
#1142 = CARTESIAN_POINT('',(15.692412723084,-23.3721514205,
    14.585632691495));
#1143 = CARTESIAN_POINT('',(16.138957174007,-23.06550726328,
    14.455408975922));
#1144 = CARTESIAN_POINT('',(16.344047182017,-22.92160098751,
    14.405138521438));
#1145 = CARTESIAN_POINT('',(16.54995149625,-22.77391255383,
    14.364138631356));
#1146 = CARTESIAN_POINT('',(16.75619550121,-22.62265554049,
    14.33266770583));
#1147 = CARTESIAN_POINT('',(16.962338245925,-22.46805091903,
    14.311113259405));
#1148 = CARTESIAN_POINT('',(17.167916107277,-22.31037171285,14.3));
#1149 = CARTESIAN_POINT('',(17.372391890583,-22.15,14.3));
#1150 = PCURVE('',#50,#1151);
#1151 = DEFINITIONAL_REPRESENTATION('',(#1152),#1287);
#1152 = B_SPLINE_CURVE_WITH_KNOTS('',7,(#1153,#1154,#1155,#1156,#1157,
    #1158,#1159,#1160,#1161,#1162,#1163,#1164,#1165,#1166,#1167,#1168,
    #1169,#1170,#1171,#1172,#1173,#1174,#1175,#1176,#1177,#1178,#1179,
    #1180,#1181,#1182,#1183,#1184,#1185,#1186,#1187,#1188,#1189,#1190,
    #1191,#1192,#1193,#1194,#1195,#1196,#1197,#1198,#1199,#1200,#1201,
    #1202,#1203,#1204,#1205,#1206,#1207,#1208,#1209,#1210,#1211,#1212,
    #1213,#1214,#1215,#1216,#1217,#1218,#1219,#1220,#1221,#1222,#1223,
    #1224,#1225,#1226,#1227,#1228,#1229,#1230,#1231,#1232,#1233,#1234,
    #1235,#1236,#1237,#1238,#1239,#1240,#1241,#1242,#1243,#1244,#1245,
    #1246,#1247,#1248,#1249,#1250,#1251,#1252,#1253,#1254,#1255,#1256,
    #1257,#1258,#1259,#1260,#1261,#1262,#1263,#1264,#1265,#1266,#1267,
    #1268,#1269,#1270,#1271,#1272,#1273,#1274,#1275,#1276,#1277,#1278,
    #1279,#1280,#1281,#1282,#1283,#1284,#1285,#1286),.UNSPECIFIED.,.T.,
  .F.,(8,6,6,6,6,6,6,6,6,6,6,6,6,6,6,6,6,6,6,6,6,6,8),(0.,0.107862263547
    ,0.148706933876,0.173364356349,0.190456764354,0.202589633409,
    0.232317773316,0.263283681157,0.29402485111,0.321594499065,
    0.365708935542,0.416390828949,0.53985042496,0.609072454612,
    0.656440916988,0.703485151732,0.732701587328,0.752071279276,
    0.780696193658,0.809100400257,0.833936076039,0.924244587201,1.),
  .UNSPECIFIED.);
#1153 = CARTESIAN_POINT('',(5.377487274758,14.3));
#1154 = CARTESIAN_POINT('',(5.39054014984,14.3));
#1155 = CARTESIAN_POINT('',(5.403688779815,14.322218092768));
#1156 = CARTESIAN_POINT('',(5.416823639181,14.368796841994));
#1157 = CARTESIAN_POINT('',(5.429817222387,14.442017685913));
#1158 = CARTESIAN_POINT('',(5.442520594287,14.544282269198));
#1159 = CARTESIAN_POINT('',(5.454750378184,14.678039273937));
#1160 = CARTESIAN_POINT('',(5.470622536439,14.909059316201));
#1161 = CARTESIAN_POINT('',(5.47487408275,14.977285700692));
#1162 = CARTESIAN_POINT('',(5.478999086947,15.050307137419));
#1163 = CARTESIAN_POINT('',(5.482979151549,15.128109372083));
#1164 = CARTESIAN_POINT('',(5.486796065847,15.210641755365));
#1165 = CARTESIAN_POINT('',(5.490431836664,15.297817014651));
#1166 = CARTESIAN_POINT('',(5.495943522543,15.444865566573));
#1167 = CARTESIAN_POINT('',(5.497945405867,15.501855301684));
#1168 = CARTESIAN_POINT('',(5.499869898961,15.560435159497));
#1169 = CARTESIAN_POINT('',(5.501712724133,15.620553117771));
#1170 = CARTESIAN_POINT('',(5.503469802937,15.682150223827));
#1171 = CARTESIAN_POINT('',(5.505137262996,15.745160614753));
#1172 = CARTESIAN_POINT('',(5.50780266018,15.854119291315));
#1173 = CARTESIAN_POINT('',(5.508848994421,15.899368632568));
#1174 = CARTESIAN_POINT('',(5.509849183706,15.94523327973));
#1175 = CARTESIAN_POINT('',(5.51080203042,15.991684966099));
#1176 = CARTESIAN_POINT('',(5.511706403177,16.038693439904));
#1177 = CARTESIAN_POINT('',(5.512561236813,16.086226464303));
#1178 = CARTESIAN_POINT('',(5.513936453295,16.168338697922));
#1179 = CARTESIAN_POINT('',(5.51448191292,16.202674719842));
#1180 = CARTESIAN_POINT('',(5.515001556154,16.237245655936));
#1181 = CARTESIAN_POINT('',(5.515495050313,16.272038886486));
#1182 = CARTESIAN_POINT('',(5.51596208514,16.307041399261));
#1183 = CARTESIAN_POINT('',(5.516402372806,16.342239789527));
#1184 = CARTESIAN_POINT('',(5.517828260856,16.464310025869));
#1185 = CARTESIAN_POINT('',(5.518678754778,16.552097716635));
#1186 = CARTESIAN_POINT('',(5.519363161459,16.640774532576));
#1187 = CARTESIAN_POINT('',(5.51987848733,16.730125828254));
#1188 = CARTESIAN_POINT('',(5.520222722239,16.819931471877));
#1189 = CARTESIAN_POINT('',(5.520394848211,16.90996620463));
#1190 = CARTESIAN_POINT('',(5.520394848211,17.093782463981));
#1191 = CARTESIAN_POINT('',(5.520208089389,17.187566047419));
#1192 = CARTESIAN_POINT('',(5.519834593455,17.281090528313));
#1193 = CARTESIAN_POINT('',(5.519275558758,17.374101496221));
#1194 = CARTESIAN_POINT('',(5.518533349044,17.466350805477));
#1195 = CARTESIAN_POINT('',(5.517611482222,17.557597028411));
#1196 = CARTESIAN_POINT('',(5.515425716598,17.736961541076));
#1197 = CARTESIAN_POINT('',(5.514164363277,17.825096768856));
#1198 = CARTESIAN_POINT('',(5.51273502098,17.911794984391));
#1199 = CARTESIAN_POINT('',(5.511143030063,17.996854526548));
#1200 = CARTESIAN_POINT('',(5.509394585979,18.080088927602));
#1201 = CARTESIAN_POINT('',(5.507496715859,18.161327160265));
#1202 = CARTESIAN_POINT('',(5.503628202521,18.311341346304));
#1203 = CARTESIAN_POINT('',(5.501685280605,18.380537957843));
#1204 = CARTESIAN_POINT('',(5.49963370119,18.447909497104));
#1205 = CARTESIAN_POINT('',(5.497478969736,18.513372312397));
#1206 = CARTESIAN_POINT('',(5.495226874102,18.576853347277));
#1207 = CARTESIAN_POINT('',(5.492883473334,18.638290165253));
#1208 = CARTESIAN_POINT('',(5.486569403223,18.792582725948));
#1209 = CARTESIAN_POINT('',(5.482467854398,18.88212604834));
#1210 = CARTESIAN_POINT('',(5.478172419414,18.966160540912));
#1211 = CARTESIAN_POINT('',(5.473705076877,19.044629012256));
#1212 = CARTESIAN_POINT('',(5.469087779343,19.117517074917));
#1213 = CARTESIAN_POINT('',(5.4643424281,19.184852739984));
#1214 = CARTESIAN_POINT('',(5.453916997576,19.317767577338));
#1215 = CARTESIAN_POINT('',(5.448202224907,19.381601735658));
#1216 = CARTESIAN_POINT('',(5.442371040695,19.438418852537));
#1217 = CARTESIAN_POINT('',(5.436445854772,19.488443897291));
#1218 = CARTESIAN_POINT('',(5.430447322493,19.531913712926));
#1219 = CARTESIAN_POINT('',(5.424394691169,19.569074286406));
#1220 = CARTESIAN_POINT('',(5.403474631481,19.675945793011));
#1221 = CARTESIAN_POINT('',(5.38843822773,19.715731712195));
#1222 = CARTESIAN_POINT('',(5.373373423721,19.723695741042));
#1223 = CARTESIAN_POINT('',(5.35839402488,19.703084705628));
#1224 = CARTESIAN_POINT('',(5.343581091681,19.656278271951));
#1225 = CARTESIAN_POINT('',(5.329006662985,19.584815045954));
#1226 = CARTESIAN_POINT('',(5.306771152863,19.435874167941));
#1227 = CARTESIAN_POINT('',(5.298890282027,19.374860932841));
#1228 = CARTESIAN_POINT('',(5.291119458221,19.306392880941));
#1229 = CARTESIAN_POINT('',(5.283466271168,19.230376057579));
#1230 = CARTESIAN_POINT('',(5.275946787885,19.146609328492));
#1231 = CARTESIAN_POINT('',(5.268589109656,19.054820616867));
#1232 = CARTESIAN_POINT('',(5.256542695995,18.886191227902));
#1233 = CARTESIAN_POINT('',(5.251746086704,18.813799354972));
#1234 = CARTESIAN_POINT('',(5.247050611713,18.73728603972));
#1235 = CARTESIAN_POINT('',(5.242466741989,18.65638715255));
#1236 = CARTESIAN_POINT('',(5.238012717322,18.570831303418));
#1237 = CARTESIAN_POINT('',(5.233715362827,18.480356281682));
#1238 = CARTESIAN_POINT('',(5.22553454229,18.289749283759));
#1239 = CARTESIAN_POINT('',(5.22163547796,18.189385576573));
#1240 = CARTESIAN_POINT('',(5.217953702694,18.083398621884));
#1241 = CARTESIAN_POINT('',(5.214538788767,17.971590918841));
#1242 = CARTESIAN_POINT('',(5.211450007461,17.85381026372));
#1243 = CARTESIAN_POINT('',(5.208756563247,17.729957555998));
#1244 = CARTESIAN_POINT('',(5.205160090683,17.519283413736));
#1245 = CARTESIAN_POINT('',(5.203964458159,17.436162001921));
#1246 = CARTESIAN_POINT('',(5.202978491495,17.351081206376));
#1247 = CARTESIAN_POINT('',(5.202223248163,17.264486606561));
#1248 = CARTESIAN_POINT('',(5.201713438739,17.176818888594));
#1249 = CARTESIAN_POINT('',(5.201457466395,17.088513449259));
#1250 = CARTESIAN_POINT('',(5.201457466395,16.941318021506));
#1251 = CARTESIAN_POINT('',(5.201569976908,16.882667464878));
#1252 = CARTESIAN_POINT('',(5.201794785502,16.824197691866));
#1253 = CARTESIAN_POINT('',(5.202130192727,16.766059143148));
#1254 = CARTESIAN_POINT('',(5.202573008077,16.708403270307));
#1255 = CARTESIAN_POINT('',(5.203118545951,16.651382467803));
#1256 = CARTESIAN_POINT('',(5.204709493741,16.512048557645));
#1257 = CARTESIAN_POINT('',(5.205868033549,16.430771194549));
#1258 = CARTESIAN_POINT('',(5.207219539709,16.351438906117));
#1259 = CARTESIAN_POINT('',(5.208746546429,16.274169653202));
#1260 = CARTESIAN_POINT('',(5.210430799457,16.199078210652));
#1261 = CARTESIAN_POINT('',(5.212253232082,16.126276010907));
#1262 = CARTESIAN_POINT('',(5.216119686673,15.986008810857));
#1263 = CARTESIAN_POINT('',(5.218165549475,15.918374133776));
#1264 = CARTESIAN_POINT('',(5.220317714883,15.852913602618));
#1265 = CARTESIAN_POINT('',(5.222564044613,15.78956765867));
#1266 = CARTESIAN_POINT('',(5.224894076086,15.728270736648));
#1267 = CARTESIAN_POINT('',(5.227299021744,15.668951463102));
#1268 = CARTESIAN_POINT('',(5.231933854227,15.561327969355));
#1269 = CARTESIAN_POINT('',(5.234148166832,15.512567099071));
#1270 = CARTESIAN_POINT('',(5.23640965946,15.465207722616));
#1271 = CARTESIAN_POINT('',(5.238714044653,15.419206413494));
#1272 = CARTESIAN_POINT('',(5.241057795573,15.3745188955));
#1273 = CARTESIAN_POINT('',(5.243438147363,15.331100098133));
#1274 = CARTESIAN_POINT('',(5.254634443713,15.135469786309));
#1275 = CARTESIAN_POINT('',(5.263904017074,14.997668251824));
#1276 = CARTESIAN_POINT('',(5.273508457007,14.874607769808));
#1277 = CARTESIAN_POINT('',(5.283358992099,14.765368857136));
#1278 = CARTESIAN_POINT('',(5.293415624818,14.669185770044));
#1279 = CARTESIAN_POINT('',(5.303671299853,14.585632691495));
#1280 = CARTESIAN_POINT('',(5.322914432395,14.455408975922));
#1281 = CARTESIAN_POINT('',(5.331814200575,14.405138521438));
#1282 = CARTESIAN_POINT('',(5.340814979386,14.364138631356));
#1283 = CARTESIAN_POINT('',(5.349899811727,14.33266770583));
#1284 = CARTESIAN_POINT('',(5.359052673167,14.311113259405));
#1285 = CARTESIAN_POINT('',(5.368255862419,14.3));
#1286 = CARTESIAN_POINT('',(5.377487274758,14.3));
#1287 = ( GEOMETRIC_REPRESENTATION_CONTEXT(2) 
PARAMETRIC_REPRESENTATION_CONTEXT() REPRESENTATION_CONTEXT('2D SPACE',''
  ) );
#1288 = PCURVE('',#1289,#1294);
#1289 = CYLINDRICAL_SURFACE('',#1290,2.7);
#1290 = AXIS2_PLACEMENT_3D('',#1291,#1292,#1293);
#1291 = CARTESIAN_POINT('',(-29.15,-22.15,17.));
#1292 = DIRECTION('',(1.,0.,2.22044604925E-16));
#1293 = DIRECTION('',(2.22044604925E-16,0.,-1.));
#1294 = DEFINITIONAL_REPRESENTATION('',(#1295),#1430);
#1295 = B_SPLINE_CURVE_WITH_KNOTS('',7,(#1296,#1297,#1298,#1299,#1300,
    #1301,#1302,#1303,#1304,#1305,#1306,#1307,#1308,#1309,#1310,#1311,
    #1312,#1313,#1314,#1315,#1316,#1317,#1318,#1319,#1320,#1321,#1322,
    #1323,#1324,#1325,#1326,#1327,#1328,#1329,#1330,#1331,#1332,#1333,
    #1334,#1335,#1336,#1337,#1338,#1339,#1340,#1341,#1342,#1343,#1344,
    #1345,#1346,#1347,#1348,#1349,#1350,#1351,#1352,#1353,#1354,#1355,
    #1356,#1357,#1358,#1359,#1360,#1361,#1362,#1363,#1364,#1365,#1366,
    #1367,#1368,#1369,#1370,#1371,#1372,#1373,#1374,#1375,#1376,#1377,
    #1378,#1379,#1380,#1381,#1382,#1383,#1384,#1385,#1386,#1387,#1388,
    #1389,#1390,#1391,#1392,#1393,#1394,#1395,#1396,#1397,#1398,#1399,
    #1400,#1401,#1402,#1403,#1404,#1405,#1406,#1407,#1408,#1409,#1410,
    #1411,#1412,#1413,#1414,#1415,#1416,#1417,#1418,#1419,#1420,#1421,
    #1422,#1423,#1424,#1425,#1426,#1427,#1428,#1429),.UNSPECIFIED.,.F.,
  .F.,(8,6,6,6,6,6,6,6,6,6,6,6,6,6,6,6,6,6,6,6,6,6,8),(0.,0.107862263547
    ,0.148706933876,0.173364356349,0.190456764354,0.202589633409,
    0.232317773316,0.263283681157,0.29402485111,0.321594499065,
    0.365708935542,0.416390828949,0.53985042496,0.609072454612,
    0.656440916988,0.703485151732,0.732701587328,0.752071279276,
    0.780696193658,0.809100400257,0.833936076039,0.924244587201,1.),
  .UNSPECIFIED.);
#1296 = CARTESIAN_POINT('',(0.,46.522391890583));
#1297 = CARTESIAN_POINT('',(8.398505971331E-02,46.811513073653));
#1298 = CARTESIAN_POINT('',(0.170216706005,47.099302135629));
#1299 = CARTESIAN_POINT('',(0.258978880151,47.383160838538));
#1300 = CARTESIAN_POINT('',(0.350583058598,47.660264261049));
#1301 = CARTESIAN_POINT('',(0.44542975299,47.927546197352));
#1302 = CARTESIAN_POINT('',(0.543990783348,48.181511870098));
#1303 = CARTESIAN_POINT('',(0.685943122613,48.507249064171));
#1304 = CARTESIAN_POINT('',(0.725517673065,48.594074473191));
#1305 = CARTESIAN_POINT('',(0.765660705533,48.677910851965));
#1306 = CARTESIAN_POINT('',(0.806358520308,48.758426347571));
#1307 = CARTESIAN_POINT('',(0.84760052688,48.83530151823));
#1308 = CARTESIAN_POINT('',(0.889379400374,48.908227940487));
#1309 = CARTESIAN_POINT('',(0.957234371184,49.018367404621));
#1310 = CARTESIAN_POINT('',(0.982966374389,49.058271261997));
#1311 = CARTESIAN_POINT('',(1.008878612566,49.096541367157));
#1312 = CARTESIAN_POINT('',(1.03496293763,49.13310526714));
#1313 = CARTESIAN_POINT('',(1.061211535851,49.167894880511));
#1314 = CARTESIAN_POINT('',(1.087616775271,49.200846300485));
#1315 = CARTESIAN_POINT('',(1.132578352256,49.253425596266));
#1316 = CARTESIAN_POINT('',(1.151056192579,49.274038315402));
#1317 = CARTESIAN_POINT('',(1.169601274611,49.293716980696));
#1318 = CARTESIAN_POINT('',(1.188210142814,49.312441992917));
#1319 = CARTESIAN_POINT('',(1.206879185582,49.330194928376));
#1320 = CARTESIAN_POINT('',(1.225604635247,49.34695853892));
#1321 = CARTESIAN_POINT('',(1.257711889499,49.373902556477));
#1322 = CARTESIAN_POINT('',(1.271067672167,49.384581818416));
#1323 = CARTESIAN_POINT('',(1.284448514163,49.394748819153));
#1324 = CARTESIAN_POINT('',(1.297852987341,49.404398214131));
#1325 = CARTESIAN_POINT('',(1.311279637331,49.41352503284));
#1326 = CARTESIAN_POINT('',(1.324726983534,49.422124678812));
#1327 = CARTESIAN_POINT('',(1.371189429035,49.449961880223));
#1328 = CARTESIAN_POINT('',(1.404302334501,49.466541539756));
#1329 = CARTESIAN_POINT('',(1.437507609454,49.479868491768));
#1330 = CARTESIAN_POINT('',(1.47078236253,49.489895379757));
#1331 = CARTESIAN_POINT('',(1.504104281328,49.496590696744));
#1332 = CARTESIAN_POINT('',(1.537450476658,49.499938574846));
#1333 = CARTESIAN_POINT('',(1.605530572714,49.499938574846));
#1334 = CARTESIAN_POINT('',(1.640265230592,49.496306080277));
#1335 = CARTESIAN_POINT('',(1.674972382977,49.489041650428));
#1336 = CARTESIAN_POINT('',(1.709626220539,49.478163951962));
#1337 = CARTESIAN_POINT('',(1.744201635101,49.463710025119));
#1338 = CARTESIAN_POINT('',(1.77867281266,49.445735549928));
#1339 = CARTESIAN_POINT('',(1.847101621656,49.403050135667));
#1340 = CARTESIAN_POINT('',(1.881060794632,49.37838933766));
#1341 = CARTESIAN_POINT('',(1.914866803046,49.350403964149));
#1342 = CARTESIAN_POINT('',(1.948498287454,49.319179227417));
#1343 = CARTESIAN_POINT('',(1.981934132707,49.284814897629));
#1344 = CARTESIAN_POINT('',(2.015152529394,49.247425894199));
#1345 = CARTESIAN_POINT('',(2.077705299641,49.171015800641));
#1346 = CARTESIAN_POINT('',(2.10708665405,49.132561318248));
#1347 = CARTESIAN_POINT('',(2.136264607588,49.091865019717));
#1348 = CARTESIAN_POINT('',(2.165229551064,49.049018117512));
#1349 = CARTESIAN_POINT('',(2.193971537367,49.004117775225));
#1350 = CARTESIAN_POINT('',(2.22248006181,48.957267435997));
#1351 = CARTESIAN_POINT('',(2.295968966818,48.830667397025));
#1352 = CARTESIAN_POINT('',(2.340547479222,48.748081478381));
#1353 = CARTESIAN_POINT('',(2.384483392389,48.661192075949));
#1354 = CARTESIAN_POINT('',(2.42777524845,48.570379564668));
#1355 = CARTESIAN_POINT('',(2.470416779727,48.476033685114));
#1356 = CARTESIAN_POINT('',(2.512397569488,48.378555215142));
#1357 = CARTESIAN_POINT('',(2.601159233271,48.163243335395));
#1358 = CARTESIAN_POINT('',(2.647730364005,48.044525321372));
#1359 = CARTESIAN_POINT('',(2.693467192976,47.922652453482));
#1360 = CARTESIAN_POINT('',(2.738412071645,47.798047725008));
#1361 = CARTESIAN_POINT('',(2.782600671752,47.671114158387));
#1362 = CARTESIAN_POINT('',(2.826063042196,47.542240695104));
#1363 = CARTESIAN_POINT('',(2.972990718833,47.094078099691));
#1364 = CARTESIAN_POINT('',(3.072940358694,46.767272274313));
#1365 = CARTESIAN_POINT('',(3.169651732389,46.435052105521));
#1366 = CARTESIAN_POINT('',(3.263889165176,46.100084950736));
#1367 = CARTESIAN_POINT('',(3.356404353463,45.764468510397));
#1368 = CARTESIAN_POINT('',(3.447907937,45.430185099004));
#1369 = CARTESIAN_POINT('',(3.590373014217,44.914422316667));
#1370 = CARTESIAN_POINT('',(3.641456340145,44.730434480334));
#1371 = CARTESIAN_POINT('',(3.692662586856,44.54788874417));
#1372 = CARTESIAN_POINT('',(3.744204640419,44.367036573134));
#1373 = CARTESIAN_POINT('',(3.796286261851,44.188333159314));
#1374 = CARTESIAN_POINT('',(3.84910485095,44.012533148603));
#1375 = CARTESIAN_POINT('',(3.939641073172,43.723267885466));
#1376 = CARTESIAN_POINT('',(3.976851295306,43.607678543538));
#1377 = CARTESIAN_POINT('',(4.014629731894,43.494141011964));
#1378 = CARTESIAN_POINT('',(4.053105039273,43.382941183292));
#1379 = CARTESIAN_POINT('',(4.0923963986,43.274557092642));
#1380 = CARTESIAN_POINT('',(4.132616493017,43.169683437193));
#1381 = CARTESIAN_POINT('',(4.214850073941,42.969516159157));
#1382 = CARTESIAN_POINT('',(4.25697980474,42.873844468603));
#1383 = CARTESIAN_POINT('',(4.300358862126,42.783264663958));
#1384 = CARTESIAN_POINT('',(4.345078641674,42.699046245853));
#1385 = CARTESIAN_POINT('',(4.391233252581,42.622711554646));
#1386 = CARTESIAN_POINT('',(4.438929114572,42.556037929771));
#1387 = CARTESIAN_POINT('',(4.518957571448,42.46690838306));
#1388 = CARTESIAN_POINT('',(4.550282790424,42.437247929816));
#1389 = CARTESIAN_POINT('',(4.58212996207,42.412768490126));
#1390 = CARTESIAN_POINT('',(4.614373454113,42.394006173194));
#1391 = CARTESIAN_POINT('',(4.646900478021,42.381337144018));
#1392 = CARTESIAN_POINT('',(4.6796062214,42.374976370489));
#1393 = CARTESIAN_POINT('',(4.734123046493,42.374976370489));
#1394 = CARTESIAN_POINT('',(4.755845476367,42.377772240826));
#1395 = CARTESIAN_POINT('',(4.777517713653,42.38335876414));
#1396 = CARTESIAN_POINT('',(4.799100734746,42.391692577953));
#1397 = CARTESIAN_POINT('',(4.820554277562,42.402692302771));
#1398 = CARTESIAN_POINT('',(4.841836070305,42.416238670185));
#1399 = CARTESIAN_POINT('',(4.894031319571,42.455725158997));
#1400 = CARTESIAN_POINT('',(4.924649764382,42.484465566124));
#1401 = CARTESIAN_POINT('',(4.95475007633,42.517970186563));
#1402 = CARTESIAN_POINT('',(4.984319694683,42.555792160738));
#1403 = CARTESIAN_POINT('',(5.013339368301,42.597464434292));
#1404 = CARTESIAN_POINT('',(5.041782707634,42.642500737093));
#1405 = CARTESIAN_POINT('',(5.097234163695,42.73792309435));
#1406 = CARTESIAN_POINT('',(5.124304148964,42.788355509567));
#1407 = CARTESIAN_POINT('',(5.150857442535,42.8413393208));
#1408 = CARTESIAN_POINT('',(5.176924502703,42.896562783908));
#1409 = CARTESIAN_POINT('',(5.202535687741,42.953756759668));
#1410 = CARTESIAN_POINT('',(5.227722447596,43.012694575739));
#1411 = CARTESIAN_POINT('',(5.27419935723,43.12608868909));
#1412 = CARTESIAN_POINT('',(5.29558542426,43.180187322206));
#1413 = CARTESIAN_POINT('',(5.316695651485,43.235357288531));
#1414 = CARTESIAN_POINT('',(5.337548956692,43.291487449906));
#1415 = CARTESIAN_POINT('',(5.358164727665,43.348485859279));
#1416 = CARTESIAN_POINT('',(5.378563309208,43.406279590522));
#1417 = CARTESIAN_POINT('',(5.472230132089,43.677661874535));
#1418 = CARTESIAN_POINT('',(5.54336734427,43.901055657772));
#1419 = CARTESIAN_POINT('',(5.612663939683,44.130992091856));
#1420 = CARTESIAN_POINT('',(5.680601506889,44.365140425296));
#1421 = CARTESIAN_POINT('',(5.747691601005,44.602389498359));
#1422 = CARTESIAN_POINT('',(5.814490003754,44.842412723084));
#1423 = CARTESIAN_POINT('',(5.937878855262,45.288957174007));
#1424 = CARTESIAN_POINT('',(5.994214818313,45.494047182017));
#1425 = CARTESIAN_POINT('',(6.05078908198,45.69995149625));
#1426 = CARTESIAN_POINT('',(6.107785575918,45.90619550121));
#1427 = CARTESIAN_POINT('',(6.165388612689,46.112338245925));
#1428 = CARTESIAN_POINT('',(6.223788376493,46.317916107277));
#1429 = CARTESIAN_POINT('',(6.28318530718,46.522391890583));
#1430 = ( GEOMETRIC_REPRESENTATION_CONTEXT(2) 
PARAMETRIC_REPRESENTATION_CONTEXT() REPRESENTATION_CONTEXT('2D SPACE',''
  ) );
#1431 = ADVANCED_FACE('',(#1432,#1435),#217,.F.);
#1432 = FACE_BOUND('',#1433,.F.);
#1433 = EDGE_LOOP('',(#1434));
#1434 = ORIENTED_EDGE('',*,*,#202,.T.);
#1435 = FACE_BOUND('',#1436,.F.);
#1436 = EDGE_LOOP('',(#1437));
#1437 = ORIENTED_EDGE('',*,*,#1438,.F.);
#1438 = EDGE_CURVE('',#1439,#1439,#1441,.T.);
#1439 = VERTEX_POINT('',#1440);
#1440 = CARTESIAN_POINT('',(15.15,-3.710679801416E-15,0.));
#1441 = SURFACE_CURVE('',#1442,(#1447,#1454),.PCURVE_S1.);
#1442 = CIRCLE('',#1443,15.15);
#1443 = AXIS2_PLACEMENT_3D('',#1444,#1445,#1446);
#1444 = CARTESIAN_POINT('',(0.,0.,0.));
#1445 = DIRECTION('',(0.,0.,1.));
#1446 = DIRECTION('',(1.,0.,-0.));
#1447 = PCURVE('',#217,#1448);
#1448 = DEFINITIONAL_REPRESENTATION('',(#1449),#1453);
#1449 = CIRCLE('',#1450,15.15);
#1450 = AXIS2_PLACEMENT_2D('',#1451,#1452);
#1451 = CARTESIAN_POINT('',(0.,0.));
#1452 = DIRECTION('',(1.,0.));
#1453 = ( GEOMETRIC_REPRESENTATION_CONTEXT(2) 
PARAMETRIC_REPRESENTATION_CONTEXT() REPRESENTATION_CONTEXT('2D SPACE',''
  ) );
#1454 = PCURVE('',#1455,#1460);
#1455 = CYLINDRICAL_SURFACE('',#1456,15.15);
#1456 = AXIS2_PLACEMENT_3D('',#1457,#1458,#1459);
#1457 = CARTESIAN_POINT('',(0.,0.,-1.));
#1458 = DIRECTION('',(0.,0.,1.));
#1459 = DIRECTION('',(1.,0.,-0.));
#1460 = DEFINITIONAL_REPRESENTATION('',(#1461),#1465);
#1461 = LINE('',#1462,#1463);
#1462 = CARTESIAN_POINT('',(0.,1.));
#1463 = VECTOR('',#1464,1.);
#1464 = DIRECTION('',(1.,0.));
#1465 = ( GEOMETRIC_REPRESENTATION_CONTEXT(2) 
PARAMETRIC_REPRESENTATION_CONTEXT() REPRESENTATION_CONTEXT('2D SPACE',''
  ) );
#1466 = ADVANCED_FACE('',(#1467,#1559),#86,.T.);
#1467 = FACE_BOUND('',#1468,.T.);
#1468 = EDGE_LOOP('',(#1469,#1470,#1471,#1492,#1516,#1540));
#1469 = ORIENTED_EDGE('',*,*,#69,.T.);
#1470 = ORIENTED_EDGE('',*,*,#179,.T.);
#1471 = ORIENTED_EDGE('',*,*,#1472,.T.);
#1472 = EDGE_CURVE('',#154,#1473,#1475,.T.);
#1473 = VERTEX_POINT('',#1474);
#1474 = CARTESIAN_POINT('',(-1.,-15.11696067336,34.));
#1475 = SURFACE_CURVE('',#1476,(#1480,#1486),.PCURVE_S1.);
#1476 = LINE('',#1477,#1478);
#1477 = CARTESIAN_POINT('',(-1.,-14.575,34.));
#1478 = VECTOR('',#1479,1.);
#1479 = DIRECTION('',(-0.,1.,0.));
#1480 = PCURVE('',#86,#1481);
#1481 = DEFINITIONAL_REPRESENTATION('',(#1482),#1485);
#1482 = B_SPLINE_CURVE_WITH_KNOTS('',1,(#1483,#1484),.UNSPECIFIED.,.F.,
  .F.,(2,2),(-13.575,0.425),.PIECEWISE_BEZIER_KNOTS.);
#1483 = CARTESIAN_POINT('',(-1.,-28.15));
#1484 = CARTESIAN_POINT('',(-1.,-14.15));
#1485 = ( GEOMETRIC_REPRESENTATION_CONTEXT(2) 
PARAMETRIC_REPRESENTATION_CONTEXT() REPRESENTATION_CONTEXT('2D SPACE',''
  ) );
#1486 = PCURVE('',#168,#1487);
#1487 = DEFINITIONAL_REPRESENTATION('',(#1488),#1491);
#1488 = B_SPLINE_CURVE_WITH_KNOTS('',1,(#1489,#1490),.UNSPECIFIED.,.F.,
  .F.,(2,2),(-13.575,0.425),.PIECEWISE_BEZIER_KNOTS.);
#1489 = CARTESIAN_POINT('',(28.,-1.));
#1490 = CARTESIAN_POINT('',(28.,-15.));
#1491 = ( GEOMETRIC_REPRESENTATION_CONTEXT(2) 
PARAMETRIC_REPRESENTATION_CONTEXT() REPRESENTATION_CONTEXT('2D SPACE',''
  ) );
#1492 = ORIENTED_EDGE('',*,*,#1493,.F.);
#1493 = EDGE_CURVE('',#1494,#1473,#1496,.T.);
#1494 = VERTEX_POINT('',#1495);
#1495 = CARTESIAN_POINT('',(15.15,-3.710679801416E-15,34.));
#1496 = SURFACE_CURVE('',#1497,(#1502,#1509),.PCURVE_S1.);
#1497 = CIRCLE('',#1498,15.15);
#1498 = AXIS2_PLACEMENT_3D('',#1499,#1500,#1501);
#1499 = CARTESIAN_POINT('',(0.,0.,34.));
#1500 = DIRECTION('',(0.,0.,1.));
#1501 = DIRECTION('',(1.,0.,-0.));
#1502 = PCURVE('',#86,#1503);
#1503 = DEFINITIONAL_REPRESENTATION('',(#1504),#1508);
#1504 = CIRCLE('',#1505,15.15);
#1505 = AXIS2_PLACEMENT_2D('',#1506,#1507);
#1506 = CARTESIAN_POINT('',(0.,0.));
#1507 = DIRECTION('',(1.,0.));
#1508 = ( GEOMETRIC_REPRESENTATION_CONTEXT(2) 
PARAMETRIC_REPRESENTATION_CONTEXT() REPRESENTATION_CONTEXT('2D SPACE',''
  ) );
#1509 = PCURVE('',#1455,#1510);
#1510 = DEFINITIONAL_REPRESENTATION('',(#1511),#1515);
#1511 = LINE('',#1512,#1513);
#1512 = CARTESIAN_POINT('',(0.,35.));
#1513 = VECTOR('',#1514,1.);
#1514 = DIRECTION('',(1.,0.));
#1515 = ( GEOMETRIC_REPRESENTATION_CONTEXT(2) 
PARAMETRIC_REPRESENTATION_CONTEXT() REPRESENTATION_CONTEXT('2D SPACE',''
  ) );
#1516 = ORIENTED_EDGE('',*,*,#1517,.F.);
#1517 = EDGE_CURVE('',#1518,#1494,#1520,.T.);
#1518 = VERTEX_POINT('',#1519);
#1519 = CARTESIAN_POINT('',(1.,-15.11696067336,34.));
#1520 = SURFACE_CURVE('',#1521,(#1526,#1533),.PCURVE_S1.);
#1521 = CIRCLE('',#1522,15.15);
#1522 = AXIS2_PLACEMENT_3D('',#1523,#1524,#1525);
#1523 = CARTESIAN_POINT('',(0.,0.,34.));
#1524 = DIRECTION('',(0.,0.,1.));
#1525 = DIRECTION('',(1.,0.,-0.));
#1526 = PCURVE('',#86,#1527);
#1527 = DEFINITIONAL_REPRESENTATION('',(#1528),#1532);
#1528 = CIRCLE('',#1529,15.15);
#1529 = AXIS2_PLACEMENT_2D('',#1530,#1531);
#1530 = CARTESIAN_POINT('',(0.,0.));
#1531 = DIRECTION('',(1.,0.));
#1532 = ( GEOMETRIC_REPRESENTATION_CONTEXT(2) 
PARAMETRIC_REPRESENTATION_CONTEXT() REPRESENTATION_CONTEXT('2D SPACE',''
  ) );
#1533 = PCURVE('',#1455,#1534);
#1534 = DEFINITIONAL_REPRESENTATION('',(#1535),#1539);
#1535 = LINE('',#1536,#1537);
#1536 = CARTESIAN_POINT('',(0.,35.));
#1537 = VECTOR('',#1538,1.);
#1538 = DIRECTION('',(1.,0.));
#1539 = ( GEOMETRIC_REPRESENTATION_CONTEXT(2) 
PARAMETRIC_REPRESENTATION_CONTEXT() REPRESENTATION_CONTEXT('2D SPACE',''
  ) );
#1540 = ORIENTED_EDGE('',*,*,#1541,.F.);
#1541 = EDGE_CURVE('',#70,#1518,#1542,.T.);
#1542 = SURFACE_CURVE('',#1543,(#1547,#1553),.PCURVE_S1.);
#1543 = LINE('',#1544,#1545);
#1544 = CARTESIAN_POINT('',(1.,-14.575,34.));
#1545 = VECTOR('',#1546,1.);
#1546 = DIRECTION('',(-0.,1.,0.));
#1547 = PCURVE('',#86,#1548);
#1548 = DEFINITIONAL_REPRESENTATION('',(#1549),#1552);
#1549 = B_SPLINE_CURVE_WITH_KNOTS('',1,(#1550,#1551),.UNSPECIFIED.,.F.,
  .F.,(2,2),(-13.575,0.425),.PIECEWISE_BEZIER_KNOTS.);
#1550 = CARTESIAN_POINT('',(1.,-28.15));
#1551 = CARTESIAN_POINT('',(1.,-14.15));
#1552 = ( GEOMETRIC_REPRESENTATION_CONTEXT(2) 
PARAMETRIC_REPRESENTATION_CONTEXT() REPRESENTATION_CONTEXT('2D SPACE',''
  ) );
#1553 = PCURVE('',#113,#1554);
#1554 = DEFINITIONAL_REPRESENTATION('',(#1555),#1558);
#1555 = B_SPLINE_CURVE_WITH_KNOTS('',1,(#1556,#1557),.UNSPECIFIED.,.F.,
  .F.,(2,2),(-13.575,0.425),.PIECEWISE_BEZIER_KNOTS.);
#1556 = CARTESIAN_POINT('',(28.,-1.));
#1557 = CARTESIAN_POINT('',(28.,-15.));
#1558 = ( GEOMETRIC_REPRESENTATION_CONTEXT(2) 
PARAMETRIC_REPRESENTATION_CONTEXT() REPRESENTATION_CONTEXT('2D SPACE',''
  ) );
#1559 = FACE_BOUND('',#1560,.T.);
#1560 = EDGE_LOOP('',(#1561,#1589,#1615,#1641));
#1561 = ORIENTED_EDGE('',*,*,#1562,.T.);
#1562 = EDGE_CURVE('',#1563,#1565,#1567,.T.);
#1563 = VERTEX_POINT('',#1564);
#1564 = CARTESIAN_POINT('',(26.15,-7.,34.));
#1565 = VERTEX_POINT('',#1566);
#1566 = CARTESIAN_POINT('',(17.15,-7.,34.));
#1567 = SURFACE_CURVE('',#1568,(#1572,#1578),.PCURVE_S1.);
#1568 = LINE('',#1569,#1570);
#1569 = CARTESIAN_POINT('',(8.575,-7.,34.));
#1570 = VECTOR('',#1571,1.);
#1571 = DIRECTION('',(-1.,-0.,0.));
#1572 = PCURVE('',#86,#1573);
#1573 = DEFINITIONAL_REPRESENTATION('',(#1574),#1577);
#1574 = B_SPLINE_CURVE_WITH_KNOTS('',1,(#1575,#1576),.UNSPECIFIED.,.F.,
  .F.,(2,2),(-17.575,-8.575),.PIECEWISE_BEZIER_KNOTS.);
#1575 = CARTESIAN_POINT('',(26.15,-7.));
#1576 = CARTESIAN_POINT('',(17.15,-7.));
#1577 = ( GEOMETRIC_REPRESENTATION_CONTEXT(2) 
PARAMETRIC_REPRESENTATION_CONTEXT() REPRESENTATION_CONTEXT('2D SPACE',''
  ) );
#1578 = PCURVE('',#1579,#1584);
#1579 = PLANE('',#1580);
#1580 = AXIS2_PLACEMENT_3D('',#1581,#1582,#1583);
#1581 = CARTESIAN_POINT('',(17.15,-7.,24.));
#1582 = DIRECTION('',(-0.,1.,0.));
#1583 = DIRECTION('',(0.,0.,1.));
#1584 = DEFINITIONAL_REPRESENTATION('',(#1585),#1588);
#1585 = B_SPLINE_CURVE_WITH_KNOTS('',1,(#1586,#1587),.UNSPECIFIED.,.F.,
  .F.,(2,2),(-17.575,-8.575),.PIECEWISE_BEZIER_KNOTS.);
#1586 = CARTESIAN_POINT('',(10.,9.));
#1587 = CARTESIAN_POINT('',(10.,0.));
#1588 = ( GEOMETRIC_REPRESENTATION_CONTEXT(2) 
PARAMETRIC_REPRESENTATION_CONTEXT() REPRESENTATION_CONTEXT('2D SPACE',''
  ) );
#1589 = ORIENTED_EDGE('',*,*,#1590,.T.);
#1590 = EDGE_CURVE('',#1565,#1591,#1593,.T.);
#1591 = VERTEX_POINT('',#1592);
#1592 = CARTESIAN_POINT('',(17.15,7.,34.));
#1593 = SURFACE_CURVE('',#1594,(#1598,#1604),.PCURVE_S1.);
#1594 = LINE('',#1595,#1596);
#1595 = CARTESIAN_POINT('',(17.15,-3.5,34.));
#1596 = VECTOR('',#1597,1.);
#1597 = DIRECTION('',(-0.,1.,0.));
#1598 = PCURVE('',#86,#1599);
#1599 = DEFINITIONAL_REPRESENTATION('',(#1600),#1603);
#1600 = B_SPLINE_CURVE_WITH_KNOTS('',1,(#1601,#1602),.UNSPECIFIED.,.F.,
  .F.,(2,2),(-3.5,10.5),.PIECEWISE_BEZIER_KNOTS.);
#1601 = CARTESIAN_POINT('',(17.15,-7.));
#1602 = CARTESIAN_POINT('',(17.15,7.));
#1603 = ( GEOMETRIC_REPRESENTATION_CONTEXT(2) 
PARAMETRIC_REPRESENTATION_CONTEXT() REPRESENTATION_CONTEXT('2D SPACE',''
  ) );
#1604 = PCURVE('',#1605,#1610);
#1605 = PLANE('',#1606);
#1606 = AXIS2_PLACEMENT_3D('',#1607,#1608,#1609);
#1607 = CARTESIAN_POINT('',(17.15,-7.,24.));
#1608 = DIRECTION('',(1.,0.,-0.));
#1609 = DIRECTION('',(0.,0.,1.));
#1610 = DEFINITIONAL_REPRESENTATION('',(#1611),#1614);
#1611 = B_SPLINE_CURVE_WITH_KNOTS('',1,(#1612,#1613),.UNSPECIFIED.,.F.,
  .F.,(2,2),(-3.5,10.5),.PIECEWISE_BEZIER_KNOTS.);
#1612 = CARTESIAN_POINT('',(10.,0.));
#1613 = CARTESIAN_POINT('',(10.,-14.));
#1614 = ( GEOMETRIC_REPRESENTATION_CONTEXT(2) 
PARAMETRIC_REPRESENTATION_CONTEXT() REPRESENTATION_CONTEXT('2D SPACE',''
  ) );
#1615 = ORIENTED_EDGE('',*,*,#1616,.F.);
#1616 = EDGE_CURVE('',#1617,#1591,#1619,.T.);
#1617 = VERTEX_POINT('',#1618);
#1618 = CARTESIAN_POINT('',(26.15,7.,34.));
#1619 = SURFACE_CURVE('',#1620,(#1624,#1630),.PCURVE_S1.);
#1620 = LINE('',#1621,#1622);
#1621 = CARTESIAN_POINT('',(8.575,7.,34.));
#1622 = VECTOR('',#1623,1.);
#1623 = DIRECTION('',(-1.,-0.,0.));
#1624 = PCURVE('',#86,#1625);
#1625 = DEFINITIONAL_REPRESENTATION('',(#1626),#1629);
#1626 = B_SPLINE_CURVE_WITH_KNOTS('',1,(#1627,#1628),.UNSPECIFIED.,.F.,
  .F.,(2,2),(-17.575,-8.575),.PIECEWISE_BEZIER_KNOTS.);
#1627 = CARTESIAN_POINT('',(26.15,7.));
#1628 = CARTESIAN_POINT('',(17.15,7.));
#1629 = ( GEOMETRIC_REPRESENTATION_CONTEXT(2) 
PARAMETRIC_REPRESENTATION_CONTEXT() REPRESENTATION_CONTEXT('2D SPACE',''
  ) );
#1630 = PCURVE('',#1631,#1636);
#1631 = PLANE('',#1632);
#1632 = AXIS2_PLACEMENT_3D('',#1633,#1634,#1635);
#1633 = CARTESIAN_POINT('',(17.15,7.,24.));
#1634 = DIRECTION('',(-0.,1.,0.));
#1635 = DIRECTION('',(0.,0.,1.));
#1636 = DEFINITIONAL_REPRESENTATION('',(#1637),#1640);
#1637 = B_SPLINE_CURVE_WITH_KNOTS('',1,(#1638,#1639),.UNSPECIFIED.,.F.,
  .F.,(2,2),(-17.575,-8.575),.PIECEWISE_BEZIER_KNOTS.);
#1638 = CARTESIAN_POINT('',(10.,9.));
#1639 = CARTESIAN_POINT('',(10.,0.));
#1640 = ( GEOMETRIC_REPRESENTATION_CONTEXT(2) 
PARAMETRIC_REPRESENTATION_CONTEXT() REPRESENTATION_CONTEXT('2D SPACE',''
  ) );
#1641 = ORIENTED_EDGE('',*,*,#1642,.F.);
#1642 = EDGE_CURVE('',#1563,#1617,#1643,.T.);
#1643 = SURFACE_CURVE('',#1644,(#1648,#1654),.PCURVE_S1.);
#1644 = LINE('',#1645,#1646);
#1645 = CARTESIAN_POINT('',(26.15,-3.5,34.));
#1646 = VECTOR('',#1647,1.);
#1647 = DIRECTION('',(-0.,1.,0.));
#1648 = PCURVE('',#86,#1649);
#1649 = DEFINITIONAL_REPRESENTATION('',(#1650),#1653);
#1650 = B_SPLINE_CURVE_WITH_KNOTS('',1,(#1651,#1652),.UNSPECIFIED.,.F.,
  .F.,(2,2),(-3.5,10.5),.PIECEWISE_BEZIER_KNOTS.);
#1651 = CARTESIAN_POINT('',(26.15,-7.));
#1652 = CARTESIAN_POINT('',(26.15,7.));
#1653 = ( GEOMETRIC_REPRESENTATION_CONTEXT(2) 
PARAMETRIC_REPRESENTATION_CONTEXT() REPRESENTATION_CONTEXT('2D SPACE',''
  ) );
#1654 = PCURVE('',#1655,#1660);
#1655 = PLANE('',#1656);
#1656 = AXIS2_PLACEMENT_3D('',#1657,#1658,#1659);
#1657 = CARTESIAN_POINT('',(26.15,-7.,24.));
#1658 = DIRECTION('',(1.,0.,-0.));
#1659 = DIRECTION('',(0.,0.,1.));
#1660 = DEFINITIONAL_REPRESENTATION('',(#1661),#1664);
#1661 = B_SPLINE_CURVE_WITH_KNOTS('',1,(#1662,#1663),.UNSPECIFIED.,.F.,
  .F.,(2,2),(-3.5,10.5),.PIECEWISE_BEZIER_KNOTS.);
#1662 = CARTESIAN_POINT('',(10.,0.));
#1663 = CARTESIAN_POINT('',(10.,-14.));
#1664 = ( GEOMETRIC_REPRESENTATION_CONTEXT(2) 
PARAMETRIC_REPRESENTATION_CONTEXT() REPRESENTATION_CONTEXT('2D SPACE',''
  ) );
#1665 = ADVANCED_FACE('',(#1666,#1712),#168,.T.);
#1666 = FACE_BOUND('',#1667,.T.);
#1667 = EDGE_LOOP('',(#1668,#1669,#1692,#1711));
#1668 = ORIENTED_EDGE('',*,*,#153,.F.);
#1669 = ORIENTED_EDGE('',*,*,#1670,.T.);
#1670 = EDGE_CURVE('',#125,#1671,#1673,.T.);
#1671 = VERTEX_POINT('',#1672);
#1672 = CARTESIAN_POINT('',(-1.,-15.11696067336,6.));
#1673 = SURFACE_CURVE('',#1674,(#1678,#1685),.PCURVE_S1.);
#1674 = LINE('',#1675,#1676);
#1675 = CARTESIAN_POINT('',(-1.,-29.15,6.));
#1676 = VECTOR('',#1677,1.);
#1677 = DIRECTION('',(-0.,1.,0.));
#1678 = PCURVE('',#168,#1679);
#1679 = DEFINITIONAL_REPRESENTATION('',(#1680),#1684);
#1680 = LINE('',#1681,#1682);
#1681 = CARTESIAN_POINT('',(0.,0.));
#1682 = VECTOR('',#1683,1.);
#1683 = DIRECTION('',(0.,-1.));
#1684 = ( GEOMETRIC_REPRESENTATION_CONTEXT(2) 
PARAMETRIC_REPRESENTATION_CONTEXT() REPRESENTATION_CONTEXT('2D SPACE',''
  ) );
#1685 = PCURVE('',#141,#1686);
#1686 = DEFINITIONAL_REPRESENTATION('',(#1687),#1691);
#1687 = LINE('',#1688,#1689);
#1688 = CARTESIAN_POINT('',(0.,0.));
#1689 = VECTOR('',#1690,1.);
#1690 = DIRECTION('',(0.,1.));
#1691 = ( GEOMETRIC_REPRESENTATION_CONTEXT(2) 
PARAMETRIC_REPRESENTATION_CONTEXT() REPRESENTATION_CONTEXT('2D SPACE',''
  ) );
#1692 = ORIENTED_EDGE('',*,*,#1693,.T.);
#1693 = EDGE_CURVE('',#1671,#1473,#1694,.T.);
#1694 = SURFACE_CURVE('',#1695,(#1699,#1705),.PCURVE_S1.);
#1695 = LINE('',#1696,#1697);
#1696 = CARTESIAN_POINT('',(-1.,-15.11696067336,-1.));
#1697 = VECTOR('',#1698,1.);
#1698 = DIRECTION('',(0.,0.,1.));
#1699 = PCURVE('',#168,#1700);
#1700 = DEFINITIONAL_REPRESENTATION('',(#1701),#1704);
#1701 = B_SPLINE_CURVE_WITH_KNOTS('',1,(#1702,#1703),.UNSPECIFIED.,.F.,
  .F.,(2,2),(4.1,35.0000006),.PIECEWISE_BEZIER_KNOTS.);
#1702 = CARTESIAN_POINT('',(-2.9,-14.03303932663));
#1703 = CARTESIAN_POINT('',(28.0000006,-14.03303932663));
#1704 = ( GEOMETRIC_REPRESENTATION_CONTEXT(2) 
PARAMETRIC_REPRESENTATION_CONTEXT() REPRESENTATION_CONTEXT('2D SPACE',''
  ) );
#1705 = PCURVE('',#1455,#1706);
#1706 = DEFINITIONAL_REPRESENTATION('',(#1707),#1710);
#1707 = B_SPLINE_CURVE_WITH_KNOTS('',1,(#1708,#1709),.UNSPECIFIED.,.F.,
  .F.,(2,2),(4.1,35.0000006),.PIECEWISE_BEZIER_KNOTS.);
#1708 = CARTESIAN_POINT('',(4.646334355131,4.1));
#1709 = CARTESIAN_POINT('',(4.646334355131,35.0000006));
#1710 = ( GEOMETRIC_REPRESENTATION_CONTEXT(2) 
PARAMETRIC_REPRESENTATION_CONTEXT() REPRESENTATION_CONTEXT('2D SPACE',''
  ) );
#1711 = ORIENTED_EDGE('',*,*,#1472,.F.);
#1712 = FACE_BOUND('',#1713,.T.);
#1713 = EDGE_LOOP('',(#1714));
#1714 = ORIENTED_EDGE('',*,*,#1715,.F.);
#1715 = EDGE_CURVE('',#1716,#1716,#1718,.T.);
#1716 = VERTEX_POINT('',#1717);
#1717 = CARTESIAN_POINT('',(-1.,-22.15,14.3));
#1718 = SURFACE_CURVE('',#1719,(#1724,#1731),.PCURVE_S1.);
#1719 = CIRCLE('',#1720,2.7);
#1720 = AXIS2_PLACEMENT_3D('',#1721,#1722,#1723);
#1721 = CARTESIAN_POINT('',(-1.,-22.15,17.));
#1722 = DIRECTION('',(1.,0.,2.22044604925E-16));
#1723 = DIRECTION('',(2.22044604925E-16,0.,-1.));
#1724 = PCURVE('',#168,#1725);
#1725 = DEFINITIONAL_REPRESENTATION('',(#1726),#1730);
#1726 = CIRCLE('',#1727,2.7);
#1727 = AXIS2_PLACEMENT_2D('',#1728,#1729);
#1728 = CARTESIAN_POINT('',(11.,-7.));
#1729 = DIRECTION('',(-1.,0.));
#1730 = ( GEOMETRIC_REPRESENTATION_CONTEXT(2) 
PARAMETRIC_REPRESENTATION_CONTEXT() REPRESENTATION_CONTEXT('2D SPACE',''
  ) );
#1731 = PCURVE('',#866,#1732);
#1732 = DEFINITIONAL_REPRESENTATION('',(#1733),#1737);
#1733 = LINE('',#1734,#1735);
#1734 = CARTESIAN_POINT('',(0.,28.15));
#1735 = VECTOR('',#1736,1.);
#1736 = DIRECTION('',(1.,0.));
#1737 = ( GEOMETRIC_REPRESENTATION_CONTEXT(2) 
PARAMETRIC_REPRESENTATION_CONTEXT() REPRESENTATION_CONTEXT('2D SPACE',''
  ) );
#1738 = ADVANCED_FACE('',(#1739),#141,.T.);
#1739 = FACE_BOUND('',#1740,.T.);
#1740 = EDGE_LOOP('',(#1741,#1742,#1743,#1766));
#1741 = ORIENTED_EDGE('',*,*,#1670,.F.);
#1742 = ORIENTED_EDGE('',*,*,#124,.T.);
#1743 = ORIENTED_EDGE('',*,*,#1744,.T.);
#1744 = EDGE_CURVE('',#99,#1745,#1747,.T.);
#1745 = VERTEX_POINT('',#1746);
#1746 = CARTESIAN_POINT('',(1.,-15.11696067336,6.));
#1747 = SURFACE_CURVE('',#1748,(#1752,#1759),.PCURVE_S1.);
#1748 = LINE('',#1749,#1750);
#1749 = CARTESIAN_POINT('',(1.,-29.15,6.));
#1750 = VECTOR('',#1751,1.);
#1751 = DIRECTION('',(-0.,1.,0.));
#1752 = PCURVE('',#141,#1753);
#1753 = DEFINITIONAL_REPRESENTATION('',(#1754),#1758);
#1754 = LINE('',#1755,#1756);
#1755 = CARTESIAN_POINT('',(2.,0.));
#1756 = VECTOR('',#1757,1.);
#1757 = DIRECTION('',(0.,1.));
#1758 = ( GEOMETRIC_REPRESENTATION_CONTEXT(2) 
PARAMETRIC_REPRESENTATION_CONTEXT() REPRESENTATION_CONTEXT('2D SPACE',''
  ) );
#1759 = PCURVE('',#113,#1760);
#1760 = DEFINITIONAL_REPRESENTATION('',(#1761),#1765);
#1761 = LINE('',#1762,#1763);
#1762 = CARTESIAN_POINT('',(0.,0.));
#1763 = VECTOR('',#1764,1.);
#1764 = DIRECTION('',(0.,-1.));
#1765 = ( GEOMETRIC_REPRESENTATION_CONTEXT(2) 
PARAMETRIC_REPRESENTATION_CONTEXT() REPRESENTATION_CONTEXT('2D SPACE',''
  ) );
#1766 = ORIENTED_EDGE('',*,*,#1767,.F.);
#1767 = EDGE_CURVE('',#1671,#1745,#1768,.T.);
#1768 = SURFACE_CURVE('',#1769,(#1774,#1781),.PCURVE_S1.);
#1769 = CIRCLE('',#1770,15.15);
#1770 = AXIS2_PLACEMENT_3D('',#1771,#1772,#1773);
#1771 = CARTESIAN_POINT('',(0.,0.,6.));
#1772 = DIRECTION('',(0.,0.,1.));
#1773 = DIRECTION('',(1.,0.,-0.));
#1774 = PCURVE('',#141,#1775);
#1775 = DEFINITIONAL_REPRESENTATION('',(#1776),#1780);
#1776 = CIRCLE('',#1777,15.15);
#1777 = AXIS2_PLACEMENT_2D('',#1778,#1779);
#1778 = CARTESIAN_POINT('',(1.,29.15));
#1779 = DIRECTION('',(1.,0.));
#1780 = ( GEOMETRIC_REPRESENTATION_CONTEXT(2) 
PARAMETRIC_REPRESENTATION_CONTEXT() REPRESENTATION_CONTEXT('2D SPACE',''
  ) );
#1781 = PCURVE('',#1455,#1782);
#1782 = DEFINITIONAL_REPRESENTATION('',(#1783),#1787);
#1783 = LINE('',#1784,#1785);
#1784 = CARTESIAN_POINT('',(0.,7.));
#1785 = VECTOR('',#1786,1.);
#1786 = DIRECTION('',(1.,0.));
#1787 = ( GEOMETRIC_REPRESENTATION_CONTEXT(2) 
PARAMETRIC_REPRESENTATION_CONTEXT() REPRESENTATION_CONTEXT('2D SPACE',''
  ) );
#1788 = ADVANCED_FACE('',(#1789,#1813),#113,.F.);
#1789 = FACE_BOUND('',#1790,.F.);
#1790 = EDGE_LOOP('',(#1791,#1792,#1793,#1812));
#1791 = ORIENTED_EDGE('',*,*,#98,.F.);
#1792 = ORIENTED_EDGE('',*,*,#1744,.T.);
#1793 = ORIENTED_EDGE('',*,*,#1794,.T.);
#1794 = EDGE_CURVE('',#1745,#1518,#1795,.T.);
#1795 = SURFACE_CURVE('',#1796,(#1800,#1806),.PCURVE_S1.);
#1796 = LINE('',#1797,#1798);
#1797 = CARTESIAN_POINT('',(1.,-15.11696067336,-1.));
#1798 = VECTOR('',#1799,1.);
#1799 = DIRECTION('',(0.,0.,1.));
#1800 = PCURVE('',#113,#1801);
#1801 = DEFINITIONAL_REPRESENTATION('',(#1802),#1805);
#1802 = B_SPLINE_CURVE_WITH_KNOTS('',1,(#1803,#1804),.UNSPECIFIED.,.F.,
  .F.,(2,2),(4.1,35.0000006),.PIECEWISE_BEZIER_KNOTS.);
#1803 = CARTESIAN_POINT('',(-2.9,-14.03303932663));
#1804 = CARTESIAN_POINT('',(28.0000006,-14.03303932663));
#1805 = ( GEOMETRIC_REPRESENTATION_CONTEXT(2) 
PARAMETRIC_REPRESENTATION_CONTEXT() REPRESENTATION_CONTEXT('2D SPACE',''
  ) );
#1806 = PCURVE('',#1455,#1807);
#1807 = DEFINITIONAL_REPRESENTATION('',(#1808),#1811);
#1808 = B_SPLINE_CURVE_WITH_KNOTS('',1,(#1809,#1810),.UNSPECIFIED.,.F.,
  .F.,(2,2),(4.1,35.0000006),.PIECEWISE_BEZIER_KNOTS.);
#1809 = CARTESIAN_POINT('',(4.778443605639,4.1));
#1810 = CARTESIAN_POINT('',(4.778443605639,35.0000006));
#1811 = ( GEOMETRIC_REPRESENTATION_CONTEXT(2) 
PARAMETRIC_REPRESENTATION_CONTEXT() REPRESENTATION_CONTEXT('2D SPACE',''
  ) );
#1812 = ORIENTED_EDGE('',*,*,#1541,.F.);
#1813 = FACE_BOUND('',#1814,.F.);
#1814 = EDGE_LOOP('',(#1815));
#1815 = ORIENTED_EDGE('',*,*,#1816,.F.);
#1816 = EDGE_CURVE('',#1817,#1817,#1819,.T.);
#1817 = VERTEX_POINT('',#1818);
#1818 = CARTESIAN_POINT('',(1.,-22.15,14.3));
#1819 = SURFACE_CURVE('',#1820,(#1825,#1832),.PCURVE_S1.);
#1820 = CIRCLE('',#1821,2.7);
#1821 = AXIS2_PLACEMENT_3D('',#1822,#1823,#1824);
#1822 = CARTESIAN_POINT('',(1.,-22.15,17.));
#1823 = DIRECTION('',(1.,0.,2.22044604925E-16));
#1824 = DIRECTION('',(2.22044604925E-16,0.,-1.));
#1825 = PCURVE('',#113,#1826);
#1826 = DEFINITIONAL_REPRESENTATION('',(#1827),#1831);
#1827 = CIRCLE('',#1828,2.7);
#1828 = AXIS2_PLACEMENT_2D('',#1829,#1830);
#1829 = CARTESIAN_POINT('',(11.,-7.));
#1830 = DIRECTION('',(-1.,0.));
#1831 = ( GEOMETRIC_REPRESENTATION_CONTEXT(2) 
PARAMETRIC_REPRESENTATION_CONTEXT() REPRESENTATION_CONTEXT('2D SPACE',''
  ) );
#1832 = PCURVE('',#1289,#1833);
#1833 = DEFINITIONAL_REPRESENTATION('',(#1834),#1838);
#1834 = LINE('',#1835,#1836);
#1835 = CARTESIAN_POINT('',(0.,30.15));
#1836 = VECTOR('',#1837,1.);
#1837 = DIRECTION('',(1.,0.));
#1838 = ( GEOMETRIC_REPRESENTATION_CONTEXT(2) 
PARAMETRIC_REPRESENTATION_CONTEXT() REPRESENTATION_CONTEXT('2D SPACE',''
  ) );
#1839 = ADVANCED_FACE('',(#1840),#465,.F.);
#1840 = FACE_BOUND('',#1841,.F.);
#1841 = EDGE_LOOP('',(#1842,#1865,#1892,#1893));
#1842 = ORIENTED_EDGE('',*,*,#1843,.T.);
#1843 = EDGE_CURVE('',#232,#1844,#1846,.T.);
#1844 = VERTEX_POINT('',#1845);
#1845 = CARTESIAN_POINT('',(-17.15,-1.518562030943E-15,3.8));
#1846 = SEAM_CURVE('',#1847,(#1851,#1858),.PCURVE_S1.);
#1847 = LINE('',#1848,#1849);
#1848 = CARTESIAN_POINT('',(-29.15,-1.518562030943E-15,3.8));
#1849 = VECTOR('',#1850,1.);
#1850 = DIRECTION('',(1.,0.,2.22044604925E-16));
#1851 = PCURVE('',#465,#1852);
#1852 = DEFINITIONAL_REPRESENTATION('',(#1853),#1857);
#1853 = LINE('',#1854,#1855);
#1854 = CARTESIAN_POINT('',(6.28318530718,-0.));
#1855 = VECTOR('',#1856,1.);
#1856 = DIRECTION('',(0.,1.));
#1857 = ( GEOMETRIC_REPRESENTATION_CONTEXT(2) 
PARAMETRIC_REPRESENTATION_CONTEXT() REPRESENTATION_CONTEXT('2D SPACE',''
  ) );
#1858 = PCURVE('',#465,#1859);
#1859 = DEFINITIONAL_REPRESENTATION('',(#1860),#1864);
#1860 = LINE('',#1861,#1862);
#1861 = CARTESIAN_POINT('',(0.,-0.));
#1862 = VECTOR('',#1863,1.);
#1863 = DIRECTION('',(0.,1.));
#1864 = ( GEOMETRIC_REPRESENTATION_CONTEXT(2) 
PARAMETRIC_REPRESENTATION_CONTEXT() REPRESENTATION_CONTEXT('2D SPACE',''
  ) );
#1865 = ORIENTED_EDGE('',*,*,#1866,.F.);
#1866 = EDGE_CURVE('',#1844,#1844,#1867,.T.);
#1867 = SURFACE_CURVE('',#1868,(#1873,#1880),.PCURVE_S1.);
#1868 = CIRCLE('',#1869,6.2);
#1869 = AXIS2_PLACEMENT_3D('',#1870,#1871,#1872);
#1870 = CARTESIAN_POINT('',(-17.15,0.,10.));
#1871 = DIRECTION('',(1.,-0.,2.22044604925E-16));
#1872 = DIRECTION('',(2.22044604925E-16,0.,-1.));
#1873 = PCURVE('',#465,#1874);
#1874 = DEFINITIONAL_REPRESENTATION('',(#1875),#1879);
#1875 = LINE('',#1876,#1877);
#1876 = CARTESIAN_POINT('',(0.,12.));
#1877 = VECTOR('',#1878,1.);
#1878 = DIRECTION('',(1.,0.));
#1879 = ( GEOMETRIC_REPRESENTATION_CONTEXT(2) 
PARAMETRIC_REPRESENTATION_CONTEXT() REPRESENTATION_CONTEXT('2D SPACE',''
  ) );
#1880 = PCURVE('',#1881,#1886);
#1881 = PLANE('',#1882);
#1882 = AXIS2_PLACEMENT_3D('',#1883,#1884,#1885);
#1883 = CARTESIAN_POINT('',(-17.15,0.,10.));
#1884 = DIRECTION('',(1.,0.,2.22044604925E-16));
#1885 = DIRECTION('',(2.22044604925E-16,0.,-1.));
#1886 = DEFINITIONAL_REPRESENTATION('',(#1887),#1891);
#1887 = CIRCLE('',#1888,6.2);
#1888 = AXIS2_PLACEMENT_2D('',#1889,#1890);
#1889 = CARTESIAN_POINT('',(0.,0.));
#1890 = DIRECTION('',(1.,0.));
#1891 = ( GEOMETRIC_REPRESENTATION_CONTEXT(2) 
PARAMETRIC_REPRESENTATION_CONTEXT() REPRESENTATION_CONTEXT('2D SPACE',''
  ) );
#1892 = ORIENTED_EDGE('',*,*,#1843,.F.);
#1893 = ORIENTED_EDGE('',*,*,#231,.T.);
#1894 = ADVANCED_FACE('',(#1895),#866,.F.);
#1895 = FACE_BOUND('',#1896,.F.);
#1896 = EDGE_LOOP('',(#1897,#1898,#1919,#1920));
#1897 = ORIENTED_EDGE('',*,*,#1715,.F.);
#1898 = ORIENTED_EDGE('',*,*,#1899,.F.);
#1899 = EDGE_CURVE('',#589,#1716,#1900,.T.);
#1900 = SEAM_CURVE('',#1901,(#1905,#1912),.PCURVE_S1.);
#1901 = LINE('',#1902,#1903);
#1902 = CARTESIAN_POINT('',(-29.15,-22.15,14.3));
#1903 = VECTOR('',#1904,1.);
#1904 = DIRECTION('',(1.,0.,2.22044604925E-16));
#1905 = PCURVE('',#866,#1906);
#1906 = DEFINITIONAL_REPRESENTATION('',(#1907),#1911);
#1907 = LINE('',#1908,#1909);
#1908 = CARTESIAN_POINT('',(6.28318530718,-0.));
#1909 = VECTOR('',#1910,1.);
#1910 = DIRECTION('',(0.,1.));
#1911 = ( GEOMETRIC_REPRESENTATION_CONTEXT(2) 
PARAMETRIC_REPRESENTATION_CONTEXT() REPRESENTATION_CONTEXT('2D SPACE',''
  ) );
#1912 = PCURVE('',#866,#1913);
#1913 = DEFINITIONAL_REPRESENTATION('',(#1914),#1918);
#1914 = LINE('',#1915,#1916);
#1915 = CARTESIAN_POINT('',(0.,-0.));
#1916 = VECTOR('',#1917,1.);
#1917 = DIRECTION('',(0.,1.));
#1918 = ( GEOMETRIC_REPRESENTATION_CONTEXT(2) 
PARAMETRIC_REPRESENTATION_CONTEXT() REPRESENTATION_CONTEXT('2D SPACE',''
  ) );
#1919 = ORIENTED_EDGE('',*,*,#588,.T.);
#1920 = ORIENTED_EDGE('',*,*,#1899,.T.);
#1921 = ADVANCED_FACE('',(#1922),#1289,.F.);
#1922 = FACE_BOUND('',#1923,.F.);
#1923 = EDGE_LOOP('',(#1924,#1925,#1946,#1947));
#1924 = ORIENTED_EDGE('',*,*,#1011,.F.);
#1925 = ORIENTED_EDGE('',*,*,#1926,.F.);
#1926 = EDGE_CURVE('',#1817,#1012,#1927,.T.);
#1927 = SEAM_CURVE('',#1928,(#1932,#1939),.PCURVE_S1.);
#1928 = LINE('',#1929,#1930);
#1929 = CARTESIAN_POINT('',(-29.15,-22.15,14.3));
#1930 = VECTOR('',#1931,1.);
#1931 = DIRECTION('',(1.,0.,2.22044604925E-16));
#1932 = PCURVE('',#1289,#1933);
#1933 = DEFINITIONAL_REPRESENTATION('',(#1934),#1938);
#1934 = LINE('',#1935,#1936);
#1935 = CARTESIAN_POINT('',(6.28318530718,-0.));
#1936 = VECTOR('',#1937,1.);
#1937 = DIRECTION('',(0.,1.));
#1938 = ( GEOMETRIC_REPRESENTATION_CONTEXT(2) 
PARAMETRIC_REPRESENTATION_CONTEXT() REPRESENTATION_CONTEXT('2D SPACE',''
  ) );
#1939 = PCURVE('',#1289,#1940);
#1940 = DEFINITIONAL_REPRESENTATION('',(#1941),#1945);
#1941 = LINE('',#1942,#1943);
#1942 = CARTESIAN_POINT('',(0.,-0.));
#1943 = VECTOR('',#1944,1.);
#1944 = DIRECTION('',(0.,1.));
#1945 = ( GEOMETRIC_REPRESENTATION_CONTEXT(2) 
PARAMETRIC_REPRESENTATION_CONTEXT() REPRESENTATION_CONTEXT('2D SPACE',''
  ) );
#1946 = ORIENTED_EDGE('',*,*,#1816,.T.);
#1947 = ORIENTED_EDGE('',*,*,#1926,.T.);
#1948 = ADVANCED_FACE('',(#1949),#1455,.F.);
#1949 = FACE_BOUND('',#1950,.F.);
#1950 = EDGE_LOOP('',(#1951,#1972,#1973,#1974,#1975,#1976,#1977,#1978));
#1951 = ORIENTED_EDGE('',*,*,#1952,.T.);
#1952 = EDGE_CURVE('',#1439,#1494,#1953,.T.);
#1953 = SEAM_CURVE('',#1954,(#1958,#1965),.PCURVE_S1.);
#1954 = LINE('',#1955,#1956);
#1955 = CARTESIAN_POINT('',(15.15,-3.710679801416E-15,-1.));
#1956 = VECTOR('',#1957,1.);
#1957 = DIRECTION('',(0.,0.,1.));
#1958 = PCURVE('',#1455,#1959);
#1959 = DEFINITIONAL_REPRESENTATION('',(#1960),#1964);
#1960 = LINE('',#1961,#1962);
#1961 = CARTESIAN_POINT('',(6.28318530718,-0.));
#1962 = VECTOR('',#1963,1.);
#1963 = DIRECTION('',(0.,1.));
#1964 = ( GEOMETRIC_REPRESENTATION_CONTEXT(2) 
PARAMETRIC_REPRESENTATION_CONTEXT() REPRESENTATION_CONTEXT('2D SPACE',''
  ) );
#1965 = PCURVE('',#1455,#1966);
#1966 = DEFINITIONAL_REPRESENTATION('',(#1967),#1971);
#1967 = LINE('',#1968,#1969);
#1968 = CARTESIAN_POINT('',(0.,-0.));
#1969 = VECTOR('',#1970,1.);
#1970 = DIRECTION('',(0.,1.));
#1971 = ( GEOMETRIC_REPRESENTATION_CONTEXT(2) 
PARAMETRIC_REPRESENTATION_CONTEXT() REPRESENTATION_CONTEXT('2D SPACE',''
  ) );
#1972 = ORIENTED_EDGE('',*,*,#1517,.F.);
#1973 = ORIENTED_EDGE('',*,*,#1794,.F.);
#1974 = ORIENTED_EDGE('',*,*,#1767,.F.);
#1975 = ORIENTED_EDGE('',*,*,#1693,.T.);
#1976 = ORIENTED_EDGE('',*,*,#1493,.F.);
#1977 = ORIENTED_EDGE('',*,*,#1952,.F.);
#1978 = ORIENTED_EDGE('',*,*,#1438,.T.);
#1979 = ADVANCED_FACE('',(#1980),#1579,.T.);
#1980 = FACE_BOUND('',#1981,.T.);
#1981 = EDGE_LOOP('',(#1982,#2005,#2033,#2054));
#1982 = ORIENTED_EDGE('',*,*,#1983,.F.);
#1983 = EDGE_CURVE('',#1984,#1563,#1986,.T.);
#1984 = VERTEX_POINT('',#1985);
#1985 = CARTESIAN_POINT('',(26.15,-7.,24.));
#1986 = SURFACE_CURVE('',#1987,(#1991,#1998),.PCURVE_S1.);
#1987 = LINE('',#1988,#1989);
#1988 = CARTESIAN_POINT('',(26.15,-7.,24.));
#1989 = VECTOR('',#1990,1.);
#1990 = DIRECTION('',(0.,0.,1.));
#1991 = PCURVE('',#1579,#1992);
#1992 = DEFINITIONAL_REPRESENTATION('',(#1993),#1997);
#1993 = LINE('',#1994,#1995);
#1994 = CARTESIAN_POINT('',(0.,9.));
#1995 = VECTOR('',#1996,1.);
#1996 = DIRECTION('',(1.,0.));
#1997 = ( GEOMETRIC_REPRESENTATION_CONTEXT(2) 
PARAMETRIC_REPRESENTATION_CONTEXT() REPRESENTATION_CONTEXT('2D SPACE',''
  ) );
#1998 = PCURVE('',#1655,#1999);
#1999 = DEFINITIONAL_REPRESENTATION('',(#2000),#2004);
#2000 = LINE('',#2001,#2002);
#2001 = CARTESIAN_POINT('',(0.,0.));
#2002 = VECTOR('',#2003,1.);
#2003 = DIRECTION('',(1.,0.));
#2004 = ( GEOMETRIC_REPRESENTATION_CONTEXT(2) 
PARAMETRIC_REPRESENTATION_CONTEXT() REPRESENTATION_CONTEXT('2D SPACE',''
  ) );
#2005 = ORIENTED_EDGE('',*,*,#2006,.F.);
#2006 = EDGE_CURVE('',#2007,#1984,#2009,.T.);
#2007 = VERTEX_POINT('',#2008);
#2008 = CARTESIAN_POINT('',(17.15,-7.,24.));
#2009 = SURFACE_CURVE('',#2010,(#2014,#2021),.PCURVE_S1.);
#2010 = LINE('',#2011,#2012);
#2011 = CARTESIAN_POINT('',(17.15,-7.,24.));
#2012 = VECTOR('',#2013,1.);
#2013 = DIRECTION('',(1.,0.,-0.));
#2014 = PCURVE('',#1579,#2015);
#2015 = DEFINITIONAL_REPRESENTATION('',(#2016),#2020);
#2016 = LINE('',#2017,#2018);
#2017 = CARTESIAN_POINT('',(0.,0.));
#2018 = VECTOR('',#2019,1.);
#2019 = DIRECTION('',(0.,1.));
#2020 = ( GEOMETRIC_REPRESENTATION_CONTEXT(2) 
PARAMETRIC_REPRESENTATION_CONTEXT() REPRESENTATION_CONTEXT('2D SPACE',''
  ) );
#2021 = PCURVE('',#2022,#2027);
#2022 = PLANE('',#2023);
#2023 = AXIS2_PLACEMENT_3D('',#2024,#2025,#2026);
#2024 = CARTESIAN_POINT('',(17.15,-7.,24.));
#2025 = DIRECTION('',(0.,0.,1.));
#2026 = DIRECTION('',(1.,0.,-0.));
#2027 = DEFINITIONAL_REPRESENTATION('',(#2028),#2032);
#2028 = LINE('',#2029,#2030);
#2029 = CARTESIAN_POINT('',(0.,0.));
#2030 = VECTOR('',#2031,1.);
#2031 = DIRECTION('',(1.,0.));
#2032 = ( GEOMETRIC_REPRESENTATION_CONTEXT(2) 
PARAMETRIC_REPRESENTATION_CONTEXT() REPRESENTATION_CONTEXT('2D SPACE',''
  ) );
#2033 = ORIENTED_EDGE('',*,*,#2034,.T.);
#2034 = EDGE_CURVE('',#2007,#1565,#2035,.T.);
#2035 = SURFACE_CURVE('',#2036,(#2040,#2047),.PCURVE_S1.);
#2036 = LINE('',#2037,#2038);
#2037 = CARTESIAN_POINT('',(17.15,-7.,24.));
#2038 = VECTOR('',#2039,1.);
#2039 = DIRECTION('',(0.,0.,1.));
#2040 = PCURVE('',#1579,#2041);
#2041 = DEFINITIONAL_REPRESENTATION('',(#2042),#2046);
#2042 = LINE('',#2043,#2044);
#2043 = CARTESIAN_POINT('',(0.,0.));
#2044 = VECTOR('',#2045,1.);
#2045 = DIRECTION('',(1.,0.));
#2046 = ( GEOMETRIC_REPRESENTATION_CONTEXT(2) 
PARAMETRIC_REPRESENTATION_CONTEXT() REPRESENTATION_CONTEXT('2D SPACE',''
  ) );
#2047 = PCURVE('',#1605,#2048);
#2048 = DEFINITIONAL_REPRESENTATION('',(#2049),#2053);
#2049 = LINE('',#2050,#2051);
#2050 = CARTESIAN_POINT('',(0.,0.));
#2051 = VECTOR('',#2052,1.);
#2052 = DIRECTION('',(1.,0.));
#2053 = ( GEOMETRIC_REPRESENTATION_CONTEXT(2) 
PARAMETRIC_REPRESENTATION_CONTEXT() REPRESENTATION_CONTEXT('2D SPACE',''
  ) );
#2054 = ORIENTED_EDGE('',*,*,#1562,.F.);
#2055 = ADVANCED_FACE('',(#2056),#1655,.F.);
#2056 = FACE_BOUND('',#2057,.F.);
#2057 = EDGE_LOOP('',(#2058,#2059,#2082,#2103));
#2058 = ORIENTED_EDGE('',*,*,#1983,.F.);
#2059 = ORIENTED_EDGE('',*,*,#2060,.T.);
#2060 = EDGE_CURVE('',#1984,#2061,#2063,.T.);
#2061 = VERTEX_POINT('',#2062);
#2062 = CARTESIAN_POINT('',(26.15,7.,24.));
#2063 = SURFACE_CURVE('',#2064,(#2068,#2075),.PCURVE_S1.);
#2064 = LINE('',#2065,#2066);
#2065 = CARTESIAN_POINT('',(26.15,-7.,24.));
#2066 = VECTOR('',#2067,1.);
#2067 = DIRECTION('',(-0.,1.,0.));
#2068 = PCURVE('',#1655,#2069);
#2069 = DEFINITIONAL_REPRESENTATION('',(#2070),#2074);
#2070 = LINE('',#2071,#2072);
#2071 = CARTESIAN_POINT('',(0.,0.));
#2072 = VECTOR('',#2073,1.);
#2073 = DIRECTION('',(0.,-1.));
#2074 = ( GEOMETRIC_REPRESENTATION_CONTEXT(2) 
PARAMETRIC_REPRESENTATION_CONTEXT() REPRESENTATION_CONTEXT('2D SPACE',''
  ) );
#2075 = PCURVE('',#2022,#2076);
#2076 = DEFINITIONAL_REPRESENTATION('',(#2077),#2081);
#2077 = LINE('',#2078,#2079);
#2078 = CARTESIAN_POINT('',(9.,0.));
#2079 = VECTOR('',#2080,1.);
#2080 = DIRECTION('',(0.,1.));
#2081 = ( GEOMETRIC_REPRESENTATION_CONTEXT(2) 
PARAMETRIC_REPRESENTATION_CONTEXT() REPRESENTATION_CONTEXT('2D SPACE',''
  ) );
#2082 = ORIENTED_EDGE('',*,*,#2083,.T.);
#2083 = EDGE_CURVE('',#2061,#1617,#2084,.T.);
#2084 = SURFACE_CURVE('',#2085,(#2089,#2096),.PCURVE_S1.);
#2085 = LINE('',#2086,#2087);
#2086 = CARTESIAN_POINT('',(26.15,7.,24.));
#2087 = VECTOR('',#2088,1.);
#2088 = DIRECTION('',(0.,0.,1.));
#2089 = PCURVE('',#1655,#2090);
#2090 = DEFINITIONAL_REPRESENTATION('',(#2091),#2095);
#2091 = LINE('',#2092,#2093);
#2092 = CARTESIAN_POINT('',(0.,-14.));
#2093 = VECTOR('',#2094,1.);
#2094 = DIRECTION('',(1.,0.));
#2095 = ( GEOMETRIC_REPRESENTATION_CONTEXT(2) 
PARAMETRIC_REPRESENTATION_CONTEXT() REPRESENTATION_CONTEXT('2D SPACE',''
  ) );
#2096 = PCURVE('',#1631,#2097);
#2097 = DEFINITIONAL_REPRESENTATION('',(#2098),#2102);
#2098 = LINE('',#2099,#2100);
#2099 = CARTESIAN_POINT('',(0.,9.));
#2100 = VECTOR('',#2101,1.);
#2101 = DIRECTION('',(1.,0.));
#2102 = ( GEOMETRIC_REPRESENTATION_CONTEXT(2) 
PARAMETRIC_REPRESENTATION_CONTEXT() REPRESENTATION_CONTEXT('2D SPACE',''
  ) );
#2103 = ORIENTED_EDGE('',*,*,#1642,.F.);
#2104 = ADVANCED_FACE('',(#2105),#1605,.T.);
#2105 = FACE_BOUND('',#2106,.T.);
#2106 = EDGE_LOOP('',(#2107,#2108,#2131,#2152));
#2107 = ORIENTED_EDGE('',*,*,#2034,.F.);
#2108 = ORIENTED_EDGE('',*,*,#2109,.T.);
#2109 = EDGE_CURVE('',#2007,#2110,#2112,.T.);
#2110 = VERTEX_POINT('',#2111);
#2111 = CARTESIAN_POINT('',(17.15,7.,24.));
#2112 = SURFACE_CURVE('',#2113,(#2117,#2124),.PCURVE_S1.);
#2113 = LINE('',#2114,#2115);
#2114 = CARTESIAN_POINT('',(17.15,-7.,24.));
#2115 = VECTOR('',#2116,1.);
#2116 = DIRECTION('',(-0.,1.,0.));
#2117 = PCURVE('',#1605,#2118);
#2118 = DEFINITIONAL_REPRESENTATION('',(#2119),#2123);
#2119 = LINE('',#2120,#2121);
#2120 = CARTESIAN_POINT('',(0.,0.));
#2121 = VECTOR('',#2122,1.);
#2122 = DIRECTION('',(0.,-1.));
#2123 = ( GEOMETRIC_REPRESENTATION_CONTEXT(2) 
PARAMETRIC_REPRESENTATION_CONTEXT() REPRESENTATION_CONTEXT('2D SPACE',''
  ) );
#2124 = PCURVE('',#2022,#2125);
#2125 = DEFINITIONAL_REPRESENTATION('',(#2126),#2130);
#2126 = LINE('',#2127,#2128);
#2127 = CARTESIAN_POINT('',(0.,0.));
#2128 = VECTOR('',#2129,1.);
#2129 = DIRECTION('',(0.,1.));
#2130 = ( GEOMETRIC_REPRESENTATION_CONTEXT(2) 
PARAMETRIC_REPRESENTATION_CONTEXT() REPRESENTATION_CONTEXT('2D SPACE',''
  ) );
#2131 = ORIENTED_EDGE('',*,*,#2132,.T.);
#2132 = EDGE_CURVE('',#2110,#1591,#2133,.T.);
#2133 = SURFACE_CURVE('',#2134,(#2138,#2145),.PCURVE_S1.);
#2134 = LINE('',#2135,#2136);
#2135 = CARTESIAN_POINT('',(17.15,7.,24.));
#2136 = VECTOR('',#2137,1.);
#2137 = DIRECTION('',(0.,0.,1.));
#2138 = PCURVE('',#1605,#2139);
#2139 = DEFINITIONAL_REPRESENTATION('',(#2140),#2144);
#2140 = LINE('',#2141,#2142);
#2141 = CARTESIAN_POINT('',(0.,-14.));
#2142 = VECTOR('',#2143,1.);
#2143 = DIRECTION('',(1.,0.));
#2144 = ( GEOMETRIC_REPRESENTATION_CONTEXT(2) 
PARAMETRIC_REPRESENTATION_CONTEXT() REPRESENTATION_CONTEXT('2D SPACE',''
  ) );
#2145 = PCURVE('',#1631,#2146);
#2146 = DEFINITIONAL_REPRESENTATION('',(#2147),#2151);
#2147 = LINE('',#2148,#2149);
#2148 = CARTESIAN_POINT('',(0.,0.));
#2149 = VECTOR('',#2150,1.);
#2150 = DIRECTION('',(1.,0.));
#2151 = ( GEOMETRIC_REPRESENTATION_CONTEXT(2) 
PARAMETRIC_REPRESENTATION_CONTEXT() REPRESENTATION_CONTEXT('2D SPACE',''
  ) );
#2152 = ORIENTED_EDGE('',*,*,#1590,.F.);
#2153 = ADVANCED_FACE('',(#2154),#1631,.F.);
#2154 = FACE_BOUND('',#2155,.F.);
#2155 = EDGE_LOOP('',(#2156,#2157,#2178,#2179));
#2156 = ORIENTED_EDGE('',*,*,#2083,.F.);
#2157 = ORIENTED_EDGE('',*,*,#2158,.F.);
#2158 = EDGE_CURVE('',#2110,#2061,#2159,.T.);
#2159 = SURFACE_CURVE('',#2160,(#2164,#2171),.PCURVE_S1.);
#2160 = LINE('',#2161,#2162);
#2161 = CARTESIAN_POINT('',(17.15,7.,24.));
#2162 = VECTOR('',#2163,1.);
#2163 = DIRECTION('',(1.,0.,-0.));
#2164 = PCURVE('',#1631,#2165);
#2165 = DEFINITIONAL_REPRESENTATION('',(#2166),#2170);
#2166 = LINE('',#2167,#2168);
#2167 = CARTESIAN_POINT('',(0.,0.));
#2168 = VECTOR('',#2169,1.);
#2169 = DIRECTION('',(0.,1.));
#2170 = ( GEOMETRIC_REPRESENTATION_CONTEXT(2) 
PARAMETRIC_REPRESENTATION_CONTEXT() REPRESENTATION_CONTEXT('2D SPACE',''
  ) );
#2171 = PCURVE('',#2022,#2172);
#2172 = DEFINITIONAL_REPRESENTATION('',(#2173),#2177);
#2173 = LINE('',#2174,#2175);
#2174 = CARTESIAN_POINT('',(0.,14.));
#2175 = VECTOR('',#2176,1.);
#2176 = DIRECTION('',(1.,0.));
#2177 = ( GEOMETRIC_REPRESENTATION_CONTEXT(2) 
PARAMETRIC_REPRESENTATION_CONTEXT() REPRESENTATION_CONTEXT('2D SPACE',''
  ) );
#2178 = ORIENTED_EDGE('',*,*,#2132,.T.);
#2179 = ORIENTED_EDGE('',*,*,#1616,.F.);
#2180 = ADVANCED_FACE('',(#2181),#1881,.F.);
#2181 = FACE_BOUND('',#2182,.F.);
#2182 = EDGE_LOOP('',(#2183));
#2183 = ORIENTED_EDGE('',*,*,#1866,.T.);
#2184 = ADVANCED_FACE('',(#2185),#2022,.T.);
#2185 = FACE_BOUND('',#2186,.T.);
#2186 = EDGE_LOOP('',(#2187,#2188,#2189,#2190));
#2187 = ORIENTED_EDGE('',*,*,#2109,.F.);
#2188 = ORIENTED_EDGE('',*,*,#2006,.T.);
#2189 = ORIENTED_EDGE('',*,*,#2060,.T.);
#2190 = ORIENTED_EDGE('',*,*,#2158,.F.);
#2191 = ( GEOMETRIC_REPRESENTATION_CONTEXT(3) 
GLOBAL_UNCERTAINTY_ASSIGNED_CONTEXT((#2195)) 
GLOBAL_UNIT_ASSIGNED_CONTEXT((#2192,#2193,#2194)) REPRESENTATION_CONTEXT
('Context #1','3D Context with UNIT and UNCERTAINTY') );
#2192 = ( LENGTH_UNIT() NAMED_UNIT(*) SI_UNIT(.MILLI.,.METRE.) );
#2193 = ( NAMED_UNIT(*) PLANE_ANGLE_UNIT() SI_UNIT($,.RADIAN.) );
#2194 = ( NAMED_UNIT(*) SI_UNIT($,.STERADIAN.) SOLID_ANGLE_UNIT() );
#2195 = UNCERTAINTY_MEASURE_WITH_UNIT(LENGTH_MEASURE(1.E-07),#2192,
  'distance_accuracy_value','confusion accuracy');
#2196 = CONTEXT_DEPENDENT_SHAPE_REPRESENTATION(#2197,#2199);
#2197 = ( REPRESENTATION_RELATIONSHIP('','',#32,#10) 
REPRESENTATION_RELATIONSHIP_WITH_TRANSFORMATION(#2198) 
SHAPE_REPRESENTATION_RELATIONSHIP() );
#2198 = ITEM_DEFINED_TRANSFORMATION('','',#11,#15);
#2199 = PRODUCT_DEFINITION_SHAPE('Placement','Placement of an item',
  #2200);
#2200 = NEXT_ASSEMBLY_USAGE_OCCURRENCE('4','=>[0:1:1:2]','',#5,#27,$);
#2201 = PRODUCT_RELATED_PRODUCT_CATEGORY('part',$,(#29));
ENDSEC;
END-ISO-10303-21;
