ISO-10303-21;
HEADER;
FILE_DESCRIPTION(('Open CASCADE Model'),'2;1');
FILE_NAME('Open CASCADE Shape Model','2026-10-01T13:45:02',('Author'),(
    'Open CASCADE'),'Open CASCADE STEP processor 8.0','build123d',
  'Unknown');
FILE_SCHEMA(('AUTOMOTIVE_DESIGN { 1 0 10303 214 1 1 1 1 }'));
ENDSEC;
DATA;
#1 = APPLICATION_PROTOCOL_DEFINITION('international standard',
  'automotive_design',2000,#2);
#2 = APPLICATION_CONTEXT(
  'core data for automotive mechanical design processes');
#3 = SHAPE_DEFINITION_REPRESENTATION(#4,#10);
#4 = PRODUCT_DEFINITION_SHAPE('','',#5);
#5 = PRODUCT_DEFINITION('design','',#6,#9);
#6 = PRODUCT_DEFINITION_FORMATION('','',#7);
#7 = PRODUCT('=>[0:1:1:2]','=>[0:1:1:2]','',(#8));
#8 = PRODUCT_CONTEXT('',#2,'mechanical');
#9 = PRODUCT_DEFINITION_CONTEXT('part definition',#2,'design');
#10 = SHAPE_REPRESENTATION('',(#11,#15),#19);
#11 = AXIS2_PLACEMENT_3D('',#12,#13,#14);
#12 = CARTESIAN_POINT('',(0.,0.,0.));
#13 = DIRECTION('',(0.,0.,1.));
#14 = DIRECTION('',(1.,0.,-0.));
#15 = AXIS2_PLACEMENT_3D('',#16,#17,#18);
#16 = CARTESIAN_POINT('',(-12.49999995,-27.50000005,38.0000001));
#17 = DIRECTION('',(0.,-1.,2.22044604925E-16));
#18 = DIRECTION('',(1.,0.,0.));
#19 = ( GEOMETRIC_REPRESENTATION_CONTEXT(3) 
GLOBAL_UNCERTAINTY_ASSIGNED_CONTEXT((#23)) GLOBAL_UNIT_ASSIGNED_CONTEXT(
(#20,#21,#22)) REPRESENTATION_CONTEXT('Context #1',
  '3D Context with UNIT and UNCERTAINTY') );
#20 = ( LENGTH_UNIT() NAMED_UNIT(*) SI_UNIT(.MILLI.,.METRE.) );
#21 = ( NAMED_UNIT(*) PLANE_ANGLE_UNIT() SI_UNIT($,.RADIAN.) );
#22 = ( NAMED_UNIT(*) SI_UNIT($,.STERADIAN.) SOLID_ANGLE_UNIT() );
#23 = UNCERTAINTY_MEASURE_WITH_UNIT(LENGTH_MEASURE(1.E-07),#20,
  'distance_accuracy_value','confusion accuracy');
#24 = PRODUCT_RELATED_PRODUCT_CATEGORY('part',$,(#7));
#25 = SHAPE_DEFINITION_REPRESENTATION(#26,#32);
#26 = PRODUCT_DEFINITION_SHAPE('','',#27);
#27 = PRODUCT_DEFINITION('design','',#28,#31);
#28 = PRODUCT_DEFINITION_FORMATION('','',#29);
#29 = PRODUCT('COMPOUND','COMPOUND','',(#30));
#30 = PRODUCT_CONTEXT('',#2,'mechanical');
#31 = PRODUCT_DEFINITION_CONTEXT('part definition',#2,'design');
#32 = ADVANCED_BREP_SHAPE_REPRESENTATION('',(#11,#33),#5238);
#33 = MANIFOLD_SOLID_BREP('',#34);
#34 = CLOSED_SHELL('',(#35,#265,#731,#1915,#2119,#2147,#2556,#2606,#2656
    ,#2735,#2832,#2926,#2933,#3009,#3084,#3164,#3191,#3246,#3322,#3374,
    #3454,#3481,#3536,#3563,#3591,#3648,#3675,#3914,#3964,#3991,#4018,
    #4068,#4123,#4173,#4204,#4280,#4332,#4412,#4439,#4494,#4570,#4622,
    #4702,#4729,#4784,#4843,#4850,#4905,#4909,#4916,#4971,#4975,#5005,
    #5079,#5083,#5090,#5145,#5149,#5156,#5211,#5215,#5222,#5226,#5230,
    #5234));
#35 = ADVANCED_FACE('',(#36,#203,#234),#50,.F.);
#36 = FACE_BOUND('',#37,.F.);
#37 = EDGE_LOOP('',(#38,#73,#99,#128,#149,#177));
#38 = ORIENTED_EDGE('',*,*,#39,.F.);
#39 = EDGE_CURVE('',#40,#42,#44,.T.);
#40 = VERTEX_POINT('',#41);
#41 = CARTESIAN_POINT('',(-70.,-38.,-67.86935980249));
#42 = VERTEX_POINT('',#43);
#43 = CARTESIAN_POINT('',(-70.,-38.,30.));
#44 = SURFACE_CURVE('',#45,(#49,#61),.PCURVE_S1.);
#45 = LINE('',#46,#47);
#46 = CARTESIAN_POINT('',(-70.,-38.,-85.));
#47 = VECTOR('',#48,1.);
#48 = DIRECTION('',(0.,0.,1.));
#49 = PCURVE('',#50,#55);
#50 = PLANE('',#51);
#51 = AXIS2_PLACEMENT_3D('',#52,#53,#54);
#52 = CARTESIAN_POINT('',(-70.,-38.,-54.75));
#53 = DIRECTION('',(1.,0.,-0.));
#54 = DIRECTION('',(0.,0.,1.));
#55 = DEFINITIONAL_REPRESENTATION('',(#56),#60);
#56 = LINE('',#57,#58);
#57 = CARTESIAN_POINT('',(-30.25,0.));
#58 = VECTOR('',#59,1.);
#59 = DIRECTION('',(1.,0.));
#60 = ( GEOMETRIC_REPRESENTATION_CONTEXT(2) 
PARAMETRIC_REPRESENTATION_CONTEXT() REPRESENTATION_CONTEXT('2D SPACE',''
  ) );
#61 = PCURVE('',#62,#67);
#62 = PLANE('',#63);
#63 = AXIS2_PLACEMENT_3D('',#64,#65,#66);
#64 = CARTESIAN_POINT('',(-70.,-38.,-54.75));
#65 = DIRECTION('',(-0.,1.,0.));
#66 = DIRECTION('',(0.,0.,1.));
#67 = DEFINITIONAL_REPRESENTATION('',(#68),#72);
#68 = LINE('',#69,#70);
#69 = CARTESIAN_POINT('',(-30.25,0.));
#70 = VECTOR('',#71,1.);
#71 = DIRECTION('',(1.,0.));
#72 = ( GEOMETRIC_REPRESENTATION_CONTEXT(2) 
PARAMETRIC_REPRESENTATION_CONTEXT() REPRESENTATION_CONTEXT('2D SPACE',''
  ) );
#73 = ORIENTED_EDGE('',*,*,#74,.T.);
#74 = EDGE_CURVE('',#40,#75,#77,.T.);
#75 = VERTEX_POINT('',#76);
#76 = CARTESIAN_POINT('',(-70.,-22.93620671065,-67.86935980249));
#77 = SURFACE_CURVE('',#78,(#82,#88),.PCURVE_S1.);
#78 = LINE('',#79,#80);
#79 = CARTESIAN_POINT('',(-70.,-39.,-67.86935980249));
#80 = VECTOR('',#81,1.);
#81 = DIRECTION('',(0.,1.,2.22044604925E-16));
#82 = PCURVE('',#50,#83);
#83 = DEFINITIONAL_REPRESENTATION('',(#84),#87);
#84 = B_SPLINE_CURVE_WITH_KNOTS('',1,(#85,#86),.UNSPECIFIED.,.F.,.F.,(2,
    2),(-6.000000070117E-07,78.0000006),.PIECEWISE_BEZIER_KNOTS.);
#85 = CARTESIAN_POINT('',(-13.11935980249,1.0000006));
#86 = CARTESIAN_POINT('',(-13.11935980249,-77.0000006));
#87 = ( GEOMETRIC_REPRESENTATION_CONTEXT(2) 
PARAMETRIC_REPRESENTATION_CONTEXT() REPRESENTATION_CONTEXT('2D SPACE',''
  ) );
#88 = PCURVE('',#89,#94);
#89 = CYLINDRICAL_SURFACE('',#90,97.5);
#90 = AXIS2_PLACEMENT_3D('',#91,#92,#93);
#91 = CARTESIAN_POINT('',(0.,-39.,0.));
#92 = DIRECTION('',(0.,1.,2.22044604925E-16));
#93 = DIRECTION('',(1.,0.,-0.));
#94 = DEFINITIONAL_REPRESENTATION('',(#95),#98);
#95 = B_SPLINE_CURVE_WITH_KNOTS('',1,(#96,#97),.UNSPECIFIED.,.F.,.F.,(2,
    2),(-6.000000070117E-07,78.0000006),.PIECEWISE_BEZIER_KNOTS.);
#96 = CARTESIAN_POINT('',(2.371647311662,-6.000000078708E-07));
#97 = CARTESIAN_POINT('',(2.371647311662,78.0000006));
#98 = ( GEOMETRIC_REPRESENTATION_CONTEXT(2) 
PARAMETRIC_REPRESENTATION_CONTEXT() REPRESENTATION_CONTEXT('2D SPACE',''
  ) );
#99 = ORIENTED_EDGE('',*,*,#100,.F.);
#100 = EDGE_CURVE('',#101,#75,#103,.T.);
#101 = VERTEX_POINT('',#102);
#102 = CARTESIAN_POINT('',(-70.,22.936206710658,-67.86935980249));
#103 = SURFACE_CURVE('',#104,(#109,#116),.PCURVE_S1.);
#104 = CIRCLE('',#105,26.3);
#105 = AXIS2_PLACEMENT_3D('',#106,#107,#108);
#106 = CARTESIAN_POINT('',(-70.,0.,-55.));
#107 = DIRECTION('',(1.,0.,2.22044604925E-16));
#108 = DIRECTION('',(2.22044604925E-16,0.,-1.));
#109 = PCURVE('',#50,#110);
#110 = DEFINITIONAL_REPRESENTATION('',(#111),#115);
#111 = CIRCLE('',#112,26.3);
#112 = AXIS2_PLACEMENT_2D('',#113,#114);
#113 = CARTESIAN_POINT('',(-0.25,-38.));
#114 = DIRECTION('',(-1.,0.));
#115 = ( GEOMETRIC_REPRESENTATION_CONTEXT(2) 
PARAMETRIC_REPRESENTATION_CONTEXT() REPRESENTATION_CONTEXT('2D SPACE',''
  ) );
#116 = PCURVE('',#117,#122);
#117 = CYLINDRICAL_SURFACE('',#118,26.3);
#118 = AXIS2_PLACEMENT_3D('',#119,#120,#121);
#119 = CARTESIAN_POINT('',(-71.,0.,-55.));
#120 = DIRECTION('',(1.,0.,2.22044604925E-16));
#121 = DIRECTION('',(2.22044604925E-16,0.,-1.));
#122 = DEFINITIONAL_REPRESENTATION('',(#123),#127);
#123 = LINE('',#124,#125);
#124 = CARTESIAN_POINT('',(0.,1.));
#125 = VECTOR('',#126,1.);
#126 = DIRECTION('',(1.,0.));
#127 = ( GEOMETRIC_REPRESENTATION_CONTEXT(2) 
PARAMETRIC_REPRESENTATION_CONTEXT() REPRESENTATION_CONTEXT('2D SPACE',''
  ) );
#128 = ORIENTED_EDGE('',*,*,#129,.T.);
#129 = EDGE_CURVE('',#101,#130,#132,.T.);
#130 = VERTEX_POINT('',#131);
#131 = CARTESIAN_POINT('',(-70.,38.,-67.86935980249));
#132 = SURFACE_CURVE('',#133,(#137,#143),.PCURVE_S1.);
#133 = LINE('',#134,#135);
#134 = CARTESIAN_POINT('',(-70.,-39.,-67.86935980249));
#135 = VECTOR('',#136,1.);
#136 = DIRECTION('',(0.,1.,2.22044604925E-16));
#137 = PCURVE('',#50,#138);
#138 = DEFINITIONAL_REPRESENTATION('',(#139),#142);
#139 = B_SPLINE_CURVE_WITH_KNOTS('',1,(#140,#141),.UNSPECIFIED.,.F.,.F.,
  (2,2),(-6.000000070117E-07,78.0000006),.PIECEWISE_BEZIER_KNOTS.);
#140 = CARTESIAN_POINT('',(-13.11935980249,1.0000006));
#141 = CARTESIAN_POINT('',(-13.11935980249,-77.0000006));
#142 = ( GEOMETRIC_REPRESENTATION_CONTEXT(2) 
PARAMETRIC_REPRESENTATION_CONTEXT() REPRESENTATION_CONTEXT('2D SPACE',''
  ) );
#143 = PCURVE('',#89,#144);
#144 = DEFINITIONAL_REPRESENTATION('',(#145),#148);
#145 = B_SPLINE_CURVE_WITH_KNOTS('',1,(#146,#147),.UNSPECIFIED.,.F.,.F.,
  (2,2),(-6.000000070117E-07,78.0000006),.PIECEWISE_BEZIER_KNOTS.);
#146 = CARTESIAN_POINT('',(2.371647311662,-6.000000078708E-07));
#147 = CARTESIAN_POINT('',(2.371647311662,78.0000006));
#148 = ( GEOMETRIC_REPRESENTATION_CONTEXT(2) 
PARAMETRIC_REPRESENTATION_CONTEXT() REPRESENTATION_CONTEXT('2D SPACE',''
  ) );
#149 = ORIENTED_EDGE('',*,*,#150,.F.);
#150 = EDGE_CURVE('',#151,#130,#153,.T.);
#151 = VERTEX_POINT('',#152);
#152 = CARTESIAN_POINT('',(-70.,38.,30.));
#153 = SURFACE_CURVE('',#154,(#158,#165),.PCURVE_S1.);
#154 = LINE('',#155,#156);
#155 = CARTESIAN_POINT('',(-70.,38.,30.));
#156 = VECTOR('',#157,1.);
#157 = DIRECTION('',(0.,0.,-1.));
#158 = PCURVE('',#50,#159);
#159 = DEFINITIONAL_REPRESENTATION('',(#160),#164);
#160 = LINE('',#161,#162);
#161 = CARTESIAN_POINT('',(84.75,-76.));
#162 = VECTOR('',#163,1.);
#163 = DIRECTION('',(-1.,0.));
#164 = ( GEOMETRIC_REPRESENTATION_CONTEXT(2) 
PARAMETRIC_REPRESENTATION_CONTEXT() REPRESENTATION_CONTEXT('2D SPACE',''
  ) );
#165 = PCURVE('',#166,#171);
#166 = PLANE('',#167);
#167 = AXIS2_PLACEMENT_3D('',#168,#169,#170);
#168 = CARTESIAN_POINT('',(-70.,38.,-54.75));
#169 = DIRECTION('',(-0.,1.,0.));
#170 = DIRECTION('',(0.,0.,1.));
#171 = DEFINITIONAL_REPRESENTATION('',(#172),#176);
#172 = LINE('',#173,#174);
#173 = CARTESIAN_POINT('',(84.75,0.));
#174 = VECTOR('',#175,1.);
#175 = DIRECTION('',(-1.,0.));
#176 = ( GEOMETRIC_REPRESENTATION_CONTEXT(2) 
PARAMETRIC_REPRESENTATION_CONTEXT() REPRESENTATION_CONTEXT('2D SPACE',''
  ) );
#177 = ORIENTED_EDGE('',*,*,#178,.F.);
#178 = EDGE_CURVE('',#42,#151,#179,.T.);
#179 = SURFACE_CURVE('',#180,(#184,#191),.PCURVE_S1.);
#180 = LINE('',#181,#182);
#181 = CARTESIAN_POINT('',(-70.,-38.,30.));
#182 = VECTOR('',#183,1.);
#183 = DIRECTION('',(-0.,1.,0.));
#184 = PCURVE('',#50,#185);
#185 = DEFINITIONAL_REPRESENTATION('',(#186),#190);
#186 = LINE('',#187,#188);
#187 = CARTESIAN_POINT('',(84.75,0.));
#188 = VECTOR('',#189,1.);
#189 = DIRECTION('',(0.,-1.));
#190 = ( GEOMETRIC_REPRESENTATION_CONTEXT(2) 
PARAMETRIC_REPRESENTATION_CONTEXT() REPRESENTATION_CONTEXT('2D SPACE',''
  ) );
#191 = PCURVE('',#192,#197);
#192 = PLANE('',#193);
#193 = AXIS2_PLACEMENT_3D('',#194,#195,#196);
#194 = CARTESIAN_POINT('',(-70.,-38.,30.));
#195 = DIRECTION('',(0.,0.,1.));
#196 = DIRECTION('',(1.,0.,-0.));
#197 = DEFINITIONAL_REPRESENTATION('',(#198),#202);
#198 = LINE('',#199,#200);
#199 = CARTESIAN_POINT('',(0.,0.));
#200 = VECTOR('',#201,1.);
#201 = DIRECTION('',(0.,1.));
#202 = ( GEOMETRIC_REPRESENTATION_CONTEXT(2) 
PARAMETRIC_REPRESENTATION_CONTEXT() REPRESENTATION_CONTEXT('2D SPACE',''
  ) );
#203 = FACE_BOUND('',#204,.F.);
#204 = EDGE_LOOP('',(#205));
#205 = ORIENTED_EDGE('',*,*,#206,.F.);
#206 = EDGE_CURVE('',#207,#207,#209,.T.);
#207 = VERTEX_POINT('',#208);
#208 = CARTESIAN_POINT('',(-70.,26.,14.8));
#209 = SURFACE_CURVE('',#210,(#215,#222),.PCURVE_S1.);
#210 = CIRCLE('',#211,3.2);
#211 = AXIS2_PLACEMENT_3D('',#212,#213,#214);
#212 = CARTESIAN_POINT('',(-70.,26.,18.));
#213 = DIRECTION('',(1.,0.,2.22044604925E-16));
#214 = DIRECTION('',(2.22044604925E-16,0.,-1.));
#215 = PCURVE('',#50,#216);
#216 = DEFINITIONAL_REPRESENTATION('',(#217),#221);
#217 = CIRCLE('',#218,3.2);
#218 = AXIS2_PLACEMENT_2D('',#219,#220);
#219 = CARTESIAN_POINT('',(72.75,-64.));
#220 = DIRECTION('',(-1.,0.));
#221 = ( GEOMETRIC_REPRESENTATION_CONTEXT(2) 
PARAMETRIC_REPRESENTATION_CONTEXT() REPRESENTATION_CONTEXT('2D SPACE',''
  ) );
#222 = PCURVE('',#223,#228);
#223 = CYLINDRICAL_SURFACE('',#224,3.2);
#224 = AXIS2_PLACEMENT_3D('',#225,#226,#227);
#225 = CARTESIAN_POINT('',(-71.,26.,18.));
#226 = DIRECTION('',(1.,0.,2.22044604925E-16));
#227 = DIRECTION('',(2.22044604925E-16,0.,-1.));
#228 = DEFINITIONAL_REPRESENTATION('',(#229),#233);
#229 = LINE('',#230,#231);
#230 = CARTESIAN_POINT('',(0.,1.));
#231 = VECTOR('',#232,1.);
#232 = DIRECTION('',(1.,0.));
#233 = ( GEOMETRIC_REPRESENTATION_CONTEXT(2) 
PARAMETRIC_REPRESENTATION_CONTEXT() REPRESENTATION_CONTEXT('2D SPACE',''
  ) );
#234 = FACE_BOUND('',#235,.F.);
#235 = EDGE_LOOP('',(#236));
#236 = ORIENTED_EDGE('',*,*,#237,.F.);
#237 = EDGE_CURVE('',#238,#238,#240,.T.);
#238 = VERTEX_POINT('',#239);
#239 = CARTESIAN_POINT('',(-70.,-26.,14.8));
#240 = SURFACE_CURVE('',#241,(#246,#253),.PCURVE_S1.);
#241 = CIRCLE('',#242,3.2);
#242 = AXIS2_PLACEMENT_3D('',#243,#244,#245);
#243 = CARTESIAN_POINT('',(-70.,-26.,18.));
#244 = DIRECTION('',(1.,0.,2.22044604925E-16));
#245 = DIRECTION('',(2.22044604925E-16,0.,-1.));
#246 = PCURVE('',#50,#247);
#247 = DEFINITIONAL_REPRESENTATION('',(#248),#252);
#248 = CIRCLE('',#249,3.2);
#249 = AXIS2_PLACEMENT_2D('',#250,#251);
#250 = CARTESIAN_POINT('',(72.75,-12.));
#251 = DIRECTION('',(-1.,0.));
#252 = ( GEOMETRIC_REPRESENTATION_CONTEXT(2) 
PARAMETRIC_REPRESENTATION_CONTEXT() REPRESENTATION_CONTEXT('2D SPACE',''
  ) );
#253 = PCURVE('',#254,#259);
#254 = CYLINDRICAL_SURFACE('',#255,3.2);
#255 = AXIS2_PLACEMENT_3D('',#256,#257,#258);
#256 = CARTESIAN_POINT('',(-71.,-26.,18.));
#257 = DIRECTION('',(1.,0.,2.22044604925E-16));
#258 = DIRECTION('',(2.22044604925E-16,0.,-1.));
#259 = DEFINITIONAL_REPRESENTATION('',(#260),#264);
#260 = LINE('',#261,#262);
#261 = CARTESIAN_POINT('',(0.,1.));
#262 = VECTOR('',#263,1.);
#263 = DIRECTION('',(1.,0.));
#264 = ( GEOMETRIC_REPRESENTATION_CONTEXT(2) 
PARAMETRIC_REPRESENTATION_CONTEXT() REPRESENTATION_CONTEXT('2D SPACE',''
  ) );
#265 = ADVANCED_FACE('',(#266,#426,#532,#563,#669,#700),#62,.F.);
#266 = FACE_BOUND('',#267,.F.);
#267 = EDGE_LOOP('',(#268,#291,#319,#347,#375,#403,#425));
#268 = ORIENTED_EDGE('',*,*,#269,.T.);
#269 = EDGE_CURVE('',#42,#270,#272,.T.);
#270 = VERTEX_POINT('',#271);
#271 = CARTESIAN_POINT('',(95.,-38.,30.));
#272 = SURFACE_CURVE('',#273,(#277,#284),.PCURVE_S1.);
#273 = LINE('',#274,#275);
#274 = CARTESIAN_POINT('',(-70.,-38.,30.));
#275 = VECTOR('',#276,1.);
#276 = DIRECTION('',(1.,0.,-0.));
#277 = PCURVE('',#62,#278);
#278 = DEFINITIONAL_REPRESENTATION('',(#279),#283);
#279 = LINE('',#280,#281);
#280 = CARTESIAN_POINT('',(84.75,0.));
#281 = VECTOR('',#282,1.);
#282 = DIRECTION('',(0.,1.));
#283 = ( GEOMETRIC_REPRESENTATION_CONTEXT(2) 
PARAMETRIC_REPRESENTATION_CONTEXT() REPRESENTATION_CONTEXT('2D SPACE',''
  ) );
#284 = PCURVE('',#192,#285);
#285 = DEFINITIONAL_REPRESENTATION('',(#286),#290);
#286 = LINE('',#287,#288);
#287 = CARTESIAN_POINT('',(0.,0.));
#288 = VECTOR('',#289,1.);
#289 = DIRECTION('',(1.,0.));
#290 = ( GEOMETRIC_REPRESENTATION_CONTEXT(2) 
PARAMETRIC_REPRESENTATION_CONTEXT() REPRESENTATION_CONTEXT('2D SPACE',''
  ) );
#291 = ORIENTED_EDGE('',*,*,#292,.F.);
#292 = EDGE_CURVE('',#293,#270,#295,.T.);
#293 = VERTEX_POINT('',#294);
#294 = CARTESIAN_POINT('',(95.,-38.,-54.75));
#295 = SURFACE_CURVE('',#296,(#300,#307),.PCURVE_S1.);
#296 = LINE('',#297,#298);
#297 = CARTESIAN_POINT('',(95.,-38.,-54.75));
#298 = VECTOR('',#299,1.);
#299 = DIRECTION('',(0.,0.,1.));
#300 = PCURVE('',#62,#301);
#301 = DEFINITIONAL_REPRESENTATION('',(#302),#306);
#302 = LINE('',#303,#304);
#303 = CARTESIAN_POINT('',(0.,165.));
#304 = VECTOR('',#305,1.);
#305 = DIRECTION('',(1.,0.));
#306 = ( GEOMETRIC_REPRESENTATION_CONTEXT(2) 
PARAMETRIC_REPRESENTATION_CONTEXT() REPRESENTATION_CONTEXT('2D SPACE',''
  ) );
#307 = PCURVE('',#308,#313);
#308 = PLANE('',#309);
#309 = AXIS2_PLACEMENT_3D('',#310,#311,#312);
#310 = CARTESIAN_POINT('',(95.,-38.,-54.75));
#311 = DIRECTION('',(1.,0.,-0.));
#312 = DIRECTION('',(0.,0.,1.));
#313 = DEFINITIONAL_REPRESENTATION('',(#314),#318);
#314 = LINE('',#315,#316);
#315 = CARTESIAN_POINT('',(0.,0.));
#316 = VECTOR('',#317,1.);
#317 = DIRECTION('',(1.,0.));
#318 = ( GEOMETRIC_REPRESENTATION_CONTEXT(2) 
PARAMETRIC_REPRESENTATION_CONTEXT() REPRESENTATION_CONTEXT('2D SPACE',''
  ) );
#319 = ORIENTED_EDGE('',*,*,#320,.F.);
#320 = EDGE_CURVE('',#321,#293,#323,.T.);
#321 = VERTEX_POINT('',#322);
#322 = CARTESIAN_POINT('',(5.,-38.,-54.75));
#323 = SURFACE_CURVE('',#324,(#328,#335),.PCURVE_S1.);
#324 = LINE('',#325,#326);
#325 = CARTESIAN_POINT('',(-70.,-38.,-54.75));
#326 = VECTOR('',#327,1.);
#327 = DIRECTION('',(1.,0.,-0.));
#328 = PCURVE('',#62,#329);
#329 = DEFINITIONAL_REPRESENTATION('',(#330),#334);
#330 = LINE('',#331,#332);
#331 = CARTESIAN_POINT('',(0.,0.));
#332 = VECTOR('',#333,1.);
#333 = DIRECTION('',(0.,1.));
#334 = ( GEOMETRIC_REPRESENTATION_CONTEXT(2) 
PARAMETRIC_REPRESENTATION_CONTEXT() REPRESENTATION_CONTEXT('2D SPACE',''
  ) );
#335 = PCURVE('',#336,#341);
#336 = PLANE('',#337);
#337 = AXIS2_PLACEMENT_3D('',#338,#339,#340);
#338 = CARTESIAN_POINT('',(-70.,-38.,-54.75));
#339 = DIRECTION('',(0.,0.,1.));
#340 = DIRECTION('',(1.,0.,-0.));
#341 = DEFINITIONAL_REPRESENTATION('',(#342),#346);
#342 = LINE('',#343,#344);
#343 = CARTESIAN_POINT('',(0.,0.));
#344 = VECTOR('',#345,1.);
#345 = DIRECTION('',(1.,0.));
#346 = ( GEOMETRIC_REPRESENTATION_CONTEXT(2) 
PARAMETRIC_REPRESENTATION_CONTEXT() REPRESENTATION_CONTEXT('2D SPACE',''
  ) );
#347 = ORIENTED_EDGE('',*,*,#348,.F.);
#348 = EDGE_CURVE('',#349,#321,#351,.T.);
#349 = VERTEX_POINT('',#350);
#350 = CARTESIAN_POINT('',(5.,-38.,-85.));
#351 = SURFACE_CURVE('',#352,(#356,#363),.PCURVE_S1.);
#352 = LINE('',#353,#354);
#353 = CARTESIAN_POINT('',(5.,-38.,-85.));
#354 = VECTOR('',#355,1.);
#355 = DIRECTION('',(0.,0.,1.));
#356 = PCURVE('',#62,#357);
#357 = DEFINITIONAL_REPRESENTATION('',(#358),#362);
#358 = LINE('',#359,#360);
#359 = CARTESIAN_POINT('',(-30.25,75.));
#360 = VECTOR('',#361,1.);
#361 = DIRECTION('',(1.,0.));
#362 = ( GEOMETRIC_REPRESENTATION_CONTEXT(2) 
PARAMETRIC_REPRESENTATION_CONTEXT() REPRESENTATION_CONTEXT('2D SPACE',''
  ) );
#363 = PCURVE('',#364,#369);
#364 = PLANE('',#365);
#365 = AXIS2_PLACEMENT_3D('',#366,#367,#368);
#366 = CARTESIAN_POINT('',(5.,-38.,-85.));
#367 = DIRECTION('',(1.,0.,-0.));
#368 = DIRECTION('',(0.,0.,1.));
#369 = DEFINITIONAL_REPRESENTATION('',(#370),#374);
#370 = LINE('',#371,#372);
#371 = CARTESIAN_POINT('',(0.,0.));
#372 = VECTOR('',#373,1.);
#373 = DIRECTION('',(1.,0.));
#374 = ( GEOMETRIC_REPRESENTATION_CONTEXT(2) 
PARAMETRIC_REPRESENTATION_CONTEXT() REPRESENTATION_CONTEXT('2D SPACE',''
  ) );
#375 = ORIENTED_EDGE('',*,*,#376,.F.);
#376 = EDGE_CURVE('',#377,#349,#379,.T.);
#377 = VERTEX_POINT('',#378);
#378 = CARTESIAN_POINT('',(-47.76243293635,-38.,-85.));
#379 = SURFACE_CURVE('',#380,(#384,#391),.PCURVE_S1.);
#380 = LINE('',#381,#382);
#381 = CARTESIAN_POINT('',(-70.,-38.,-85.));
#382 = VECTOR('',#383,1.);
#383 = DIRECTION('',(1.,0.,-0.));
#384 = PCURVE('',#62,#385);
#385 = DEFINITIONAL_REPRESENTATION('',(#386),#390);
#386 = LINE('',#387,#388);
#387 = CARTESIAN_POINT('',(-30.25,0.));
#388 = VECTOR('',#389,1.);
#389 = DIRECTION('',(0.,1.));
#390 = ( GEOMETRIC_REPRESENTATION_CONTEXT(2) 
PARAMETRIC_REPRESENTATION_CONTEXT() REPRESENTATION_CONTEXT('2D SPACE',''
  ) );
#391 = PCURVE('',#392,#397);
#392 = PLANE('',#393);
#393 = AXIS2_PLACEMENT_3D('',#394,#395,#396);
#394 = CARTESIAN_POINT('',(-70.,-38.,-85.));
#395 = DIRECTION('',(0.,0.,1.));
#396 = DIRECTION('',(1.,0.,-0.));
#397 = DEFINITIONAL_REPRESENTATION('',(#398),#402);
#398 = LINE('',#399,#400);
#399 = CARTESIAN_POINT('',(0.,0.));
#400 = VECTOR('',#401,1.);
#401 = DIRECTION('',(1.,0.));
#402 = ( GEOMETRIC_REPRESENTATION_CONTEXT(2) 
PARAMETRIC_REPRESENTATION_CONTEXT() REPRESENTATION_CONTEXT('2D SPACE',''
  ) );
#403 = ORIENTED_EDGE('',*,*,#404,.T.);
#404 = EDGE_CURVE('',#377,#40,#405,.T.);
#405 = SURFACE_CURVE('',#406,(#411,#418),.PCURVE_S1.);
#406 = CIRCLE('',#407,97.5);
#407 = AXIS2_PLACEMENT_3D('',#408,#409,#410);
#408 = CARTESIAN_POINT('',(0.,-38.,2.22044604925E-16));
#409 = DIRECTION('',(0.,1.,2.22044604925E-16));
#410 = DIRECTION('',(1.,0.,-0.));
#411 = PCURVE('',#62,#412);
#412 = DEFINITIONAL_REPRESENTATION('',(#413),#417);
#413 = CIRCLE('',#414,97.5);
#414 = AXIS2_PLACEMENT_2D('',#415,#416);
#415 = CARTESIAN_POINT('',(54.75,70.));
#416 = DIRECTION('',(0.,1.));
#417 = ( GEOMETRIC_REPRESENTATION_CONTEXT(2) 
PARAMETRIC_REPRESENTATION_CONTEXT() REPRESENTATION_CONTEXT('2D SPACE',''
  ) );
#418 = PCURVE('',#89,#419);
#419 = DEFINITIONAL_REPRESENTATION('',(#420),#424);
#420 = LINE('',#421,#422);
#421 = CARTESIAN_POINT('',(0.,1.));
#422 = VECTOR('',#423,1.);
#423 = DIRECTION('',(1.,0.));
#424 = ( GEOMETRIC_REPRESENTATION_CONTEXT(2) 
PARAMETRIC_REPRESENTATION_CONTEXT() REPRESENTATION_CONTEXT('2D SPACE',''
  ) );
#425 = ORIENTED_EDGE('',*,*,#39,.T.);
#426 = FACE_BOUND('',#427,.F.);
#427 = EDGE_LOOP('',(#428,#456,#482,#508));
#428 = ORIENTED_EDGE('',*,*,#429,.F.);
#429 = EDGE_CURVE('',#430,#432,#434,.T.);
#430 = VERTEX_POINT('',#431);
#431 = CARTESIAN_POINT('',(-52.,-38.,-67.85));
#432 = VERTEX_POINT('',#433);
#433 = CARTESIAN_POINT('',(-46.2,-38.,-67.85));
#434 = SURFACE_CURVE('',#435,(#439,#445),.PCURVE_S1.);
#435 = LINE('',#436,#437);
#436 = CARTESIAN_POINT('',(-61.,-38.,-67.85));
#437 = VECTOR('',#438,1.);
#438 = DIRECTION('',(1.,0.,-0.));
#439 = PCURVE('',#62,#440);
#440 = DEFINITIONAL_REPRESENTATION('',(#441),#444);
#441 = B_SPLINE_CURVE_WITH_KNOTS('',1,(#442,#443),.UNSPECIFIED.,.F.,.F.,
  (2,2),(9.,14.8),.PIECEWISE_BEZIER_KNOTS.);
#442 = CARTESIAN_POINT('',(-13.1,18.));
#443 = CARTESIAN_POINT('',(-13.1,23.8));
#444 = ( GEOMETRIC_REPRESENTATION_CONTEXT(2) 
PARAMETRIC_REPRESENTATION_CONTEXT() REPRESENTATION_CONTEXT('2D SPACE',''
  ) );
#445 = PCURVE('',#446,#451);
#446 = PLANE('',#447);
#447 = AXIS2_PLACEMENT_3D('',#448,#449,#450);
#448 = CARTESIAN_POINT('',(-52.,-39.,-67.85));
#449 = DIRECTION('',(0.,0.,1.));
#450 = DIRECTION('',(1.,0.,-0.));
#451 = DEFINITIONAL_REPRESENTATION('',(#452),#455);
#452 = B_SPLINE_CURVE_WITH_KNOTS('',1,(#453,#454),.UNSPECIFIED.,.F.,.F.,
  (2,2),(9.,14.8),.PIECEWISE_BEZIER_KNOTS.);
#453 = CARTESIAN_POINT('',(0.,1.));
#454 = CARTESIAN_POINT('',(5.8,1.));
#455 = ( GEOMETRIC_REPRESENTATION_CONTEXT(2) 
PARAMETRIC_REPRESENTATION_CONTEXT() REPRESENTATION_CONTEXT('2D SPACE',''
  ) );
#456 = ORIENTED_EDGE('',*,*,#457,.T.);
#457 = EDGE_CURVE('',#430,#458,#460,.T.);
#458 = VERTEX_POINT('',#459);
#459 = CARTESIAN_POINT('',(-52.,-38.,-78.15));
#460 = SURFACE_CURVE('',#461,(#465,#471),.PCURVE_S1.);
#461 = LINE('',#462,#463);
#462 = CARTESIAN_POINT('',(-52.,-38.,-66.45));
#463 = VECTOR('',#464,1.);
#464 = DIRECTION('',(-0.,0.,-1.));
#465 = PCURVE('',#62,#466);
#466 = DEFINITIONAL_REPRESENTATION('',(#467),#470);
#467 = B_SPLINE_CURVE_WITH_KNOTS('',1,(#468,#469),.UNSPECIFIED.,.F.,.F.,
  (2,2),(1.4,11.7),.PIECEWISE_BEZIER_KNOTS.);
#468 = CARTESIAN_POINT('',(-13.1,18.));
#469 = CARTESIAN_POINT('',(-23.4,18.));
#470 = ( GEOMETRIC_REPRESENTATION_CONTEXT(2) 
PARAMETRIC_REPRESENTATION_CONTEXT() REPRESENTATION_CONTEXT('2D SPACE',''
  ) );
#471 = PCURVE('',#472,#477);
#472 = PLANE('',#473);
#473 = AXIS2_PLACEMENT_3D('',#474,#475,#476);
#474 = CARTESIAN_POINT('',(-52.,-39.,-78.15));
#475 = DIRECTION('',(1.,0.,-0.));
#476 = DIRECTION('',(0.,0.,1.));
#477 = DEFINITIONAL_REPRESENTATION('',(#478),#481);
#478 = B_SPLINE_CURVE_WITH_KNOTS('',1,(#479,#480),.UNSPECIFIED.,.F.,.F.,
  (2,2),(1.4,11.7),.PIECEWISE_BEZIER_KNOTS.);
#479 = CARTESIAN_POINT('',(10.3,-1.));
#480 = CARTESIAN_POINT('',(0.,-1.));
#481 = ( GEOMETRIC_REPRESENTATION_CONTEXT(2) 
PARAMETRIC_REPRESENTATION_CONTEXT() REPRESENTATION_CONTEXT('2D SPACE',''
  ) );
#482 = ORIENTED_EDGE('',*,*,#483,.T.);
#483 = EDGE_CURVE('',#458,#484,#486,.T.);
#484 = VERTEX_POINT('',#485);
#485 = CARTESIAN_POINT('',(-46.2,-38.,-78.15));
#486 = SURFACE_CURVE('',#487,(#491,#497),.PCURVE_S1.);
#487 = LINE('',#488,#489);
#488 = CARTESIAN_POINT('',(-61.,-38.,-78.15));
#489 = VECTOR('',#490,1.);
#490 = DIRECTION('',(1.,0.,-0.));
#491 = PCURVE('',#62,#492);
#492 = DEFINITIONAL_REPRESENTATION('',(#493),#496);
#493 = B_SPLINE_CURVE_WITH_KNOTS('',1,(#494,#495),.UNSPECIFIED.,.F.,.F.,
  (2,2),(9.,14.8),.PIECEWISE_BEZIER_KNOTS.);
#494 = CARTESIAN_POINT('',(-23.4,18.));
#495 = CARTESIAN_POINT('',(-23.4,23.8));
#496 = ( GEOMETRIC_REPRESENTATION_CONTEXT(2) 
PARAMETRIC_REPRESENTATION_CONTEXT() REPRESENTATION_CONTEXT('2D SPACE',''
  ) );
#497 = PCURVE('',#498,#503);
#498 = PLANE('',#499);
#499 = AXIS2_PLACEMENT_3D('',#500,#501,#502);
#500 = CARTESIAN_POINT('',(-52.,-39.,-78.15));
#501 = DIRECTION('',(0.,0.,1.));
#502 = DIRECTION('',(1.,0.,-0.));
#503 = DEFINITIONAL_REPRESENTATION('',(#504),#507);
#504 = B_SPLINE_CURVE_WITH_KNOTS('',1,(#505,#506),.UNSPECIFIED.,.F.,.F.,
  (2,2),(9.,14.8),.PIECEWISE_BEZIER_KNOTS.);
#505 = CARTESIAN_POINT('',(0.,1.));
#506 = CARTESIAN_POINT('',(5.8,1.));
#507 = ( GEOMETRIC_REPRESENTATION_CONTEXT(2) 
PARAMETRIC_REPRESENTATION_CONTEXT() REPRESENTATION_CONTEXT('2D SPACE',''
  ) );
#508 = ORIENTED_EDGE('',*,*,#509,.F.);
#509 = EDGE_CURVE('',#432,#484,#510,.T.);
#510 = SURFACE_CURVE('',#511,(#515,#521),.PCURVE_S1.);
#511 = LINE('',#512,#513);
#512 = CARTESIAN_POINT('',(-46.2,-38.,-66.45));
#513 = VECTOR('',#514,1.);
#514 = DIRECTION('',(-0.,0.,-1.));
#515 = PCURVE('',#62,#516);
#516 = DEFINITIONAL_REPRESENTATION('',(#517),#520);
#517 = B_SPLINE_CURVE_WITH_KNOTS('',1,(#518,#519),.UNSPECIFIED.,.F.,.F.,
  (2,2),(1.4,11.7),.PIECEWISE_BEZIER_KNOTS.);
#518 = CARTESIAN_POINT('',(-13.1,23.8));
#519 = CARTESIAN_POINT('',(-23.4,23.8));
#520 = ( GEOMETRIC_REPRESENTATION_CONTEXT(2) 
PARAMETRIC_REPRESENTATION_CONTEXT() REPRESENTATION_CONTEXT('2D SPACE',''
  ) );
#521 = PCURVE('',#522,#527);
#522 = PLANE('',#523);
#523 = AXIS2_PLACEMENT_3D('',#524,#525,#526);
#524 = CARTESIAN_POINT('',(-46.2,-39.,-78.15));
#525 = DIRECTION('',(1.,0.,-0.));
#526 = DIRECTION('',(0.,0.,1.));
#527 = DEFINITIONAL_REPRESENTATION('',(#528),#531);
#528 = B_SPLINE_CURVE_WITH_KNOTS('',1,(#529,#530),.UNSPECIFIED.,.F.,.F.,
  (2,2),(1.4,11.7),.PIECEWISE_BEZIER_KNOTS.);
#529 = CARTESIAN_POINT('',(10.3,-1.));
#530 = CARTESIAN_POINT('',(0.,-1.));
#531 = ( GEOMETRIC_REPRESENTATION_CONTEXT(2) 
PARAMETRIC_REPRESENTATION_CONTEXT() REPRESENTATION_CONTEXT('2D SPACE',''
  ) );
#532 = FACE_BOUND('',#533,.F.);
#533 = EDGE_LOOP('',(#534));
#534 = ORIENTED_EDGE('',*,*,#535,.F.);
#535 = EDGE_CURVE('',#536,#536,#538,.T.);
#536 = VERTEX_POINT('',#537);
#537 = CARTESIAN_POINT('',(-23.01333333333,-38.,-47.63139720814));
#538 = SURFACE_CURVE('',#539,(#544,#551),.PCURVE_S1.);
#539 = CIRCLE('',#540,4.486666666667);
#540 = AXIS2_PLACEMENT_3D('',#541,#542,#543);
#541 = CARTESIAN_POINT('',(-27.5,-38.,-47.63139720814));
#542 = DIRECTION('',(0.,1.,2.22044604925E-16));
#543 = DIRECTION('',(1.,0.,-0.));
#544 = PCURVE('',#62,#545);
#545 = DEFINITIONAL_REPRESENTATION('',(#546),#550);
#546 = CIRCLE('',#547,4.486666666667);
#547 = AXIS2_PLACEMENT_2D('',#548,#549);
#548 = CARTESIAN_POINT('',(7.118602791856,42.5));
#549 = DIRECTION('',(0.,1.));
#550 = ( GEOMETRIC_REPRESENTATION_CONTEXT(2) 
PARAMETRIC_REPRESENTATION_CONTEXT() REPRESENTATION_CONTEXT('2D SPACE',''
  ) );
#551 = PCURVE('',#552,#557);
#552 = CONICAL_SURFACE('',#553,4.5,0.927295218002);
#553 = AXIS2_PLACEMENT_3D('',#554,#555,#556);
#554 = CARTESIAN_POINT('',(-27.5,-38.01,-47.63139720814));
#555 = DIRECTION('',(0.,-1.,-2.22044604925E-16));
#556 = DIRECTION('',(1.,0.,-0.));
#557 = DEFINITIONAL_REPRESENTATION('',(#558),#562);
#558 = LINE('',#559,#560);
#559 = CARTESIAN_POINT('',(-0.,-9.999999999998E-03));
#560 = VECTOR('',#561,1.);
#561 = DIRECTION('',(-1.,-0.));
#562 = ( GEOMETRIC_REPRESENTATION_CONTEXT(2) 
PARAMETRIC_REPRESENTATION_CONTEXT() REPRESENTATION_CONTEXT('2D SPACE',''
  ) );
#563 = FACE_BOUND('',#564,.F.);
#564 = EDGE_LOOP('',(#565,#593,#619,#645));
#565 = ORIENTED_EDGE('',*,*,#566,.F.);
#566 = EDGE_CURVE('',#567,#569,#571,.T.);
#567 = VERTEX_POINT('',#568);
#568 = CARTESIAN_POINT('',(-52.,-38.,23.15));
#569 = VERTEX_POINT('',#570);
#570 = CARTESIAN_POINT('',(-46.2,-38.,23.15));
#571 = SURFACE_CURVE('',#572,(#576,#582),.PCURVE_S1.);
#572 = LINE('',#573,#574);
#573 = CARTESIAN_POINT('',(-61.,-38.,23.15));
#574 = VECTOR('',#575,1.);
#575 = DIRECTION('',(1.,0.,-0.));
#576 = PCURVE('',#62,#577);
#577 = DEFINITIONAL_REPRESENTATION('',(#578),#581);
#578 = B_SPLINE_CURVE_WITH_KNOTS('',1,(#579,#580),.UNSPECIFIED.,.F.,.F.,
  (2,2),(9.,14.8),.PIECEWISE_BEZIER_KNOTS.);
#579 = CARTESIAN_POINT('',(77.9,18.));
#580 = CARTESIAN_POINT('',(77.9,23.8));
#581 = ( GEOMETRIC_REPRESENTATION_CONTEXT(2) 
PARAMETRIC_REPRESENTATION_CONTEXT() REPRESENTATION_CONTEXT('2D SPACE',''
  ) );
#582 = PCURVE('',#583,#588);
#583 = PLANE('',#584);
#584 = AXIS2_PLACEMENT_3D('',#585,#586,#587);
#585 = CARTESIAN_POINT('',(-52.,-39.,23.15));
#586 = DIRECTION('',(0.,0.,1.));
#587 = DIRECTION('',(1.,0.,-0.));
#588 = DEFINITIONAL_REPRESENTATION('',(#589),#592);
#589 = B_SPLINE_CURVE_WITH_KNOTS('',1,(#590,#591),.UNSPECIFIED.,.F.,.F.,
  (2,2),(9.,14.8),.PIECEWISE_BEZIER_KNOTS.);
#590 = CARTESIAN_POINT('',(0.,1.));
#591 = CARTESIAN_POINT('',(5.8,1.));
#592 = ( GEOMETRIC_REPRESENTATION_CONTEXT(2) 
PARAMETRIC_REPRESENTATION_CONTEXT() REPRESENTATION_CONTEXT('2D SPACE',''
  ) );
#593 = ORIENTED_EDGE('',*,*,#594,.T.);
#594 = EDGE_CURVE('',#567,#595,#597,.T.);
#595 = VERTEX_POINT('',#596);
#596 = CARTESIAN_POINT('',(-52.,-38.,12.85));
#597 = SURFACE_CURVE('',#598,(#602,#608),.PCURVE_S1.);
#598 = LINE('',#599,#600);
#599 = CARTESIAN_POINT('',(-52.,-38.,-20.95));
#600 = VECTOR('',#601,1.);
#601 = DIRECTION('',(-0.,0.,-1.));
#602 = PCURVE('',#62,#603);
#603 = DEFINITIONAL_REPRESENTATION('',(#604),#607);
#604 = B_SPLINE_CURVE_WITH_KNOTS('',1,(#605,#606),.UNSPECIFIED.,.F.,.F.,
  (2,2),(-44.1,-33.8),.PIECEWISE_BEZIER_KNOTS.);
#605 = CARTESIAN_POINT('',(77.9,18.));
#606 = CARTESIAN_POINT('',(67.6,18.));
#607 = ( GEOMETRIC_REPRESENTATION_CONTEXT(2) 
PARAMETRIC_REPRESENTATION_CONTEXT() REPRESENTATION_CONTEXT('2D SPACE',''
  ) );
#608 = PCURVE('',#609,#614);
#609 = PLANE('',#610);
#610 = AXIS2_PLACEMENT_3D('',#611,#612,#613);
#611 = CARTESIAN_POINT('',(-52.,-39.,12.85));
#612 = DIRECTION('',(1.,0.,-0.));
#613 = DIRECTION('',(0.,0.,1.));
#614 = DEFINITIONAL_REPRESENTATION('',(#615),#618);
#615 = B_SPLINE_CURVE_WITH_KNOTS('',1,(#616,#617),.UNSPECIFIED.,.F.,.F.,
  (2,2),(-44.1,-33.8),.PIECEWISE_BEZIER_KNOTS.);
#616 = CARTESIAN_POINT('',(10.3,-1.));
#617 = CARTESIAN_POINT('',(0.,-1.));
#618 = ( GEOMETRIC_REPRESENTATION_CONTEXT(2) 
PARAMETRIC_REPRESENTATION_CONTEXT() REPRESENTATION_CONTEXT('2D SPACE',''
  ) );
#619 = ORIENTED_EDGE('',*,*,#620,.T.);
#620 = EDGE_CURVE('',#595,#621,#623,.T.);
#621 = VERTEX_POINT('',#622);
#622 = CARTESIAN_POINT('',(-46.2,-38.,12.85));
#623 = SURFACE_CURVE('',#624,(#628,#634),.PCURVE_S1.);
#624 = LINE('',#625,#626);
#625 = CARTESIAN_POINT('',(-61.,-38.,12.85));
#626 = VECTOR('',#627,1.);
#627 = DIRECTION('',(1.,0.,-0.));
#628 = PCURVE('',#62,#629);
#629 = DEFINITIONAL_REPRESENTATION('',(#630),#633);
#630 = B_SPLINE_CURVE_WITH_KNOTS('',1,(#631,#632),.UNSPECIFIED.,.F.,.F.,
  (2,2),(9.,14.8),.PIECEWISE_BEZIER_KNOTS.);
#631 = CARTESIAN_POINT('',(67.6,18.));
#632 = CARTESIAN_POINT('',(67.6,23.8));
#633 = ( GEOMETRIC_REPRESENTATION_CONTEXT(2) 
PARAMETRIC_REPRESENTATION_CONTEXT() REPRESENTATION_CONTEXT('2D SPACE',''
  ) );
#634 = PCURVE('',#635,#640);
#635 = PLANE('',#636);
#636 = AXIS2_PLACEMENT_3D('',#637,#638,#639);
#637 = CARTESIAN_POINT('',(-52.,-39.,12.85));
#638 = DIRECTION('',(0.,0.,1.));
#639 = DIRECTION('',(1.,0.,-0.));
#640 = DEFINITIONAL_REPRESENTATION('',(#641),#644);
#641 = B_SPLINE_CURVE_WITH_KNOTS('',1,(#642,#643),.UNSPECIFIED.,.F.,.F.,
  (2,2),(9.,14.8),.PIECEWISE_BEZIER_KNOTS.);
#642 = CARTESIAN_POINT('',(0.,1.));
#643 = CARTESIAN_POINT('',(5.8,1.));
#644 = ( GEOMETRIC_REPRESENTATION_CONTEXT(2) 
PARAMETRIC_REPRESENTATION_CONTEXT() REPRESENTATION_CONTEXT('2D SPACE',''
  ) );
#645 = ORIENTED_EDGE('',*,*,#646,.F.);
#646 = EDGE_CURVE('',#569,#621,#647,.T.);
#647 = SURFACE_CURVE('',#648,(#652,#658),.PCURVE_S1.);
#648 = LINE('',#649,#650);
#649 = CARTESIAN_POINT('',(-46.2,-38.,-20.95));
#650 = VECTOR('',#651,1.);
#651 = DIRECTION('',(-0.,0.,-1.));
#652 = PCURVE('',#62,#653);
#653 = DEFINITIONAL_REPRESENTATION('',(#654),#657);
#654 = B_SPLINE_CURVE_WITH_KNOTS('',1,(#655,#656),.UNSPECIFIED.,.F.,.F.,
  (2,2),(-44.1,-33.8),.PIECEWISE_BEZIER_KNOTS.);
#655 = CARTESIAN_POINT('',(77.9,23.8));
#656 = CARTESIAN_POINT('',(67.6,23.8));
#657 = ( GEOMETRIC_REPRESENTATION_CONTEXT(2) 
PARAMETRIC_REPRESENTATION_CONTEXT() REPRESENTATION_CONTEXT('2D SPACE',''
  ) );
#658 = PCURVE('',#659,#664);
#659 = PLANE('',#660);
#660 = AXIS2_PLACEMENT_3D('',#661,#662,#663);
#661 = CARTESIAN_POINT('',(-46.2,-39.,12.85));
#662 = DIRECTION('',(1.,0.,-0.));
#663 = DIRECTION('',(0.,0.,1.));
#664 = DEFINITIONAL_REPRESENTATION('',(#665),#668);
#665 = B_SPLINE_CURVE_WITH_KNOTS('',1,(#666,#667),.UNSPECIFIED.,.F.,.F.,
  (2,2),(-44.1,-33.8),.PIECEWISE_BEZIER_KNOTS.);
#666 = CARTESIAN_POINT('',(10.3,-1.));
#667 = CARTESIAN_POINT('',(0.,-1.));
#668 = ( GEOMETRIC_REPRESENTATION_CONTEXT(2) 
PARAMETRIC_REPRESENTATION_CONTEXT() REPRESENTATION_CONTEXT('2D SPACE',''
  ) );
#669 = FACE_BOUND('',#670,.F.);
#670 = EDGE_LOOP('',(#671));
#671 = ORIENTED_EDGE('',*,*,#672,.F.);
#672 = EDGE_CURVE('',#673,#673,#675,.T.);
#673 = VERTEX_POINT('',#674);
#674 = CARTESIAN_POINT('',(-0.306899184455,-38.,-54.79070839504));
#675 = SURFACE_CURVE('',#676,(#681,#688),.PCURVE_S1.);
#676 = CIRCLE('',#677,4.486666666667);
#677 = AXIS2_PLACEMENT_3D('',#678,#679,#680);
#678 = CARTESIAN_POINT('',(-4.793565851121,-38.,-54.79070839504));
#679 = DIRECTION('',(0.,1.,2.22044604925E-16));
#680 = DIRECTION('',(1.,0.,-0.));
#681 = PCURVE('',#62,#682);
#682 = DEFINITIONAL_REPRESENTATION('',(#683),#687);
#683 = CIRCLE('',#684,4.486666666667);
#684 = AXIS2_PLACEMENT_2D('',#685,#686);
#685 = CARTESIAN_POINT('',(-4.0708395046E-02,65.206434148879));
#686 = DIRECTION('',(0.,1.));
#687 = ( GEOMETRIC_REPRESENTATION_CONTEXT(2) 
PARAMETRIC_REPRESENTATION_CONTEXT() REPRESENTATION_CONTEXT('2D SPACE',''
  ) );
#688 = PCURVE('',#689,#694);
#689 = CONICAL_SURFACE('',#690,4.5,0.927295218002);
#690 = AXIS2_PLACEMENT_3D('',#691,#692,#693);
#691 = CARTESIAN_POINT('',(-4.793565851121,-38.01,-54.79070839504));
#692 = DIRECTION('',(0.,-1.,-2.22044604925E-16));
#693 = DIRECTION('',(1.,0.,-0.));
#694 = DEFINITIONAL_REPRESENTATION('',(#695),#699);
#695 = LINE('',#696,#697);
#696 = CARTESIAN_POINT('',(-0.,-9.999999999998E-03));
#697 = VECTOR('',#698,1.);
#698 = DIRECTION('',(-1.,-0.));
#699 = ( GEOMETRIC_REPRESENTATION_CONTEXT(2) 
PARAMETRIC_REPRESENTATION_CONTEXT() REPRESENTATION_CONTEXT('2D SPACE',''
  ) );
#700 = FACE_BOUND('',#701,.F.);
#701 = EDGE_LOOP('',(#702));
#702 = ORIENTED_EDGE('',*,*,#703,.F.);
#703 = EDGE_CURVE('',#704,#704,#706,.T.);
#704 = VERTEX_POINT('',#705);
#705 = CARTESIAN_POINT('',(10.15,-38.,2.708077607194E-15));
#706 = SURFACE_CURVE('',#707,(#712,#719),.PCURVE_S1.);
#707 = CIRCLE('',#708,10.15);
#708 = AXIS2_PLACEMENT_3D('',#709,#710,#711);
#709 = CARTESIAN_POINT('',(0.,-38.,2.22044604925E-16));
#710 = DIRECTION('',(0.,1.,2.22044604925E-16));
#711 = DIRECTION('',(1.,0.,-0.));
#712 = PCURVE('',#62,#713);
#713 = DEFINITIONAL_REPRESENTATION('',(#714),#718);
#714 = CIRCLE('',#715,10.15);
#715 = AXIS2_PLACEMENT_2D('',#716,#717);
#716 = CARTESIAN_POINT('',(54.75,70.));
#717 = DIRECTION('',(0.,1.));
#718 = ( GEOMETRIC_REPRESENTATION_CONTEXT(2) 
PARAMETRIC_REPRESENTATION_CONTEXT() REPRESENTATION_CONTEXT('2D SPACE',''
  ) );
#719 = PCURVE('',#720,#725);
#720 = CYLINDRICAL_SURFACE('',#721,10.15);
#721 = AXIS2_PLACEMENT_3D('',#722,#723,#724);
#722 = CARTESIAN_POINT('',(0.,-39.,0.));
#723 = DIRECTION('',(0.,1.,2.22044604925E-16));
#724 = DIRECTION('',(1.,0.,-0.));
#725 = DEFINITIONAL_REPRESENTATION('',(#726),#730);
#726 = LINE('',#727,#728);
#727 = CARTESIAN_POINT('',(0.,1.));
#728 = VECTOR('',#729,1.);
#729 = DIRECTION('',(1.,0.));
#730 = ( GEOMETRIC_REPRESENTATION_CONTEXT(2) 
PARAMETRIC_REPRESENTATION_CONTEXT() REPRESENTATION_CONTEXT('2D SPACE',''
  ) );
#731 = ADVANCED_FACE('',(#732,#1036,#1327,#1624),#89,.T.);
#732 = FACE_BOUND('',#733,.T.);
#733 = EDGE_LOOP('',(#734,#755,#756,#757,#804,#830,#891,#947,#968,#1013,
    #1014));
#734 = ORIENTED_EDGE('',*,*,#735,.F.);
#735 = EDGE_CURVE('',#377,#736,#738,.T.);
#736 = VERTEX_POINT('',#737);
#737 = CARTESIAN_POINT('',(-47.76243293635,38.,-85.));
#738 = SURFACE_CURVE('',#739,(#743,#749),.PCURVE_S1.);
#739 = LINE('',#740,#741);
#740 = CARTESIAN_POINT('',(-47.76243293635,-39.,-85.));
#741 = VECTOR('',#742,1.);
#742 = DIRECTION('',(0.,1.,2.22044604925E-16));
#743 = PCURVE('',#89,#744);
#744 = DEFINITIONAL_REPRESENTATION('',(#745),#748);
#745 = B_SPLINE_CURVE_WITH_KNOTS('',1,(#746,#747),.UNSPECIFIED.,.F.,.F.,
  (2,2),(-5.999999856954E-07,78.0000006),.PIECEWISE_BEZIER_KNOTS.);
#746 = CARTESIAN_POINT('',(2.082738225779,-6.000000045692E-07));
#747 = CARTESIAN_POINT('',(2.082738225779,78.0000006));
#748 = ( GEOMETRIC_REPRESENTATION_CONTEXT(2) 
PARAMETRIC_REPRESENTATION_CONTEXT() REPRESENTATION_CONTEXT('2D SPACE',''
  ) );
#749 = PCURVE('',#392,#750);
#750 = DEFINITIONAL_REPRESENTATION('',(#751),#754);
#751 = B_SPLINE_CURVE_WITH_KNOTS('',1,(#752,#753),.UNSPECIFIED.,.F.,.F.,
  (2,2),(-5.999999856954E-07,78.0000006),.PIECEWISE_BEZIER_KNOTS.);
#752 = CARTESIAN_POINT('',(22.237567063643,-1.0000006));
#753 = CARTESIAN_POINT('',(22.237567063643,77.0000006));
#754 = ( GEOMETRIC_REPRESENTATION_CONTEXT(2) 
PARAMETRIC_REPRESENTATION_CONTEXT() REPRESENTATION_CONTEXT('2D SPACE',''
  ) );
#755 = ORIENTED_EDGE('',*,*,#404,.T.);
#756 = ORIENTED_EDGE('',*,*,#74,.T.);
#757 = ORIENTED_EDGE('',*,*,#758,.T.);
#758 = EDGE_CURVE('',#75,#759,#761,.T.);
#759 = VERTEX_POINT('',#760);
#760 = CARTESIAN_POINT('',(-65.8,-20.11051585198,-71.94866225302));
#761 = SURFACE_CURVE('',#762,(#774,#789),.PCURVE_S1.);
#762 = B_SPLINE_CURVE_WITH_KNOTS('',4,(#763,#764,#765,#766,#767,#768,
    #769,#770,#771,#772,#773),.UNSPECIFIED.,.F.,.F.,(5,3,3,5),(0.,
    0.464990349584,0.93673857571,1.),.UNSPECIFIED.);
#763 = CARTESIAN_POINT('',(-70.,-22.93620671065,-67.86935980249));
#764 = CARTESIAN_POINT('',(-69.50386379657,-22.64908862117,
    -68.38107133684));
#765 = CARTESIAN_POINT('',(-69.00943816729,-22.34854586948,
    -68.88103869946));
#766 = CARTESIAN_POINT('',(-68.51722507392,-22.03509353802,
    -69.36935013191));
#767 = CARTESIAN_POINT('',(-67.53115061228,-21.37830658767,
    -70.32975355796));
#768 = CARTESIAN_POINT('',(-67.03737158628,-21.0346048283,
    -70.80150470439));
#769 = CARTESIAN_POINT('',(-66.54695015932,-20.67831646618,
    -71.26142632345));
#770 = CARTESIAN_POINT('',(-65.99526470806,-20.26017863334,
    -71.76965168382));
#771 = CARTESIAN_POINT('',(-65.93010287758,-20.21051343303,
    -71.82953399503));
#772 = CARTESIAN_POINT('',(-65.86501393459,-20.16062555761,
    -71.88920434664));
#773 = CARTESIAN_POINT('',(-65.7999994,-20.11051538953,-71.94866280175)
  );
#774 = PCURVE('',#89,#775);
#775 = DEFINITIONAL_REPRESENTATION('',(#776),#788);
#776 = B_SPLINE_CURVE_WITH_KNOTS('',4,(#777,#778,#779,#780,#781,#782,
    #783,#784,#785,#786,#787),.UNSPECIFIED.,.F.,.F.,(5,3,3,5),(0.,
    0.464990349584,0.93673857571,1.),.UNSPECIFIED.);
#777 = CARTESIAN_POINT('',(2.371647311662,16.063793289342));
#778 = CARTESIAN_POINT('',(2.364337146886,16.350911378821));
#779 = CARTESIAN_POINT('',(2.357125673639,16.651454130513));
#780 = CARTESIAN_POINT('',(2.350014784949,16.964906461976));
#781 = CARTESIAN_POINT('',(2.335896965379,17.621693412324));
#782 = CARTESIAN_POINT('',(2.328893078414,17.965395171698));
#783 = CARTESIAN_POINT('',(2.321997556449,18.321683533815));
#784 = CARTESIAN_POINT('',(2.314304224182,18.73982136666));
#785 = CARTESIAN_POINT('',(2.313396549619,18.789486566964));
#786 = CARTESIAN_POINT('',(2.312490895811,18.83937444239));
#787 = CARTESIAN_POINT('',(2.311587271865,18.88948461047));
#788 = ( GEOMETRIC_REPRESENTATION_CONTEXT(2) 
PARAMETRIC_REPRESENTATION_CONTEXT() REPRESENTATION_CONTEXT('2D SPACE',''
  ) );
#789 = PCURVE('',#117,#790);
#790 = DEFINITIONAL_REPRESENTATION('',(#791),#803);
#791 = B_SPLINE_CURVE_WITH_KNOTS('',4,(#792,#793,#794,#795,#796,#797,
    #798,#799,#800,#801,#802),.UNSPECIFIED.,.F.,.F.,(5,3,3,5),(0.,
    0.464990349584,0.93673857571,1.),.UNSPECIFIED.);
#792 = CARTESIAN_POINT('',(5.223709468928,1.));
#793 = CARTESIAN_POINT('',(5.246019676575,1.496136203428));
#794 = CARTESIAN_POINT('',(5.268190254834,1.990561832705));
#795 = CARTESIAN_POINT('',(5.290243988001,2.482774926076));
#796 = CARTESIAN_POINT('',(5.334483721087,3.468849387715));
#797 = CARTESIAN_POINT('',(5.356666960982,3.962628413717));
#798 = CARTESIAN_POINT('',(5.378778419332,4.453049840671));
#799 = CARTESIAN_POINT('',(5.403802291876,5.004735291932));
#800 = CARTESIAN_POINT('',(5.406760366362,5.069897122421));
#801 = CARTESIAN_POINT('',(5.409717665591,5.134986065405));
#802 = CARTESIAN_POINT('',(5.412674250938,5.2000006));
#803 = ( GEOMETRIC_REPRESENTATION_CONTEXT(2) 
PARAMETRIC_REPRESENTATION_CONTEXT() REPRESENTATION_CONTEXT('2D SPACE',''
  ) );
#804 = ORIENTED_EDGE('',*,*,#805,.T.);
#805 = EDGE_CURVE('',#759,#806,#808,.T.);
#806 = VERTEX_POINT('',#807);
#807 = CARTESIAN_POINT('',(-65.8,-11.0817574343,-71.94866225302));
#808 = SURFACE_CURVE('',#809,(#813,#819),.PCURVE_S1.);
#809 = LINE('',#810,#811);
#810 = CARTESIAN_POINT('',(-65.8,-39.,-71.94866225302));
#811 = VECTOR('',#812,1.);
#812 = DIRECTION('',(0.,1.,2.22044604925E-16));
#813 = PCURVE('',#89,#814);
#814 = DEFINITIONAL_REPRESENTATION('',(#815),#818);
#815 = B_SPLINE_CURVE_WITH_KNOTS('',1,(#816,#817),.UNSPECIFIED.,.F.,.F.,
  (2,2),(7.44,70.56),.PIECEWISE_BEZIER_KNOTS.);
#816 = CARTESIAN_POINT('',(2.311587280204,7.44));
#817 = CARTESIAN_POINT('',(2.311587280204,70.56));
#818 = ( GEOMETRIC_REPRESENTATION_CONTEXT(2) 
PARAMETRIC_REPRESENTATION_CONTEXT() REPRESENTATION_CONTEXT('2D SPACE',''
  ) );
#819 = PCURVE('',#820,#825);
#820 = PLANE('',#821);
#821 = AXIS2_PLACEMENT_3D('',#822,#823,#824);
#822 = CARTESIAN_POINT('',(-65.8,0.,-55.));
#823 = DIRECTION('',(1.,0.,2.22044604925E-16));
#824 = DIRECTION('',(2.22044604925E-16,0.,-1.));
#825 = DEFINITIONAL_REPRESENTATION('',(#826),#829);
#826 = B_SPLINE_CURVE_WITH_KNOTS('',1,(#827,#828),.UNSPECIFIED.,.F.,.F.,
  (2,2),(7.44,70.56),.PIECEWISE_BEZIER_KNOTS.);
#827 = CARTESIAN_POINT('',(16.948662253026,-31.56));
#828 = CARTESIAN_POINT('',(16.948662253026,31.56));
#829 = ( GEOMETRIC_REPRESENTATION_CONTEXT(2) 
PARAMETRIC_REPRESENTATION_CONTEXT() REPRESENTATION_CONTEXT('2D SPACE',''
  ) );
#830 = ORIENTED_EDGE('',*,*,#831,.T.);
#831 = EDGE_CURVE('',#806,#832,#834,.T.);
#832 = VERTEX_POINT('',#833);
#833 = CARTESIAN_POINT('',(-61.99747978748,-4.959819536547E-15,-75.25));
#834 = SURFACE_CURVE('',#835,(#850,#868),.PCURVE_S1.);
#835 = B_SPLINE_CURVE_WITH_KNOTS('',7,(#836,#837,#838,#839,#840,#841,
    #842,#843,#844,#845,#846,#847,#848,#849),.UNSPECIFIED.,.F.,.F.,(8,6,
    8),(0.,0.577994601532,1.),.UNSPECIFIED.);
#836 = CARTESIAN_POINT('',(-70.,-15.63464352884,-67.86935980249));
#837 = CARTESIAN_POINT('',(-68.95402799227,-14.74664282733,
    -68.94816827738));
#838 = CARTESIAN_POINT('',(-67.94137493588,-13.7731898983,
    -69.95379927886));
#839 = CARTESIAN_POINT('',(-66.97132910898,-12.71719530546,
    -70.88371305484));
#840 = CARTESIAN_POINT('',(-66.05543077561,-11.58020633393,
    -71.73374067548));
#841 = CARTESIAN_POINT('',(-65.20821848904,-10.36320563738,
    -72.49773191055));
#842 = CARTESIAN_POINT('',(-64.44777806577,-9.06710204124,
    -73.16746382611));
#843 = CARTESIAN_POINT('',(-63.31935462745,-6.689766533061,
    -74.14381877841));
#844 = CARTESIAN_POINT('',(-62.89901680469,-5.641100977538,
    -74.50123685853));
#845 = CARTESIAN_POINT('',(-62.54757352556,-4.555072960769,
    -74.7955662457));
#846 = CARTESIAN_POINT('',(-62.27556414661,-3.439904103441,
    -75.02088923762));
#847 = CARTESIAN_POINT('',(-62.090671441,-2.303701157896,-75.17322079572
    ));
#848 = CARTESIAN_POINT('',(-61.99747978748,-1.154412048199,-75.25));
#849 = CARTESIAN_POINT('',(-61.99747978748,-5.329070518201E-15,-75.25));
#850 = PCURVE('',#89,#851);
#851 = DEFINITIONAL_REPRESENTATION('',(#852),#867);
#852 = B_SPLINE_CURVE_WITH_KNOTS('',7,(#853,#854,#855,#856,#857,#858,
    #859,#860,#861,#862,#863,#864,#865,#866),.UNSPECIFIED.,.F.,.F.,(8,6,
    8),(0.,0.577994601532,1.),.UNSPECIFIED.);
#853 = CARTESIAN_POINT('',(2.371647311662,23.365356471156));
#854 = CARTESIAN_POINT('',(2.356235762021,24.253357172662));
#855 = CARTESIAN_POINT('',(2.341600939791,25.226810101698));
#856 = CARTESIAN_POINT('',(2.327821876184,26.282804694541));
#857 = CARTESIAN_POINT('',(2.315008412421,27.419793666069));
#858 = CARTESIAN_POINT('',(2.303309113689,28.636794362618));
#859 = CARTESIAN_POINT('',(2.292916523814,29.93289795876));
#860 = CARTESIAN_POINT('',(2.277612088481,32.310233466939));
#861 = CARTESIAN_POINT('',(2.27195329096,33.358899022461));
#862 = CARTESIAN_POINT('',(2.267251790282,34.444927039232));
#863 = CARTESIAN_POINT('',(2.263629098322,35.560095896558));
#864 = CARTESIAN_POINT('',(2.261172048189,36.696298842104));
#865 = CARTESIAN_POINT('',(2.259933621701,37.845587951801));
#866 = CARTESIAN_POINT('',(2.259933621701,39.));
#867 = ( GEOMETRIC_REPRESENTATION_CONTEXT(2) 
PARAMETRIC_REPRESENTATION_CONTEXT() REPRESENTATION_CONTEXT('2D SPACE',''
  ) );
#868 = PCURVE('',#869,#874);
#869 = CYLINDRICAL_SURFACE('',#870,20.25);
#870 = AXIS2_PLACEMENT_3D('',#871,#872,#873);
#871 = CARTESIAN_POINT('',(-71.,0.,-55.));
#872 = DIRECTION('',(1.,0.,2.22044604925E-16));
#873 = DIRECTION('',(2.22044604925E-16,0.,-1.));
#874 = DEFINITIONAL_REPRESENTATION('',(#875),#890);
#875 = B_SPLINE_CURVE_WITH_KNOTS('',7,(#876,#877,#878,#879,#880,#881,
    #882,#883,#884,#885,#886,#887,#888,#889),.UNSPECIFIED.,.F.,.F.,(8,6,
    8),(0.,0.577994601532,1.),.UNSPECIFIED.);
#876 = CARTESIAN_POINT('',(5.40107591958,1.));
#877 = CARTESIAN_POINT('',(5.470077075436,2.045972007724));
#878 = CARTESIAN_POINT('',(5.538969958153,3.058625064119));
#879 = CARTESIAN_POINT('',(5.608103164134,4.028670891019));
#880 = CARTESIAN_POINT('',(5.677797567252,4.944569224387));
#881 = CARTESIAN_POINT('',(5.748368064821,5.791781510959));
#882 = CARTESIAN_POINT('',(5.820139103878,6.552221934223));
#883 = CARTESIAN_POINT('',(5.947053578692,7.680645372546));
#884 = CARTESIAN_POINT('',(6.001662353262,8.100983195309));
#885 = CARTESIAN_POINT('',(6.057045160525,8.452426474435));
#886 = CARTESIAN_POINT('',(6.113010858267,8.724435853389));
#887 = CARTESIAN_POINT('',(6.16942229435,8.909328558997));
#888 = CARTESIAN_POINT('',(6.226177304799,9.002520212512));
#889 = CARTESIAN_POINT('',(6.28318530718,9.002520212512));
#890 = ( GEOMETRIC_REPRESENTATION_CONTEXT(2) 
PARAMETRIC_REPRESENTATION_CONTEXT() REPRESENTATION_CONTEXT('2D SPACE',''
  ) );
#891 = ORIENTED_EDGE('',*,*,#892,.T.);
#892 = EDGE_CURVE('',#832,#893,#895,.T.);
#893 = VERTEX_POINT('',#894);
#894 = CARTESIAN_POINT('',(-65.8,11.081757434309,-71.94866225302));
#895 = SURFACE_CURVE('',#896,(#911,#929),.PCURVE_S1.);
#896 = B_SPLINE_CURVE_WITH_KNOTS('',7,(#897,#898,#899,#900,#901,#902,
    #903,#904,#905,#906,#907,#908,#909,#910),.UNSPECIFIED.,.F.,.F.,(8,6,
    8),(0.,0.42072377878,1.),.UNSPECIFIED.);
#897 = CARTESIAN_POINT('',(-61.99747978748,0.,-75.25));
#898 = CARTESIAN_POINT('',(-61.99747978748,1.150877965999,-75.25));
#899 = CARTESIAN_POINT('',(-62.09010172295,2.296704945125,
    -75.17369017557));
#900 = CARTESIAN_POINT('',(-62.27388043223,3.429570438071,
    -75.02227644209));
#901 = CARTESIAN_POINT('',(-62.54428471661,4.54157875521,-74.79829069546
    ));
#902 = CARTESIAN_POINT('',(-62.89371278212,5.624677736238,
    -74.50567873991));
#903 = CARTESIAN_POINT('',(-63.31172996092,6.670701301586,-74.1503009527
    ));
#904 = CARTESIAN_POINT('',(-64.43764059782,9.049802303059,-73.1763905666
    ));
#905 = CARTESIAN_POINT('',(-65.19879596898,10.349659614114,
    -72.50622738678));
#906 = CARTESIAN_POINT('',(-66.04727809511,11.570081974993,
    -71.74130611453));
#907 = CARTESIAN_POINT('',(-66.96485574937,12.710148070402,
    -70.88991843334));
#908 = CARTESIAN_POINT('',(-67.93687543045,13.768865002511,
    -69.95826773212));
#909 = CARTESIAN_POINT('',(-68.95170875413,14.744673859643,
    -68.95056032396));
#910 = CARTESIAN_POINT('',(-70.,15.634643528844,-67.86935980249));
#911 = PCURVE('',#89,#912);
#912 = DEFINITIONAL_REPRESENTATION('',(#913),#928);
#913 = B_SPLINE_CURVE_WITH_KNOTS('',7,(#914,#915,#916,#917,#918,#919,
    #920,#921,#922,#923,#924,#925,#926,#927),.UNSPECIFIED.,.F.,.F.,(8,6,
    8),(0.,0.42072377878,1.),.UNSPECIFIED.);
#914 = CARTESIAN_POINT('',(2.259933621701,39.));
#915 = CARTESIAN_POINT('',(2.259933621701,40.150877965999));
#916 = CARTESIAN_POINT('',(2.261164477203,41.296704945125));
#917 = CARTESIAN_POINT('',(2.263606723305,42.429570438072));
#918 = CARTESIAN_POINT('',(2.26720798831,43.54157875521));
#919 = CARTESIAN_POINT('',(2.271882336448,44.624677736238));
#920 = CARTESIAN_POINT('',(2.277509449184,45.670701301586));
#921 = CARTESIAN_POINT('',(2.29277798977,48.049802303059));
#922 = CARTESIAN_POINT('',(2.303179006617,49.349659614114));
#923 = CARTESIAN_POINT('',(2.314894362443,50.570081974994));
#924 = CARTESIAN_POINT('',(2.327729926311,51.710148070401));
#925 = CARTESIAN_POINT('',(2.341535912023,52.768865002511));
#926 = CARTESIAN_POINT('',(2.356201589927,53.744673859643));
#927 = CARTESIAN_POINT('',(2.371647311662,54.634643528844));
#928 = ( GEOMETRIC_REPRESENTATION_CONTEXT(2) 
PARAMETRIC_REPRESENTATION_CONTEXT() REPRESENTATION_CONTEXT('2D SPACE',''
  ) );
#929 = PCURVE('',#869,#930);
#930 = DEFINITIONAL_REPRESENTATION('',(#931),#946);
#931 = B_SPLINE_CURVE_WITH_KNOTS('',7,(#932,#933,#934,#935,#936,#937,
    #938,#939,#940,#941,#942,#943,#944,#945),.UNSPECIFIED.,.F.,.F.,(8,6,
    8),(0.,0.42072377878,1.),.UNSPECIFIED.);
#932 = CARTESIAN_POINT('',(0.,9.002520212512));
#933 = CARTESIAN_POINT('',(5.683347980243E-02,9.002520212512));
#934 = CARTESIAN_POINT('',(0.113417520997,8.909898277049));
#935 = CARTESIAN_POINT('',(0.16966137308,8.726119567768));
#936 = CARTESIAN_POINT('',(0.225462927571,8.455715283389));
#937 = CARTESIAN_POINT('',(0.280685536324,8.10628721788));
#938 = CARTESIAN_POINT('',(0.335139177949,7.688270039077));
#939 = CARTESIAN_POINT('',(0.462088522148,6.562359402176));
#940 = CARTESIAN_POINT('',(0.534031974376,5.801204031016));
#941 = CARTESIAN_POINT('',(0.604767268405,4.952721904883));
#942 = CARTESIAN_POINT('',(0.67462079861,4.035144250621));
#943 = CARTESIAN_POINT('',(0.74390924664,3.06312456955));
#944 = CARTESIAN_POINT('',(0.81295523519,2.048291245862));
#945 = CARTESIAN_POINT('',(0.8821093876,1.));
#946 = ( GEOMETRIC_REPRESENTATION_CONTEXT(2) 
PARAMETRIC_REPRESENTATION_CONTEXT() REPRESENTATION_CONTEXT('2D SPACE',''
  ) );
#947 = ORIENTED_EDGE('',*,*,#948,.T.);
#948 = EDGE_CURVE('',#893,#949,#951,.T.);
#949 = VERTEX_POINT('',#950);
#950 = CARTESIAN_POINT('',(-65.8,20.110515851983,-71.94866225302));
#951 = SURFACE_CURVE('',#952,(#956,#962),.PCURVE_S1.);
#952 = LINE('',#953,#954);
#953 = CARTESIAN_POINT('',(-65.8,-39.,-71.94866225302));
#954 = VECTOR('',#955,1.);
#955 = DIRECTION('',(0.,1.,2.22044604925E-16));
#956 = PCURVE('',#89,#957);
#957 = DEFINITIONAL_REPRESENTATION('',(#958),#961);
#958 = B_SPLINE_CURVE_WITH_KNOTS('',1,(#959,#960),.UNSPECIFIED.,.F.,.F.,
  (2,2),(7.44,70.56),.PIECEWISE_BEZIER_KNOTS.);
#959 = CARTESIAN_POINT('',(2.311587280204,7.44));
#960 = CARTESIAN_POINT('',(2.311587280204,70.56));
#961 = ( GEOMETRIC_REPRESENTATION_CONTEXT(2) 
PARAMETRIC_REPRESENTATION_CONTEXT() REPRESENTATION_CONTEXT('2D SPACE',''
  ) );
#962 = PCURVE('',#820,#963);
#963 = DEFINITIONAL_REPRESENTATION('',(#964),#967);
#964 = B_SPLINE_CURVE_WITH_KNOTS('',1,(#965,#966),.UNSPECIFIED.,.F.,.F.,
  (2,2),(7.44,70.56),.PIECEWISE_BEZIER_KNOTS.);
#965 = CARTESIAN_POINT('',(16.948662253026,-31.56));
#966 = CARTESIAN_POINT('',(16.948662253026,31.56));
#967 = ( GEOMETRIC_REPRESENTATION_CONTEXT(2) 
PARAMETRIC_REPRESENTATION_CONTEXT() REPRESENTATION_CONTEXT('2D SPACE',''
  ) );
#968 = ORIENTED_EDGE('',*,*,#969,.T.);
#969 = EDGE_CURVE('',#949,#101,#970,.T.);
#970 = SURFACE_CURVE('',#971,(#983,#998),.PCURVE_S1.);
#971 = B_SPLINE_CURVE_WITH_KNOTS('',4,(#972,#973,#974,#975,#976,#977,
    #978,#979,#980,#981,#982),.UNSPECIFIED.,.F.,.F.,(5,3,3,5),(0.,
    6.317852445857E-02,0.534954160081,1.),.UNSPECIFIED.);
#972 = CARTESIAN_POINT('',(-65.79999940207,20.110515392731,
    -71.94866279795));
#973 = CARTESIAN_POINT('',(-65.86492873964,20.160559894907,-71.889282259
    ));
#974 = CARTESIAN_POINT('',(-65.92993229159,20.210382683772,
    -71.82969038198));
#975 = CARTESIAN_POINT('',(-65.9950085405,20.259983385497,
    -71.76988709552));
#976 = CARTESIAN_POINT('',(-66.54663439791,20.678085266577,
    -71.26172149687));
#977 = CARTESIAN_POINT('',(-67.03708267311,21.034400213179,
    -70.80177869972));
#978 = CARTESIAN_POINT('',(-67.53088910257,21.378127176905,
    -70.33000502166));
#979 = CARTESIAN_POINT('',(-68.51704885778,22.034981319105,
    -69.3695249508));
#980 = CARTESIAN_POINT('',(-69.00932016213,22.348474138304,
    -68.88115802715));
#981 = CARTESIAN_POINT('',(-69.50380458965,22.649054357649,
    -68.38113240246));
#982 = CARTESIAN_POINT('',(-70.,22.936206710658,-67.86935980249));
#983 = PCURVE('',#89,#984);
#984 = DEFINITIONAL_REPRESENTATION('',(#985),#997);
#985 = B_SPLINE_CURVE_WITH_KNOTS('',4,(#986,#987,#988,#989,#990,#991,
    #992,#993,#994,#995,#996),.UNSPECIFIED.,.F.,.F.,(5,3,3,5),(0.,
    6.317852445857E-02,0.534954160081,1.),.UNSPECIFIED.);
#986 = CARTESIAN_POINT('',(2.311587271923,59.110515392731));
#987 = CARTESIAN_POINT('',(2.312489711732,59.160559894907));
#988 = CARTESIAN_POINT('',(2.313394176035,59.210382683772));
#989 = CARTESIAN_POINT('',(2.31430065589,59.259983385497));
#990 = CARTESIAN_POINT('',(2.321993123322,59.678085266577));
#991 = CARTESIAN_POINT('',(2.328888994692,60.034400213179));
#992 = CARTESIAN_POINT('',(2.335893244465,60.378127176905));
#993 = CARTESIAN_POINT('',(2.350012239198,61.034981319105));
#994 = CARTESIAN_POINT('',(2.357123952469,61.348474138304));
#995 = CARTESIAN_POINT('',(2.36433627452,61.649054357649));
#996 = CARTESIAN_POINT('',(2.371647311662,61.936206710658));
#997 = ( GEOMETRIC_REPRESENTATION_CONTEXT(2) 
PARAMETRIC_REPRESENTATION_CONTEXT() REPRESENTATION_CONTEXT('2D SPACE',''
  ) );
#998 = PCURVE('',#117,#999);
#999 = DEFINITIONAL_REPRESENTATION('',(#1000),#1012);
#1000 = B_SPLINE_CURVE_WITH_KNOTS('',4,(#1001,#1002,#1003,#1004,#1005,
    #1006,#1007,#1008,#1009,#1010,#1011),.UNSPECIFIED.,.F.,.F.,(5,3,3,5)
  ,(0.,6.317852445857E-02,0.534954160081,1.),.UNSPECIFIED.);
#1001 = CARTESIAN_POINT('',(0.870511056431,5.2000006));
#1002 = CARTESIAN_POINT('',(0.873463767378,5.135071262431));
#1003 = CARTESIAN_POINT('',(0.876417190167,5.070067705851));
#1004 = CARTESIAN_POINT('',(0.879371386355,5.004991459495));
#1005 = CARTESIAN_POINT('',(0.904392635651,4.453365602089));
#1006 = CARTESIAN_POINT('',(0.926505347998,3.96291732689));
#1007 = CARTESIAN_POINT('',(0.948689842982,3.469110897428));
#1008 = CARTESIAN_POINT('',(0.992933423783,2.482951142218));
#1009 = CARTESIAN_POINT('',(1.014989760855,1.990679837861));
#1010 = CARTESIAN_POINT('',(1.037162968193,1.496195410349));
#1011 = CARTESIAN_POINT('',(1.059475838252,1.));
#1012 = ( GEOMETRIC_REPRESENTATION_CONTEXT(2) 
PARAMETRIC_REPRESENTATION_CONTEXT() REPRESENTATION_CONTEXT('2D SPACE',''
  ) );
#1013 = ORIENTED_EDGE('',*,*,#129,.T.);
#1014 = ORIENTED_EDGE('',*,*,#1015,.F.);
#1015 = EDGE_CURVE('',#736,#130,#1016,.T.);
#1016 = SURFACE_CURVE('',#1017,(#1022,#1029),.PCURVE_S1.);
#1017 = CIRCLE('',#1018,97.5);
#1018 = AXIS2_PLACEMENT_3D('',#1019,#1020,#1021);
#1019 = CARTESIAN_POINT('',(0.,38.,1.709743457923E-14));
#1020 = DIRECTION('',(0.,1.,2.22044604925E-16));
#1021 = DIRECTION('',(1.,0.,-0.));
#1022 = PCURVE('',#89,#1023);
#1023 = DEFINITIONAL_REPRESENTATION('',(#1024),#1028);
#1024 = LINE('',#1025,#1026);
#1025 = CARTESIAN_POINT('',(0.,77.));
#1026 = VECTOR('',#1027,1.);
#1027 = DIRECTION('',(1.,0.));
#1028 = ( GEOMETRIC_REPRESENTATION_CONTEXT(2) 
PARAMETRIC_REPRESENTATION_CONTEXT() REPRESENTATION_CONTEXT('2D SPACE',''
  ) );
#1029 = PCURVE('',#166,#1030);
#1030 = DEFINITIONAL_REPRESENTATION('',(#1031),#1035);
#1031 = CIRCLE('',#1032,97.5);
#1032 = AXIS2_PLACEMENT_2D('',#1033,#1034);
#1033 = CARTESIAN_POINT('',(54.75,70.));
#1034 = DIRECTION('',(0.,1.));
#1035 = ( GEOMETRIC_REPRESENTATION_CONTEXT(2) 
PARAMETRIC_REPRESENTATION_CONTEXT() REPRESENTATION_CONTEXT('2D SPACE',''
  ) );
#1036 = FACE_BOUND('',#1037,.T.);
#1037 = EDGE_LOOP('',(#1038));
#1038 = ORIENTED_EDGE('',*,*,#1039,.T.);
#1039 = EDGE_CURVE('',#1040,#1040,#1042,.T.);
#1040 = VERTEX_POINT('',#1041);
#1041 = CARTESIAN_POINT('',(-60.82606349255,-26.,-76.2));
#1042 = SURFACE_CURVE('',#1043,(#1134,#1228),.PCURVE_S1.);
#1043 = B_SPLINE_CURVE_WITH_KNOTS('',5,(#1044,#1045,#1046,#1047,#1048,
    #1049,#1050,#1051,#1052,#1053,#1054,#1055,#1056,#1057,#1058,#1059,
    #1060,#1061,#1062,#1063,#1064,#1065,#1066,#1067,#1068,#1069,#1070,
    #1071,#1072,#1073,#1074,#1075,#1076,#1077,#1078,#1079,#1080,#1081,
    #1082,#1083,#1084,#1085,#1086,#1087,#1088,#1089,#1090,#1091,#1092,
    #1093,#1094,#1095,#1096,#1097,#1098,#1099,#1100,#1101,#1102,#1103,
    #1104,#1105,#1106,#1107,#1108,#1109,#1110,#1111,#1112,#1113,#1114,
    #1115,#1116,#1117,#1118,#1119,#1120,#1121,#1122,#1123,#1124,#1125,
    #1126,#1127,#1128,#1129,#1130,#1131,#1132,#1133),.UNSPECIFIED.,.T.,
  .F.,(6,4,4,4,4,4,4,4,4,4,4,4,4,4,4,4,4,4,4,4,4,4,6),(0.,
    4.511470148337E-02,7.423510605318E-02,0.111644148152,0.163433068965,
    0.226341666929,0.310319357276,0.345497916171,0.393566679809,
    0.433795714599,0.4698811831,0.500003966766,0.53034062792,
    0.566305340159,0.606161985383,0.653579779701,0.689359307852,
    0.773662911231,0.836948408731,0.888027018396,0.925823616397,
    0.955070526343,1.),.UNSPECIFIED.);
#1044 = CARTESIAN_POINT('',(-60.82606349255,-26.,-76.2));
#1045 = CARTESIAN_POINT('',(-60.82606349255,-25.78794413614,-76.2));
#1046 = CARTESIAN_POINT('',(-60.84806852827,-25.5763731152,
    -76.1824339296));
#1047 = CARTESIAN_POINT('',(-60.89187854785,-25.36858434801,
    -76.1474661714));
#1048 = CARTESIAN_POINT('',(-60.95562951426,-25.16781591837,
    -76.09646395639));
#1049 = CARTESIAN_POINT('',(-61.08771563245,-24.85359105089,
    -75.99042974983));
#1050 = CARTESIAN_POINT('',(-61.1464915402,-24.73422756653,
    -75.94317389328));
#1051 = CARTESIAN_POINT('',(-61.21155034238,-24.61906435058,
    -75.89076251595));
#1052 = CARTESIAN_POINT('',(-61.28218693284,-24.50834906683,
    -75.83371940873));
#1053 = CARTESIAN_POINT('',(-61.45464621915,-24.26600781455,
    -75.69406864407));
#1054 = CARTESIAN_POINT('',(-61.55965176105,-24.13735850358,
    -75.60878247787));
#1055 = CARTESIAN_POINT('',(-61.67143500512,-24.01635662688,
    -75.51766441026));
#1056 = CARTESIAN_POINT('',(-61.78890923038,-23.90296776248,
    -75.42152038281));
#1057 = CARTESIAN_POINT('',(-62.08039246177,-23.65053064712,
    -75.18193176327));
#1058 = CARTESIAN_POINT('',(-62.25885395554,-23.51830575204,
    -75.03444650059));
#1059 = CARTESIAN_POINT('',(-62.44433009377,-23.40002037766,
    -74.88021768391));
#1060 = CARTESIAN_POINT('',(-62.63527698238,-23.29524269428,
    -74.72039411695));
#1061 = CARTESIAN_POINT('',(-63.06777423622,-23.09245316939,
    -74.35591493657));
#1062 = CARTESIAN_POINT('',(-63.31141477521,-23.00071116396,
    -74.14897769411));
#1063 = CARTESIAN_POINT('',(-63.5592748959,-22.92801656029,
    -73.93667548687));
#1064 = CARTESIAN_POINT('',(-63.80984145782,-22.87417786558,
    -73.72018607302));
#1065 = CARTESIAN_POINT('',(-64.3981253977,-22.79296819208,
    -73.20744837394));
#1066 = CARTESIAN_POINT('',(-64.73693044271,-22.78049999483,
    -72.9087657785));
#1067 = CARTESIAN_POINT('',(-65.07455007664,-22.80254504144,
    -72.60756954683));
#1068 = CARTESIAN_POINT('',(-65.4076167094,-22.86052648508,
    -72.30688842426));
#1069 = CARTESIAN_POINT('',(-65.86733578022,-22.99687271261,
    -71.88725788442));
#1070 = CARTESIAN_POINT('',(-66.00144399245,-23.0438071337,
    -71.76425804033));
#1071 = CARTESIAN_POINT('',(-66.13356143157,-23.09756516934,
    -71.64251201036));
#1072 = CARTESIAN_POINT('',(-66.2632704262,-23.15828976197,
    -71.5224369632));
#1073 = CARTESIAN_POINT('',(-66.56342861019,-23.31881250838,
    -71.24335743662));
#1074 = CARTESIAN_POINT('',(-66.73145442715,-23.4248086375,
    -71.08615090522));
#1075 = CARTESIAN_POINT('',(-66.89279583941,-23.54438715296,
    -70.93428703914));
#1076 = CARTESIAN_POINT('',(-67.04592387718,-23.67767130211,
    -70.78935769835));
#1077 = CARTESIAN_POINT('',(-67.30903911728,-23.94761073673,
    -70.53914246369));
#1078 = CARTESIAN_POINT('',(-67.42200405515,-24.08018689432,
    -70.43123183785));
#1079 = CARTESIAN_POINT('',(-67.52681845083,-24.22208152827,
    -70.33069553211));
#1080 = CARTESIAN_POINT('',(-67.62230315842,-24.37281851697,
    -70.23879325661));
#1081 = CARTESIAN_POINT('',(-67.78359608296,-24.67425038069,
    -70.08313161172));
#1082 = CARTESIAN_POINT('',(-67.85145016516,-24.8233553438,
    -70.01744633661));
#1083 = CARTESIAN_POINT('',(-67.9099080209,-24.9782270849,
    -69.96071655589));
#1084 = CARTESIAN_POINT('',(-67.95819948175,-25.13789429162,
    -69.9137745352));
#1085 = CARTESIAN_POINT('',(-68.02711315073,-25.43757372737,
    -69.84671638851));
#1086 = CARTESIAN_POINT('',(-68.05098169632,-25.57644313859,
    -69.82345623101));
#1087 = CARTESIAN_POINT('',(-68.06701377761,-25.71703546476,
    -69.80782015395));
#1088 = CARTESIAN_POINT('',(-68.07503213366,-25.85851140444,-69.8));
#1089 = CARTESIAN_POINT('',(-68.07503213366,-26.14249319147,-69.8));
#1090 = CARTESIAN_POINT('',(-68.06689950222,-26.28497319591,
    -69.8079316034));
#1091 = CARTESIAN_POINT('',(-68.05063908478,-26.42655054938,
    -69.82379038197));
#1092 = CARTESIAN_POINT('',(-68.02643313083,-26.56636853981,
    -69.84737907033));
#1093 = CARTESIAN_POINT('',(-67.95695473816,-26.86631212466,
    -69.91498457377));
#1094 = CARTESIAN_POINT('',(-67.90861713953,-27.02534994215,
    -69.96196965412));
#1095 = CARTESIAN_POINT('',(-67.85019220838,-27.17960918649,
    -70.01866514908));
#1096 = CARTESIAN_POINT('',(-67.78244370341,-27.32813098822,
    -70.08424580637));
#1097 = CARTESIAN_POINT('',(-67.62200952578,-27.6274747174,
    -70.23907433921));
#1098 = CARTESIAN_POINT('',(-67.52741535103,-27.77681338541,
    -70.33011864304));
#1099 = CARTESIAN_POINT('',(-67.42366082249,-27.91747478029,
    -70.42964063714));
#1100 = CARTESIAN_POINT('',(-67.31189309771,-28.04899434342,
    -70.53641489563));
#1101 = CARTESIAN_POINT('',(-67.05224576029,-28.31638075998,
    -70.78336133082));
#1102 = CARTESIAN_POINT('',(-66.90151624908,-28.44836222866,
    -70.92604725582));
#1103 = CARTESIAN_POINT('',(-66.74274265472,-28.56700555331,
    -71.07553527945));
#1104 = CARTESIAN_POINT('',(-66.57740124496,-28.67242170712,
    -71.23028784695));
#1105 = CARTESIAN_POINT('',(-66.27814210362,-28.83462693057,
    -71.50866223479));
#1106 = CARTESIAN_POINT('',(-66.14643685482,-28.8970195407,
    -71.63063505299));
#1107 = CARTESIAN_POINT('',(-66.01221211045,-28.95219621842,
    -71.75436449785));
#1108 = CARTESIAN_POINT('',(-65.87590987044,-29.00030689702,
    -71.87940878407));
#1109 = CARTESIAN_POINT('',(-65.41281203334,-29.13856552698,
    -72.30219790287));
#1110 = CARTESIAN_POINT('',(-65.07850001937,-29.19719560289,
    -72.60404561017));
#1111 = CARTESIAN_POINT('',(-64.73957246766,-29.2195967631,
    -72.9064365713));
#1112 = CARTESIAN_POINT('',(-64.39943650873,-29.20721280027,
    -73.20630563316));
#1113 = CARTESIAN_POINT('',(-63.80832759526,-29.12561315321,
    -73.7215055284));
#1114 = CARTESIAN_POINT('',(-63.55626277893,-29.07133561051,
    -73.93927789376));
#1115 = CARTESIAN_POINT('',(-63.30694667864,-28.99797604594,
    -74.15280457714));
#1116 = CARTESIAN_POINT('',(-63.06191982614,-28.90533801465,
    -74.36088702518));
#1117 = CARTESIAN_POINT('',(-62.63095160832,-28.70228175868,
    -74.72400720892));
#1118 = CARTESIAN_POINT('',(-62.4427109206,-28.59873072661,
    -74.8815507948));
#1119 = CARTESIAN_POINT('',(-62.25980744637,-28.4820354324,
    -75.03364043749));
#1120 = CARTESIAN_POINT('',(-62.0837241139,-28.35178254426,
    -75.17917279471));
#1121 = CARTESIAN_POINT('',(-61.79288533263,-28.10088320741,
    -75.41826675172));
#1122 = CARTESIAN_POINT('',(-61.6740461546,-27.98650950185,
    -75.51553711657));
#1123 = CARTESIAN_POINT('',(-61.56099901767,-27.86436497297,
    -75.60768973159));
#1124 = CARTESIAN_POINT('',(-61.45486297812,-27.73441310661,
    -75.69389470003));
#1125 = CARTESIAN_POINT('',(-61.28115490027,-27.49010991369,
    -75.83455387585));
#1126 = CARTESIAN_POINT('',(-61.21027259537,-27.37885378473,
    -75.8917936058));
#1127 = CARTESIAN_POINT('',(-61.14502446024,-27.26311251049,
    -75.94435537946));
#1128 = CARTESIAN_POINT('',(-61.08612529648,-27.14313863611,
    -75.99170822627));
#1129 = CARTESIAN_POINT('',(-60.95459131653,-26.8289053479,
    -76.09729453285));
#1130 = CARTESIAN_POINT('',(-60.89134306624,-26.62887164337,
    -76.14789356241));
#1131 = CARTESIAN_POINT('',(-60.84788847957,-26.42189754655,
    -76.18257766711));
#1132 = CARTESIAN_POINT('',(-60.82606349255,-26.21118655313,-76.2));
#1133 = CARTESIAN_POINT('',(-60.82606349255,-26.,-76.2));
#1134 = PCURVE('',#89,#1135);
#1135 = DEFINITIONAL_REPRESENTATION('',(#1136),#1227);
#1136 = B_SPLINE_CURVE_WITH_KNOTS('',5,(#1137,#1138,#1139,#1140,#1141,
    #1142,#1143,#1144,#1145,#1146,#1147,#1148,#1149,#1150,#1151,#1152,
    #1153,#1154,#1155,#1156,#1157,#1158,#1159,#1160,#1161,#1162,#1163,
    #1164,#1165,#1166,#1167,#1168,#1169,#1170,#1171,#1172,#1173,#1174,
    #1175,#1176,#1177,#1178,#1179,#1180,#1181,#1182,#1183,#1184,#1185,
    #1186,#1187,#1188,#1189,#1190,#1191,#1192,#1193,#1194,#1195,#1196,
    #1197,#1198,#1199,#1200,#1201,#1202,#1203,#1204,#1205,#1206,#1207,
    #1208,#1209,#1210,#1211,#1212,#1213,#1214,#1215,#1216,#1217,#1218,
    #1219,#1220,#1221,#1222,#1223,#1224,#1225,#1226),.UNSPECIFIED.,.T.,
  .F.,(6,4,4,4,4,4,4,4,4,4,4,4,4,4,4,4,4,4,4,4,4,4,6),(0.,
    4.511470148337E-02,7.423510605318E-02,0.111644148152,0.163433068965,
    0.226341666929,0.310319357276,0.345497916171,0.393566679809,
    0.433795714599,0.4698811831,0.500003966766,0.53034062792,
    0.566305340159,0.606161985383,0.653579779701,0.689359307852,
    0.773662911231,0.836948408731,0.888027018396,0.925823616397,
    0.955070526343,1.),.UNSPECIFIED.);
#1137 = CARTESIAN_POINT('',(2.244464583263,13.));
#1138 = CARTESIAN_POINT('',(2.244464583263,13.212055863857));
#1139 = CARTESIAN_POINT('',(2.244753367836,13.423626884793));
#1140 = CARTESIAN_POINT('',(2.245328281831,13.631415651988));
#1141 = CARTESIAN_POINT('',(2.246165634242,13.83218408163));
#1142 = CARTESIAN_POINT('',(2.247902877461,14.146408949107));
#1143 = CARTESIAN_POINT('',(2.248676384901,14.265772433466));
#1144 = CARTESIAN_POINT('',(2.249533245825,14.380935649415));
#1145 = CARTESIAN_POINT('',(2.250464459493,14.491650933165));
#1146 = CARTESIAN_POINT('',(2.252740470896,14.733992185443));
#1147 = CARTESIAN_POINT('',(2.254127926839,14.862641496416));
#1148 = CARTESIAN_POINT('',(2.255607052678,14.983643373116));
#1149 = CARTESIAN_POINT('',(2.257163993465,15.097032237519));
#1150 = CARTESIAN_POINT('',(2.261033871486,15.349469352871));
#1151 = CARTESIAN_POINT('',(2.263408402766,15.481694247956));
#1152 = CARTESIAN_POINT('',(2.265882455569,15.599979622332));
#1153 = CARTESIAN_POINT('',(2.268436355026,15.704757305713));
#1154 = CARTESIAN_POINT('',(2.27423734066,15.907546830603));
#1155 = CARTESIAN_POINT('',(2.277515899868,15.999288836034));
#1156 = CARTESIAN_POINT('',(2.280863078919,16.071983439703));
#1157 = CARTESIAN_POINT('',(2.284259317239,16.125822134416));
#1158 = CARTESIAN_POINT('',(2.292263116087,16.207031807918));
#1159 = CARTESIAN_POINT('',(2.29689549117,16.219500005164));
#1160 = CARTESIAN_POINT('',(2.301535838335,16.197454958559));
#1161 = CARTESIAN_POINT('',(2.306137943654,16.139473514918));
#1162 = CARTESIAN_POINT('',(2.312521942504,16.003127287385));
#1163 = CARTESIAN_POINT('',(2.314388321372,15.9561928663));
#1164 = CARTESIAN_POINT('',(2.316230964226,15.902434830652));
#1165 = CARTESIAN_POINT('',(2.318043834928,15.841710238023));
#1166 = CARTESIAN_POINT('',(2.3222474659,15.681187491613));
#1167 = CARTESIAN_POINT('',(2.324607466827,15.575191362491));
#1168 = CARTESIAN_POINT('',(2.326879976714,15.455612847038));
#1169 = CARTESIAN_POINT('',(2.329042412831,15.322328697889));
#1170 = CARTESIAN_POINT('',(2.332766454427,15.052389263268));
#1171 = CARTESIAN_POINT('',(2.334368742609,14.919813105673));
#1172 = CARTESIAN_POINT('',(2.335858343099,14.777918471728));
#1173 = CARTESIAN_POINT('',(2.337217591309,14.627181483023));
#1174 = CARTESIAN_POINT('',(2.339516628187,14.325749619309));
#1175 = CARTESIAN_POINT('',(2.340485232565,14.176644656192));
#1176 = CARTESIAN_POINT('',(2.341320710292,14.021772915094));
#1177 = CARTESIAN_POINT('',(2.342011448673,13.862105708371));
#1178 = CARTESIAN_POINT('',(2.342997659389,13.56242627263));
#1179 = CARTESIAN_POINT('',(2.343339482913,13.423556861402));
#1180 = CARTESIAN_POINT('',(2.34356917032,13.282964535231));
#1181 = CARTESIAN_POINT('',(2.343684046159,13.14148859556));
#1182 = CARTESIAN_POINT('',(2.343684046159,12.857506808525));
#1183 = CARTESIAN_POINT('',(2.34356753315,12.715026804086));
#1184 = CARTESIAN_POINT('',(2.343334574391,12.573449450611));
#1185 = CARTESIAN_POINT('',(2.342987920801,12.433631460188));
#1186 = CARTESIAN_POINT('',(2.341993643889,12.133687875336));
#1187 = CARTESIAN_POINT('',(2.341302258365,11.974650057846));
#1188 = CARTESIAN_POINT('',(2.340467267871,11.820390813501));
#1189 = CARTESIAN_POINT('',(2.33950018781,11.671869011773));
#1190 = CARTESIAN_POINT('',(2.337213422298,11.3725252826));
#1191 = CARTESIAN_POINT('',(2.335866857072,11.223186614581));
#1192 = CARTESIAN_POINT('',(2.334392302825,11.082525219705));
#1193 = CARTESIAN_POINT('',(2.332806944181,10.95100565658));
#1194 = CARTESIAN_POINT('',(2.32913178054,10.683619240013));
#1195 = CARTESIAN_POINT('',(2.327003027467,10.551637771338));
#1196 = CARTESIAN_POINT('',(2.324766395953,10.432994446687));
#1197 = CARTESIAN_POINT('',(2.322443694824,10.327578292874));
#1198 = CARTESIAN_POINT('',(2.31825174131,10.165373069426));
#1199 = CARTESIAN_POINT('',(2.316410623276,10.102980459296));
#1200 = CARTESIAN_POINT('',(2.314538301331,10.04780378158));
#1201 = CARTESIAN_POINT('',(2.312641165558,9.99969310298));
#1202 = CARTESIAN_POINT('',(2.306209731857,9.861434473016));
#1203 = CARTESIAN_POINT('',(2.301590128396,9.802804397101));
#1204 = CARTESIAN_POINT('',(2.296931615157,9.780403236899));
#1205 = CARTESIAN_POINT('',(2.292280954189,9.792787199723));
#1206 = CARTESIAN_POINT('',(2.284238720635,9.874386846785));
#1207 = CARTESIAN_POINT('',(2.280822252387,9.928664389484));
#1208 = CARTESIAN_POINT('',(2.277455562808,10.002023954053));
#1209 = CARTESIAN_POINT('',(2.274158563083,10.094661985346));
#1210 = CARTESIAN_POINT('',(2.268378551526,10.297718241316));
#1211 = CARTESIAN_POINT('',(2.265860944808,10.401269273383));
#1212 = CARTESIAN_POINT('',(2.263421207663,10.517964567593));
#1213 = CARTESIAN_POINT('',(2.261078237507,10.648217455739));
#1214 = CARTESIAN_POINT('',(2.257216687237,10.899116792587));
#1215 = CARTESIAN_POINT('',(2.255641596261,11.013490498148));
#1216 = CARTESIAN_POINT('',(2.25414571864,11.135635027021));
#1217 = CARTESIAN_POINT('',(2.252743321356,11.265586893388));
#1218 = CARTESIAN_POINT('',(2.250450847318,11.509890086307));
#1219 = CARTESIAN_POINT('',(2.249516405999,11.621146215265));
#1220 = CARTESIAN_POINT('',(2.248657065164,11.736887489505));
#1221 = CARTESIAN_POINT('',(2.247881949185,11.856861363889));
#1222 = CARTESIAN_POINT('',(2.246151997818,12.171094652093));
#1223 = CARTESIAN_POINT('',(2.24532125485,12.371128356622));
#1224 = CARTESIAN_POINT('',(2.244751004896,12.578102453444));
#1225 = CARTESIAN_POINT('',(2.244464583263,12.788813446866));
#1226 = CARTESIAN_POINT('',(2.244464583263,13.));
#1227 = ( GEOMETRIC_REPRESENTATION_CONTEXT(2) 
PARAMETRIC_REPRESENTATION_CONTEXT() REPRESENTATION_CONTEXT('2D SPACE',''
  ) );
#1228 = PCURVE('',#1229,#1234);
#1229 = CYLINDRICAL_SURFACE('',#1230,3.2);
#1230 = AXIS2_PLACEMENT_3D('',#1231,#1232,#1233);
#1231 = CARTESIAN_POINT('',(-71.,-26.,-73.));
#1232 = DIRECTION('',(1.,0.,2.22044604925E-16));
#1233 = DIRECTION('',(2.22044604925E-16,0.,-1.));
#1234 = DEFINITIONAL_REPRESENTATION('',(#1235),#1326);
#1235 = B_SPLINE_CURVE_WITH_KNOTS('',5,(#1236,#1237,#1238,#1239,#1240,
    #1241,#1242,#1243,#1244,#1245,#1246,#1247,#1248,#1249,#1250,#1251,
    #1252,#1253,#1254,#1255,#1256,#1257,#1258,#1259,#1260,#1261,#1262,
    #1263,#1264,#1265,#1266,#1267,#1268,#1269,#1270,#1271,#1272,#1273,
    #1274,#1275,#1276,#1277,#1278,#1279,#1280,#1281,#1282,#1283,#1284,
    #1285,#1286,#1287,#1288,#1289,#1290,#1291,#1292,#1293,#1294,#1295,
    #1296,#1297,#1298,#1299,#1300,#1301,#1302,#1303,#1304,#1305,#1306,
    #1307,#1308,#1309,#1310,#1311,#1312,#1313,#1314,#1315,#1316,#1317,
    #1318,#1319,#1320,#1321,#1322,#1323,#1324,#1325),.UNSPECIFIED.,.F.,
  .F.,(6,4,4,4,4,4,4,4,4,4,4,4,4,4,4,4,4,4,4,4,4,4,6),(0.,
    4.511470148337E-02,7.423510605318E-02,0.111644148152,0.163433068965,
    0.226341666929,0.310319357276,0.345497916171,0.393566679809,
    0.433795714599,0.4698811831,0.500003966766,0.53034062792,
    0.566305340159,0.606161985383,0.653579779701,0.689359307852,
    0.773662911231,0.836948408731,0.888027018396,0.925823616397,
    0.955070526343,1.),.UNSPECIFIED.);
#1236 = CARTESIAN_POINT('',(0.,10.173936507448));
#1237 = CARTESIAN_POINT('',(6.626745745538E-02,10.173936507448));
#1238 = CARTESIAN_POINT('',(0.132383467794,10.151931471726));
#1239 = CARTESIAN_POINT('',(0.197923468793,10.108121452147));
#1240 = CARTESIAN_POINT('',(0.262466150908,10.044370485738));
#1241 = CARTESIAN_POINT('',(0.366101498092,9.91228436755));
#1242 = CARTESIAN_POINT('',(0.406166223201,9.853508459797));
#1243 = CARTESIAN_POINT('',(0.445642290392,9.788449657618));
#1244 = CARTESIAN_POINT('',(0.484519980542,9.71781306716));
#1245 = CARTESIAN_POINT('',(0.571925967215,9.54535378085));
#1246 = CARTESIAN_POINT('',(0.620066255333,9.440348238945));
#1247 = CARTESIAN_POINT('',(0.667292918147,9.328564994879));
#1248 = CARTESIAN_POINT('',(0.713677225948,9.211090769612));
#1249 = CARTESIAN_POINT('',(0.822437643829,8.919607538229));
#1250 = CARTESIAN_POINT('',(0.884136533981,8.741146044457));
#1251 = CARTESIAN_POINT('',(0.94465013375,8.555669906226));
#1252 = CARTESIAN_POINT('',(1.004213820311,8.364723017614));
#1253 = CARTESIAN_POINT('',(1.134556167138,7.932225763778));
#1254 = CARTESIAN_POINT('',(1.205005282907,7.688585224789));
#1255 = CARTESIAN_POINT('',(1.274785739805,7.440725104094));
#1256 = CARTESIAN_POINT('',(1.344237608497,7.190158542173));
#1257 = CARTESIAN_POINT('',(1.506465433184,6.601874602291));
#1258 = CARTESIAN_POINT('',(1.599263374766,6.263069557289));
#1259 = CARTESIAN_POINT('',(1.692815624036,5.925449923359));
#1260 = CARTESIAN_POINT('',(1.787779845631,5.592383290596));
#1261 = CARTESIAN_POINT('',(1.925662864622,5.132664219771));
#1262 = CARTESIAN_POINT('',(1.966751392377,4.998556007544));
#1263 = CARTESIAN_POINT('',(2.008266829317,4.866438568422));
#1264 = CARTESIAN_POINT('',(2.05025504763,4.736729573798));
#1265 = CARTESIAN_POINT('',(2.150864971905,4.436571389808));
#1266 = CARTESIAN_POINT('',(2.209965235853,4.268545572843));
#1267 = CARTESIAN_POINT('',(2.270143617878,4.107204160583));
#1268 = CARTESIAN_POINT('',(2.331479153483,3.954076122811));
#1269 = CARTESIAN_POINT('',(2.446500789533,3.690960882714));
#1270 = CARTESIAN_POINT('',(2.499809703331,3.577995944849));
#1271 = CARTESIAN_POINT('',(2.553987633133,3.473181549164));
#1272 = CARTESIAN_POINT('',(2.609019246603,3.377696841575));
#1273 = CARTESIAN_POINT('',(2.715035402944,3.216403917036));
#1274 = CARTESIAN_POINT('',(2.765854678476,3.148549834839));
#1275 = CARTESIAN_POINT('',(2.817253457091,3.090091979094));
#1276 = CARTESIAN_POINT('',(2.869148608726,3.041800518249));
#1277 = CARTESIAN_POINT('',(2.965114381862,2.972886849269));
#1278 = CARTESIAN_POINT('',(3.009051043425,2.949018303673));
#1279 = CARTESIAN_POINT('',(3.053166235525,2.932986222381));
#1280 = CARTESIAN_POINT('',(3.097377467477,2.924967866332));
#1281 = CARTESIAN_POINT('',(3.186121775926,2.924967866332));
#1282 = CARTESIAN_POINT('',(3.230646778156,2.93310049778));
#1283 = CARTESIAN_POINT('',(3.27507365481,2.949360915213));
#1284 = CARTESIAN_POINT('',(3.319318321708,2.973566869169));
#1285 = CARTESIAN_POINT('',(3.415402116003,3.04304526184));
#1286 = CARTESIAN_POINT('',(3.467113592763,3.091382860469));
#1287 = CARTESIAN_POINT('',(3.518330525481,3.149807791612));
#1288 = CARTESIAN_POINT('',(3.568970871525,3.217556296584));
#1289 = CARTESIAN_POINT('',(3.67428779594,3.377990474213));
#1290 = CARTESIAN_POINT('',(3.72881061309,3.472584648963));
#1291 = CARTESIAN_POINT('',(3.78249535317,3.576339177502));
#1292 = CARTESIAN_POINT('',(3.835326923091,3.688106902282));
#1293 = CARTESIAN_POINT('',(3.949069212329,3.94775423971));
#1294 = CARTESIAN_POINT('',(4.009621012694,4.098483750912));
#1295 = CARTESIAN_POINT('',(4.06904402744,4.257257345274));
#1296 = CARTESIAN_POINT('',(4.127413227726,4.422598755036));
#1297 = CARTESIAN_POINT('',(4.228095875381,4.721857896377));
#1298 = CARTESIAN_POINT('',(4.270845578037,4.853563145172));
#1299 = CARTESIAN_POINT('',(4.313103345725,4.987787889549));
#1300 = CARTESIAN_POINT('',(4.354917215032,5.124090129556));
#1301 = CARTESIAN_POINT('',(4.493923905987,5.587187966657));
#1302 = CARTESIAN_POINT('',(4.589275126926,5.921499980628));
#1303 = CARTESIAN_POINT('',(4.683198304204,6.260427532338));
#1304 = CARTESIAN_POINT('',(4.776358316125,6.60056349127));
#1305 = CARTESIAN_POINT('',(4.939365168231,7.191672404738));
#1306 = CARTESIAN_POINT('',(5.009234470511,7.443737221065));
#1307 = CARTESIAN_POINT('',(5.079438074561,7.693053321353));
#1308 = CARTESIAN_POINT('',(5.150322343442,7.93808017386));
#1309 = CARTESIAN_POINT('',(5.280334403778,8.369048391674));
#1310 = CARTESIAN_POINT('',(5.339098310305,8.557289079396));
#1311 = CARTESIAN_POINT('',(5.398788013939,8.74019255363));
#1312 = CARTESIAN_POINT('',(5.459629688833,8.916275886092));
#1313 = CARTESIAN_POINT('',(5.567935353246,9.207114667368));
#1314 = CARTESIAN_POINT('',(5.614779932287,9.325953845396));
#1315 = CARTESIAN_POINT('',(5.662483050677,9.439000982329));
#1316 = CARTESIAN_POINT('',(5.71111822729,9.545137021871));
#1317 = CARTESIAN_POINT('',(5.799212777556,9.718845099725));
#1318 = CARTESIAN_POINT('',(5.838268281798,9.789727404623));
#1319 = CARTESIAN_POINT('',(5.877927346496,9.854975539757));
#1320 = CARTESIAN_POINT('',(5.918179843634,9.913874703515));
#1321 = CARTESIAN_POINT('',(6.021773017441,10.045408683469));
#1322 = CARTESIAN_POINT('',(6.086064260787,10.108656933754));
#1323 = CARTESIAN_POINT('',(6.151342259664,10.152111520423));
#1324 = CARTESIAN_POINT('',(6.217189509325,10.173936507448));
#1325 = CARTESIAN_POINT('',(6.28318530718,10.173936507448));
#1326 = ( GEOMETRIC_REPRESENTATION_CONTEXT(2) 
PARAMETRIC_REPRESENTATION_CONTEXT() REPRESENTATION_CONTEXT('2D SPACE',''
  ) );
#1327 = FACE_BOUND('',#1328,.T.);
#1328 = EDGE_LOOP('',(#1329));
#1329 = ORIENTED_EDGE('',*,*,#1330,.T.);
#1330 = EDGE_CURVE('',#1331,#1331,#1333,.T.);
#1331 = VERTEX_POINT('',#1332);
#1332 = CARTESIAN_POINT('',(-49.,-7.347880794884E-16,-84.29264499349));
#1333 = SURFACE_CURVE('',#1334,(#1427,#1523),.PCURVE_S1.);
#1334 = B_SPLINE_CURVE_WITH_KNOTS('',6,(#1335,#1336,#1337,#1338,#1339,
    #1340,#1341,#1342,#1343,#1344,#1345,#1346,#1347,#1348,#1349,#1350,
    #1351,#1352,#1353,#1354,#1355,#1356,#1357,#1358,#1359,#1360,#1361,
    #1362,#1363,#1364,#1365,#1366,#1367,#1368,#1369,#1370,#1371,#1372,
    #1373,#1374,#1375,#1376,#1377,#1378,#1379,#1380,#1381,#1382,#1383,
    #1384,#1385,#1386,#1387,#1388,#1389,#1390,#1391,#1392,#1393,#1394,
    #1395,#1396,#1397,#1398,#1399,#1400,#1401,#1402,#1403,#1404,#1405,
    #1406,#1407,#1408,#1409,#1410,#1411,#1412,#1413,#1414,#1415,#1416,
    #1417,#1418,#1419,#1420,#1421,#1422,#1423,#1424,#1425,#1426),
  .UNSPECIFIED.,.T.,.F.,(7,5,5,5,5,5,5,5,5,5,5,5,5,5,5,5,5,5,7),(0.,
    0.109849810765,0.144306912518,0.211879950646,0.27023639574,
    0.342609963906,0.389176470229,0.457319373533,0.501576072025,
    0.542808016633,0.59458546449,0.630111652797,0.656985862579,
    0.694036352048,0.74675989641,0.788040882047,0.834177622809,
    0.889948526165,1.),.UNSPECIFIED.);
#1335 = CARTESIAN_POINT('',(-49.,-4.440892098501E-16,-84.29264499349));
#1336 = CARTESIAN_POINT('',(-49.,0.336206518937,-84.29264499349));
#1337 = CARTESIAN_POINT('',(-49.04521379785,0.672906773916,
    -84.26636180668));
#1338 = CARTESIAN_POINT('',(-49.13589150506,1.003189960369,
    -84.21365030253));
#1339 = CARTESIAN_POINT('',(-49.27119232548,1.320081149159,
    -84.13475500519));
#1340 = CARTESIAN_POINT('',(-49.44924127613,1.616718646365,
    -84.0302724063));
#1341 = CARTESIAN_POINT('',(-49.73554558014,1.970803866483,
    -83.86078831632));
#1342 = CARTESIAN_POINT('',(-49.80779102628,2.052632079579,
    -83.81793093152));
#1343 = CARTESIAN_POINT('',(-49.88378818757,2.131495177804,
    -83.77274264905));
#1344 = CARTESIAN_POINT('',(-49.96338781355,2.207159767793,
    -83.72529190588));
#1345 = CARTESIAN_POINT('',(-50.04642239011,2.279405155686,
    -83.67565790925));
#1346 = CARTESIAN_POINT('',(-50.301915237,2.482588920861,-83.52248945954
    ));
#1347 = CARTESIAN_POINT('',(-50.48368709458,2.60325791545,
    -83.41295854378));
#1348 = CARTESIAN_POINT('',(-50.67640027189,2.708251511881,
    -83.29615051592));
#1349 = CARTESIAN_POINT('',(-50.87810500176,2.796156326774,
    -83.17309133619));
#1350 = CARTESIAN_POINT('',(-51.08662577222,2.865963829815,
    -83.04498435384));
#1351 = CARTESIAN_POINT('',(-51.48364480736,2.961279667104,
    -82.79934253365));
#1352 = CARTESIAN_POINT('',(-51.6708919898,2.991506835292,
    -82.68281256924));
#1353 = CARTESIAN_POINT('',(-51.85993173189,3.007460542916,
    -82.5644460629));
#1354 = CARTESIAN_POINT('',(-52.04924593488,3.009055575269,
    -82.4451688199));
#1355 = CARTESIAN_POINT('',(-52.23732216544,2.996454671967,
    -82.32594071205));
#1356 = CARTESIAN_POINT('',(-52.65261356786,2.937349952844,
    -82.06111525926));
#1357 = CARTESIAN_POINT('',(-52.87832032714,2.883438157466,
    -81.91610023623));
#1358 = CARTESIAN_POINT('',(-53.09745503085,2.809085780218,
    -81.77425520344));
#1359 = CARTESIAN_POINT('',(-53.30779596773,2.715378418554,
    -81.63713950592));
#1360 = CARTESIAN_POINT('',(-53.50732994362,2.603707819215,
    -81.50623181443));
#1361 = CARTESIAN_POINT('',(-53.8146223248,2.393407424666,
    -81.30348823317));
#1362 = CARTESIAN_POINT('',(-53.92977992355,2.304295837151,
    -81.2272038898));
#1363 = CARTESIAN_POINT('',(-54.03936026712,2.208812446303,
    -81.15434080465));
#1364 = CARTESIAN_POINT('',(-54.1429773934,2.107386202886,
    -81.08520570647));
#1365 = CARTESIAN_POINT('',(-54.24028371418,2.000470119895,
    -81.02008115233));
#1366 = CARTESIAN_POINT('',(-54.46367110066,1.724749913212,
    -80.87016799282));
#1367 = CARTESIAN_POINT('',(-54.58221658585,1.550196561544,
    -80.79023451413));
#1368 = CARTESIAN_POINT('',(-54.68562548071,1.366366712781,
    -80.72023061896));
#1369 = CARTESIAN_POINT('',(-54.77310871137,1.174834085212,
    -80.66082779985));
#1370 = CARTESIAN_POINT('',(-54.8440686279,0.977236397811,
    -80.61254499737));
#1371 = CARTESIAN_POINT('',(-54.93319214649,0.644068503393,
    -80.5518230934));
#1372 = CARTESIAN_POINT('',(-54.96114203673,0.511040278638,
    -80.53275331829));
#1373 = CARTESIAN_POINT('',(-54.9818369927,0.376640250507,
    -80.51862017389));
#1374 = CARTESIAN_POINT('',(-54.99520336187,0.241345796861,
    -80.50948782176));
#1375 = CARTESIAN_POINT('',(-55.00120641992,0.105637841962,
    -80.50538674555));
#1376 = CARTESIAN_POINT('',(-54.9985862879,-0.156366618352,
    -80.5071767526));
#1377 = CARTESIAN_POINT('',(-54.99093478469,-0.282671170285,
    -80.51240410542));
#1378 = CARTESIAN_POINT('',(-54.97689925571,-0.408521944441,
    -80.52199203276));
#1379 = CARTESIAN_POINT('',(-54.95651272345,-0.533530624107,
    -80.53591179987));
#1380 = CARTESIAN_POINT('',(-54.92983746879,-0.657311788222,
    -80.55410937893));
#1381 = CARTESIAN_POINT('',(-54.85568512171,-0.932900583484,
    -80.60462954957));
#1382 = CARTESIAN_POINT('',(-54.80463304169,-1.083777915828,
    -80.63937426066));
#1383 = CARTESIAN_POINT('',(-54.74398817758,-1.231372860916,
    -80.68058461025));
#1384 = CARTESIAN_POINT('',(-54.67399296529,-1.374962231316,
    -80.72805035449));
#1385 = CARTESIAN_POINT('',(-54.59495514718,-1.513842458667,
    -80.78150816672));
#1386 = CARTESIAN_POINT('',(-54.4470726998,-1.738920731466,
    -80.88121872261));
#1387 = CARTESIAN_POINT('',(-54.38281253303,-1.827976580728,
    -80.92446844883));
#1388 = CARTESIAN_POINT('',(-54.31458773948,-1.914280590451,
    -80.97029314334));
#1389 = CARTESIAN_POINT('',(-54.24252972323,-1.997621848592,
    -81.01858366462));
#1390 = CARTESIAN_POINT('',(-54.16678308178,-2.077795841106,
    -81.06922159129));
#1391 = CARTESIAN_POINT('',(-54.02753521209,-2.21270724369,
    -81.1620640086));
#1392 = CARTESIAN_POINT('',(-53.96554385643,-2.268884845173,
    -81.20331944817));
#1393 = CARTESIAN_POINT('',(-53.90160072893,-2.323050636528,
    -81.24578974243));
#1394 = CARTESIAN_POINT('',(-53.83577932416,-2.375120899724,
    -81.28941652813));
#1395 = CARTESIAN_POINT('',(-53.76815744154,-2.425014818564,
    -81.33413887709));
#1396 = CARTESIAN_POINT('',(-53.60322031173,-2.538333534554,
    -81.44297323927));
#1397 = CARTESIAN_POINT('',(-53.50435214306,-2.599731523507,
    -81.50801852078));
#1398 = CARTESIAN_POINT('',(-53.40243837804,-2.656635961012,
    -81.57485547512));
#1399 = CARTESIAN_POINT('',(-53.29771987684,-2.708850581376,
    -81.64330328331));
#1400 = CARTESIAN_POINT('',(-53.19045266098,-2.756195337751,
    -81.71317397311));
#1401 = CARTESIAN_POINT('',(-52.92502367427,-2.858715843677,
    -81.88544684642));
#1402 = CARTESIAN_POINT('',(-52.76449492443,-2.908744932378,
    -81.98912906169));
#1403 = CARTESIAN_POINT('',(-52.60019308318,-2.948078499157,
    -82.09469932888));
#1404 = CARTESIAN_POINT('',(-52.43305551711,-2.976317314358,
    -82.20151300807));
#1405 = CARTESIAN_POINT('',(-52.26406551741,-2.993182456508,
    -82.30891703092));
#1406 = CARTESIAN_POINT('',(-51.96125784174,-3.002698571084,
    -82.50031775901));
#1407 = CARTESIAN_POINT('',(-51.82778166668,-2.999809676634,
    -82.58432598079));
#1408 = CARTESIAN_POINT('',(-51.69434568577,-2.989781083066,
    -82.66794497085));
#1409 = CARTESIAN_POINT('',(-51.56149018148,-2.972605710867,
    -82.75083972655));
#1410 = CARTESIAN_POINT('',(-51.42975219038,-2.948341194496,
    -82.83268672966));
#1411 = CARTESIAN_POINT('',(-51.15427374276,-2.882204670636,
    -83.00312950774));
#1412 = CARTESIAN_POINT('',(-51.01095881168,-2.838600652102,
    -83.09137764343));
#1413 = CARTESIAN_POINT('',(-50.87047041342,-2.786476882436,
    -83.17747854917));
#1414 = CARTESIAN_POINT('',(-50.73352160751,-2.726109313609,
    -83.2610296451));
#1415 = CARTESIAN_POINT('',(-50.60078253734,-2.657869942555,
    -83.34166518619));
#1416 = CARTESIAN_POINT('',(-50.31825978282,-2.490786451297,
    -83.51260617573));
#1417 = CARTESIAN_POINT('',(-50.1707427522,-2.388550031762,
    -83.60139187032));
#1418 = CARTESIAN_POINT('',(-50.03127769386,-2.276272634862,
    -83.68491918738));
#1419 = CARTESIAN_POINT('',(-49.90071477718,-2.154835429468,
    -83.76276897042));
#1420 = CARTESIAN_POINT('',(-49.77977631072,-2.025229594008,
    -83.83460164546));
#1421 = CARTESIAN_POINT('',(-49.45050197495,-1.618816370141,
    -84.02953258394));
#1422 = CARTESIAN_POINT('',(-49.27195904943,-1.321875217871,
    -84.13430792121));
#1423 = CARTESIAN_POINT('',(-49.13627657352,-1.004592270589,
    -84.21342646102));
#1424 = CARTESIAN_POINT('',(-49.04534149921,-0.673858861901,
    -84.26628757235));
#1425 = CARTESIAN_POINT('',(-49.,-0.336680976418,-84.29264499349));
#1426 = CARTESIAN_POINT('',(-49.,-4.440892098501E-16,-84.29264499349));
#1427 = PCURVE('',#89,#1428);
#1428 = DEFINITIONAL_REPRESENTATION('',(#1429),#1522);
#1429 = B_SPLINE_CURVE_WITH_KNOTS('',6,(#1430,#1431,#1432,#1433,#1434,
    #1435,#1436,#1437,#1438,#1439,#1440,#1441,#1442,#1443,#1444,#1445,
    #1446,#1447,#1448,#1449,#1450,#1451,#1452,#1453,#1454,#1455,#1456,
    #1457,#1458,#1459,#1460,#1461,#1462,#1463,#1464,#1465,#1466,#1467,
    #1468,#1469,#1470,#1471,#1472,#1473,#1474,#1475,#1476,#1477,#1478,
    #1479,#1480,#1481,#1482,#1483,#1484,#1485,#1486,#1487,#1488,#1489,
    #1490,#1491,#1492,#1493,#1494,#1495,#1496,#1497,#1498,#1499,#1500,
    #1501,#1502,#1503,#1504,#1505,#1506,#1507,#1508,#1509,#1510,#1511,
    #1512,#1513,#1514,#1515,#1516,#1517,#1518,#1519,#1520,#1521),
  .UNSPECIFIED.,.T.,.F.,(7,5,5,5,5,5,5,5,5,5,5,5,5,5,5,5,5,5,7),(0.,
    0.109849810765,0.144306912518,0.211879950646,0.27023639574,
    0.342609963906,0.389176470229,0.457319373533,0.501576072025,
    0.542808016633,0.59458546449,0.630111652797,0.656985862579,
    0.694036352048,0.74675989641,0.788040882047,0.834177622809,
    0.889948526165,1.),.UNSPECIFIED.);
#1430 = CARTESIAN_POINT('',(2.097358412255,39.));
#1431 = CARTESIAN_POINT('',(2.097358412255,39.336206518937));
#1432 = CARTESIAN_POINT('',(2.097894803132,39.672906773916));
#1433 = CARTESIAN_POINT('',(2.098970551416,40.003189960369));
#1434 = CARTESIAN_POINT('',(2.100576939051,40.320081149159));
#1435 = CARTESIAN_POINT('',(2.102694270896,40.616718646365));
#1436 = CARTESIAN_POINT('',(2.106106666774,40.970803866483));
#1437 = CARTESIAN_POINT('',(2.106968214651,41.052632079579));
#1438 = CARTESIAN_POINT('',(2.107875053951,41.131495177804));
#1439 = CARTESIAN_POINT('',(2.108825511427,41.207159767793));
#1440 = CARTESIAN_POINT('',(2.109817697038,41.279405155686));
#1441 = CARTESIAN_POINT('',(2.112872956997,41.482588920861));
#1442 = CARTESIAN_POINT('',(2.115049583984,41.60325791545));
#1443 = CARTESIAN_POINT('',(2.117360849963,41.708251511881));
#1444 = CARTESIAN_POINT('',(2.119784220944,41.796156326774));
#1445 = CARTESIAN_POINT('',(2.122294249798,41.865963829815));
#1446 = CARTESIAN_POINT('',(2.127082620744,41.961279667104));
#1447 = CARTESIAN_POINT('',(2.129344627988,41.991506835292));
#1448 = CARTESIAN_POINT('',(2.131632200238,42.007460542916));
#1449 = CARTESIAN_POINT('',(2.133927124321,42.009055575269));
#1450 = CARTESIAN_POINT('',(2.136211051082,41.996454671967));
#1451 = CARTESIAN_POINT('',(2.141262783139,41.937349952844));
#1452 = CARTESIAN_POINT('',(2.144014332533,41.883438157466));
#1453 = CARTESIAN_POINT('',(2.146691607648,41.809085780218));
#1454 = CARTESIAN_POINT('',(2.149266827393,41.715378418554));
#1455 = CARTESIAN_POINT('',(2.15171444315,41.603707819215));
#1456 = CARTESIAN_POINT('',(2.155490328673,41.393407424666));
#1457 = CARTESIAN_POINT('',(2.156907069305,41.304295837151));
#1458 = CARTESIAN_POINT('',(2.158256744651,41.208812446303));
#1459 = CARTESIAN_POINT('',(2.159534321262,41.107386202886));
#1460 = CARTESIAN_POINT('',(2.160735228495,41.000470119895));
#1461 = CARTESIAN_POINT('',(2.163494486508,40.724749913212));
#1462 = CARTESIAN_POINT('',(2.16496091266,40.550196561544));
#1463 = CARTESIAN_POINT('',(2.166241686798,40.366366712781));
#1464 = CARTESIAN_POINT('',(2.167326250373,40.174834085212));
#1465 = CARTESIAN_POINT('',(2.168206542958,39.977236397811));
#1466 = CARTESIAN_POINT('',(2.169312626842,39.644068503393));
#1467 = CARTESIAN_POINT('',(2.169659659304,39.511040278638));
#1468 = CARTESIAN_POINT('',(2.169916689707,39.376640250507));
#1469 = CARTESIAN_POINT('',(2.170082723134,39.241345796861));
#1470 = CARTESIAN_POINT('',(2.170157289087,39.105637841962));
#1471 = CARTESIAN_POINT('',(2.170124743416,38.843633381648));
#1472 = CARTESIAN_POINT('',(2.170029700873,38.717328829715));
#1473 = CARTESIAN_POINT('',(2.169855364716,38.591478055559));
#1474 = CARTESIAN_POINT('',(2.169602180834,38.466469375893));
#1475 = CARTESIAN_POINT('',(2.169270989146,38.342688211778));
#1476 = CARTESIAN_POINT('',(2.168350716585,38.067099416516));
#1477 = CARTESIAN_POINT('',(2.167717346183,37.916222084172));
#1478 = CARTESIAN_POINT('',(2.166965327594,37.768627139084));
#1479 = CARTESIAN_POINT('',(2.166097929085,37.625037768684));
#1480 = CARTESIAN_POINT('',(2.165119277519,37.486157541333));
#1481 = CARTESIAN_POINT('',(2.163289969384,37.261079268534));
#1482 = CARTESIAN_POINT('',(2.162495517616,37.172023419272));
#1483 = CARTESIAN_POINT('',(2.161652585743,37.085719409549));
#1484 = CARTESIAN_POINT('',(2.160762915717,37.002378151408));
#1485 = CARTESIAN_POINT('',(2.159828414262,36.922204158894));
#1486 = CARTESIAN_POINT('',(2.158111891818,36.78729275631));
#1487 = CARTESIAN_POINT('',(2.157348155171,36.731115154827));
#1488 = CARTESIAN_POINT('',(2.156560850122,36.676949363472));
#1489 = CARTESIAN_POINT('',(2.155750934933,36.624879100276));
#1490 = CARTESIAN_POINT('',(2.154919418947,36.574985181436));
#1491 = CARTESIAN_POINT('',(2.15289266365,36.461666465446));
#1492 = CARTESIAN_POINT('',(2.151678858479,36.400268476493));
#1493 = CARTESIAN_POINT('',(2.150428857197,36.343364038988));
#1494 = CARTESIAN_POINT('',(2.149145739281,36.291149418624));
#1495 = CARTESIAN_POINT('',(2.147832753552,36.243804662249));
#1496 = CARTESIAN_POINT('',(2.14458727641,36.141284156323));
#1497 = CARTESIAN_POINT('',(2.142627273952,36.091255067622));
#1498 = CARTESIAN_POINT('',(2.140624255943,36.051921500843));
#1499 = CARTESIAN_POINT('',(2.138589870017,36.023682685642));
#1500 = CARTESIAN_POINT('',(2.136536204831,36.006817543492));
#1501 = CARTESIAN_POINT('',(2.132862079698,35.997301428916));
#1502 = CARTESIAN_POINT('',(2.13124451738,36.000190323366));
#1503 = CARTESIAN_POINT('',(2.129629428949,36.010218916934));
#1504 = CARTESIAN_POINT('',(2.128023326576,36.027394289133));
#1505 = CARTESIAN_POINT('',(2.126432632158,36.051658805504));
#1506 = CARTESIAN_POINT('',(2.123110139083,36.117795329364));
#1507 = CARTESIAN_POINT('',(2.121383927869,36.161399347898));
#1508 = CARTESIAN_POINT('',(2.119693947126,36.213523117564));
#1509 = CARTESIAN_POINT('',(2.118048580632,36.273890686391));
#1510 = CARTESIAN_POINT('',(2.116455641702,36.342130057445));
#1511 = CARTESIAN_POINT('',(2.113068852521,36.509213548703));
#1512 = CARTESIAN_POINT('',(2.111302961633,36.611449968238));
#1513 = CARTESIAN_POINT('',(2.109635635652,36.723727365138));
#1514 = CARTESIAN_POINT('',(2.108076554894,36.845164570532));
#1515 = CARTESIAN_POINT('',(2.106633860155,36.974770405992));
#1516 = CARTESIAN_POINT('',(2.102709263044,37.381183629859));
#1517 = CARTESIAN_POINT('',(2.100586042138,37.678124782129));
#1518 = CARTESIAN_POINT('',(2.098975119644,37.995407729411));
#1519 = CARTESIAN_POINT('',(2.097896318109,38.326141138099));
#1520 = CARTESIAN_POINT('',(2.097358412255,38.663319023582));
#1521 = CARTESIAN_POINT('',(2.097358412255,39.));
#1522 = ( GEOMETRIC_REPRESENTATION_CONTEXT(2) 
PARAMETRIC_REPRESENTATION_CONTEXT() REPRESENTATION_CONTEXT('2D SPACE',''
  ) );
#1523 = PCURVE('',#1524,#1529);
#1524 = CYLINDRICAL_SURFACE('',#1525,3.);
#1525 = AXIS2_PLACEMENT_3D('',#1526,#1527,#1528);
#1526 = CARTESIAN_POINT('',(-52.,0.,-86.));
#1527 = DIRECTION('',(0.,0.,1.));
#1528 = DIRECTION('',(1.,0.,-0.));
#1529 = DEFINITIONAL_REPRESENTATION('',(#1530),#1623);
#1530 = B_SPLINE_CURVE_WITH_KNOTS('',6,(#1531,#1532,#1533,#1534,#1535,
    #1536,#1537,#1538,#1539,#1540,#1541,#1542,#1543,#1544,#1545,#1546,
    #1547,#1548,#1549,#1550,#1551,#1552,#1553,#1554,#1555,#1556,#1557,
    #1558,#1559,#1560,#1561,#1562,#1563,#1564,#1565,#1566,#1567,#1568,
    #1569,#1570,#1571,#1572,#1573,#1574,#1575,#1576,#1577,#1578,#1579,
    #1580,#1581,#1582,#1583,#1584,#1585,#1586,#1587,#1588,#1589,#1590,
    #1591,#1592,#1593,#1594,#1595,#1596,#1597,#1598,#1599,#1600,#1601,
    #1602,#1603,#1604,#1605,#1606,#1607,#1608,#1609,#1610,#1611,#1612,
    #1613,#1614,#1615,#1616,#1617,#1618,#1619,#1620,#1621,#1622),
  .UNSPECIFIED.,.F.,.F.,(7,5,5,5,5,5,5,5,5,5,5,5,5,5,5,5,5,5,7),(0.,
    0.109849810765,0.144306912518,0.211879950646,0.27023639574,
    0.342609963906,0.389176470229,0.457319373533,0.501576072025,
    0.542808016633,0.59458546449,0.630111652797,0.656985862579,
    0.694036352048,0.74675989641,0.788040882047,0.834177622809,
    0.889948526165,1.),.UNSPECIFIED.);
#1531 = CARTESIAN_POINT('',(0.,1.707355006501));
#1532 = CARTESIAN_POINT('',(0.112068839646,1.707355006501));
#1533 = CARTESIAN_POINT('',(0.224302470075,1.73363819332));
#1534 = CARTESIAN_POINT('',(0.336929397253,1.786349697464));
#1535 = CARTESIAN_POINT('',(0.450200174211,1.865244994806));
#1536 = CARTESIAN_POINT('',(0.56440567377,1.969727593693));
#1537 = CARTESIAN_POINT('',(0.716190059441,2.139211683674));
#1538 = CARTESIAN_POINT('',(0.752541399441,2.18206906848));
#1539 = CARTESIAN_POINT('',(0.788996541258,2.227257350947));
#1540 = CARTESIAN_POINT('',(0.825551573428,2.274708094115));
#1541 = CARTESIAN_POINT('',(0.86220366447,2.324342090747));
#1542 = CARTESIAN_POINT('',(0.971015549667,2.477510540451));
#1543 = CARTESIAN_POINT('',(1.043474205763,2.58704145622));
#1544 = CARTESIAN_POINT('',(1.116209269333,2.703849484075));
#1545 = CARTESIAN_POINT('',(1.189127707467,2.826908663808));
#1546 = CARTESIAN_POINT('',(1.262146325739,2.955015646156));
#1547 = CARTESIAN_POINT('',(1.398246461712,3.200657466346));
#1548 = CARTESIAN_POINT('',(1.461289780206,3.317187430759));
#1549 = CARTESIAN_POINT('',(1.524254969555,3.4355539371));
#1550 = CARTESIAN_POINT('',(1.587093024579,3.554831180096));
#1551 = CARTESIAN_POINT('',(1.649751464061,3.674059287949));
#1552 = CARTESIAN_POINT('',(1.789576877722,3.938884740735));
#1553 = CARTESIAN_POINT('',(1.866594081974,4.083899763763));
#1554 = CARTESIAN_POINT('',(1.943237001381,4.225744796555));
#1555 = CARTESIAN_POINT('',(2.019515057234,4.362860494072));
#1556 = CARTESIAN_POINT('',(2.095426013496,4.493768185568));
#1557 = CARTESIAN_POINT('',(2.219547308775,4.696511766822));
#1558 = CARTESIAN_POINT('',(2.268001041756,4.772796110194));
#1559 = CARTESIAN_POINT('',(2.316326650543,4.845659195345));
#1560 = CARTESIAN_POINT('',(2.364537784817,4.914794293523));
#1561 = CARTESIAN_POINT('',(2.412647226618,4.979918847668));
#1562 = CARTESIAN_POINT('',(2.530932924454,5.129832007177));
#1563 = CARTESIAN_POINT('',(2.601016938874,5.209765485864));
#1564 = CARTESIAN_POINT('',(2.670951896431,5.279769381039));
#1565 = CARTESIAN_POINT('',(2.740772573662,5.339172200146));
#1566 = CARTESIAN_POINT('',(2.810513676918,5.387455002624));
#1567 = CARTESIAN_POINT('',(2.925474466097,5.448176906594));
#1568 = CARTESIAN_POINT('',(2.970718614462,5.467246681705));
#1569 = CARTESIAN_POINT('',(3.015946507601,5.481379826102));
#1570 = CARTESIAN_POINT('',(3.061164229086,5.490512178236));
#1571 = CARTESIAN_POINT('',(3.106377945552,5.494613254448));
#1572 = CARTESIAN_POINT('',(3.193717132579,5.492823247398));
#1573 = CARTESIAN_POINT('',(3.235841860152,5.487595894579));
#1574 = CARTESIAN_POINT('',(3.277971540986,5.478007967231));
#1575 = CARTESIAN_POINT('',(3.320110813592,5.464088200123));
#1576 = CARTESIAN_POINT('',(3.362264250645,5.445890621069));
#1577 = CARTESIAN_POINT('',(3.457394427334,5.395370450429));
#1578 = CARTESIAN_POINT('',(3.510381169354,5.360625739331));
#1579 = CARTESIAN_POINT('',(3.563409494503,5.31941538975));
#1580 = CARTESIAN_POINT('',(3.616494449293,5.271949645509));
#1581 = CARTESIAN_POINT('',(3.669650988686,5.218491833275));
#1582 = CARTESIAN_POINT('',(3.759421960937,5.118781277387));
#1583 = CARTESIAN_POINT('',(3.795993357618,5.075531551168));
#1584 = CARTESIAN_POINT('',(3.832611652687,5.02970685666));
#1585 = CARTESIAN_POINT('',(3.869282677718,4.981416335373));
#1586 = CARTESIAN_POINT('',(3.906012380691,4.93077840871));
#1587 = CARTESIAN_POINT('',(3.970640423934,4.837935991394));
#1588 = CARTESIAN_POINT('',(3.998511287141,4.796680551827));
#1589 = CARTESIAN_POINT('',(4.026421618869,4.754210257569));
#1590 = CARTESIAN_POINT('',(4.054373710786,4.710583471866));
#1591 = CARTESIAN_POINT('',(4.082369942972,4.665861122902));
#1592 = CARTESIAN_POINT('',(4.149074422401,4.557026760729));
#1593 = CARTESIAN_POINT('',(4.187826606217,4.491981479211));
#1594 = CARTESIAN_POINT('',(4.226671620441,4.425144524878));
#1595 = CARTESIAN_POINT('',(4.265612429021,4.356696716681));
#1596 = CARTESIAN_POINT('',(4.304652674783,4.286826026889));
#1597 = CARTESIAN_POINT('',(4.399499335313,4.114553153578));
#1598 = CARTESIAN_POINT('',(4.455423488149,4.01087093831));
#1599 = CARTESIAN_POINT('',(4.511547511312,3.905300671111));
#1600 = CARTESIAN_POINT('',(4.567855222513,3.798486991929));
#1601 = CARTESIAN_POINT('',(4.624334025847,3.69108296908));
#1602 = CARTESIAN_POINT('',(4.725319748095,3.499682240981));
#1603 = CARTESIAN_POINT('',(4.769759607384,3.415674019205));
#1604 = CARTESIAN_POINT('',(4.814268304668,3.332055029141));
#1605 = CARTESIAN_POINT('',(4.858826002199,3.249160273449));
#1606 = CARTESIAN_POINT('',(4.903413507511,3.167313270331));
#1607 = CARTESIAN_POINT('',(4.997848914532,2.996870492258));
#1608 = CARTESIAN_POINT('',(5.047693693006,2.908622356561));
#1609 = CARTESIAN_POINT('',(5.097508101388,2.822521450823));
#1610 = CARTESIAN_POINT('',(5.147262609407,2.738970354899));
#1611 = CARTESIAN_POINT('',(5.196926197024,2.658334813806));
#1612 = CARTESIAN_POINT('',(5.306336738804,2.487393824263));
#1613 = CARTESIAN_POINT('',(5.366009015541,2.398608129679));
#1614 = CARTESIAN_POINT('',(5.425461049136,2.315080812619));
#1615 = CARTESIAN_POINT('',(5.484673048435,2.237231029579));
#1616 = CARTESIAN_POINT('',(5.543617910535,2.165398354539));
#1617 = CARTESIAN_POINT('',(5.71797173238,1.970467416056));
#1618 = CARTESIAN_POINT('',(5.832343786945,1.865692078786));
#1619 = CARTESIAN_POINT('',(5.94577773803,1.786573538973));
#1620 = CARTESIAN_POINT('',(6.058565472898,1.733712427643));
#1621 = CARTESIAN_POINT('',(6.17095831504,1.707355006501));
#1622 = CARTESIAN_POINT('',(6.28318530718,1.707355006501));
#1623 = ( GEOMETRIC_REPRESENTATION_CONTEXT(2) 
PARAMETRIC_REPRESENTATION_CONTEXT() REPRESENTATION_CONTEXT('2D SPACE',''
  ) );
#1624 = FACE_BOUND('',#1625,.T.);
#1625 = EDGE_LOOP('',(#1626));
#1626 = ORIENTED_EDGE('',*,*,#1627,.T.);
#1627 = EDGE_CURVE('',#1628,#1628,#1630,.T.);
#1628 = VERTEX_POINT('',#1629);
#1629 = CARTESIAN_POINT('',(-60.82606349255,26.,-76.2));
#1630 = SURFACE_CURVE('',#1631,(#1722,#1816),.PCURVE_S1.);
#1631 = B_SPLINE_CURVE_WITH_KNOTS('',5,(#1632,#1633,#1634,#1635,#1636,
    #1637,#1638,#1639,#1640,#1641,#1642,#1643,#1644,#1645,#1646,#1647,
    #1648,#1649,#1650,#1651,#1652,#1653,#1654,#1655,#1656,#1657,#1658,
    #1659,#1660,#1661,#1662,#1663,#1664,#1665,#1666,#1667,#1668,#1669,
    #1670,#1671,#1672,#1673,#1674,#1675,#1676,#1677,#1678,#1679,#1680,
    #1681,#1682,#1683,#1684,#1685,#1686,#1687,#1688,#1689,#1690,#1691,
    #1692,#1693,#1694,#1695,#1696,#1697,#1698,#1699,#1700,#1701,#1702,
    #1703,#1704,#1705,#1706,#1707,#1708,#1709,#1710,#1711,#1712,#1713,
    #1714,#1715,#1716,#1717,#1718,#1719,#1720,#1721),.UNSPECIFIED.,.T.,
  .F.,(6,4,4,4,4,4,4,4,4,4,4,4,4,4,4,4,4,4,4,4,4,4,6),(0.,
    4.511470253764E-02,7.423510666221E-02,0.11164414819,0.163433070503,
    0.226341671548,0.310319360847,0.345497919302,0.393566682329,
    0.433795716593,0.46988118462,0.50000396789,0.530340628646,
    0.566305340413,0.606161985114,0.653579778815,0.689359306505,
    0.773662908795,0.836948409615,0.888027018998,0.925823616792,
    0.95507052658,1.),.UNSPECIFIED.);
#1632 = CARTESIAN_POINT('',(-60.82606349255,26.,-76.2));
#1633 = CARTESIAN_POINT('',(-60.82606349255,26.212055872007,-76.2));
#1634 = CARTESIAN_POINT('',(-60.84806852556,26.423626864839,
    -76.18243393178));
#1635 = CARTESIAN_POINT('',(-60.89187855296,26.631415671351,
    -76.1474661673));
#1636 = CARTESIAN_POINT('',(-60.95562951115,26.832184074247,
    -76.09646395889));
#1637 = CARTESIAN_POINT('',(-61.08771563245,27.146408949107,
    -75.99042974983));
#1638 = CARTESIAN_POINT('',(-61.1464915402,27.265772433466,
    -75.94317389328));
#1639 = CARTESIAN_POINT('',(-61.21155034238,27.380935649415,
    -75.89076251595));
#1640 = CARTESIAN_POINT('',(-61.28218693284,27.491650933166,
    -75.83371940873));
#1641 = CARTESIAN_POINT('',(-61.45464621915,27.733992185447,
    -75.69406864407));
#1642 = CARTESIAN_POINT('',(-61.55965176105,27.862641496412,
    -75.60878247788));
#1643 = CARTESIAN_POINT('',(-61.67143500511,27.983643373114,
    -75.51766441027));
#1644 = CARTESIAN_POINT('',(-61.78890923039,28.097032237523,
    -75.4215203828));
#1645 = CARTESIAN_POINT('',(-62.08039246924,28.349469359346,
    -75.18193175713));
#1646 = CARTESIAN_POINT('',(-62.25885393648,28.48169423438,
    -75.0344465164));
#1647 = CARTESIAN_POINT('',(-62.44433011253,28.599979633572,
    -74.88021766823));
#1648 = CARTESIAN_POINT('',(-62.63527697499,28.704757302249,
    -74.72039412318));
#1649 = CARTESIAN_POINT('',(-63.06777424994,28.907546837038,
    -74.35591492501));
#1650 = CARTESIAN_POINT('',(-63.31141473824,28.999288822823,
    -74.14897772562));
#1651 = CARTESIAN_POINT('',(-63.55927493393,29.071983449341,
    -73.93667545411));
#1652 = CARTESIAN_POINT('',(-63.80984144233,29.125822132278,
    -73.72018608652));
#1653 = CARTESIAN_POINT('',(-64.3981253977,29.207031807918,
    -73.20744837394));
#1654 = CARTESIAN_POINT('',(-64.73693044271,29.219500005164,
    -72.9087657785));
#1655 = CARTESIAN_POINT('',(-65.07455007664,29.197454958559,
    -72.60756954683));
#1656 = CARTESIAN_POINT('',(-65.4076167094,29.139473514918,
    -72.30688842426));
#1657 = CARTESIAN_POINT('',(-65.86733578023,29.003127287385,
    -71.88725788442));
#1658 = CARTESIAN_POINT('',(-66.00144399245,28.9561928663,
    -71.76425804033));
#1659 = CARTESIAN_POINT('',(-66.13356143157,28.902434830652,
    -71.64251201036));
#1660 = CARTESIAN_POINT('',(-66.2632704262,28.841710238023,
    -71.5224369632));
#1661 = CARTESIAN_POINT('',(-66.56342861015,28.681187491634,
    -71.24335743665));
#1662 = CARTESIAN_POINT('',(-66.73145442719,28.575191362477,
    -71.08615090518));
#1663 = CARTESIAN_POINT('',(-66.89279583944,28.455612847002,
    -70.93428703911));
#1664 = CARTESIAN_POINT('',(-67.04592387715,28.322328697927,
    -70.78935769838));
#1665 = CARTESIAN_POINT('',(-67.30903911727,28.05238926328,
    -70.5391424637));
#1666 = CARTESIAN_POINT('',(-67.42200405516,27.919813105665,
    -70.43123183784));
#1667 = CARTESIAN_POINT('',(-67.52681845084,27.777918471714,
    -70.33069553211));
#1668 = CARTESIAN_POINT('',(-67.62230315841,27.627181483037,
    -70.23879325662));
#1669 = CARTESIAN_POINT('',(-67.78359608296,27.325749619305,
    -70.08313161172));
#1670 = CARTESIAN_POINT('',(-67.85145016515,27.176644656194,
    -70.01744633661));
#1671 = CARTESIAN_POINT('',(-67.9099080209,27.021772915098,
    -69.96071655589));
#1672 = CARTESIAN_POINT('',(-67.95819948175,26.862105708367,
    -69.91377453519));
#1673 = CARTESIAN_POINT('',(-68.02711315073,26.56242627263,
    -69.84671638851));
#1674 = CARTESIAN_POINT('',(-68.05098169632,26.423556861402,
    -69.82345623101));
#1675 = CARTESIAN_POINT('',(-68.06701377761,26.282964535231,
    -69.80782015395));
#1676 = CARTESIAN_POINT('',(-68.07503213366,26.14148859556,-69.8));
#1677 = CARTESIAN_POINT('',(-68.07503213366,25.857506808526,-69.8));
#1678 = CARTESIAN_POINT('',(-68.06689950222,25.715026804086,
    -69.8079316034));
#1679 = CARTESIAN_POINT('',(-68.05063908478,25.573449450611,
    -69.82379038197));
#1680 = CARTESIAN_POINT('',(-68.02643313083,25.433631460188,
    -69.84737907033));
#1681 = CARTESIAN_POINT('',(-67.95695473816,25.133687875335,
    -69.91498457377));
#1682 = CARTESIAN_POINT('',(-67.90861713953,24.974650057846,
    -69.96196965412));
#1683 = CARTESIAN_POINT('',(-67.85019220838,24.820390813501,
    -70.01866514908));
#1684 = CARTESIAN_POINT('',(-67.78244370341,24.671869011773,
    -70.08424580637));
#1685 = CARTESIAN_POINT('',(-67.62200952578,24.3725252826,
    -70.23907433921));
#1686 = CARTESIAN_POINT('',(-67.52741535103,24.223186614581,
    -70.33011864304));
#1687 = CARTESIAN_POINT('',(-67.42366082249,24.082525219705,
    -70.42964063714));
#1688 = CARTESIAN_POINT('',(-67.31189309771,23.95100565658,
    -70.53641489563));
#1689 = CARTESIAN_POINT('',(-67.05224576027,23.683619239997,
    -70.78336133083));
#1690 = CARTESIAN_POINT('',(-66.90151624909,23.551637771353,
    -70.92604725581));
#1691 = CARTESIAN_POINT('',(-66.74274265474,23.432994446693,
    -71.07553527944));
#1692 = CARTESIAN_POINT('',(-66.57740124494,23.327578292864,
    -71.23028784697));
#1693 = CARTESIAN_POINT('',(-66.27814210362,23.165373069426,
    -71.50866223479));
#1694 = CARTESIAN_POINT('',(-66.14643685482,23.102980459296,
    -71.63063505299));
#1695 = CARTESIAN_POINT('',(-66.01221211045,23.04780378158,
    -71.75436449785));
#1696 = CARTESIAN_POINT('',(-65.87590987044,22.99969310298,
    -71.87940878407));
#1697 = CARTESIAN_POINT('',(-65.41281203334,22.861434473016,
    -72.30219790287));
#1698 = CARTESIAN_POINT('',(-65.07850001937,22.802804397101,
    -72.60404561017));
#1699 = CARTESIAN_POINT('',(-64.73957246766,22.780403236899,
    -72.9064365713));
#1700 = CARTESIAN_POINT('',(-64.39943650873,22.792787199723,
    -73.20630563316));
#1701 = CARTESIAN_POINT('',(-63.80832757869,22.874386849072,
    -73.72150554283));
#1702 = CARTESIAN_POINT('',(-63.55626281894,22.928664379684,
    -73.93927785926));
#1703 = CARTESIAN_POINT('',(-63.30694664072,23.002023967155,
    -74.1528046095));
#1704 = CARTESIAN_POINT('',(-63.06191983995,23.094661978835,
    -74.36088701354));
#1705 = CARTESIAN_POINT('',(-62.63095160832,23.297718241315,
    -74.72400720892));
#1706 = CARTESIAN_POINT('',(-62.4427109206,23.401269273383,
    -74.8815507948));
#1707 = CARTESIAN_POINT('',(-62.25980744637,23.517964567593,
    -75.03364043749));
#1708 = CARTESIAN_POINT('',(-62.0837241139,23.648217455739,
    -75.17917279471));
#1709 = CARTESIAN_POINT('',(-61.79288533262,23.899116792591,
    -75.41826675172));
#1710 = CARTESIAN_POINT('',(-61.6740461546,24.013490498145,
    -75.51553711657));
#1711 = CARTESIAN_POINT('',(-61.56099901767,24.135635027016,
    -75.60768973159));
#1712 = CARTESIAN_POINT('',(-61.45486297812,24.265586893393,
    -75.69389470004));
#1713 = CARTESIAN_POINT('',(-61.28115490027,24.509890086307,
    -75.83455387585));
#1714 = CARTESIAN_POINT('',(-61.21027259537,24.621146215265,
    -75.8917936058));
#1715 = CARTESIAN_POINT('',(-61.14502446024,24.736887489505,
    -75.94435537946));
#1716 = CARTESIAN_POINT('',(-61.08612529648,24.856861363889,
    -75.99170822627));
#1717 = CARTESIAN_POINT('',(-60.95459131651,25.171094652123,
    -76.09729453286));
#1718 = CARTESIAN_POINT('',(-60.89134306627,25.371128356426,
    -76.14789356239));
#1719 = CARTESIAN_POINT('',(-60.84788847955,25.578102453758,
    -76.18257766712));
#1720 = CARTESIAN_POINT('',(-60.82606349255,25.788813446694,-76.2));
#1721 = CARTESIAN_POINT('',(-60.82606349255,26.,-76.2));
#1722 = PCURVE('',#89,#1723);
#1723 = DEFINITIONAL_REPRESENTATION('',(#1724),#1815);
#1724 = B_SPLINE_CURVE_WITH_KNOTS('',5,(#1725,#1726,#1727,#1728,#1729,
    #1730,#1731,#1732,#1733,#1734,#1735,#1736,#1737,#1738,#1739,#1740,
    #1741,#1742,#1743,#1744,#1745,#1746,#1747,#1748,#1749,#1750,#1751,
    #1752,#1753,#1754,#1755,#1756,#1757,#1758,#1759,#1760,#1761,#1762,
    #1763,#1764,#1765,#1766,#1767,#1768,#1769,#1770,#1771,#1772,#1773,
    #1774,#1775,#1776,#1777,#1778,#1779,#1780,#1781,#1782,#1783,#1784,
    #1785,#1786,#1787,#1788,#1789,#1790,#1791,#1792,#1793,#1794,#1795,
    #1796,#1797,#1798,#1799,#1800,#1801,#1802,#1803,#1804,#1805,#1806,
    #1807,#1808,#1809,#1810,#1811,#1812,#1813,#1814),.UNSPECIFIED.,.T.,
  .F.,(6,4,4,4,4,4,4,4,4,4,4,4,4,4,4,4,4,4,4,4,4,4,6),(0.,
    4.511470253764E-02,7.423510666221E-02,0.11164414819,0.163433070503,
    0.226341671548,0.310319360847,0.345497919302,0.393566682329,
    0.433795716593,0.46988118462,0.50000396789,0.530340628646,
    0.566305340413,0.606161985114,0.653579778815,0.689359306505,
    0.773662908795,0.836948409615,0.888027018998,0.925823616792,
    0.95507052658,1.),.UNSPECIFIED.);
#1725 = CARTESIAN_POINT('',(2.244464583263,65.));
#1726 = CARTESIAN_POINT('',(2.244464583263,65.212055872007));
#1727 = CARTESIAN_POINT('',(2.2447533678,65.423626864839));
#1728 = CARTESIAN_POINT('',(2.245328281898,65.631415671351));
#1729 = CARTESIAN_POINT('',(2.246165634201,65.832184074247));
#1730 = CARTESIAN_POINT('',(2.247902877461,66.146408949107));
#1731 = CARTESIAN_POINT('',(2.248676384901,66.265772433466));
#1732 = CARTESIAN_POINT('',(2.249533245825,66.380935649415));
#1733 = CARTESIAN_POINT('',(2.250464459493,66.491650933166));
#1734 = CARTESIAN_POINT('',(2.252740470896,66.733992185447));
#1735 = CARTESIAN_POINT('',(2.254127926839,66.862641496412));
#1736 = CARTESIAN_POINT('',(2.255607052678,66.983643373114));
#1737 = CARTESIAN_POINT('',(2.257163993465,67.097032237523));
#1738 = CARTESIAN_POINT('',(2.261033871586,67.349469359346));
#1739 = CARTESIAN_POINT('',(2.263408402512,67.48169423438));
#1740 = CARTESIAN_POINT('',(2.26588245582,67.599979633572));
#1741 = CARTESIAN_POINT('',(2.268436354927,67.704757302249));
#1742 = CARTESIAN_POINT('',(2.274237340844,67.907546837038));
#1743 = CARTESIAN_POINT('',(2.27751589937,67.999288822823));
#1744 = CARTESIAN_POINT('',(2.280863079434,68.071983449341));
#1745 = CARTESIAN_POINT('',(2.284259317029,68.125822132278));
#1746 = CARTESIAN_POINT('',(2.292263116087,68.207031807918));
#1747 = CARTESIAN_POINT('',(2.29689549117,68.219500005164));
#1748 = CARTESIAN_POINT('',(2.301535838335,68.197454958559));
#1749 = CARTESIAN_POINT('',(2.306137943654,68.139473514918));
#1750 = CARTESIAN_POINT('',(2.312521942504,68.003127287385));
#1751 = CARTESIAN_POINT('',(2.314388321372,67.9561928663));
#1752 = CARTESIAN_POINT('',(2.316230964226,67.902434830652));
#1753 = CARTESIAN_POINT('',(2.318043834928,67.841710238023));
#1754 = CARTESIAN_POINT('',(2.3222474659,67.681187491634));
#1755 = CARTESIAN_POINT('',(2.324607466828,67.575191362477));
#1756 = CARTESIAN_POINT('',(2.326879976714,67.455612847002));
#1757 = CARTESIAN_POINT('',(2.329042412831,67.322328697927));
#1758 = CARTESIAN_POINT('',(2.332766454427,67.05238926328));
#1759 = CARTESIAN_POINT('',(2.334368742609,66.919813105665));
#1760 = CARTESIAN_POINT('',(2.335858343099,66.777918471714));
#1761 = CARTESIAN_POINT('',(2.337217591309,66.627181483037));
#1762 = CARTESIAN_POINT('',(2.339516628187,66.325749619305));
#1763 = CARTESIAN_POINT('',(2.340485232565,66.176644656194));
#1764 = CARTESIAN_POINT('',(2.341320710292,66.021772915098));
#1765 = CARTESIAN_POINT('',(2.342011448673,65.862105708367));
#1766 = CARTESIAN_POINT('',(2.342997659389,65.56242627263));
#1767 = CARTESIAN_POINT('',(2.343339482913,65.423556861402));
#1768 = CARTESIAN_POINT('',(2.34356917032,65.282964535231));
#1769 = CARTESIAN_POINT('',(2.343684046159,65.14148859556));
#1770 = CARTESIAN_POINT('',(2.343684046159,64.857506808526));
#1771 = CARTESIAN_POINT('',(2.34356753315,64.715026804086));
#1772 = CARTESIAN_POINT('',(2.343334574391,64.573449450611));
#1773 = CARTESIAN_POINT('',(2.342987920801,64.433631460188));
#1774 = CARTESIAN_POINT('',(2.341993643889,64.133687875335));
#1775 = CARTESIAN_POINT('',(2.341302258365,63.974650057846));
#1776 = CARTESIAN_POINT('',(2.340467267871,63.820390813501));
#1777 = CARTESIAN_POINT('',(2.33950018781,63.671869011773));
#1778 = CARTESIAN_POINT('',(2.337213422298,63.3725252826));
#1779 = CARTESIAN_POINT('',(2.335866857072,63.223186614581));
#1780 = CARTESIAN_POINT('',(2.334392302825,63.082525219705));
#1781 = CARTESIAN_POINT('',(2.332806944181,62.95100565658));
#1782 = CARTESIAN_POINT('',(2.32913178054,62.683619239997));
#1783 = CARTESIAN_POINT('',(2.327003027468,62.551637771353));
#1784 = CARTESIAN_POINT('',(2.324766395953,62.432994446693));
#1785 = CARTESIAN_POINT('',(2.322443694824,62.327578292864));
#1786 = CARTESIAN_POINT('',(2.31825174131,62.165373069426));
#1787 = CARTESIAN_POINT('',(2.316410623276,62.102980459296));
#1788 = CARTESIAN_POINT('',(2.314538301331,62.04780378158));
#1789 = CARTESIAN_POINT('',(2.312641165558,61.99969310298));
#1790 = CARTESIAN_POINT('',(2.306209731857,61.861434473016));
#1791 = CARTESIAN_POINT('',(2.301590128396,61.802804397101));
#1792 = CARTESIAN_POINT('',(2.296931615157,61.780403236899));
#1793 = CARTESIAN_POINT('',(2.292280954189,61.792787199723));
#1794 = CARTESIAN_POINT('',(2.28423872041,61.874386849072));
#1795 = CARTESIAN_POINT('',(2.280822252929,61.928664379684));
#1796 = CARTESIAN_POINT('',(2.277455562297,62.002023967155));
#1797 = CARTESIAN_POINT('',(2.274158563269,62.094661978835));
#1798 = CARTESIAN_POINT('',(2.268378551526,62.297718241315));
#1799 = CARTESIAN_POINT('',(2.265860944808,62.401269273383));
#1800 = CARTESIAN_POINT('',(2.263421207663,62.517964567593));
#1801 = CARTESIAN_POINT('',(2.261078237507,62.648217455739));
#1802 = CARTESIAN_POINT('',(2.257216687237,62.899116792591));
#1803 = CARTESIAN_POINT('',(2.255641596261,63.013490498145));
#1804 = CARTESIAN_POINT('',(2.25414571864,63.135635027016));
#1805 = CARTESIAN_POINT('',(2.252743321356,63.265586893393));
#1806 = CARTESIAN_POINT('',(2.250450847318,63.509890086307));
#1807 = CARTESIAN_POINT('',(2.249516405999,63.621146215265));
#1808 = CARTESIAN_POINT('',(2.248657065164,63.736887489505));
#1809 = CARTESIAN_POINT('',(2.247881949185,63.856861363889));
#1810 = CARTESIAN_POINT('',(2.246151997818,64.171094652123));
#1811 = CARTESIAN_POINT('',(2.245321254851,64.371128356426));
#1812 = CARTESIAN_POINT('',(2.244751004896,64.578102453758));
#1813 = CARTESIAN_POINT('',(2.244464583263,64.788813446694));
#1814 = CARTESIAN_POINT('',(2.244464583263,65.));
#1815 = ( GEOMETRIC_REPRESENTATION_CONTEXT(2) 
PARAMETRIC_REPRESENTATION_CONTEXT() REPRESENTATION_CONTEXT('2D SPACE',''
  ) );
#1816 = PCURVE('',#1817,#1822);
#1817 = CYLINDRICAL_SURFACE('',#1818,3.2);
#1818 = AXIS2_PLACEMENT_3D('',#1819,#1820,#1821);
#1819 = CARTESIAN_POINT('',(-71.,26.,-73.));
#1820 = DIRECTION('',(1.,0.,2.22044604925E-16));
#1821 = DIRECTION('',(2.22044604925E-16,0.,-1.));
#1822 = DEFINITIONAL_REPRESENTATION('',(#1823),#1914);
#1823 = B_SPLINE_CURVE_WITH_KNOTS('',5,(#1824,#1825,#1826,#1827,#1828,
    #1829,#1830,#1831,#1832,#1833,#1834,#1835,#1836,#1837,#1838,#1839,
    #1840,#1841,#1842,#1843,#1844,#1845,#1846,#1847,#1848,#1849,#1850,
    #1851,#1852,#1853,#1854,#1855,#1856,#1857,#1858,#1859,#1860,#1861,
    #1862,#1863,#1864,#1865,#1866,#1867,#1868,#1869,#1870,#1871,#1872,
    #1873,#1874,#1875,#1876,#1877,#1878,#1879,#1880,#1881,#1882,#1883,
    #1884,#1885,#1886,#1887,#1888,#1889,#1890,#1891,#1892,#1893,#1894,
    #1895,#1896,#1897,#1898,#1899,#1900,#1901,#1902,#1903,#1904,#1905,
    #1906,#1907,#1908,#1909,#1910,#1911,#1912,#1913),.UNSPECIFIED.,.F.,
  .F.,(6,4,4,4,4,4,4,4,4,4,4,4,4,4,4,4,4,4,4,4,4,4,6),(0.,
    4.511470253764E-02,7.423510666221E-02,0.11164414819,0.163433070503,
    0.226341671548,0.310319360847,0.345497919302,0.393566682329,
    0.433795716593,0.46988118462,0.50000396789,0.530340628646,
    0.566305340413,0.606161985114,0.653579778815,0.689359306505,
    0.773662908795,0.836948409615,0.888027018998,0.925823616792,
    0.95507052658,1.),.UNSPECIFIED.);
#1824 = CARTESIAN_POINT('',(0.,10.173936507448));
#1825 = CARTESIAN_POINT('',(6.62674600022E-02,10.173936507448));
#1826 = CARTESIAN_POINT('',(0.132383461459,10.151931474437));
#1827 = CARTESIAN_POINT('',(0.197923475043,10.108121447032));
#1828 = CARTESIAN_POINT('',(0.262466148473,10.044370488842));
#1829 = CARTESIAN_POINT('',(0.366101498092,9.91228436755));
#1830 = CARTESIAN_POINT('',(0.4061662232,9.853508459797));
#1831 = CARTESIAN_POINT('',(0.445642290392,9.788449657618));
#1832 = CARTESIAN_POINT('',(0.484519980542,9.71781306716));
#1833 = CARTESIAN_POINT('',(0.571925967217,9.545353780847));
#1834 = CARTESIAN_POINT('',(0.620066255331,9.440348238948));
#1835 = CARTESIAN_POINT('',(0.667292918146,9.328564994883));
#1836 = CARTESIAN_POINT('',(0.713677225949,9.211090769607));
#1837 = CARTESIAN_POINT('',(0.822437646619,8.919607530752));
#1838 = CARTESIAN_POINT('',(0.88413652741,8.741146063514));
#1839 = CARTESIAN_POINT('',(0.944650139834,8.555669887468));
#1840 = CARTESIAN_POINT('',(1.004213818085,8.364723025001));
#1841 = CARTESIAN_POINT('',(1.134556171274,7.932225750055));
#1842 = CARTESIAN_POINT('',(1.205005272107,7.688585261759));
#1843 = CARTESIAN_POINT('',(1.27478575061,7.440725066062));
#1844 = CARTESIAN_POINT('',(1.344237604226,7.190158557662));
#1845 = CARTESIAN_POINT('',(1.506465433184,6.601874602291));
#1846 = CARTESIAN_POINT('',(1.599263374766,6.263069557289));
#1847 = CARTESIAN_POINT('',(1.692815624036,5.925449923358));
#1848 = CARTESIAN_POINT('',(1.787779845631,5.592383290596));
#1849 = CARTESIAN_POINT('',(1.925662864622,5.13266421977));
#1850 = CARTESIAN_POINT('',(1.966751392377,4.998556007544));
#1851 = CARTESIAN_POINT('',(2.008266829317,4.866438568422));
#1852 = CARTESIAN_POINT('',(2.05025504763,4.736729573798));
#1853 = CARTESIAN_POINT('',(2.150864971892,4.436571389849));
#1854 = CARTESIAN_POINT('',(2.209965235865,4.268545572803));
#1855 = CARTESIAN_POINT('',(2.270143617891,4.107204160559));
#1856 = CARTESIAN_POINT('',(2.331479153466,3.954076122848));
#1857 = CARTESIAN_POINT('',(2.446500789528,3.690960882726));
#1858 = CARTESIAN_POINT('',(2.499809703335,3.577995944838));
#1859 = CARTESIAN_POINT('',(2.553987633137,3.473181549159));
#1860 = CARTESIAN_POINT('',(2.609019246598,3.377696841583));
#1861 = CARTESIAN_POINT('',(2.715035402946,3.216403917034));
#1862 = CARTESIAN_POINT('',(2.765854678475,3.148549834841));
#1863 = CARTESIAN_POINT('',(2.817253457089,3.090091979094));
#1864 = CARTESIAN_POINT('',(2.869148608727,3.041800518248));
#1865 = CARTESIAN_POINT('',(2.965114381862,2.972886849269));
#1866 = CARTESIAN_POINT('',(3.009051043425,2.949018303673));
#1867 = CARTESIAN_POINT('',(3.053166235525,2.932986222381));
#1868 = CARTESIAN_POINT('',(3.097377467477,2.924967866332));
#1869 = CARTESIAN_POINT('',(3.186121775926,2.924967866332));
#1870 = CARTESIAN_POINT('',(3.230646778156,2.93310049778));
#1871 = CARTESIAN_POINT('',(3.27507365481,2.949360915213));
#1872 = CARTESIAN_POINT('',(3.319318321707,2.973566869169));
#1873 = CARTESIAN_POINT('',(3.415402116003,3.04304526184));
#1874 = CARTESIAN_POINT('',(3.467113592763,3.091382860469));
#1875 = CARTESIAN_POINT('',(3.518330525481,3.149807791612));
#1876 = CARTESIAN_POINT('',(3.568970871525,3.217556296584));
#1877 = CARTESIAN_POINT('',(3.67428779594,3.377990474213));
#1878 = CARTESIAN_POINT('',(3.728810613089,3.472584648963));
#1879 = CARTESIAN_POINT('',(3.78249535317,3.576339177502));
#1880 = CARTESIAN_POINT('',(3.835326923091,3.688106902282));
#1881 = CARTESIAN_POINT('',(3.949069212336,3.947754239726));
#1882 = CARTESIAN_POINT('',(4.009621012688,4.098483750902));
#1883 = CARTESIAN_POINT('',(4.069044027435,4.257257345258));
#1884 = CARTESIAN_POINT('',(4.127413227732,4.422598755055));
#1885 = CARTESIAN_POINT('',(4.228095875381,4.721857896376));
#1886 = CARTESIAN_POINT('',(4.270845578037,4.853563145173));
#1887 = CARTESIAN_POINT('',(4.313103345725,4.987787889549));
#1888 = CARTESIAN_POINT('',(4.354917215032,5.124090129555));
#1889 = CARTESIAN_POINT('',(4.493923905987,5.587187966657));
#1890 = CARTESIAN_POINT('',(4.589275126926,5.921499980628));
#1891 = CARTESIAN_POINT('',(4.683198304204,6.260427532338));
#1892 = CARTESIAN_POINT('',(4.776358316125,6.60056349127));
#1893 = CARTESIAN_POINT('',(4.939365172798,7.191672421301));
#1894 = CARTESIAN_POINT('',(5.00923445917,7.443737181055));
#1895 = CARTESIAN_POINT('',(5.079438085606,7.69305335928));
#1896 = CARTESIAN_POINT('',(5.150322339274,7.938080160041));
#1897 = CARTESIAN_POINT('',(5.280334403777,8.369048391674));
#1898 = CARTESIAN_POINT('',(5.339098310305,8.557289079396));
#1899 = CARTESIAN_POINT('',(5.398788013939,8.74019255363));
#1900 = CARTESIAN_POINT('',(5.459629688833,8.916275886092));
#1901 = CARTESIAN_POINT('',(5.567935353248,9.207114667373));
#1902 = CARTESIAN_POINT('',(5.614779932286,9.325953845392));
#1903 = CARTESIAN_POINT('',(5.662483050675,9.439000982326));
#1904 = CARTESIAN_POINT('',(5.711118227292,9.545137021875));
#1905 = CARTESIAN_POINT('',(5.799212777556,9.718845099724));
#1906 = CARTESIAN_POINT('',(5.838268281799,9.789727404624));
#1907 = CARTESIAN_POINT('',(5.877927346496,9.854975539757));
#1908 = CARTESIAN_POINT('',(5.918179843634,9.913874703515));
#1909 = CARTESIAN_POINT('',(6.021773017451,10.045408683481));
#1910 = CARTESIAN_POINT('',(6.086064260725,10.108656933725));
#1911 = CARTESIAN_POINT('',(6.151342259762,10.152111520445));
#1912 = CARTESIAN_POINT('',(6.217189509271,10.173936507448));
#1913 = CARTESIAN_POINT('',(6.28318530718,10.173936507448));
#1914 = ( GEOMETRIC_REPRESENTATION_CONTEXT(2) 
PARAMETRIC_REPRESENTATION_CONTEXT() REPRESENTATION_CONTEXT('2D SPACE',''
  ) );
#1915 = ADVANCED_FACE('',(#1916,#1964,#1995,#2026,#2057,#2088),#192,.T.
  );
#1916 = FACE_BOUND('',#1917,.T.);
#1917 = EDGE_LOOP('',(#1918,#1919,#1920,#1943));
#1918 = ORIENTED_EDGE('',*,*,#178,.F.);
#1919 = ORIENTED_EDGE('',*,*,#269,.T.);
#1920 = ORIENTED_EDGE('',*,*,#1921,.T.);
#1921 = EDGE_CURVE('',#270,#1922,#1924,.T.);
#1922 = VERTEX_POINT('',#1923);
#1923 = CARTESIAN_POINT('',(95.,38.,30.));
#1924 = SURFACE_CURVE('',#1925,(#1929,#1936),.PCURVE_S1.);
#1925 = LINE('',#1926,#1927);
#1926 = CARTESIAN_POINT('',(95.,-38.,30.));
#1927 = VECTOR('',#1928,1.);
#1928 = DIRECTION('',(-0.,1.,0.));
#1929 = PCURVE('',#192,#1930);
#1930 = DEFINITIONAL_REPRESENTATION('',(#1931),#1935);
#1931 = LINE('',#1932,#1933);
#1932 = CARTESIAN_POINT('',(165.,0.));
#1933 = VECTOR('',#1934,1.);
#1934 = DIRECTION('',(0.,1.));
#1935 = ( GEOMETRIC_REPRESENTATION_CONTEXT(2) 
PARAMETRIC_REPRESENTATION_CONTEXT() REPRESENTATION_CONTEXT('2D SPACE',''
  ) );
#1936 = PCURVE('',#308,#1937);
#1937 = DEFINITIONAL_REPRESENTATION('',(#1938),#1942);
#1938 = LINE('',#1939,#1940);
#1939 = CARTESIAN_POINT('',(84.75,0.));
#1940 = VECTOR('',#1941,1.);
#1941 = DIRECTION('',(0.,-1.));
#1942 = ( GEOMETRIC_REPRESENTATION_CONTEXT(2) 
PARAMETRIC_REPRESENTATION_CONTEXT() REPRESENTATION_CONTEXT('2D SPACE',''
  ) );
#1943 = ORIENTED_EDGE('',*,*,#1944,.F.);
#1944 = EDGE_CURVE('',#151,#1922,#1945,.T.);
#1945 = SURFACE_CURVE('',#1946,(#1950,#1957),.PCURVE_S1.);
#1946 = LINE('',#1947,#1948);
#1947 = CARTESIAN_POINT('',(-70.,38.,30.));
#1948 = VECTOR('',#1949,1.);
#1949 = DIRECTION('',(1.,0.,-0.));
#1950 = PCURVE('',#192,#1951);
#1951 = DEFINITIONAL_REPRESENTATION('',(#1952),#1956);
#1952 = LINE('',#1953,#1954);
#1953 = CARTESIAN_POINT('',(0.,76.));
#1954 = VECTOR('',#1955,1.);
#1955 = DIRECTION('',(1.,0.));
#1956 = ( GEOMETRIC_REPRESENTATION_CONTEXT(2) 
PARAMETRIC_REPRESENTATION_CONTEXT() REPRESENTATION_CONTEXT('2D SPACE',''
  ) );
#1957 = PCURVE('',#166,#1958);
#1958 = DEFINITIONAL_REPRESENTATION('',(#1959),#1963);
#1959 = LINE('',#1960,#1961);
#1960 = CARTESIAN_POINT('',(84.75,0.));
#1961 = VECTOR('',#1962,1.);
#1962 = DIRECTION('',(0.,1.));
#1963 = ( GEOMETRIC_REPRESENTATION_CONTEXT(2) 
PARAMETRIC_REPRESENTATION_CONTEXT() REPRESENTATION_CONTEXT('2D SPACE',''
  ) );
#1964 = FACE_BOUND('',#1965,.T.);
#1965 = EDGE_LOOP('',(#1966));
#1966 = ORIENTED_EDGE('',*,*,#1967,.F.);
#1967 = EDGE_CURVE('',#1968,#1968,#1970,.T.);
#1968 = VERTEX_POINT('',#1969);
#1969 = CARTESIAN_POINT('',(23.25,-29.,30.));
#1970 = SURFACE_CURVE('',#1971,(#1976,#1983),.PCURVE_S1.);
#1971 = CIRCLE('',#1972,3.25);
#1972 = AXIS2_PLACEMENT_3D('',#1973,#1974,#1975);
#1973 = CARTESIAN_POINT('',(20.,-29.,30.));
#1974 = DIRECTION('',(0.,0.,1.));
#1975 = DIRECTION('',(1.,0.,-0.));
#1976 = PCURVE('',#192,#1977);
#1977 = DEFINITIONAL_REPRESENTATION('',(#1978),#1982);
#1978 = CIRCLE('',#1979,3.25);
#1979 = AXIS2_PLACEMENT_2D('',#1980,#1981);
#1980 = CARTESIAN_POINT('',(90.,9.));
#1981 = DIRECTION('',(1.,0.));
#1982 = ( GEOMETRIC_REPRESENTATION_CONTEXT(2) 
PARAMETRIC_REPRESENTATION_CONTEXT() REPRESENTATION_CONTEXT('2D SPACE',''
  ) );
#1983 = PCURVE('',#1984,#1989);
#1984 = CYLINDRICAL_SURFACE('',#1985,3.25);
#1985 = AXIS2_PLACEMENT_3D('',#1986,#1987,#1988);
#1986 = CARTESIAN_POINT('',(20.,-29.,-56.));
#1987 = DIRECTION('',(0.,0.,1.));
#1988 = DIRECTION('',(1.,0.,-0.));
#1989 = DEFINITIONAL_REPRESENTATION('',(#1990),#1994);
#1990 = LINE('',#1991,#1992);
#1991 = CARTESIAN_POINT('',(0.,86.));
#1992 = VECTOR('',#1993,1.);
#1993 = DIRECTION('',(1.,0.));
#1994 = ( GEOMETRIC_REPRESENTATION_CONTEXT(2) 
PARAMETRIC_REPRESENTATION_CONTEXT() REPRESENTATION_CONTEXT('2D SPACE',''
  ) );
#1995 = FACE_BOUND('',#1996,.T.);
#1996 = EDGE_LOOP('',(#1997));
#1997 = ORIENTED_EDGE('',*,*,#1998,.F.);
#1998 = EDGE_CURVE('',#1999,#1999,#2001,.T.);
#1999 = VERTEX_POINT('',#2000);
#2000 = CARTESIAN_POINT('',(83.25,-29.,30.));
#2001 = SURFACE_CURVE('',#2002,(#2007,#2014),.PCURVE_S1.);
#2002 = CIRCLE('',#2003,3.25);
#2003 = AXIS2_PLACEMENT_3D('',#2004,#2005,#2006);
#2004 = CARTESIAN_POINT('',(80.,-29.,30.));
#2005 = DIRECTION('',(0.,0.,1.));
#2006 = DIRECTION('',(1.,0.,-0.));
#2007 = PCURVE('',#192,#2008);
#2008 = DEFINITIONAL_REPRESENTATION('',(#2009),#2013);
#2009 = CIRCLE('',#2010,3.25);
#2010 = AXIS2_PLACEMENT_2D('',#2011,#2012);
#2011 = CARTESIAN_POINT('',(150.,9.));
#2012 = DIRECTION('',(1.,0.));
#2013 = ( GEOMETRIC_REPRESENTATION_CONTEXT(2) 
PARAMETRIC_REPRESENTATION_CONTEXT() REPRESENTATION_CONTEXT('2D SPACE',''
  ) );
#2014 = PCURVE('',#2015,#2020);
#2015 = CYLINDRICAL_SURFACE('',#2016,3.25);
#2016 = AXIS2_PLACEMENT_3D('',#2017,#2018,#2019);
#2017 = CARTESIAN_POINT('',(80.,-29.,-56.));
#2018 = DIRECTION('',(0.,0.,1.));
#2019 = DIRECTION('',(1.,0.,-0.));
#2020 = DEFINITIONAL_REPRESENTATION('',(#2021),#2025);
#2021 = LINE('',#2022,#2023);
#2022 = CARTESIAN_POINT('',(0.,86.));
#2023 = VECTOR('',#2024,1.);
#2024 = DIRECTION('',(1.,0.));
#2025 = ( GEOMETRIC_REPRESENTATION_CONTEXT(2) 
PARAMETRIC_REPRESENTATION_CONTEXT() REPRESENTATION_CONTEXT('2D SPACE',''
  ) );
#2026 = FACE_BOUND('',#2027,.T.);
#2027 = EDGE_LOOP('',(#2028));
#2028 = ORIENTED_EDGE('',*,*,#2029,.F.);
#2029 = EDGE_CURVE('',#2030,#2030,#2032,.T.);
#2030 = VERTEX_POINT('',#2031);
#2031 = CARTESIAN_POINT('',(23.25,29.,30.));
#2032 = SURFACE_CURVE('',#2033,(#2038,#2045),.PCURVE_S1.);
#2033 = CIRCLE('',#2034,3.25);
#2034 = AXIS2_PLACEMENT_3D('',#2035,#2036,#2037);
#2035 = CARTESIAN_POINT('',(20.,29.,30.));
#2036 = DIRECTION('',(0.,0.,1.));
#2037 = DIRECTION('',(1.,0.,-0.));
#2038 = PCURVE('',#192,#2039);
#2039 = DEFINITIONAL_REPRESENTATION('',(#2040),#2044);
#2040 = CIRCLE('',#2041,3.25);
#2041 = AXIS2_PLACEMENT_2D('',#2042,#2043);
#2042 = CARTESIAN_POINT('',(90.,67.));
#2043 = DIRECTION('',(1.,0.));
#2044 = ( GEOMETRIC_REPRESENTATION_CONTEXT(2) 
PARAMETRIC_REPRESENTATION_CONTEXT() REPRESENTATION_CONTEXT('2D SPACE',''
  ) );
#2045 = PCURVE('',#2046,#2051);
#2046 = CYLINDRICAL_SURFACE('',#2047,3.25);
#2047 = AXIS2_PLACEMENT_3D('',#2048,#2049,#2050);
#2048 = CARTESIAN_POINT('',(20.,29.,-56.));
#2049 = DIRECTION('',(0.,0.,1.));
#2050 = DIRECTION('',(1.,0.,-0.));
#2051 = DEFINITIONAL_REPRESENTATION('',(#2052),#2056);
#2052 = LINE('',#2053,#2054);
#2053 = CARTESIAN_POINT('',(0.,86.));
#2054 = VECTOR('',#2055,1.);
#2055 = DIRECTION('',(1.,0.));
#2056 = ( GEOMETRIC_REPRESENTATION_CONTEXT(2) 
PARAMETRIC_REPRESENTATION_CONTEXT() REPRESENTATION_CONTEXT('2D SPACE',''
  ) );
#2057 = FACE_BOUND('',#2058,.T.);
#2058 = EDGE_LOOP('',(#2059));
#2059 = ORIENTED_EDGE('',*,*,#2060,.F.);
#2060 = EDGE_CURVE('',#2061,#2061,#2063,.T.);
#2061 = VERTEX_POINT('',#2062);
#2062 = CARTESIAN_POINT('',(74.6,-1.126675055216E-15,30.));
#2063 = SURFACE_CURVE('',#2064,(#2069,#2076),.PCURVE_S1.);
#2064 = CIRCLE('',#2065,4.6);
#2065 = AXIS2_PLACEMENT_3D('',#2066,#2067,#2068);
#2066 = CARTESIAN_POINT('',(70.,0.,30.));
#2067 = DIRECTION('',(0.,0.,1.));
#2068 = DIRECTION('',(1.,0.,-0.));
#2069 = PCURVE('',#192,#2070);
#2070 = DEFINITIONAL_REPRESENTATION('',(#2071),#2075);
#2071 = CIRCLE('',#2072,4.6);
#2072 = AXIS2_PLACEMENT_2D('',#2073,#2074);
#2073 = CARTESIAN_POINT('',(140.,38.));
#2074 = DIRECTION('',(1.,0.));
#2075 = ( GEOMETRIC_REPRESENTATION_CONTEXT(2) 
PARAMETRIC_REPRESENTATION_CONTEXT() REPRESENTATION_CONTEXT('2D SPACE',''
  ) );
#2076 = PCURVE('',#2077,#2082);
#2077 = CYLINDRICAL_SURFACE('',#2078,4.6);
#2078 = AXIS2_PLACEMENT_3D('',#2079,#2080,#2081);
#2079 = CARTESIAN_POINT('',(70.,0.,14.));
#2080 = DIRECTION('',(0.,0.,1.));
#2081 = DIRECTION('',(1.,0.,-0.));
#2082 = DEFINITIONAL_REPRESENTATION('',(#2083),#2087);
#2083 = LINE('',#2084,#2085);
#2084 = CARTESIAN_POINT('',(0.,16.));
#2085 = VECTOR('',#2086,1.);
#2086 = DIRECTION('',(1.,0.));
#2087 = ( GEOMETRIC_REPRESENTATION_CONTEXT(2) 
PARAMETRIC_REPRESENTATION_CONTEXT() REPRESENTATION_CONTEXT('2D SPACE',''
  ) );
#2088 = FACE_BOUND('',#2089,.T.);
#2089 = EDGE_LOOP('',(#2090));
#2090 = ORIENTED_EDGE('',*,*,#2091,.F.);
#2091 = EDGE_CURVE('',#2092,#2092,#2094,.T.);
#2092 = VERTEX_POINT('',#2093);
#2093 = CARTESIAN_POINT('',(83.25,29.,30.));
#2094 = SURFACE_CURVE('',#2095,(#2100,#2107),.PCURVE_S1.);
#2095 = CIRCLE('',#2096,3.25);
#2096 = AXIS2_PLACEMENT_3D('',#2097,#2098,#2099);
#2097 = CARTESIAN_POINT('',(80.,29.,30.));
#2098 = DIRECTION('',(0.,0.,1.));
#2099 = DIRECTION('',(1.,0.,-0.));
#2100 = PCURVE('',#192,#2101);
#2101 = DEFINITIONAL_REPRESENTATION('',(#2102),#2106);
#2102 = CIRCLE('',#2103,3.25);
#2103 = AXIS2_PLACEMENT_2D('',#2104,#2105);
#2104 = CARTESIAN_POINT('',(150.,67.));
#2105 = DIRECTION('',(1.,0.));
#2106 = ( GEOMETRIC_REPRESENTATION_CONTEXT(2) 
PARAMETRIC_REPRESENTATION_CONTEXT() REPRESENTATION_CONTEXT('2D SPACE',''
  ) );
#2107 = PCURVE('',#2108,#2113);
#2108 = CYLINDRICAL_SURFACE('',#2109,3.25);
#2109 = AXIS2_PLACEMENT_3D('',#2110,#2111,#2112);
#2110 = CARTESIAN_POINT('',(80.,29.,-56.));
#2111 = DIRECTION('',(0.,0.,1.));
#2112 = DIRECTION('',(1.,0.,-0.));
#2113 = DEFINITIONAL_REPRESENTATION('',(#2114),#2118);
#2114 = LINE('',#2115,#2116);
#2115 = CARTESIAN_POINT('',(0.,86.));
#2116 = VECTOR('',#2117,1.);
#2117 = DIRECTION('',(1.,0.));
#2118 = ( GEOMETRIC_REPRESENTATION_CONTEXT(2) 
PARAMETRIC_REPRESENTATION_CONTEXT() REPRESENTATION_CONTEXT('2D SPACE',''
  ) );
#2119 = ADVANCED_FACE('',(#2120),#117,.F.);
#2120 = FACE_BOUND('',#2121,.F.);
#2121 = EDGE_LOOP('',(#2122,#2144,#2145,#2146));
#2122 = ORIENTED_EDGE('',*,*,#2123,.F.);
#2123 = EDGE_CURVE('',#949,#759,#2124,.T.);
#2124 = SURFACE_CURVE('',#2125,(#2130,#2137),.PCURVE_S1.);
#2125 = CIRCLE('',#2126,26.3);
#2126 = AXIS2_PLACEMENT_3D('',#2127,#2128,#2129);
#2127 = CARTESIAN_POINT('',(-65.8,0.,-55.));
#2128 = DIRECTION('',(1.,-0.,2.22044604925E-16));
#2129 = DIRECTION('',(2.22044604925E-16,0.,-1.));
#2130 = PCURVE('',#117,#2131);
#2131 = DEFINITIONAL_REPRESENTATION('',(#2132),#2136);
#2132 = LINE('',#2133,#2134);
#2133 = CARTESIAN_POINT('',(0.,5.2));
#2134 = VECTOR('',#2135,1.);
#2135 = DIRECTION('',(1.,0.));
#2136 = ( GEOMETRIC_REPRESENTATION_CONTEXT(2) 
PARAMETRIC_REPRESENTATION_CONTEXT() REPRESENTATION_CONTEXT('2D SPACE',''
  ) );
#2137 = PCURVE('',#820,#2138);
#2138 = DEFINITIONAL_REPRESENTATION('',(#2139),#2143);
#2139 = CIRCLE('',#2140,26.3);
#2140 = AXIS2_PLACEMENT_2D('',#2141,#2142);
#2141 = CARTESIAN_POINT('',(0.,0.));
#2142 = DIRECTION('',(1.,0.));
#2143 = ( GEOMETRIC_REPRESENTATION_CONTEXT(2) 
PARAMETRIC_REPRESENTATION_CONTEXT() REPRESENTATION_CONTEXT('2D SPACE',''
  ) );
#2144 = ORIENTED_EDGE('',*,*,#969,.T.);
#2145 = ORIENTED_EDGE('',*,*,#100,.T.);
#2146 = ORIENTED_EDGE('',*,*,#758,.T.);
#2147 = ADVANCED_FACE('',(#2148,#2248,#2354,#2389,#2495,#2530),#166,.T.
  );
#2148 = FACE_BOUND('',#2149,.T.);
#2149 = EDGE_LOOP('',(#2150,#2151,#2152,#2175,#2203,#2226,#2247));
#2150 = ORIENTED_EDGE('',*,*,#150,.F.);
#2151 = ORIENTED_EDGE('',*,*,#1944,.T.);
#2152 = ORIENTED_EDGE('',*,*,#2153,.F.);
#2153 = EDGE_CURVE('',#2154,#1922,#2156,.T.);
#2154 = VERTEX_POINT('',#2155);
#2155 = CARTESIAN_POINT('',(95.,38.,-54.75));
#2156 = SURFACE_CURVE('',#2157,(#2161,#2168),.PCURVE_S1.);
#2157 = LINE('',#2158,#2159);
#2158 = CARTESIAN_POINT('',(95.,38.,-54.75));
#2159 = VECTOR('',#2160,1.);
#2160 = DIRECTION('',(0.,0.,1.));
#2161 = PCURVE('',#166,#2162);
#2162 = DEFINITIONAL_REPRESENTATION('',(#2163),#2167);
#2163 = LINE('',#2164,#2165);
#2164 = CARTESIAN_POINT('',(0.,165.));
#2165 = VECTOR('',#2166,1.);
#2166 = DIRECTION('',(1.,0.));
#2167 = ( GEOMETRIC_REPRESENTATION_CONTEXT(2) 
PARAMETRIC_REPRESENTATION_CONTEXT() REPRESENTATION_CONTEXT('2D SPACE',''
  ) );
#2168 = PCURVE('',#308,#2169);
#2169 = DEFINITIONAL_REPRESENTATION('',(#2170),#2174);
#2170 = LINE('',#2171,#2172);
#2171 = CARTESIAN_POINT('',(0.,-76.));
#2172 = VECTOR('',#2173,1.);
#2173 = DIRECTION('',(1.,0.));
#2174 = ( GEOMETRIC_REPRESENTATION_CONTEXT(2) 
PARAMETRIC_REPRESENTATION_CONTEXT() REPRESENTATION_CONTEXT('2D SPACE',''
  ) );
#2175 = ORIENTED_EDGE('',*,*,#2176,.F.);
#2176 = EDGE_CURVE('',#2177,#2154,#2179,.T.);
#2177 = VERTEX_POINT('',#2178);
#2178 = CARTESIAN_POINT('',(5.,38.,-54.75));
#2179 = SURFACE_CURVE('',#2180,(#2184,#2191),.PCURVE_S1.);
#2180 = LINE('',#2181,#2182);
#2181 = CARTESIAN_POINT('',(-70.,38.,-54.75));
#2182 = VECTOR('',#2183,1.);
#2183 = DIRECTION('',(1.,0.,-0.));
#2184 = PCURVE('',#166,#2185);
#2185 = DEFINITIONAL_REPRESENTATION('',(#2186),#2190);
#2186 = LINE('',#2187,#2188);
#2187 = CARTESIAN_POINT('',(0.,0.));
#2188 = VECTOR('',#2189,1.);
#2189 = DIRECTION('',(0.,1.));
#2190 = ( GEOMETRIC_REPRESENTATION_CONTEXT(2) 
PARAMETRIC_REPRESENTATION_CONTEXT() REPRESENTATION_CONTEXT('2D SPACE',''
  ) );
#2191 = PCURVE('',#2192,#2197);
#2192 = PLANE('',#2193);
#2193 = AXIS2_PLACEMENT_3D('',#2194,#2195,#2196);
#2194 = CARTESIAN_POINT('',(-70.,-38.,-54.75));
#2195 = DIRECTION('',(0.,0.,1.));
#2196 = DIRECTION('',(1.,0.,-0.));
#2197 = DEFINITIONAL_REPRESENTATION('',(#2198),#2202);
#2198 = LINE('',#2199,#2200);
#2199 = CARTESIAN_POINT('',(0.,76.));
#2200 = VECTOR('',#2201,1.);
#2201 = DIRECTION('',(1.,0.));
#2202 = ( GEOMETRIC_REPRESENTATION_CONTEXT(2) 
PARAMETRIC_REPRESENTATION_CONTEXT() REPRESENTATION_CONTEXT('2D SPACE',''
  ) );
#2203 = ORIENTED_EDGE('',*,*,#2204,.F.);
#2204 = EDGE_CURVE('',#2205,#2177,#2207,.T.);
#2205 = VERTEX_POINT('',#2206);
#2206 = CARTESIAN_POINT('',(5.,38.,-85.));
#2207 = SURFACE_CURVE('',#2208,(#2212,#2219),.PCURVE_S1.);
#2208 = LINE('',#2209,#2210);
#2209 = CARTESIAN_POINT('',(5.,38.,-85.));
#2210 = VECTOR('',#2211,1.);
#2211 = DIRECTION('',(0.,0.,1.));
#2212 = PCURVE('',#166,#2213);
#2213 = DEFINITIONAL_REPRESENTATION('',(#2214),#2218);
#2214 = LINE('',#2215,#2216);
#2215 = CARTESIAN_POINT('',(-30.25,75.));
#2216 = VECTOR('',#2217,1.);
#2217 = DIRECTION('',(1.,0.));
#2218 = ( GEOMETRIC_REPRESENTATION_CONTEXT(2) 
PARAMETRIC_REPRESENTATION_CONTEXT() REPRESENTATION_CONTEXT('2D SPACE',''
  ) );
#2219 = PCURVE('',#364,#2220);
#2220 = DEFINITIONAL_REPRESENTATION('',(#2221),#2225);
#2221 = LINE('',#2222,#2223);
#2222 = CARTESIAN_POINT('',(0.,-76.));
#2223 = VECTOR('',#2224,1.);
#2224 = DIRECTION('',(1.,0.));
#2225 = ( GEOMETRIC_REPRESENTATION_CONTEXT(2) 
PARAMETRIC_REPRESENTATION_CONTEXT() REPRESENTATION_CONTEXT('2D SPACE',''
  ) );
#2226 = ORIENTED_EDGE('',*,*,#2227,.F.);
#2227 = EDGE_CURVE('',#736,#2205,#2228,.T.);
#2228 = SURFACE_CURVE('',#2229,(#2233,#2240),.PCURVE_S1.);
#2229 = LINE('',#2230,#2231);
#2230 = CARTESIAN_POINT('',(-70.,38.,-85.));
#2231 = VECTOR('',#2232,1.);
#2232 = DIRECTION('',(1.,0.,-0.));
#2233 = PCURVE('',#166,#2234);
#2234 = DEFINITIONAL_REPRESENTATION('',(#2235),#2239);
#2235 = LINE('',#2236,#2237);
#2236 = CARTESIAN_POINT('',(-30.25,0.));
#2237 = VECTOR('',#2238,1.);
#2238 = DIRECTION('',(0.,1.));
#2239 = ( GEOMETRIC_REPRESENTATION_CONTEXT(2) 
PARAMETRIC_REPRESENTATION_CONTEXT() REPRESENTATION_CONTEXT('2D SPACE',''
  ) );
#2240 = PCURVE('',#392,#2241);
#2241 = DEFINITIONAL_REPRESENTATION('',(#2242),#2246);
#2242 = LINE('',#2243,#2244);
#2243 = CARTESIAN_POINT('',(0.,76.));
#2244 = VECTOR('',#2245,1.);
#2245 = DIRECTION('',(1.,0.));
#2246 = ( GEOMETRIC_REPRESENTATION_CONTEXT(2) 
PARAMETRIC_REPRESENTATION_CONTEXT() REPRESENTATION_CONTEXT('2D SPACE',''
  ) );
#2247 = ORIENTED_EDGE('',*,*,#1015,.T.);
#2248 = FACE_BOUND('',#2249,.T.);
#2249 = EDGE_LOOP('',(#2250,#2278,#2304,#2330));
#2250 = ORIENTED_EDGE('',*,*,#2251,.F.);
#2251 = EDGE_CURVE('',#2252,#2254,#2256,.T.);
#2252 = VERTEX_POINT('',#2253);
#2253 = CARTESIAN_POINT('',(-52.,38.,-67.85));
#2254 = VERTEX_POINT('',#2255);
#2255 = CARTESIAN_POINT('',(-46.2,38.,-67.85));
#2256 = SURFACE_CURVE('',#2257,(#2261,#2267),.PCURVE_S1.);
#2257 = LINE('',#2258,#2259);
#2258 = CARTESIAN_POINT('',(-61.,38.,-67.85));
#2259 = VECTOR('',#2260,1.);
#2260 = DIRECTION('',(1.,0.,-0.));
#2261 = PCURVE('',#166,#2262);
#2262 = DEFINITIONAL_REPRESENTATION('',(#2263),#2266);
#2263 = B_SPLINE_CURVE_WITH_KNOTS('',1,(#2264,#2265),.UNSPECIFIED.,.F.,
  .F.,(2,2),(9.,14.8),.PIECEWISE_BEZIER_KNOTS.);
#2264 = CARTESIAN_POINT('',(-13.1,18.));
#2265 = CARTESIAN_POINT('',(-13.1,23.8));
#2266 = ( GEOMETRIC_REPRESENTATION_CONTEXT(2) 
PARAMETRIC_REPRESENTATION_CONTEXT() REPRESENTATION_CONTEXT('2D SPACE',''
  ) );
#2267 = PCURVE('',#2268,#2273);
#2268 = PLANE('',#2269);
#2269 = AXIS2_PLACEMENT_3D('',#2270,#2271,#2272);
#2270 = CARTESIAN_POINT('',(-52.,20.85,-67.85));
#2271 = DIRECTION('',(0.,0.,1.));
#2272 = DIRECTION('',(1.,0.,-0.));
#2273 = DEFINITIONAL_REPRESENTATION('',(#2274),#2277);
#2274 = B_SPLINE_CURVE_WITH_KNOTS('',1,(#2275,#2276),.UNSPECIFIED.,.F.,
  .F.,(2,2),(9.,14.8),.PIECEWISE_BEZIER_KNOTS.);
#2275 = CARTESIAN_POINT('',(0.,17.15));
#2276 = CARTESIAN_POINT('',(5.8,17.15));
#2277 = ( GEOMETRIC_REPRESENTATION_CONTEXT(2) 
PARAMETRIC_REPRESENTATION_CONTEXT() REPRESENTATION_CONTEXT('2D SPACE',''
  ) );
#2278 = ORIENTED_EDGE('',*,*,#2279,.T.);
#2279 = EDGE_CURVE('',#2252,#2280,#2282,.T.);
#2280 = VERTEX_POINT('',#2281);
#2281 = CARTESIAN_POINT('',(-52.,38.,-78.15));
#2282 = SURFACE_CURVE('',#2283,(#2287,#2293),.PCURVE_S1.);
#2283 = LINE('',#2284,#2285);
#2284 = CARTESIAN_POINT('',(-52.,38.,-66.45));
#2285 = VECTOR('',#2286,1.);
#2286 = DIRECTION('',(-0.,0.,-1.));
#2287 = PCURVE('',#166,#2288);
#2288 = DEFINITIONAL_REPRESENTATION('',(#2289),#2292);
#2289 = B_SPLINE_CURVE_WITH_KNOTS('',1,(#2290,#2291),.UNSPECIFIED.,.F.,
  .F.,(2,2),(1.4,11.7),.PIECEWISE_BEZIER_KNOTS.);
#2290 = CARTESIAN_POINT('',(-13.1,18.));
#2291 = CARTESIAN_POINT('',(-23.4,18.));
#2292 = ( GEOMETRIC_REPRESENTATION_CONTEXT(2) 
PARAMETRIC_REPRESENTATION_CONTEXT() REPRESENTATION_CONTEXT('2D SPACE',''
  ) );
#2293 = PCURVE('',#2294,#2299);
#2294 = PLANE('',#2295);
#2295 = AXIS2_PLACEMENT_3D('',#2296,#2297,#2298);
#2296 = CARTESIAN_POINT('',(-52.,20.85,-78.15));
#2297 = DIRECTION('',(1.,0.,-0.));
#2298 = DIRECTION('',(0.,0.,1.));
#2299 = DEFINITIONAL_REPRESENTATION('',(#2300),#2303);
#2300 = B_SPLINE_CURVE_WITH_KNOTS('',1,(#2301,#2302),.UNSPECIFIED.,.F.,
  .F.,(2,2),(1.4,11.7),.PIECEWISE_BEZIER_KNOTS.);
#2301 = CARTESIAN_POINT('',(10.3,-17.15));
#2302 = CARTESIAN_POINT('',(0.,-17.15));
#2303 = ( GEOMETRIC_REPRESENTATION_CONTEXT(2) 
PARAMETRIC_REPRESENTATION_CONTEXT() REPRESENTATION_CONTEXT('2D SPACE',''
  ) );
#2304 = ORIENTED_EDGE('',*,*,#2305,.T.);
#2305 = EDGE_CURVE('',#2280,#2306,#2308,.T.);
#2306 = VERTEX_POINT('',#2307);
#2307 = CARTESIAN_POINT('',(-46.2,38.,-78.15));
#2308 = SURFACE_CURVE('',#2309,(#2313,#2319),.PCURVE_S1.);
#2309 = LINE('',#2310,#2311);
#2310 = CARTESIAN_POINT('',(-61.,38.,-78.15));
#2311 = VECTOR('',#2312,1.);
#2312 = DIRECTION('',(1.,0.,-0.));
#2313 = PCURVE('',#166,#2314);
#2314 = DEFINITIONAL_REPRESENTATION('',(#2315),#2318);
#2315 = B_SPLINE_CURVE_WITH_KNOTS('',1,(#2316,#2317),.UNSPECIFIED.,.F.,
  .F.,(2,2),(9.,14.8),.PIECEWISE_BEZIER_KNOTS.);
#2316 = CARTESIAN_POINT('',(-23.4,18.));
#2317 = CARTESIAN_POINT('',(-23.4,23.8));
#2318 = ( GEOMETRIC_REPRESENTATION_CONTEXT(2) 
PARAMETRIC_REPRESENTATION_CONTEXT() REPRESENTATION_CONTEXT('2D SPACE',''
  ) );
#2319 = PCURVE('',#2320,#2325);
#2320 = PLANE('',#2321);
#2321 = AXIS2_PLACEMENT_3D('',#2322,#2323,#2324);
#2322 = CARTESIAN_POINT('',(-52.,20.85,-78.15));
#2323 = DIRECTION('',(0.,0.,1.));
#2324 = DIRECTION('',(1.,0.,-0.));
#2325 = DEFINITIONAL_REPRESENTATION('',(#2326),#2329);
#2326 = B_SPLINE_CURVE_WITH_KNOTS('',1,(#2327,#2328),.UNSPECIFIED.,.F.,
  .F.,(2,2),(9.,14.8),.PIECEWISE_BEZIER_KNOTS.);
#2327 = CARTESIAN_POINT('',(0.,17.15));
#2328 = CARTESIAN_POINT('',(5.8,17.15));
#2329 = ( GEOMETRIC_REPRESENTATION_CONTEXT(2) 
PARAMETRIC_REPRESENTATION_CONTEXT() REPRESENTATION_CONTEXT('2D SPACE',''
  ) );
#2330 = ORIENTED_EDGE('',*,*,#2331,.F.);
#2331 = EDGE_CURVE('',#2254,#2306,#2332,.T.);
#2332 = SURFACE_CURVE('',#2333,(#2337,#2343),.PCURVE_S1.);
#2333 = LINE('',#2334,#2335);
#2334 = CARTESIAN_POINT('',(-46.2,38.,-66.45));
#2335 = VECTOR('',#2336,1.);
#2336 = DIRECTION('',(-0.,0.,-1.));
#2337 = PCURVE('',#166,#2338);
#2338 = DEFINITIONAL_REPRESENTATION('',(#2339),#2342);
#2339 = B_SPLINE_CURVE_WITH_KNOTS('',1,(#2340,#2341),.UNSPECIFIED.,.F.,
  .F.,(2,2),(1.4,11.7),.PIECEWISE_BEZIER_KNOTS.);
#2340 = CARTESIAN_POINT('',(-13.1,23.8));
#2341 = CARTESIAN_POINT('',(-23.4,23.8));
#2342 = ( GEOMETRIC_REPRESENTATION_CONTEXT(2) 
PARAMETRIC_REPRESENTATION_CONTEXT() REPRESENTATION_CONTEXT('2D SPACE',''
  ) );
#2343 = PCURVE('',#2344,#2349);
#2344 = PLANE('',#2345);
#2345 = AXIS2_PLACEMENT_3D('',#2346,#2347,#2348);
#2346 = CARTESIAN_POINT('',(-46.2,20.85,-78.15));
#2347 = DIRECTION('',(1.,0.,-0.));
#2348 = DIRECTION('',(0.,0.,1.));
#2349 = DEFINITIONAL_REPRESENTATION('',(#2350),#2353);
#2350 = B_SPLINE_CURVE_WITH_KNOTS('',1,(#2351,#2352),.UNSPECIFIED.,.F.,
  .F.,(2,2),(1.4,11.7),.PIECEWISE_BEZIER_KNOTS.);
#2351 = CARTESIAN_POINT('',(10.3,-17.15));
#2352 = CARTESIAN_POINT('',(0.,-17.15));
#2353 = ( GEOMETRIC_REPRESENTATION_CONTEXT(2) 
PARAMETRIC_REPRESENTATION_CONTEXT() REPRESENTATION_CONTEXT('2D SPACE',''
  ) );
#2354 = FACE_BOUND('',#2355,.T.);
#2355 = EDGE_LOOP('',(#2356));
#2356 = ORIENTED_EDGE('',*,*,#2357,.T.);
#2357 = EDGE_CURVE('',#2358,#2358,#2360,.T.);
#2358 = VERTEX_POINT('',#2359);
#2359 = CARTESIAN_POINT('',(-23.01333333333,38.,-47.63139720814));
#2360 = SURFACE_CURVE('',#2361,(#2366,#2377),.PCURVE_S1.);
#2361 = CIRCLE('',#2362,4.486666666667);
#2362 = AXIS2_PLACEMENT_3D('',#2363,#2364,#2365);
#2363 = CARTESIAN_POINT('',(-27.5,38.,-47.63139720814));
#2364 = DIRECTION('',(0.,-1.,2.22044604925E-16));
#2365 = DIRECTION('',(1.,0.,0.));
#2366 = PCURVE('',#166,#2367);
#2367 = DEFINITIONAL_REPRESENTATION('',(#2368),#2376);
#2368 = ( BOUNDED_CURVE() B_SPLINE_CURVE(2,(#2369,#2370,#2371,#2372,
#2373,#2374,#2375),.UNSPECIFIED.,.T.,.F.) B_SPLINE_CURVE_WITH_KNOTS((1,2
    ,2,2,2,1),(-2.094395102393,0.,2.094395102393,4.188790204786,
6.28318530718,8.377580409573),.UNSPECIFIED.) CURVE() 
GEOMETRIC_REPRESENTATION_ITEM() RATIONAL_B_SPLINE_CURVE((1.,0.5,1.,0.5,
1.,0.5,1.)) REPRESENTATION_ITEM('') );
#2369 = CARTESIAN_POINT('',(7.118602791856,46.986666666667));
#2370 = CARTESIAN_POINT('',(14.889737415148,46.986666666667));
#2371 = CARTESIAN_POINT('',(11.004170103502,40.256666666667));
#2372 = CARTESIAN_POINT('',(7.118602791856,33.526666666667));
#2373 = CARTESIAN_POINT('',(3.23303548021,40.256666666667));
#2374 = CARTESIAN_POINT('',(-0.652531831436,46.986666666667));
#2375 = CARTESIAN_POINT('',(7.118602791856,46.986666666667));
#2376 = ( GEOMETRIC_REPRESENTATION_CONTEXT(2) 
PARAMETRIC_REPRESENTATION_CONTEXT() REPRESENTATION_CONTEXT('2D SPACE',''
  ) );
#2377 = PCURVE('',#2378,#2383);
#2378 = CONICAL_SURFACE('',#2379,4.5,0.927295218002);
#2379 = AXIS2_PLACEMENT_3D('',#2380,#2381,#2382);
#2380 = CARTESIAN_POINT('',(-27.5,38.01,-47.63139720814));
#2381 = DIRECTION('',(0.,1.,-2.22044604925E-16));
#2382 = DIRECTION('',(1.,0.,0.));
#2383 = DEFINITIONAL_REPRESENTATION('',(#2384),#2388);
#2384 = LINE('',#2385,#2386);
#2385 = CARTESIAN_POINT('',(-0.,-9.999999999998E-03));
#2386 = VECTOR('',#2387,1.);
#2387 = DIRECTION('',(-1.,-0.));
#2388 = ( GEOMETRIC_REPRESENTATION_CONTEXT(2) 
PARAMETRIC_REPRESENTATION_CONTEXT() REPRESENTATION_CONTEXT('2D SPACE',''
  ) );
#2389 = FACE_BOUND('',#2390,.T.);
#2390 = EDGE_LOOP('',(#2391,#2419,#2445,#2471));
#2391 = ORIENTED_EDGE('',*,*,#2392,.F.);
#2392 = EDGE_CURVE('',#2393,#2395,#2397,.T.);
#2393 = VERTEX_POINT('',#2394);
#2394 = CARTESIAN_POINT('',(-52.,38.,23.15));
#2395 = VERTEX_POINT('',#2396);
#2396 = CARTESIAN_POINT('',(-46.2,38.,23.15));
#2397 = SURFACE_CURVE('',#2398,(#2402,#2408),.PCURVE_S1.);
#2398 = LINE('',#2399,#2400);
#2399 = CARTESIAN_POINT('',(-61.,38.,23.15));
#2400 = VECTOR('',#2401,1.);
#2401 = DIRECTION('',(1.,0.,-0.));
#2402 = PCURVE('',#166,#2403);
#2403 = DEFINITIONAL_REPRESENTATION('',(#2404),#2407);
#2404 = B_SPLINE_CURVE_WITH_KNOTS('',1,(#2405,#2406),.UNSPECIFIED.,.F.,
  .F.,(2,2),(9.,14.8),.PIECEWISE_BEZIER_KNOTS.);
#2405 = CARTESIAN_POINT('',(77.9,18.));
#2406 = CARTESIAN_POINT('',(77.9,23.8));
#2407 = ( GEOMETRIC_REPRESENTATION_CONTEXT(2) 
PARAMETRIC_REPRESENTATION_CONTEXT() REPRESENTATION_CONTEXT('2D SPACE',''
  ) );
#2408 = PCURVE('',#2409,#2414);
#2409 = PLANE('',#2410);
#2410 = AXIS2_PLACEMENT_3D('',#2411,#2412,#2413);
#2411 = CARTESIAN_POINT('',(-52.,20.85,23.15));
#2412 = DIRECTION('',(0.,0.,1.));
#2413 = DIRECTION('',(1.,0.,-0.));
#2414 = DEFINITIONAL_REPRESENTATION('',(#2415),#2418);
#2415 = B_SPLINE_CURVE_WITH_KNOTS('',1,(#2416,#2417),.UNSPECIFIED.,.F.,
  .F.,(2,2),(9.,14.8),.PIECEWISE_BEZIER_KNOTS.);
#2416 = CARTESIAN_POINT('',(0.,17.15));
#2417 = CARTESIAN_POINT('',(5.8,17.15));
#2418 = ( GEOMETRIC_REPRESENTATION_CONTEXT(2) 
PARAMETRIC_REPRESENTATION_CONTEXT() REPRESENTATION_CONTEXT('2D SPACE',''
  ) );
#2419 = ORIENTED_EDGE('',*,*,#2420,.T.);
#2420 = EDGE_CURVE('',#2393,#2421,#2423,.T.);
#2421 = VERTEX_POINT('',#2422);
#2422 = CARTESIAN_POINT('',(-52.,38.,12.85));
#2423 = SURFACE_CURVE('',#2424,(#2428,#2434),.PCURVE_S1.);
#2424 = LINE('',#2425,#2426);
#2425 = CARTESIAN_POINT('',(-52.,38.,-20.95));
#2426 = VECTOR('',#2427,1.);
#2427 = DIRECTION('',(-0.,0.,-1.));
#2428 = PCURVE('',#166,#2429);
#2429 = DEFINITIONAL_REPRESENTATION('',(#2430),#2433);
#2430 = B_SPLINE_CURVE_WITH_KNOTS('',1,(#2431,#2432),.UNSPECIFIED.,.F.,
  .F.,(2,2),(-44.1,-33.8),.PIECEWISE_BEZIER_KNOTS.);
#2431 = CARTESIAN_POINT('',(77.9,18.));
#2432 = CARTESIAN_POINT('',(67.6,18.));
#2433 = ( GEOMETRIC_REPRESENTATION_CONTEXT(2) 
PARAMETRIC_REPRESENTATION_CONTEXT() REPRESENTATION_CONTEXT('2D SPACE',''
  ) );
#2434 = PCURVE('',#2435,#2440);
#2435 = PLANE('',#2436);
#2436 = AXIS2_PLACEMENT_3D('',#2437,#2438,#2439);
#2437 = CARTESIAN_POINT('',(-52.,20.85,12.85));
#2438 = DIRECTION('',(1.,0.,-0.));
#2439 = DIRECTION('',(0.,0.,1.));
#2440 = DEFINITIONAL_REPRESENTATION('',(#2441),#2444);
#2441 = B_SPLINE_CURVE_WITH_KNOTS('',1,(#2442,#2443),.UNSPECIFIED.,.F.,
  .F.,(2,2),(-44.1,-33.8),.PIECEWISE_BEZIER_KNOTS.);
#2442 = CARTESIAN_POINT('',(10.3,-17.15));
#2443 = CARTESIAN_POINT('',(0.,-17.15));
#2444 = ( GEOMETRIC_REPRESENTATION_CONTEXT(2) 
PARAMETRIC_REPRESENTATION_CONTEXT() REPRESENTATION_CONTEXT('2D SPACE',''
  ) );
#2445 = ORIENTED_EDGE('',*,*,#2446,.T.);
#2446 = EDGE_CURVE('',#2421,#2447,#2449,.T.);
#2447 = VERTEX_POINT('',#2448);
#2448 = CARTESIAN_POINT('',(-46.2,38.,12.85));
#2449 = SURFACE_CURVE('',#2450,(#2454,#2460),.PCURVE_S1.);
#2450 = LINE('',#2451,#2452);
#2451 = CARTESIAN_POINT('',(-61.,38.,12.85));
#2452 = VECTOR('',#2453,1.);
#2453 = DIRECTION('',(1.,0.,-0.));
#2454 = PCURVE('',#166,#2455);
#2455 = DEFINITIONAL_REPRESENTATION('',(#2456),#2459);
#2456 = B_SPLINE_CURVE_WITH_KNOTS('',1,(#2457,#2458),.UNSPECIFIED.,.F.,
  .F.,(2,2),(9.,14.8),.PIECEWISE_BEZIER_KNOTS.);
#2457 = CARTESIAN_POINT('',(67.6,18.));
#2458 = CARTESIAN_POINT('',(67.6,23.8));
#2459 = ( GEOMETRIC_REPRESENTATION_CONTEXT(2) 
PARAMETRIC_REPRESENTATION_CONTEXT() REPRESENTATION_CONTEXT('2D SPACE',''
  ) );
#2460 = PCURVE('',#2461,#2466);
#2461 = PLANE('',#2462);
#2462 = AXIS2_PLACEMENT_3D('',#2463,#2464,#2465);
#2463 = CARTESIAN_POINT('',(-52.,20.85,12.85));
#2464 = DIRECTION('',(0.,0.,1.));
#2465 = DIRECTION('',(1.,0.,-0.));
#2466 = DEFINITIONAL_REPRESENTATION('',(#2467),#2470);
#2467 = B_SPLINE_CURVE_WITH_KNOTS('',1,(#2468,#2469),.UNSPECIFIED.,.F.,
  .F.,(2,2),(9.,14.8),.PIECEWISE_BEZIER_KNOTS.);
#2468 = CARTESIAN_POINT('',(0.,17.15));
#2469 = CARTESIAN_POINT('',(5.8,17.15));
#2470 = ( GEOMETRIC_REPRESENTATION_CONTEXT(2) 
PARAMETRIC_REPRESENTATION_CONTEXT() REPRESENTATION_CONTEXT('2D SPACE',''
  ) );
#2471 = ORIENTED_EDGE('',*,*,#2472,.F.);
#2472 = EDGE_CURVE('',#2395,#2447,#2473,.T.);
#2473 = SURFACE_CURVE('',#2474,(#2478,#2484),.PCURVE_S1.);
#2474 = LINE('',#2475,#2476);
#2475 = CARTESIAN_POINT('',(-46.2,38.,-20.95));
#2476 = VECTOR('',#2477,1.);
#2477 = DIRECTION('',(-0.,0.,-1.));
#2478 = PCURVE('',#166,#2479);
#2479 = DEFINITIONAL_REPRESENTATION('',(#2480),#2483);
#2480 = B_SPLINE_CURVE_WITH_KNOTS('',1,(#2481,#2482),.UNSPECIFIED.,.F.,
  .F.,(2,2),(-44.1,-33.8),.PIECEWISE_BEZIER_KNOTS.);
#2481 = CARTESIAN_POINT('',(77.9,23.8));
#2482 = CARTESIAN_POINT('',(67.6,23.8));
#2483 = ( GEOMETRIC_REPRESENTATION_CONTEXT(2) 
PARAMETRIC_REPRESENTATION_CONTEXT() REPRESENTATION_CONTEXT('2D SPACE',''
  ) );
#2484 = PCURVE('',#2485,#2490);
#2485 = PLANE('',#2486);
#2486 = AXIS2_PLACEMENT_3D('',#2487,#2488,#2489);
#2487 = CARTESIAN_POINT('',(-46.2,20.85,12.85));
#2488 = DIRECTION('',(1.,0.,-0.));
#2489 = DIRECTION('',(0.,0.,1.));
#2490 = DEFINITIONAL_REPRESENTATION('',(#2491),#2494);
#2491 = B_SPLINE_CURVE_WITH_KNOTS('',1,(#2492,#2493),.UNSPECIFIED.,.F.,
  .F.,(2,2),(-44.1,-33.8),.PIECEWISE_BEZIER_KNOTS.);
#2492 = CARTESIAN_POINT('',(10.3,-17.15));
#2493 = CARTESIAN_POINT('',(0.,-17.15));
#2494 = ( GEOMETRIC_REPRESENTATION_CONTEXT(2) 
PARAMETRIC_REPRESENTATION_CONTEXT() REPRESENTATION_CONTEXT('2D SPACE',''
  ) );
#2495 = FACE_BOUND('',#2496,.T.);
#2496 = EDGE_LOOP('',(#2497));
#2497 = ORIENTED_EDGE('',*,*,#2498,.T.);
#2498 = EDGE_CURVE('',#2499,#2499,#2501,.T.);
#2499 = VERTEX_POINT('',#2500);
#2500 = CARTESIAN_POINT('',(-0.306899184455,38.,-54.79070839504));
#2501 = SURFACE_CURVE('',#2502,(#2507,#2518),.PCURVE_S1.);
#2502 = CIRCLE('',#2503,4.486666666667);
#2503 = AXIS2_PLACEMENT_3D('',#2504,#2505,#2506);
#2504 = CARTESIAN_POINT('',(-4.793565851121,38.,-54.79070839504));
#2505 = DIRECTION('',(0.,-1.,2.22044604925E-16));
#2506 = DIRECTION('',(1.,0.,0.));
#2507 = PCURVE('',#166,#2508);
#2508 = DEFINITIONAL_REPRESENTATION('',(#2509),#2517);
#2509 = ( BOUNDED_CURVE() B_SPLINE_CURVE(2,(#2510,#2511,#2512,#2513,
#2514,#2515,#2516),.UNSPECIFIED.,.T.,.F.) B_SPLINE_CURVE_WITH_KNOTS((1,2
    ,2,2,2,1),(-2.094395102393,0.,2.094395102393,4.188790204786,
6.28318530718,8.377580409573),.UNSPECIFIED.) CURVE() 
GEOMETRIC_REPRESENTATION_ITEM() RATIONAL_B_SPLINE_CURVE((1.,0.5,1.,0.5,
1.,0.5,1.)) REPRESENTATION_ITEM('') );
#2510 = CARTESIAN_POINT('',(-4.0708395046E-02,69.693100815545));
#2511 = CARTESIAN_POINT('',(7.730426228246,69.693100815545));
#2512 = CARTESIAN_POINT('',(3.8448589166,62.963100815545));
#2513 = CARTESIAN_POINT('',(-4.0708395046E-02,56.233100815545));
#2514 = CARTESIAN_POINT('',(-3.926275706692,62.963100815545));
#2515 = CARTESIAN_POINT('',(-7.811843018338,69.693100815545));
#2516 = CARTESIAN_POINT('',(-4.0708395046E-02,69.693100815545));
#2517 = ( GEOMETRIC_REPRESENTATION_CONTEXT(2) 
PARAMETRIC_REPRESENTATION_CONTEXT() REPRESENTATION_CONTEXT('2D SPACE',''
  ) );
#2518 = PCURVE('',#2519,#2524);
#2519 = CONICAL_SURFACE('',#2520,4.5,0.927295218002);
#2520 = AXIS2_PLACEMENT_3D('',#2521,#2522,#2523);
#2521 = CARTESIAN_POINT('',(-4.793565851121,38.01,-54.79070839504));
#2522 = DIRECTION('',(0.,1.,-2.22044604925E-16));
#2523 = DIRECTION('',(1.,0.,0.));
#2524 = DEFINITIONAL_REPRESENTATION('',(#2525),#2529);
#2525 = LINE('',#2526,#2527);
#2526 = CARTESIAN_POINT('',(-0.,-9.999999999998E-03));
#2527 = VECTOR('',#2528,1.);
#2528 = DIRECTION('',(-1.,-0.));
#2529 = ( GEOMETRIC_REPRESENTATION_CONTEXT(2) 
PARAMETRIC_REPRESENTATION_CONTEXT() REPRESENTATION_CONTEXT('2D SPACE',''
  ) );
#2530 = FACE_BOUND('',#2531,.T.);
#2531 = EDGE_LOOP('',(#2532));
#2532 = ORIENTED_EDGE('',*,*,#2533,.F.);
#2533 = EDGE_CURVE('',#2534,#2534,#2536,.T.);
#2534 = VERTEX_POINT('',#2535);
#2535 = CARTESIAN_POINT('',(10.15,38.,1.95834675815E-14));
#2536 = SURFACE_CURVE('',#2537,(#2542,#2549),.PCURVE_S1.);
#2537 = CIRCLE('',#2538,10.15);
#2538 = AXIS2_PLACEMENT_3D('',#2539,#2540,#2541);
#2539 = CARTESIAN_POINT('',(0.,38.,1.709743457923E-14));
#2540 = DIRECTION('',(0.,1.,2.22044604925E-16));
#2541 = DIRECTION('',(1.,0.,-0.));
#2542 = PCURVE('',#166,#2543);
#2543 = DEFINITIONAL_REPRESENTATION('',(#2544),#2548);
#2544 = CIRCLE('',#2545,10.15);
#2545 = AXIS2_PLACEMENT_2D('',#2546,#2547);
#2546 = CARTESIAN_POINT('',(54.75,70.));
#2547 = DIRECTION('',(0.,1.));
#2548 = ( GEOMETRIC_REPRESENTATION_CONTEXT(2) 
PARAMETRIC_REPRESENTATION_CONTEXT() REPRESENTATION_CONTEXT('2D SPACE',''
  ) );
#2549 = PCURVE('',#720,#2550);
#2550 = DEFINITIONAL_REPRESENTATION('',(#2551),#2555);
#2551 = LINE('',#2552,#2553);
#2552 = CARTESIAN_POINT('',(0.,77.));
#2553 = VECTOR('',#2554,1.);
#2554 = DIRECTION('',(1.,0.));
#2555 = ( GEOMETRIC_REPRESENTATION_CONTEXT(2) 
PARAMETRIC_REPRESENTATION_CONTEXT() REPRESENTATION_CONTEXT('2D SPACE',''
  ) );
#2556 = ADVANCED_FACE('',(#2557),#223,.F.);
#2557 = FACE_BOUND('',#2558,.F.);
#2558 = EDGE_LOOP('',(#2559,#2560,#2583,#2605));
#2559 = ORIENTED_EDGE('',*,*,#206,.T.);
#2560 = ORIENTED_EDGE('',*,*,#2561,.T.);
#2561 = EDGE_CURVE('',#207,#2562,#2564,.T.);
#2562 = VERTEX_POINT('',#2563);
#2563 = CARTESIAN_POINT('',(-52.,26.,14.8));
#2564 = SEAM_CURVE('',#2565,(#2569,#2576),.PCURVE_S1.);
#2565 = LINE('',#2566,#2567);
#2566 = CARTESIAN_POINT('',(-71.,26.,14.8));
#2567 = VECTOR('',#2568,1.);
#2568 = DIRECTION('',(1.,0.,2.22044604925E-16));
#2569 = PCURVE('',#223,#2570);
#2570 = DEFINITIONAL_REPRESENTATION('',(#2571),#2575);
#2571 = LINE('',#2572,#2573);
#2572 = CARTESIAN_POINT('',(0.,-0.));
#2573 = VECTOR('',#2574,1.);
#2574 = DIRECTION('',(0.,1.));
#2575 = ( GEOMETRIC_REPRESENTATION_CONTEXT(2) 
PARAMETRIC_REPRESENTATION_CONTEXT() REPRESENTATION_CONTEXT('2D SPACE',''
  ) );
#2576 = PCURVE('',#223,#2577);
#2577 = DEFINITIONAL_REPRESENTATION('',(#2578),#2582);
#2578 = LINE('',#2579,#2580);
#2579 = CARTESIAN_POINT('',(6.28318530718,-0.));
#2580 = VECTOR('',#2581,1.);
#2581 = DIRECTION('',(0.,1.));
#2582 = ( GEOMETRIC_REPRESENTATION_CONTEXT(2) 
PARAMETRIC_REPRESENTATION_CONTEXT() REPRESENTATION_CONTEXT('2D SPACE',''
  ) );
#2583 = ORIENTED_EDGE('',*,*,#2584,.F.);
#2584 = EDGE_CURVE('',#2562,#2562,#2585,.T.);
#2585 = SURFACE_CURVE('',#2586,(#2591,#2598),.PCURVE_S1.);
#2586 = CIRCLE('',#2587,3.2);
#2587 = AXIS2_PLACEMENT_3D('',#2588,#2589,#2590);
#2588 = CARTESIAN_POINT('',(-52.,26.,18.));
#2589 = DIRECTION('',(1.,0.,2.22044604925E-16));
#2590 = DIRECTION('',(2.22044604925E-16,0.,-1.));
#2591 = PCURVE('',#223,#2592);
#2592 = DEFINITIONAL_REPRESENTATION('',(#2593),#2597);
#2593 = LINE('',#2594,#2595);
#2594 = CARTESIAN_POINT('',(0.,19.));
#2595 = VECTOR('',#2596,1.);
#2596 = DIRECTION('',(1.,0.));
#2597 = ( GEOMETRIC_REPRESENTATION_CONTEXT(2) 
PARAMETRIC_REPRESENTATION_CONTEXT() REPRESENTATION_CONTEXT('2D SPACE',''
  ) );
#2598 = PCURVE('',#2435,#2599);
#2599 = DEFINITIONAL_REPRESENTATION('',(#2600),#2604);
#2600 = CIRCLE('',#2601,3.2);
#2601 = AXIS2_PLACEMENT_2D('',#2602,#2603);
#2602 = CARTESIAN_POINT('',(5.15,-5.15));
#2603 = DIRECTION('',(-1.,0.));
#2604 = ( GEOMETRIC_REPRESENTATION_CONTEXT(2) 
PARAMETRIC_REPRESENTATION_CONTEXT() REPRESENTATION_CONTEXT('2D SPACE',''
  ) );
#2605 = ORIENTED_EDGE('',*,*,#2561,.F.);
#2606 = ADVANCED_FACE('',(#2607),#254,.F.);
#2607 = FACE_BOUND('',#2608,.F.);
#2608 = EDGE_LOOP('',(#2609,#2610,#2633,#2655));
#2609 = ORIENTED_EDGE('',*,*,#237,.T.);
#2610 = ORIENTED_EDGE('',*,*,#2611,.T.);
#2611 = EDGE_CURVE('',#238,#2612,#2614,.T.);
#2612 = VERTEX_POINT('',#2613);
#2613 = CARTESIAN_POINT('',(-52.,-26.,14.8));
#2614 = SEAM_CURVE('',#2615,(#2619,#2626),.PCURVE_S1.);
#2615 = LINE('',#2616,#2617);
#2616 = CARTESIAN_POINT('',(-71.,-26.,14.8));
#2617 = VECTOR('',#2618,1.);
#2618 = DIRECTION('',(1.,0.,2.22044604925E-16));
#2619 = PCURVE('',#254,#2620);
#2620 = DEFINITIONAL_REPRESENTATION('',(#2621),#2625);
#2621 = LINE('',#2622,#2623);
#2622 = CARTESIAN_POINT('',(0.,-0.));
#2623 = VECTOR('',#2624,1.);
#2624 = DIRECTION('',(0.,1.));
#2625 = ( GEOMETRIC_REPRESENTATION_CONTEXT(2) 
PARAMETRIC_REPRESENTATION_CONTEXT() REPRESENTATION_CONTEXT('2D SPACE',''
  ) );
#2626 = PCURVE('',#254,#2627);
#2627 = DEFINITIONAL_REPRESENTATION('',(#2628),#2632);
#2628 = LINE('',#2629,#2630);
#2629 = CARTESIAN_POINT('',(6.28318530718,-0.));
#2630 = VECTOR('',#2631,1.);
#2631 = DIRECTION('',(0.,1.));
#2632 = ( GEOMETRIC_REPRESENTATION_CONTEXT(2) 
PARAMETRIC_REPRESENTATION_CONTEXT() REPRESENTATION_CONTEXT('2D SPACE',''
  ) );
#2633 = ORIENTED_EDGE('',*,*,#2634,.F.);
#2634 = EDGE_CURVE('',#2612,#2612,#2635,.T.);
#2635 = SURFACE_CURVE('',#2636,(#2641,#2648),.PCURVE_S1.);
#2636 = CIRCLE('',#2637,3.2);
#2637 = AXIS2_PLACEMENT_3D('',#2638,#2639,#2640);
#2638 = CARTESIAN_POINT('',(-52.,-26.,18.));
#2639 = DIRECTION('',(1.,0.,2.22044604925E-16));
#2640 = DIRECTION('',(2.22044604925E-16,0.,-1.));
#2641 = PCURVE('',#254,#2642);
#2642 = DEFINITIONAL_REPRESENTATION('',(#2643),#2647);
#2643 = LINE('',#2644,#2645);
#2644 = CARTESIAN_POINT('',(0.,19.));
#2645 = VECTOR('',#2646,1.);
#2646 = DIRECTION('',(1.,0.));
#2647 = ( GEOMETRIC_REPRESENTATION_CONTEXT(2) 
PARAMETRIC_REPRESENTATION_CONTEXT() REPRESENTATION_CONTEXT('2D SPACE',''
  ) );
#2648 = PCURVE('',#609,#2649);
#2649 = DEFINITIONAL_REPRESENTATION('',(#2650),#2654);
#2650 = CIRCLE('',#2651,3.2);
#2651 = AXIS2_PLACEMENT_2D('',#2652,#2653);
#2652 = CARTESIAN_POINT('',(5.15,-13.));
#2653 = DIRECTION('',(-1.,0.));
#2654 = ( GEOMETRIC_REPRESENTATION_CONTEXT(2) 
PARAMETRIC_REPRESENTATION_CONTEXT() REPRESENTATION_CONTEXT('2D SPACE',''
  ) );
#2655 = ORIENTED_EDGE('',*,*,#2611,.F.);
#2656 = ADVANCED_FACE('',(#2657),#308,.T.);
#2657 = FACE_BOUND('',#2658,.T.);
#2658 = EDGE_LOOP('',(#2659,#2660,#2661,#2684,#2713,#2734));
#2659 = ORIENTED_EDGE('',*,*,#1921,.F.);
#2660 = ORIENTED_EDGE('',*,*,#292,.F.);
#2661 = ORIENTED_EDGE('',*,*,#2662,.T.);
#2662 = EDGE_CURVE('',#293,#2663,#2665,.T.);
#2663 = VERTEX_POINT('',#2664);
#2664 = CARTESIAN_POINT('',(95.,-20.14844907182,-54.75));
#2665 = SURFACE_CURVE('',#2666,(#2670,#2677),.PCURVE_S1.);
#2666 = LINE('',#2667,#2668);
#2667 = CARTESIAN_POINT('',(95.,-38.,-54.75));
#2668 = VECTOR('',#2669,1.);
#2669 = DIRECTION('',(-0.,1.,0.));
#2670 = PCURVE('',#308,#2671);
#2671 = DEFINITIONAL_REPRESENTATION('',(#2672),#2676);
#2672 = LINE('',#2673,#2674);
#2673 = CARTESIAN_POINT('',(0.,0.));
#2674 = VECTOR('',#2675,1.);
#2675 = DIRECTION('',(0.,-1.));
#2676 = ( GEOMETRIC_REPRESENTATION_CONTEXT(2) 
PARAMETRIC_REPRESENTATION_CONTEXT() REPRESENTATION_CONTEXT('2D SPACE',''
  ) );
#2677 = PCURVE('',#336,#2678);
#2678 = DEFINITIONAL_REPRESENTATION('',(#2679),#2683);
#2679 = LINE('',#2680,#2681);
#2680 = CARTESIAN_POINT('',(165.,0.));
#2681 = VECTOR('',#2682,1.);
#2682 = DIRECTION('',(0.,1.));
#2683 = ( GEOMETRIC_REPRESENTATION_CONTEXT(2) 
PARAMETRIC_REPRESENTATION_CONTEXT() REPRESENTATION_CONTEXT('2D SPACE',''
  ) );
#2684 = ORIENTED_EDGE('',*,*,#2685,.F.);
#2685 = EDGE_CURVE('',#2686,#2663,#2688,.T.);
#2686 = VERTEX_POINT('',#2687);
#2687 = CARTESIAN_POINT('',(95.,20.148449071827,-54.75));
#2688 = SURFACE_CURVE('',#2689,(#2694,#2701),.PCURVE_S1.);
#2689 = CIRCLE('',#2690,20.15);
#2690 = AXIS2_PLACEMENT_3D('',#2691,#2692,#2693);
#2691 = CARTESIAN_POINT('',(95.,0.,-55.));
#2692 = DIRECTION('',(1.,0.,2.22044604925E-16));
#2693 = DIRECTION('',(2.22044604925E-16,0.,-1.));
#2694 = PCURVE('',#308,#2695);
#2695 = DEFINITIONAL_REPRESENTATION('',(#2696),#2700);
#2696 = CIRCLE('',#2697,20.15);
#2697 = AXIS2_PLACEMENT_2D('',#2698,#2699);
#2698 = CARTESIAN_POINT('',(-0.25,-38.));
#2699 = DIRECTION('',(-1.,0.));
#2700 = ( GEOMETRIC_REPRESENTATION_CONTEXT(2) 
PARAMETRIC_REPRESENTATION_CONTEXT() REPRESENTATION_CONTEXT('2D SPACE',''
  ) );
#2701 = PCURVE('',#2702,#2707);
#2702 = CYLINDRICAL_SURFACE('',#2703,20.15);
#2703 = AXIS2_PLACEMENT_3D('',#2704,#2705,#2706);
#2704 = CARTESIAN_POINT('',(-48.,0.,-55.));
#2705 = DIRECTION('',(1.,0.,2.22044604925E-16));
#2706 = DIRECTION('',(2.22044604925E-16,0.,-1.));
#2707 = DEFINITIONAL_REPRESENTATION('',(#2708),#2712);
#2708 = LINE('',#2709,#2710);
#2709 = CARTESIAN_POINT('',(0.,143.));
#2710 = VECTOR('',#2711,1.);
#2711 = DIRECTION('',(1.,0.));
#2712 = ( GEOMETRIC_REPRESENTATION_CONTEXT(2) 
PARAMETRIC_REPRESENTATION_CONTEXT() REPRESENTATION_CONTEXT('2D SPACE',''
  ) );
#2713 = ORIENTED_EDGE('',*,*,#2714,.T.);
#2714 = EDGE_CURVE('',#2686,#2154,#2715,.T.);
#2715 = SURFACE_CURVE('',#2716,(#2720,#2727),.PCURVE_S1.);
#2716 = LINE('',#2717,#2718);
#2717 = CARTESIAN_POINT('',(95.,-38.,-54.75));
#2718 = VECTOR('',#2719,1.);
#2719 = DIRECTION('',(-0.,1.,0.));
#2720 = PCURVE('',#308,#2721);
#2721 = DEFINITIONAL_REPRESENTATION('',(#2722),#2726);
#2722 = LINE('',#2723,#2724);
#2723 = CARTESIAN_POINT('',(0.,0.));
#2724 = VECTOR('',#2725,1.);
#2725 = DIRECTION('',(0.,-1.));
#2726 = ( GEOMETRIC_REPRESENTATION_CONTEXT(2) 
PARAMETRIC_REPRESENTATION_CONTEXT() REPRESENTATION_CONTEXT('2D SPACE',''
  ) );
#2727 = PCURVE('',#2192,#2728);
#2728 = DEFINITIONAL_REPRESENTATION('',(#2729),#2733);
#2729 = LINE('',#2730,#2731);
#2730 = CARTESIAN_POINT('',(165.,0.));
#2731 = VECTOR('',#2732,1.);
#2732 = DIRECTION('',(0.,1.));
#2733 = ( GEOMETRIC_REPRESENTATION_CONTEXT(2) 
PARAMETRIC_REPRESENTATION_CONTEXT() REPRESENTATION_CONTEXT('2D SPACE',''
  ) );
#2734 = ORIENTED_EDGE('',*,*,#2153,.T.);
#2735 = ADVANCED_FACE('',(#2736,#2780,#2806),#336,.F.);
#2736 = FACE_BOUND('',#2737,.F.);
#2737 = EDGE_LOOP('',(#2738,#2759,#2778,#2779));
#2738 = ORIENTED_EDGE('',*,*,#2739,.F.);
#2739 = EDGE_CURVE('',#2740,#2663,#2742,.T.);
#2740 = VERTEX_POINT('',#2741);
#2741 = CARTESIAN_POINT('',(5.,-20.14844907182,-54.75));
#2742 = SURFACE_CURVE('',#2743,(#2747,#2753),.PCURVE_S1.);
#2743 = LINE('',#2744,#2745);
#2744 = CARTESIAN_POINT('',(-48.,-20.14844907182,-54.75));
#2745 = VECTOR('',#2746,1.);
#2746 = DIRECTION('',(1.,0.,2.22044604925E-16));
#2747 = PCURVE('',#336,#2748);
#2748 = DEFINITIONAL_REPRESENTATION('',(#2749),#2752);
#2749 = B_SPLINE_CURVE_WITH_KNOTS('',1,(#2750,#2751),.UNSPECIFIED.,.F.,
  .F.,(2,2),(44.,144.0000006),.PIECEWISE_BEZIER_KNOTS.);
#2750 = CARTESIAN_POINT('',(66.,17.851550928173));
#2751 = CARTESIAN_POINT('',(166.0000006,17.851550928173));
#2752 = ( GEOMETRIC_REPRESENTATION_CONTEXT(2) 
PARAMETRIC_REPRESENTATION_CONTEXT() REPRESENTATION_CONTEXT('2D SPACE',''
  ) );
#2753 = PCURVE('',#2702,#2754);
#2754 = DEFINITIONAL_REPRESENTATION('',(#2755),#2758);
#2755 = B_SPLINE_CURVE_WITH_KNOTS('',1,(#2756,#2757),.UNSPECIFIED.,.F.,
  .F.,(2,2),(44.,144.0000006),.PIECEWISE_BEZIER_KNOTS.);
#2756 = CARTESIAN_POINT('',(4.699981714167,44.));
#2757 = CARTESIAN_POINT('',(4.699981714167,144.0000006));
#2758 = ( GEOMETRIC_REPRESENTATION_CONTEXT(2) 
PARAMETRIC_REPRESENTATION_CONTEXT() REPRESENTATION_CONTEXT('2D SPACE',''
  ) );
#2759 = ORIENTED_EDGE('',*,*,#2760,.F.);
#2760 = EDGE_CURVE('',#321,#2740,#2761,.T.);
#2761 = SURFACE_CURVE('',#2762,(#2766,#2772),.PCURVE_S1.);
#2762 = LINE('',#2763,#2764);
#2763 = CARTESIAN_POINT('',(5.,-38.,-54.75));
#2764 = VECTOR('',#2765,1.);
#2765 = DIRECTION('',(-0.,1.,0.));
#2766 = PCURVE('',#336,#2767);
#2767 = DEFINITIONAL_REPRESENTATION('',(#2768),#2771);
#2768 = B_SPLINE_CURVE_WITH_KNOTS('',1,(#2769,#2770),.UNSPECIFIED.,.F.,
  .F.,(2,2),(0.,76.),.PIECEWISE_BEZIER_KNOTS.);
#2769 = CARTESIAN_POINT('',(75.,0.));
#2770 = CARTESIAN_POINT('',(75.,76.));
#2771 = ( GEOMETRIC_REPRESENTATION_CONTEXT(2) 
PARAMETRIC_REPRESENTATION_CONTEXT() REPRESENTATION_CONTEXT('2D SPACE',''
  ) );
#2772 = PCURVE('',#364,#2773);
#2773 = DEFINITIONAL_REPRESENTATION('',(#2774),#2777);
#2774 = B_SPLINE_CURVE_WITH_KNOTS('',1,(#2775,#2776),.UNSPECIFIED.,.F.,
  .F.,(2,2),(0.,76.),.PIECEWISE_BEZIER_KNOTS.);
#2775 = CARTESIAN_POINT('',(30.25,0.));
#2776 = CARTESIAN_POINT('',(30.25,-76.));
#2777 = ( GEOMETRIC_REPRESENTATION_CONTEXT(2) 
PARAMETRIC_REPRESENTATION_CONTEXT() REPRESENTATION_CONTEXT('2D SPACE',''
  ) );
#2778 = ORIENTED_EDGE('',*,*,#320,.T.);
#2779 = ORIENTED_EDGE('',*,*,#2662,.T.);
#2780 = FACE_BOUND('',#2781,.F.);
#2781 = EDGE_LOOP('',(#2782));
#2782 = ORIENTED_EDGE('',*,*,#2783,.F.);
#2783 = EDGE_CURVE('',#2784,#2784,#2786,.T.);
#2784 = VERTEX_POINT('',#2785);
#2785 = CARTESIAN_POINT('',(23.25,-29.,-54.75));
#2786 = SURFACE_CURVE('',#2787,(#2792,#2799),.PCURVE_S1.);
#2787 = CIRCLE('',#2788,3.25);
#2788 = AXIS2_PLACEMENT_3D('',#2789,#2790,#2791);
#2789 = CARTESIAN_POINT('',(20.,-29.,-54.75));
#2790 = DIRECTION('',(0.,0.,1.));
#2791 = DIRECTION('',(1.,0.,-0.));
#2792 = PCURVE('',#336,#2793);
#2793 = DEFINITIONAL_REPRESENTATION('',(#2794),#2798);
#2794 = CIRCLE('',#2795,3.25);
#2795 = AXIS2_PLACEMENT_2D('',#2796,#2797);
#2796 = CARTESIAN_POINT('',(90.,9.));
#2797 = DIRECTION('',(1.,0.));
#2798 = ( GEOMETRIC_REPRESENTATION_CONTEXT(2) 
PARAMETRIC_REPRESENTATION_CONTEXT() REPRESENTATION_CONTEXT('2D SPACE',''
  ) );
#2799 = PCURVE('',#1984,#2800);
#2800 = DEFINITIONAL_REPRESENTATION('',(#2801),#2805);
#2801 = LINE('',#2802,#2803);
#2802 = CARTESIAN_POINT('',(0.,1.25));
#2803 = VECTOR('',#2804,1.);
#2804 = DIRECTION('',(1.,0.));
#2805 = ( GEOMETRIC_REPRESENTATION_CONTEXT(2) 
PARAMETRIC_REPRESENTATION_CONTEXT() REPRESENTATION_CONTEXT('2D SPACE',''
  ) );
#2806 = FACE_BOUND('',#2807,.F.);
#2807 = EDGE_LOOP('',(#2808));
#2808 = ORIENTED_EDGE('',*,*,#2809,.F.);
#2809 = EDGE_CURVE('',#2810,#2810,#2812,.T.);
#2810 = VERTEX_POINT('',#2811);
#2811 = CARTESIAN_POINT('',(83.25,-29.,-54.75));
#2812 = SURFACE_CURVE('',#2813,(#2818,#2825),.PCURVE_S1.);
#2813 = CIRCLE('',#2814,3.25);
#2814 = AXIS2_PLACEMENT_3D('',#2815,#2816,#2817);
#2815 = CARTESIAN_POINT('',(80.,-29.,-54.75));
#2816 = DIRECTION('',(0.,0.,1.));
#2817 = DIRECTION('',(1.,0.,-0.));
#2818 = PCURVE('',#336,#2819);
#2819 = DEFINITIONAL_REPRESENTATION('',(#2820),#2824);
#2820 = CIRCLE('',#2821,3.25);
#2821 = AXIS2_PLACEMENT_2D('',#2822,#2823);
#2822 = CARTESIAN_POINT('',(150.,9.));
#2823 = DIRECTION('',(1.,0.));
#2824 = ( GEOMETRIC_REPRESENTATION_CONTEXT(2) 
PARAMETRIC_REPRESENTATION_CONTEXT() REPRESENTATION_CONTEXT('2D SPACE',''
  ) );
#2825 = PCURVE('',#2015,#2826);
#2826 = DEFINITIONAL_REPRESENTATION('',(#2827),#2831);
#2827 = LINE('',#2828,#2829);
#2828 = CARTESIAN_POINT('',(0.,1.25));
#2829 = VECTOR('',#2830,1.);
#2830 = DIRECTION('',(1.,0.));
#2831 = ( GEOMETRIC_REPRESENTATION_CONTEXT(2) 
PARAMETRIC_REPRESENTATION_CONTEXT() REPRESENTATION_CONTEXT('2D SPACE',''
  ) );
#2832 = ADVANCED_FACE('',(#2833),#364,.T.);
#2833 = FACE_BOUND('',#2834,.T.);
#2834 = EDGE_LOOP('',(#2835,#2836,#2857,#2858,#2879,#2903,#2925));
#2835 = ORIENTED_EDGE('',*,*,#348,.F.);
#2836 = ORIENTED_EDGE('',*,*,#2837,.T.);
#2837 = EDGE_CURVE('',#349,#2205,#2838,.T.);
#2838 = SURFACE_CURVE('',#2839,(#2843,#2850),.PCURVE_S1.);
#2839 = LINE('',#2840,#2841);
#2840 = CARTESIAN_POINT('',(5.,-38.,-85.));
#2841 = VECTOR('',#2842,1.);
#2842 = DIRECTION('',(-0.,1.,0.));
#2843 = PCURVE('',#364,#2844);
#2844 = DEFINITIONAL_REPRESENTATION('',(#2845),#2849);
#2845 = LINE('',#2846,#2847);
#2846 = CARTESIAN_POINT('',(0.,0.));
#2847 = VECTOR('',#2848,1.);
#2848 = DIRECTION('',(0.,-1.));
#2849 = ( GEOMETRIC_REPRESENTATION_CONTEXT(2) 
PARAMETRIC_REPRESENTATION_CONTEXT() REPRESENTATION_CONTEXT('2D SPACE',''
  ) );
#2850 = PCURVE('',#392,#2851);
#2851 = DEFINITIONAL_REPRESENTATION('',(#2852),#2856);
#2852 = LINE('',#2853,#2854);
#2853 = CARTESIAN_POINT('',(75.,0.));
#2854 = VECTOR('',#2855,1.);
#2855 = DIRECTION('',(0.,1.));
#2856 = ( GEOMETRIC_REPRESENTATION_CONTEXT(2) 
PARAMETRIC_REPRESENTATION_CONTEXT() REPRESENTATION_CONTEXT('2D SPACE',''
  ) );
#2857 = ORIENTED_EDGE('',*,*,#2204,.T.);
#2858 = ORIENTED_EDGE('',*,*,#2859,.F.);
#2859 = EDGE_CURVE('',#2860,#2177,#2862,.T.);
#2860 = VERTEX_POINT('',#2861);
#2861 = CARTESIAN_POINT('',(5.,20.148449071827,-54.75));
#2862 = SURFACE_CURVE('',#2863,(#2867,#2873),.PCURVE_S1.);
#2863 = LINE('',#2864,#2865);
#2864 = CARTESIAN_POINT('',(5.,-38.,-54.75));
#2865 = VECTOR('',#2866,1.);
#2866 = DIRECTION('',(-0.,1.,0.));
#2867 = PCURVE('',#364,#2868);
#2868 = DEFINITIONAL_REPRESENTATION('',(#2869),#2872);
#2869 = B_SPLINE_CURVE_WITH_KNOTS('',1,(#2870,#2871),.UNSPECIFIED.,.F.,
  .F.,(2,2),(0.,76.),.PIECEWISE_BEZIER_KNOTS.);
#2870 = CARTESIAN_POINT('',(30.25,0.));
#2871 = CARTESIAN_POINT('',(30.25,-76.));
#2872 = ( GEOMETRIC_REPRESENTATION_CONTEXT(2) 
PARAMETRIC_REPRESENTATION_CONTEXT() REPRESENTATION_CONTEXT('2D SPACE',''
  ) );
#2873 = PCURVE('',#2192,#2874);
#2874 = DEFINITIONAL_REPRESENTATION('',(#2875),#2878);
#2875 = B_SPLINE_CURVE_WITH_KNOTS('',1,(#2876,#2877),.UNSPECIFIED.,.F.,
  .F.,(2,2),(0.,76.),.PIECEWISE_BEZIER_KNOTS.);
#2876 = CARTESIAN_POINT('',(75.,0.));
#2877 = CARTESIAN_POINT('',(75.,76.));
#2878 = ( GEOMETRIC_REPRESENTATION_CONTEXT(2) 
PARAMETRIC_REPRESENTATION_CONTEXT() REPRESENTATION_CONTEXT('2D SPACE',''
  ) );
#2879 = ORIENTED_EDGE('',*,*,#2880,.F.);
#2880 = EDGE_CURVE('',#2881,#2860,#2883,.T.);
#2881 = VERTEX_POINT('',#2882);
#2882 = CARTESIAN_POINT('',(5.,-4.935326600564E-15,-75.15));
#2883 = SURFACE_CURVE('',#2884,(#2889,#2896),.PCURVE_S1.);
#2884 = CIRCLE('',#2885,20.15);
#2885 = AXIS2_PLACEMENT_3D('',#2886,#2887,#2888);
#2886 = CARTESIAN_POINT('',(5.,0.,-55.));
#2887 = DIRECTION('',(1.,0.,2.22044604925E-16));
#2888 = DIRECTION('',(2.22044604925E-16,0.,-1.));
#2889 = PCURVE('',#364,#2890);
#2890 = DEFINITIONAL_REPRESENTATION('',(#2891),#2895);
#2891 = CIRCLE('',#2892,20.15);
#2892 = AXIS2_PLACEMENT_2D('',#2893,#2894);
#2893 = CARTESIAN_POINT('',(30.,-38.));
#2894 = DIRECTION('',(-1.,0.));
#2895 = ( GEOMETRIC_REPRESENTATION_CONTEXT(2) 
PARAMETRIC_REPRESENTATION_CONTEXT() REPRESENTATION_CONTEXT('2D SPACE',''
  ) );
#2896 = PCURVE('',#2702,#2897);
#2897 = DEFINITIONAL_REPRESENTATION('',(#2898),#2902);
#2898 = LINE('',#2899,#2900);
#2899 = CARTESIAN_POINT('',(0.,53.));
#2900 = VECTOR('',#2901,1.);
#2901 = DIRECTION('',(1.,0.));
#2902 = ( GEOMETRIC_REPRESENTATION_CONTEXT(2) 
PARAMETRIC_REPRESENTATION_CONTEXT() REPRESENTATION_CONTEXT('2D SPACE',''
  ) );
#2903 = ORIENTED_EDGE('',*,*,#2904,.F.);
#2904 = EDGE_CURVE('',#2740,#2881,#2905,.T.);
#2905 = SURFACE_CURVE('',#2906,(#2911,#2918),.PCURVE_S1.);
#2906 = CIRCLE('',#2907,20.15);
#2907 = AXIS2_PLACEMENT_3D('',#2908,#2909,#2910);
#2908 = CARTESIAN_POINT('',(5.,0.,-55.));
#2909 = DIRECTION('',(1.,0.,2.22044604925E-16));
#2910 = DIRECTION('',(2.22044604925E-16,0.,-1.));
#2911 = PCURVE('',#364,#2912);
#2912 = DEFINITIONAL_REPRESENTATION('',(#2913),#2917);
#2913 = CIRCLE('',#2914,20.15);
#2914 = AXIS2_PLACEMENT_2D('',#2915,#2916);
#2915 = CARTESIAN_POINT('',(30.,-38.));
#2916 = DIRECTION('',(-1.,0.));
#2917 = ( GEOMETRIC_REPRESENTATION_CONTEXT(2) 
PARAMETRIC_REPRESENTATION_CONTEXT() REPRESENTATION_CONTEXT('2D SPACE',''
  ) );
#2918 = PCURVE('',#2702,#2919);
#2919 = DEFINITIONAL_REPRESENTATION('',(#2920),#2924);
#2920 = LINE('',#2921,#2922);
#2921 = CARTESIAN_POINT('',(0.,53.));
#2922 = VECTOR('',#2923,1.);
#2923 = DIRECTION('',(1.,0.));
#2924 = ( GEOMETRIC_REPRESENTATION_CONTEXT(2) 
PARAMETRIC_REPRESENTATION_CONTEXT() REPRESENTATION_CONTEXT('2D SPACE',''
  ) );
#2925 = ORIENTED_EDGE('',*,*,#2760,.F.);
#2926 = ADVANCED_FACE('',(#2927),#392,.F.);
#2927 = FACE_BOUND('',#2928,.F.);
#2928 = EDGE_LOOP('',(#2929,#2930,#2931,#2932));
#2929 = ORIENTED_EDGE('',*,*,#2227,.F.);
#2930 = ORIENTED_EDGE('',*,*,#735,.F.);
#2931 = ORIENTED_EDGE('',*,*,#376,.T.);
#2932 = ORIENTED_EDGE('',*,*,#2837,.T.);
#2933 = ADVANCED_FACE('',(#2934),#446,.F.);
#2934 = FACE_BOUND('',#2935,.F.);
#2935 = EDGE_LOOP('',(#2936,#2959,#2960,#2983));
#2936 = ORIENTED_EDGE('',*,*,#2937,.F.);
#2937 = EDGE_CURVE('',#430,#2938,#2940,.T.);
#2938 = VERTEX_POINT('',#2939);
#2939 = CARTESIAN_POINT('',(-52.,-20.85,-67.85));
#2940 = SURFACE_CURVE('',#2941,(#2945,#2952),.PCURVE_S1.);
#2941 = LINE('',#2942,#2943);
#2942 = CARTESIAN_POINT('',(-52.,-39.,-67.85));
#2943 = VECTOR('',#2944,1.);
#2944 = DIRECTION('',(-0.,1.,0.));
#2945 = PCURVE('',#446,#2946);
#2946 = DEFINITIONAL_REPRESENTATION('',(#2947),#2951);
#2947 = LINE('',#2948,#2949);
#2948 = CARTESIAN_POINT('',(0.,0.));
#2949 = VECTOR('',#2950,1.);
#2950 = DIRECTION('',(0.,1.));
#2951 = ( GEOMETRIC_REPRESENTATION_CONTEXT(2) 
PARAMETRIC_REPRESENTATION_CONTEXT() REPRESENTATION_CONTEXT('2D SPACE',''
  ) );
#2952 = PCURVE('',#472,#2953);
#2953 = DEFINITIONAL_REPRESENTATION('',(#2954),#2958);
#2954 = LINE('',#2955,#2956);
#2955 = CARTESIAN_POINT('',(10.3,0.));
#2956 = VECTOR('',#2957,1.);
#2957 = DIRECTION('',(0.,-1.));
#2958 = ( GEOMETRIC_REPRESENTATION_CONTEXT(2) 
PARAMETRIC_REPRESENTATION_CONTEXT() REPRESENTATION_CONTEXT('2D SPACE',''
  ) );
#2959 = ORIENTED_EDGE('',*,*,#429,.T.);
#2960 = ORIENTED_EDGE('',*,*,#2961,.T.);
#2961 = EDGE_CURVE('',#432,#2962,#2964,.T.);
#2962 = VERTEX_POINT('',#2963);
#2963 = CARTESIAN_POINT('',(-46.2,-20.85,-67.85));
#2964 = SURFACE_CURVE('',#2965,(#2969,#2976),.PCURVE_S1.);
#2965 = LINE('',#2966,#2967);
#2966 = CARTESIAN_POINT('',(-46.2,-39.,-67.85));
#2967 = VECTOR('',#2968,1.);
#2968 = DIRECTION('',(-0.,1.,0.));
#2969 = PCURVE('',#446,#2970);
#2970 = DEFINITIONAL_REPRESENTATION('',(#2971),#2975);
#2971 = LINE('',#2972,#2973);
#2972 = CARTESIAN_POINT('',(5.8,0.));
#2973 = VECTOR('',#2974,1.);
#2974 = DIRECTION('',(0.,1.));
#2975 = ( GEOMETRIC_REPRESENTATION_CONTEXT(2) 
PARAMETRIC_REPRESENTATION_CONTEXT() REPRESENTATION_CONTEXT('2D SPACE',''
  ) );
#2976 = PCURVE('',#522,#2977);
#2977 = DEFINITIONAL_REPRESENTATION('',(#2978),#2982);
#2978 = LINE('',#2979,#2980);
#2979 = CARTESIAN_POINT('',(10.3,0.));
#2980 = VECTOR('',#2981,1.);
#2981 = DIRECTION('',(0.,-1.));
#2982 = ( GEOMETRIC_REPRESENTATION_CONTEXT(2) 
PARAMETRIC_REPRESENTATION_CONTEXT() REPRESENTATION_CONTEXT('2D SPACE',''
  ) );
#2983 = ORIENTED_EDGE('',*,*,#2984,.F.);
#2984 = EDGE_CURVE('',#2938,#2962,#2985,.T.);
#2985 = SURFACE_CURVE('',#2986,(#2990,#2997),.PCURVE_S1.);
#2986 = LINE('',#2987,#2988);
#2987 = CARTESIAN_POINT('',(-52.,-20.85,-67.85));
#2988 = VECTOR('',#2989,1.);
#2989 = DIRECTION('',(1.,0.,-0.));
#2990 = PCURVE('',#446,#2991);
#2991 = DEFINITIONAL_REPRESENTATION('',(#2992),#2996);
#2992 = LINE('',#2993,#2994);
#2993 = CARTESIAN_POINT('',(0.,18.15));
#2994 = VECTOR('',#2995,1.);
#2995 = DIRECTION('',(1.,0.));
#2996 = ( GEOMETRIC_REPRESENTATION_CONTEXT(2) 
PARAMETRIC_REPRESENTATION_CONTEXT() REPRESENTATION_CONTEXT('2D SPACE',''
  ) );
#2997 = PCURVE('',#2998,#3003);
#2998 = PLANE('',#2999);
#2999 = AXIS2_PLACEMENT_3D('',#3000,#3001,#3002);
#3000 = CARTESIAN_POINT('',(-52.,-20.85,-78.15));
#3001 = DIRECTION('',(-0.,1.,0.));
#3002 = DIRECTION('',(0.,0.,1.));
#3003 = DEFINITIONAL_REPRESENTATION('',(#3004),#3008);
#3004 = LINE('',#3005,#3006);
#3005 = CARTESIAN_POINT('',(10.3,0.));
#3006 = VECTOR('',#3007,1.);
#3007 = DIRECTION('',(0.,1.));
#3008 = ( GEOMETRIC_REPRESENTATION_CONTEXT(2) 
PARAMETRIC_REPRESENTATION_CONTEXT() REPRESENTATION_CONTEXT('2D SPACE',''
  ) );
#3009 = ADVANCED_FACE('',(#3010,#3058),#472,.T.);
#3010 = FACE_BOUND('',#3011,.T.);
#3011 = EDGE_LOOP('',(#3012,#3013,#3014,#3037));
#3012 = ORIENTED_EDGE('',*,*,#2937,.F.);
#3013 = ORIENTED_EDGE('',*,*,#457,.T.);
#3014 = ORIENTED_EDGE('',*,*,#3015,.T.);
#3015 = EDGE_CURVE('',#458,#3016,#3018,.T.);
#3016 = VERTEX_POINT('',#3017);
#3017 = CARTESIAN_POINT('',(-52.,-20.85,-78.15));
#3018 = SURFACE_CURVE('',#3019,(#3023,#3030),.PCURVE_S1.);
#3019 = LINE('',#3020,#3021);
#3020 = CARTESIAN_POINT('',(-52.,-39.,-78.15));
#3021 = VECTOR('',#3022,1.);
#3022 = DIRECTION('',(-0.,1.,0.));
#3023 = PCURVE('',#472,#3024);
#3024 = DEFINITIONAL_REPRESENTATION('',(#3025),#3029);
#3025 = LINE('',#3026,#3027);
#3026 = CARTESIAN_POINT('',(0.,0.));
#3027 = VECTOR('',#3028,1.);
#3028 = DIRECTION('',(0.,-1.));
#3029 = ( GEOMETRIC_REPRESENTATION_CONTEXT(2) 
PARAMETRIC_REPRESENTATION_CONTEXT() REPRESENTATION_CONTEXT('2D SPACE',''
  ) );
#3030 = PCURVE('',#498,#3031);
#3031 = DEFINITIONAL_REPRESENTATION('',(#3032),#3036);
#3032 = LINE('',#3033,#3034);
#3033 = CARTESIAN_POINT('',(0.,0.));
#3034 = VECTOR('',#3035,1.);
#3035 = DIRECTION('',(0.,1.));
#3036 = ( GEOMETRIC_REPRESENTATION_CONTEXT(2) 
PARAMETRIC_REPRESENTATION_CONTEXT() REPRESENTATION_CONTEXT('2D SPACE',''
  ) );
#3037 = ORIENTED_EDGE('',*,*,#3038,.T.);
#3038 = EDGE_CURVE('',#3016,#2938,#3039,.T.);
#3039 = SURFACE_CURVE('',#3040,(#3044,#3051),.PCURVE_S1.);
#3040 = LINE('',#3041,#3042);
#3041 = CARTESIAN_POINT('',(-52.,-20.85,-78.15));
#3042 = VECTOR('',#3043,1.);
#3043 = DIRECTION('',(0.,0.,1.));
#3044 = PCURVE('',#472,#3045);
#3045 = DEFINITIONAL_REPRESENTATION('',(#3046),#3050);
#3046 = LINE('',#3047,#3048);
#3047 = CARTESIAN_POINT('',(0.,-18.15));
#3048 = VECTOR('',#3049,1.);
#3049 = DIRECTION('',(1.,0.));
#3050 = ( GEOMETRIC_REPRESENTATION_CONTEXT(2) 
PARAMETRIC_REPRESENTATION_CONTEXT() REPRESENTATION_CONTEXT('2D SPACE',''
  ) );
#3051 = PCURVE('',#2998,#3052);
#3052 = DEFINITIONAL_REPRESENTATION('',(#3053),#3057);
#3053 = LINE('',#3054,#3055);
#3054 = CARTESIAN_POINT('',(0.,0.));
#3055 = VECTOR('',#3056,1.);
#3056 = DIRECTION('',(1.,0.));
#3057 = ( GEOMETRIC_REPRESENTATION_CONTEXT(2) 
PARAMETRIC_REPRESENTATION_CONTEXT() REPRESENTATION_CONTEXT('2D SPACE',''
  ) );
#3058 = FACE_BOUND('',#3059,.T.);
#3059 = EDGE_LOOP('',(#3060));
#3060 = ORIENTED_EDGE('',*,*,#3061,.F.);
#3061 = EDGE_CURVE('',#3062,#3062,#3064,.T.);
#3062 = VERTEX_POINT('',#3063);
#3063 = CARTESIAN_POINT('',(-52.,-26.,-76.2));
#3064 = SURFACE_CURVE('',#3065,(#3070,#3077),.PCURVE_S1.);
#3065 = CIRCLE('',#3066,3.2);
#3066 = AXIS2_PLACEMENT_3D('',#3067,#3068,#3069);
#3067 = CARTESIAN_POINT('',(-52.,-26.,-73.));
#3068 = DIRECTION('',(1.,0.,2.22044604925E-16));
#3069 = DIRECTION('',(2.22044604925E-16,0.,-1.));
#3070 = PCURVE('',#472,#3071);
#3071 = DEFINITIONAL_REPRESENTATION('',(#3072),#3076);
#3072 = CIRCLE('',#3073,3.2);
#3073 = AXIS2_PLACEMENT_2D('',#3074,#3075);
#3074 = CARTESIAN_POINT('',(5.15,-13.));
#3075 = DIRECTION('',(-1.,0.));
#3076 = ( GEOMETRIC_REPRESENTATION_CONTEXT(2) 
PARAMETRIC_REPRESENTATION_CONTEXT() REPRESENTATION_CONTEXT('2D SPACE',''
  ) );
#3077 = PCURVE('',#1229,#3078);
#3078 = DEFINITIONAL_REPRESENTATION('',(#3079),#3083);
#3079 = LINE('',#3080,#3081);
#3080 = CARTESIAN_POINT('',(0.,19.));
#3081 = VECTOR('',#3082,1.);
#3082 = DIRECTION('',(1.,0.));
#3083 = ( GEOMETRIC_REPRESENTATION_CONTEXT(2) 
PARAMETRIC_REPRESENTATION_CONTEXT() REPRESENTATION_CONTEXT('2D SPACE',''
  ) );
#3084 = ADVANCED_FACE('',(#3085,#3133),#522,.F.);
#3085 = FACE_BOUND('',#3086,.F.);
#3086 = EDGE_LOOP('',(#3087,#3088,#3089,#3112));
#3087 = ORIENTED_EDGE('',*,*,#2961,.F.);
#3088 = ORIENTED_EDGE('',*,*,#509,.T.);
#3089 = ORIENTED_EDGE('',*,*,#3090,.T.);
#3090 = EDGE_CURVE('',#484,#3091,#3093,.T.);
#3091 = VERTEX_POINT('',#3092);
#3092 = CARTESIAN_POINT('',(-46.2,-20.85,-78.15));
#3093 = SURFACE_CURVE('',#3094,(#3098,#3105),.PCURVE_S1.);
#3094 = LINE('',#3095,#3096);
#3095 = CARTESIAN_POINT('',(-46.2,-39.,-78.15));
#3096 = VECTOR('',#3097,1.);
#3097 = DIRECTION('',(-0.,1.,0.));
#3098 = PCURVE('',#522,#3099);
#3099 = DEFINITIONAL_REPRESENTATION('',(#3100),#3104);
#3100 = LINE('',#3101,#3102);
#3101 = CARTESIAN_POINT('',(0.,0.));
#3102 = VECTOR('',#3103,1.);
#3103 = DIRECTION('',(0.,-1.));
#3104 = ( GEOMETRIC_REPRESENTATION_CONTEXT(2) 
PARAMETRIC_REPRESENTATION_CONTEXT() REPRESENTATION_CONTEXT('2D SPACE',''
  ) );
#3105 = PCURVE('',#498,#3106);
#3106 = DEFINITIONAL_REPRESENTATION('',(#3107),#3111);
#3107 = LINE('',#3108,#3109);
#3108 = CARTESIAN_POINT('',(5.8,0.));
#3109 = VECTOR('',#3110,1.);
#3110 = DIRECTION('',(0.,1.));
#3111 = ( GEOMETRIC_REPRESENTATION_CONTEXT(2) 
PARAMETRIC_REPRESENTATION_CONTEXT() REPRESENTATION_CONTEXT('2D SPACE',''
  ) );
#3112 = ORIENTED_EDGE('',*,*,#3113,.T.);
#3113 = EDGE_CURVE('',#3091,#2962,#3114,.T.);
#3114 = SURFACE_CURVE('',#3115,(#3119,#3126),.PCURVE_S1.);
#3115 = LINE('',#3116,#3117);
#3116 = CARTESIAN_POINT('',(-46.2,-20.85,-78.15));
#3117 = VECTOR('',#3118,1.);
#3118 = DIRECTION('',(0.,0.,1.));
#3119 = PCURVE('',#522,#3120);
#3120 = DEFINITIONAL_REPRESENTATION('',(#3121),#3125);
#3121 = LINE('',#3122,#3123);
#3122 = CARTESIAN_POINT('',(0.,-18.15));
#3123 = VECTOR('',#3124,1.);
#3124 = DIRECTION('',(1.,0.));
#3125 = ( GEOMETRIC_REPRESENTATION_CONTEXT(2) 
PARAMETRIC_REPRESENTATION_CONTEXT() REPRESENTATION_CONTEXT('2D SPACE',''
  ) );
#3126 = PCURVE('',#2998,#3127);
#3127 = DEFINITIONAL_REPRESENTATION('',(#3128),#3132);
#3128 = LINE('',#3129,#3130);
#3129 = CARTESIAN_POINT('',(0.,5.8));
#3130 = VECTOR('',#3131,1.);
#3131 = DIRECTION('',(1.,0.));
#3132 = ( GEOMETRIC_REPRESENTATION_CONTEXT(2) 
PARAMETRIC_REPRESENTATION_CONTEXT() REPRESENTATION_CONTEXT('2D SPACE',''
  ) );
#3133 = FACE_BOUND('',#3134,.F.);
#3134 = EDGE_LOOP('',(#3135));
#3135 = ORIENTED_EDGE('',*,*,#3136,.F.);
#3136 = EDGE_CURVE('',#3137,#3137,#3139,.T.);
#3137 = VERTEX_POINT('',#3138);
#3138 = CARTESIAN_POINT('',(-46.2,-26.,-76.2));
#3139 = SURFACE_CURVE('',#3140,(#3145,#3152),.PCURVE_S1.);
#3140 = CIRCLE('',#3141,3.2);
#3141 = AXIS2_PLACEMENT_3D('',#3142,#3143,#3144);
#3142 = CARTESIAN_POINT('',(-46.2,-26.,-73.));
#3143 = DIRECTION('',(1.,0.,2.22044604925E-16));
#3144 = DIRECTION('',(2.22044604925E-16,0.,-1.));
#3145 = PCURVE('',#522,#3146);
#3146 = DEFINITIONAL_REPRESENTATION('',(#3147),#3151);
#3147 = CIRCLE('',#3148,3.2);
#3148 = AXIS2_PLACEMENT_2D('',#3149,#3150);
#3149 = CARTESIAN_POINT('',(5.15,-13.));
#3150 = DIRECTION('',(-1.,0.));
#3151 = ( GEOMETRIC_REPRESENTATION_CONTEXT(2) 
PARAMETRIC_REPRESENTATION_CONTEXT() REPRESENTATION_CONTEXT('2D SPACE',''
  ) );
#3152 = PCURVE('',#3153,#3158);
#3153 = CYLINDRICAL_SURFACE('',#3154,3.2);
#3154 = AXIS2_PLACEMENT_3D('',#3155,#3156,#3157);
#3155 = CARTESIAN_POINT('',(-71.,-26.,-73.));
#3156 = DIRECTION('',(1.,0.,2.22044604925E-16));
#3157 = DIRECTION('',(2.22044604925E-16,0.,-1.));
#3158 = DEFINITIONAL_REPRESENTATION('',(#3159),#3163);
#3159 = LINE('',#3160,#3161);
#3160 = CARTESIAN_POINT('',(0.,24.8));
#3161 = VECTOR('',#3162,1.);
#3162 = DIRECTION('',(1.,0.));
#3163 = ( GEOMETRIC_REPRESENTATION_CONTEXT(2) 
PARAMETRIC_REPRESENTATION_CONTEXT() REPRESENTATION_CONTEXT('2D SPACE',''
  ) );
#3164 = ADVANCED_FACE('',(#3165),#498,.T.);
#3165 = FACE_BOUND('',#3166,.T.);
#3166 = EDGE_LOOP('',(#3167,#3168,#3169,#3170));
#3167 = ORIENTED_EDGE('',*,*,#3015,.F.);
#3168 = ORIENTED_EDGE('',*,*,#483,.T.);
#3169 = ORIENTED_EDGE('',*,*,#3090,.T.);
#3170 = ORIENTED_EDGE('',*,*,#3171,.F.);
#3171 = EDGE_CURVE('',#3016,#3091,#3172,.T.);
#3172 = SURFACE_CURVE('',#3173,(#3177,#3184),.PCURVE_S1.);
#3173 = LINE('',#3174,#3175);
#3174 = CARTESIAN_POINT('',(-52.,-20.85,-78.15));
#3175 = VECTOR('',#3176,1.);
#3176 = DIRECTION('',(1.,0.,-0.));
#3177 = PCURVE('',#498,#3178);
#3178 = DEFINITIONAL_REPRESENTATION('',(#3179),#3183);
#3179 = LINE('',#3180,#3181);
#3180 = CARTESIAN_POINT('',(0.,18.15));
#3181 = VECTOR('',#3182,1.);
#3182 = DIRECTION('',(1.,0.));
#3183 = ( GEOMETRIC_REPRESENTATION_CONTEXT(2) 
PARAMETRIC_REPRESENTATION_CONTEXT() REPRESENTATION_CONTEXT('2D SPACE',''
  ) );
#3184 = PCURVE('',#2998,#3185);
#3185 = DEFINITIONAL_REPRESENTATION('',(#3186),#3190);
#3186 = LINE('',#3187,#3188);
#3187 = CARTESIAN_POINT('',(0.,0.));
#3188 = VECTOR('',#3189,1.);
#3189 = DIRECTION('',(0.,1.));
#3190 = ( GEOMETRIC_REPRESENTATION_CONTEXT(2) 
PARAMETRIC_REPRESENTATION_CONTEXT() REPRESENTATION_CONTEXT('2D SPACE',''
  ) );
#3191 = ADVANCED_FACE('',(#3192),#552,.F.);
#3192 = FACE_BOUND('',#3193,.F.);
#3193 = EDGE_LOOP('',(#3194,#3217,#3244,#3245));
#3194 = ORIENTED_EDGE('',*,*,#3195,.T.);
#3195 = EDGE_CURVE('',#536,#3196,#3198,.T.);
#3196 = VERTEX_POINT('',#3197);
#3197 = CARTESIAN_POINT('',(-27.,-35.01,-47.63139720814));
#3198 = SEAM_CURVE('',#3199,(#3203,#3210),.PCURVE_S1.);
#3199 = LINE('',#3200,#3201);
#3200 = CARTESIAN_POINT('',(-23.,-38.01,-47.63139720814));
#3201 = VECTOR('',#3202,1.);
#3202 = DIRECTION('',(-0.8,0.6,-6.271672490856E-17));
#3203 = PCURVE('',#552,#3204);
#3204 = DEFINITIONAL_REPRESENTATION('',(#3205),#3209);
#3205 = LINE('',#3206,#3207);
#3206 = CARTESIAN_POINT('',(-6.28318530718,0.));
#3207 = VECTOR('',#3208,1.);
#3208 = DIRECTION('',(-0.,-1.));
#3209 = ( GEOMETRIC_REPRESENTATION_CONTEXT(2) 
PARAMETRIC_REPRESENTATION_CONTEXT() REPRESENTATION_CONTEXT('2D SPACE',''
  ) );
#3210 = PCURVE('',#552,#3211);
#3211 = DEFINITIONAL_REPRESENTATION('',(#3212),#3216);
#3212 = LINE('',#3213,#3214);
#3213 = CARTESIAN_POINT('',(0.,-0.));
#3214 = VECTOR('',#3215,1.);
#3215 = DIRECTION('',(-0.,-1.));
#3216 = ( GEOMETRIC_REPRESENTATION_CONTEXT(2) 
PARAMETRIC_REPRESENTATION_CONTEXT() REPRESENTATION_CONTEXT('2D SPACE',''
  ) );
#3217 = ORIENTED_EDGE('',*,*,#3218,.F.);
#3218 = EDGE_CURVE('',#3196,#3196,#3219,.T.);
#3219 = SURFACE_CURVE('',#3220,(#3225,#3232),.PCURVE_S1.);
#3220 = CIRCLE('',#3221,0.5);
#3221 = AXIS2_PLACEMENT_3D('',#3222,#3223,#3224);
#3222 = CARTESIAN_POINT('',(-27.5,-35.01,-47.63139720814));
#3223 = DIRECTION('',(0.,1.,2.22044604925E-16));
#3224 = DIRECTION('',(1.,0.,-0.));
#3225 = PCURVE('',#552,#3226);
#3226 = DEFINITIONAL_REPRESENTATION('',(#3227),#3231);
#3227 = LINE('',#3228,#3229);
#3228 = CARTESIAN_POINT('',(-0.,-3.));
#3229 = VECTOR('',#3230,1.);
#3230 = DIRECTION('',(-1.,-0.));
#3231 = ( GEOMETRIC_REPRESENTATION_CONTEXT(2) 
PARAMETRIC_REPRESENTATION_CONTEXT() REPRESENTATION_CONTEXT('2D SPACE',''
  ) );
#3232 = PCURVE('',#3233,#3238);
#3233 = PLANE('',#3234);
#3234 = AXIS2_PLACEMENT_3D('',#3235,#3236,#3237);
#3235 = CARTESIAN_POINT('',(-27.5,-35.01,-47.63139720814));
#3236 = DIRECTION('',(0.,1.,2.22044604925E-16));
#3237 = DIRECTION('',(1.,0.,-0.));
#3238 = DEFINITIONAL_REPRESENTATION('',(#3239),#3243);
#3239 = CIRCLE('',#3240,0.5);
#3240 = AXIS2_PLACEMENT_2D('',#3241,#3242);
#3241 = CARTESIAN_POINT('',(0.,0.));
#3242 = DIRECTION('',(1.,0.));
#3243 = ( GEOMETRIC_REPRESENTATION_CONTEXT(2) 
PARAMETRIC_REPRESENTATION_CONTEXT() REPRESENTATION_CONTEXT('2D SPACE',''
  ) );
#3244 = ORIENTED_EDGE('',*,*,#3195,.F.);
#3245 = ORIENTED_EDGE('',*,*,#535,.T.);
#3246 = ADVANCED_FACE('',(#3247),#583,.F.);
#3247 = FACE_BOUND('',#3248,.F.);
#3248 = EDGE_LOOP('',(#3249,#3272,#3273,#3296));
#3249 = ORIENTED_EDGE('',*,*,#3250,.F.);
#3250 = EDGE_CURVE('',#567,#3251,#3253,.T.);
#3251 = VERTEX_POINT('',#3252);
#3252 = CARTESIAN_POINT('',(-52.,-20.85,23.15));
#3253 = SURFACE_CURVE('',#3254,(#3258,#3265),.PCURVE_S1.);
#3254 = LINE('',#3255,#3256);
#3255 = CARTESIAN_POINT('',(-52.,-39.,23.15));
#3256 = VECTOR('',#3257,1.);
#3257 = DIRECTION('',(-0.,1.,0.));
#3258 = PCURVE('',#583,#3259);
#3259 = DEFINITIONAL_REPRESENTATION('',(#3260),#3264);
#3260 = LINE('',#3261,#3262);
#3261 = CARTESIAN_POINT('',(0.,0.));
#3262 = VECTOR('',#3263,1.);
#3263 = DIRECTION('',(0.,1.));
#3264 = ( GEOMETRIC_REPRESENTATION_CONTEXT(2) 
PARAMETRIC_REPRESENTATION_CONTEXT() REPRESENTATION_CONTEXT('2D SPACE',''
  ) );
#3265 = PCURVE('',#609,#3266);
#3266 = DEFINITIONAL_REPRESENTATION('',(#3267),#3271);
#3267 = LINE('',#3268,#3269);
#3268 = CARTESIAN_POINT('',(10.3,0.));
#3269 = VECTOR('',#3270,1.);
#3270 = DIRECTION('',(0.,-1.));
#3271 = ( GEOMETRIC_REPRESENTATION_CONTEXT(2) 
PARAMETRIC_REPRESENTATION_CONTEXT() REPRESENTATION_CONTEXT('2D SPACE',''
  ) );
#3272 = ORIENTED_EDGE('',*,*,#566,.T.);
#3273 = ORIENTED_EDGE('',*,*,#3274,.T.);
#3274 = EDGE_CURVE('',#569,#3275,#3277,.T.);
#3275 = VERTEX_POINT('',#3276);
#3276 = CARTESIAN_POINT('',(-46.2,-20.85,23.15));
#3277 = SURFACE_CURVE('',#3278,(#3282,#3289),.PCURVE_S1.);
#3278 = LINE('',#3279,#3280);
#3279 = CARTESIAN_POINT('',(-46.2,-39.,23.15));
#3280 = VECTOR('',#3281,1.);
#3281 = DIRECTION('',(-0.,1.,0.));
#3282 = PCURVE('',#583,#3283);
#3283 = DEFINITIONAL_REPRESENTATION('',(#3284),#3288);
#3284 = LINE('',#3285,#3286);
#3285 = CARTESIAN_POINT('',(5.8,0.));
#3286 = VECTOR('',#3287,1.);
#3287 = DIRECTION('',(0.,1.));
#3288 = ( GEOMETRIC_REPRESENTATION_CONTEXT(2) 
PARAMETRIC_REPRESENTATION_CONTEXT() REPRESENTATION_CONTEXT('2D SPACE',''
  ) );
#3289 = PCURVE('',#659,#3290);
#3290 = DEFINITIONAL_REPRESENTATION('',(#3291),#3295);
#3291 = LINE('',#3292,#3293);
#3292 = CARTESIAN_POINT('',(10.3,0.));
#3293 = VECTOR('',#3294,1.);
#3294 = DIRECTION('',(0.,-1.));
#3295 = ( GEOMETRIC_REPRESENTATION_CONTEXT(2) 
PARAMETRIC_REPRESENTATION_CONTEXT() REPRESENTATION_CONTEXT('2D SPACE',''
  ) );
#3296 = ORIENTED_EDGE('',*,*,#3297,.F.);
#3297 = EDGE_CURVE('',#3251,#3275,#3298,.T.);
#3298 = SURFACE_CURVE('',#3299,(#3303,#3310),.PCURVE_S1.);
#3299 = LINE('',#3300,#3301);
#3300 = CARTESIAN_POINT('',(-52.,-20.85,23.15));
#3301 = VECTOR('',#3302,1.);
#3302 = DIRECTION('',(1.,0.,-0.));
#3303 = PCURVE('',#583,#3304);
#3304 = DEFINITIONAL_REPRESENTATION('',(#3305),#3309);
#3305 = LINE('',#3306,#3307);
#3306 = CARTESIAN_POINT('',(0.,18.15));
#3307 = VECTOR('',#3308,1.);
#3308 = DIRECTION('',(1.,0.));
#3309 = ( GEOMETRIC_REPRESENTATION_CONTEXT(2) 
PARAMETRIC_REPRESENTATION_CONTEXT() REPRESENTATION_CONTEXT('2D SPACE',''
  ) );
#3310 = PCURVE('',#3311,#3316);
#3311 = PLANE('',#3312);
#3312 = AXIS2_PLACEMENT_3D('',#3313,#3314,#3315);
#3313 = CARTESIAN_POINT('',(-52.,-20.85,12.85));
#3314 = DIRECTION('',(-0.,1.,0.));
#3315 = DIRECTION('',(0.,0.,1.));
#3316 = DEFINITIONAL_REPRESENTATION('',(#3317),#3321);
#3317 = LINE('',#3318,#3319);
#3318 = CARTESIAN_POINT('',(10.3,0.));
#3319 = VECTOR('',#3320,1.);
#3320 = DIRECTION('',(0.,1.));
#3321 = ( GEOMETRIC_REPRESENTATION_CONTEXT(2) 
PARAMETRIC_REPRESENTATION_CONTEXT() REPRESENTATION_CONTEXT('2D SPACE',''
  ) );
#3322 = ADVANCED_FACE('',(#3323,#3371),#609,.T.);
#3323 = FACE_BOUND('',#3324,.T.);
#3324 = EDGE_LOOP('',(#3325,#3326,#3327,#3350));
#3325 = ORIENTED_EDGE('',*,*,#3250,.F.);
#3326 = ORIENTED_EDGE('',*,*,#594,.T.);
#3327 = ORIENTED_EDGE('',*,*,#3328,.T.);
#3328 = EDGE_CURVE('',#595,#3329,#3331,.T.);
#3329 = VERTEX_POINT('',#3330);
#3330 = CARTESIAN_POINT('',(-52.,-20.85,12.85));
#3331 = SURFACE_CURVE('',#3332,(#3336,#3343),.PCURVE_S1.);
#3332 = LINE('',#3333,#3334);
#3333 = CARTESIAN_POINT('',(-52.,-39.,12.85));
#3334 = VECTOR('',#3335,1.);
#3335 = DIRECTION('',(-0.,1.,0.));
#3336 = PCURVE('',#609,#3337);
#3337 = DEFINITIONAL_REPRESENTATION('',(#3338),#3342);
#3338 = LINE('',#3339,#3340);
#3339 = CARTESIAN_POINT('',(0.,0.));
#3340 = VECTOR('',#3341,1.);
#3341 = DIRECTION('',(0.,-1.));
#3342 = ( GEOMETRIC_REPRESENTATION_CONTEXT(2) 
PARAMETRIC_REPRESENTATION_CONTEXT() REPRESENTATION_CONTEXT('2D SPACE',''
  ) );
#3343 = PCURVE('',#635,#3344);
#3344 = DEFINITIONAL_REPRESENTATION('',(#3345),#3349);
#3345 = LINE('',#3346,#3347);
#3346 = CARTESIAN_POINT('',(0.,0.));
#3347 = VECTOR('',#3348,1.);
#3348 = DIRECTION('',(0.,1.));
#3349 = ( GEOMETRIC_REPRESENTATION_CONTEXT(2) 
PARAMETRIC_REPRESENTATION_CONTEXT() REPRESENTATION_CONTEXT('2D SPACE',''
  ) );
#3350 = ORIENTED_EDGE('',*,*,#3351,.T.);
#3351 = EDGE_CURVE('',#3329,#3251,#3352,.T.);
#3352 = SURFACE_CURVE('',#3353,(#3357,#3364),.PCURVE_S1.);
#3353 = LINE('',#3354,#3355);
#3354 = CARTESIAN_POINT('',(-52.,-20.85,12.85));
#3355 = VECTOR('',#3356,1.);
#3356 = DIRECTION('',(0.,0.,1.));
#3357 = PCURVE('',#609,#3358);
#3358 = DEFINITIONAL_REPRESENTATION('',(#3359),#3363);
#3359 = LINE('',#3360,#3361);
#3360 = CARTESIAN_POINT('',(0.,-18.15));
#3361 = VECTOR('',#3362,1.);
#3362 = DIRECTION('',(1.,0.));
#3363 = ( GEOMETRIC_REPRESENTATION_CONTEXT(2) 
PARAMETRIC_REPRESENTATION_CONTEXT() REPRESENTATION_CONTEXT('2D SPACE',''
  ) );
#3364 = PCURVE('',#3311,#3365);
#3365 = DEFINITIONAL_REPRESENTATION('',(#3366),#3370);
#3366 = LINE('',#3367,#3368);
#3367 = CARTESIAN_POINT('',(0.,0.));
#3368 = VECTOR('',#3369,1.);
#3369 = DIRECTION('',(1.,0.));
#3370 = ( GEOMETRIC_REPRESENTATION_CONTEXT(2) 
PARAMETRIC_REPRESENTATION_CONTEXT() REPRESENTATION_CONTEXT('2D SPACE',''
  ) );
#3371 = FACE_BOUND('',#3372,.T.);
#3372 = EDGE_LOOP('',(#3373));
#3373 = ORIENTED_EDGE('',*,*,#2634,.F.);
#3374 = ADVANCED_FACE('',(#3375,#3423),#659,.F.);
#3375 = FACE_BOUND('',#3376,.F.);
#3376 = EDGE_LOOP('',(#3377,#3378,#3379,#3402));
#3377 = ORIENTED_EDGE('',*,*,#3274,.F.);
#3378 = ORIENTED_EDGE('',*,*,#646,.T.);
#3379 = ORIENTED_EDGE('',*,*,#3380,.T.);
#3380 = EDGE_CURVE('',#621,#3381,#3383,.T.);
#3381 = VERTEX_POINT('',#3382);
#3382 = CARTESIAN_POINT('',(-46.2,-20.85,12.85));
#3383 = SURFACE_CURVE('',#3384,(#3388,#3395),.PCURVE_S1.);
#3384 = LINE('',#3385,#3386);
#3385 = CARTESIAN_POINT('',(-46.2,-39.,12.85));
#3386 = VECTOR('',#3387,1.);
#3387 = DIRECTION('',(-0.,1.,0.));
#3388 = PCURVE('',#659,#3389);
#3389 = DEFINITIONAL_REPRESENTATION('',(#3390),#3394);
#3390 = LINE('',#3391,#3392);
#3391 = CARTESIAN_POINT('',(0.,0.));
#3392 = VECTOR('',#3393,1.);
#3393 = DIRECTION('',(0.,-1.));
#3394 = ( GEOMETRIC_REPRESENTATION_CONTEXT(2) 
PARAMETRIC_REPRESENTATION_CONTEXT() REPRESENTATION_CONTEXT('2D SPACE',''
  ) );
#3395 = PCURVE('',#635,#3396);
#3396 = DEFINITIONAL_REPRESENTATION('',(#3397),#3401);
#3397 = LINE('',#3398,#3399);
#3398 = CARTESIAN_POINT('',(5.8,0.));
#3399 = VECTOR('',#3400,1.);
#3400 = DIRECTION('',(0.,1.));
#3401 = ( GEOMETRIC_REPRESENTATION_CONTEXT(2) 
PARAMETRIC_REPRESENTATION_CONTEXT() REPRESENTATION_CONTEXT('2D SPACE',''
  ) );
#3402 = ORIENTED_EDGE('',*,*,#3403,.T.);
#3403 = EDGE_CURVE('',#3381,#3275,#3404,.T.);
#3404 = SURFACE_CURVE('',#3405,(#3409,#3416),.PCURVE_S1.);
#3405 = LINE('',#3406,#3407);
#3406 = CARTESIAN_POINT('',(-46.2,-20.85,12.85));
#3407 = VECTOR('',#3408,1.);
#3408 = DIRECTION('',(0.,0.,1.));
#3409 = PCURVE('',#659,#3410);
#3410 = DEFINITIONAL_REPRESENTATION('',(#3411),#3415);
#3411 = LINE('',#3412,#3413);
#3412 = CARTESIAN_POINT('',(0.,-18.15));
#3413 = VECTOR('',#3414,1.);
#3414 = DIRECTION('',(1.,0.));
#3415 = ( GEOMETRIC_REPRESENTATION_CONTEXT(2) 
PARAMETRIC_REPRESENTATION_CONTEXT() REPRESENTATION_CONTEXT('2D SPACE',''
  ) );
#3416 = PCURVE('',#3311,#3417);
#3417 = DEFINITIONAL_REPRESENTATION('',(#3418),#3422);
#3418 = LINE('',#3419,#3420);
#3419 = CARTESIAN_POINT('',(0.,5.8));
#3420 = VECTOR('',#3421,1.);
#3421 = DIRECTION('',(1.,0.));
#3422 = ( GEOMETRIC_REPRESENTATION_CONTEXT(2) 
PARAMETRIC_REPRESENTATION_CONTEXT() REPRESENTATION_CONTEXT('2D SPACE',''
  ) );
#3423 = FACE_BOUND('',#3424,.F.);
#3424 = EDGE_LOOP('',(#3425));
#3425 = ORIENTED_EDGE('',*,*,#3426,.F.);
#3426 = EDGE_CURVE('',#3427,#3427,#3429,.T.);
#3427 = VERTEX_POINT('',#3428);
#3428 = CARTESIAN_POINT('',(-46.2,-26.,14.8));
#3429 = SURFACE_CURVE('',#3430,(#3435,#3442),.PCURVE_S1.);
#3430 = CIRCLE('',#3431,3.2);
#3431 = AXIS2_PLACEMENT_3D('',#3432,#3433,#3434);
#3432 = CARTESIAN_POINT('',(-46.2,-26.,18.));
#3433 = DIRECTION('',(1.,0.,2.22044604925E-16));
#3434 = DIRECTION('',(2.22044604925E-16,0.,-1.));
#3435 = PCURVE('',#659,#3436);
#3436 = DEFINITIONAL_REPRESENTATION('',(#3437),#3441);
#3437 = CIRCLE('',#3438,3.2);
#3438 = AXIS2_PLACEMENT_2D('',#3439,#3440);
#3439 = CARTESIAN_POINT('',(5.15,-13.));
#3440 = DIRECTION('',(-1.,0.));
#3441 = ( GEOMETRIC_REPRESENTATION_CONTEXT(2) 
PARAMETRIC_REPRESENTATION_CONTEXT() REPRESENTATION_CONTEXT('2D SPACE',''
  ) );
#3442 = PCURVE('',#3443,#3448);
#3443 = CYLINDRICAL_SURFACE('',#3444,3.2);
#3444 = AXIS2_PLACEMENT_3D('',#3445,#3446,#3447);
#3445 = CARTESIAN_POINT('',(-71.,-26.,18.));
#3446 = DIRECTION('',(1.,0.,2.22044604925E-16));
#3447 = DIRECTION('',(2.22044604925E-16,0.,-1.));
#3448 = DEFINITIONAL_REPRESENTATION('',(#3449),#3453);
#3449 = LINE('',#3450,#3451);
#3450 = CARTESIAN_POINT('',(0.,24.8));
#3451 = VECTOR('',#3452,1.);
#3452 = DIRECTION('',(1.,0.));
#3453 = ( GEOMETRIC_REPRESENTATION_CONTEXT(2) 
PARAMETRIC_REPRESENTATION_CONTEXT() REPRESENTATION_CONTEXT('2D SPACE',''
  ) );
#3454 = ADVANCED_FACE('',(#3455),#635,.T.);
#3455 = FACE_BOUND('',#3456,.T.);
#3456 = EDGE_LOOP('',(#3457,#3458,#3459,#3460));
#3457 = ORIENTED_EDGE('',*,*,#3328,.F.);
#3458 = ORIENTED_EDGE('',*,*,#620,.T.);
#3459 = ORIENTED_EDGE('',*,*,#3380,.T.);
#3460 = ORIENTED_EDGE('',*,*,#3461,.F.);
#3461 = EDGE_CURVE('',#3329,#3381,#3462,.T.);
#3462 = SURFACE_CURVE('',#3463,(#3467,#3474),.PCURVE_S1.);
#3463 = LINE('',#3464,#3465);
#3464 = CARTESIAN_POINT('',(-52.,-20.85,12.85));
#3465 = VECTOR('',#3466,1.);
#3466 = DIRECTION('',(1.,0.,-0.));
#3467 = PCURVE('',#635,#3468);
#3468 = DEFINITIONAL_REPRESENTATION('',(#3469),#3473);
#3469 = LINE('',#3470,#3471);
#3470 = CARTESIAN_POINT('',(0.,18.15));
#3471 = VECTOR('',#3472,1.);
#3472 = DIRECTION('',(1.,0.));
#3473 = ( GEOMETRIC_REPRESENTATION_CONTEXT(2) 
PARAMETRIC_REPRESENTATION_CONTEXT() REPRESENTATION_CONTEXT('2D SPACE',''
  ) );
#3474 = PCURVE('',#3311,#3475);
#3475 = DEFINITIONAL_REPRESENTATION('',(#3476),#3480);
#3476 = LINE('',#3477,#3478);
#3477 = CARTESIAN_POINT('',(0.,0.));
#3478 = VECTOR('',#3479,1.);
#3479 = DIRECTION('',(0.,1.));
#3480 = ( GEOMETRIC_REPRESENTATION_CONTEXT(2) 
PARAMETRIC_REPRESENTATION_CONTEXT() REPRESENTATION_CONTEXT('2D SPACE',''
  ) );
#3481 = ADVANCED_FACE('',(#3482),#689,.F.);
#3482 = FACE_BOUND('',#3483,.F.);
#3483 = EDGE_LOOP('',(#3484,#3507,#3534,#3535));
#3484 = ORIENTED_EDGE('',*,*,#3485,.T.);
#3485 = EDGE_CURVE('',#673,#3486,#3488,.T.);
#3486 = VERTEX_POINT('',#3487);
#3487 = CARTESIAN_POINT('',(-4.293565851121,-35.01,-54.79070839504));
#3488 = SEAM_CURVE('',#3489,(#3493,#3500),.PCURVE_S1.);
#3489 = LINE('',#3490,#3491);
#3490 = CARTESIAN_POINT('',(-0.293565851121,-38.01,-54.79070839504));
#3491 = VECTOR('',#3492,1.);
#3492 = DIRECTION('',(-0.8,0.6,-6.271672490856E-17));
#3493 = PCURVE('',#689,#3494);
#3494 = DEFINITIONAL_REPRESENTATION('',(#3495),#3499);
#3495 = LINE('',#3496,#3497);
#3496 = CARTESIAN_POINT('',(-6.28318530718,0.));
#3497 = VECTOR('',#3498,1.);
#3498 = DIRECTION('',(-0.,-1.));
#3499 = ( GEOMETRIC_REPRESENTATION_CONTEXT(2) 
PARAMETRIC_REPRESENTATION_CONTEXT() REPRESENTATION_CONTEXT('2D SPACE',''
  ) );
#3500 = PCURVE('',#689,#3501);
#3501 = DEFINITIONAL_REPRESENTATION('',(#3502),#3506);
#3502 = LINE('',#3503,#3504);
#3503 = CARTESIAN_POINT('',(0.,-0.));
#3504 = VECTOR('',#3505,1.);
#3505 = DIRECTION('',(-0.,-1.));
#3506 = ( GEOMETRIC_REPRESENTATION_CONTEXT(2) 
PARAMETRIC_REPRESENTATION_CONTEXT() REPRESENTATION_CONTEXT('2D SPACE',''
  ) );
#3507 = ORIENTED_EDGE('',*,*,#3508,.F.);
#3508 = EDGE_CURVE('',#3486,#3486,#3509,.T.);
#3509 = SURFACE_CURVE('',#3510,(#3515,#3522),.PCURVE_S1.);
#3510 = CIRCLE('',#3511,0.5);
#3511 = AXIS2_PLACEMENT_3D('',#3512,#3513,#3514);
#3512 = CARTESIAN_POINT('',(-4.793565851121,-35.01,-54.79070839504));
#3513 = DIRECTION('',(0.,1.,2.22044604925E-16));
#3514 = DIRECTION('',(1.,0.,-0.));
#3515 = PCURVE('',#689,#3516);
#3516 = DEFINITIONAL_REPRESENTATION('',(#3517),#3521);
#3517 = LINE('',#3518,#3519);
#3518 = CARTESIAN_POINT('',(-0.,-3.));
#3519 = VECTOR('',#3520,1.);
#3520 = DIRECTION('',(-1.,-0.));
#3521 = ( GEOMETRIC_REPRESENTATION_CONTEXT(2) 
PARAMETRIC_REPRESENTATION_CONTEXT() REPRESENTATION_CONTEXT('2D SPACE',''
  ) );
#3522 = PCURVE('',#3523,#3528);
#3523 = PLANE('',#3524);
#3524 = AXIS2_PLACEMENT_3D('',#3525,#3526,#3527);
#3525 = CARTESIAN_POINT('',(-4.793565851121,-35.01,-54.79070839504));
#3526 = DIRECTION('',(0.,1.,2.22044604925E-16));
#3527 = DIRECTION('',(1.,0.,-0.));
#3528 = DEFINITIONAL_REPRESENTATION('',(#3529),#3533);
#3529 = CIRCLE('',#3530,0.5);
#3530 = AXIS2_PLACEMENT_2D('',#3531,#3532);
#3531 = CARTESIAN_POINT('',(0.,0.));
#3532 = DIRECTION('',(1.,0.));
#3533 = ( GEOMETRIC_REPRESENTATION_CONTEXT(2) 
PARAMETRIC_REPRESENTATION_CONTEXT() REPRESENTATION_CONTEXT('2D SPACE',''
  ) );
#3534 = ORIENTED_EDGE('',*,*,#3485,.F.);
#3535 = ORIENTED_EDGE('',*,*,#672,.T.);
#3536 = ADVANCED_FACE('',(#3537),#720,.F.);
#3537 = FACE_BOUND('',#3538,.F.);
#3538 = EDGE_LOOP('',(#3539,#3540,#3561,#3562));
#3539 = ORIENTED_EDGE('',*,*,#2533,.F.);
#3540 = ORIENTED_EDGE('',*,*,#3541,.F.);
#3541 = EDGE_CURVE('',#704,#2534,#3542,.T.);
#3542 = SEAM_CURVE('',#3543,(#3547,#3554),.PCURVE_S1.);
#3543 = LINE('',#3544,#3545);
#3544 = CARTESIAN_POINT('',(10.15,-39.,2.486033002269E-15));
#3545 = VECTOR('',#3546,1.);
#3546 = DIRECTION('',(0.,1.,2.22044604925E-16));
#3547 = PCURVE('',#720,#3548);
#3548 = DEFINITIONAL_REPRESENTATION('',(#3549),#3553);
#3549 = LINE('',#3550,#3551);
#3550 = CARTESIAN_POINT('',(6.28318530718,-0.));
#3551 = VECTOR('',#3552,1.);
#3552 = DIRECTION('',(0.,1.));
#3553 = ( GEOMETRIC_REPRESENTATION_CONTEXT(2) 
PARAMETRIC_REPRESENTATION_CONTEXT() REPRESENTATION_CONTEXT('2D SPACE',''
  ) );
#3554 = PCURVE('',#720,#3555);
#3555 = DEFINITIONAL_REPRESENTATION('',(#3556),#3560);
#3556 = LINE('',#3557,#3558);
#3557 = CARTESIAN_POINT('',(0.,-0.));
#3558 = VECTOR('',#3559,1.);
#3559 = DIRECTION('',(0.,1.));
#3560 = ( GEOMETRIC_REPRESENTATION_CONTEXT(2) 
PARAMETRIC_REPRESENTATION_CONTEXT() REPRESENTATION_CONTEXT('2D SPACE',''
  ) );
#3561 = ORIENTED_EDGE('',*,*,#703,.T.);
#3562 = ORIENTED_EDGE('',*,*,#3541,.T.);
#3563 = ADVANCED_FACE('',(#3564),#820,.F.);
#3564 = FACE_BOUND('',#3565,.F.);
#3565 = EDGE_LOOP('',(#3566,#3567,#3568,#3590));
#3566 = ORIENTED_EDGE('',*,*,#2123,.T.);
#3567 = ORIENTED_EDGE('',*,*,#805,.T.);
#3568 = ORIENTED_EDGE('',*,*,#3569,.F.);
#3569 = EDGE_CURVE('',#893,#806,#3570,.T.);
#3570 = SURFACE_CURVE('',#3571,(#3576,#3583),.PCURVE_S1.);
#3571 = CIRCLE('',#3572,20.25);
#3572 = AXIS2_PLACEMENT_3D('',#3573,#3574,#3575);
#3573 = CARTESIAN_POINT('',(-65.8,0.,-55.));
#3574 = DIRECTION('',(1.,0.,2.22044604925E-16));
#3575 = DIRECTION('',(2.22044604925E-16,0.,-1.));
#3576 = PCURVE('',#820,#3577);
#3577 = DEFINITIONAL_REPRESENTATION('',(#3578),#3582);
#3578 = CIRCLE('',#3579,20.25);
#3579 = AXIS2_PLACEMENT_2D('',#3580,#3581);
#3580 = CARTESIAN_POINT('',(0.,0.));
#3581 = DIRECTION('',(1.,0.));
#3582 = ( GEOMETRIC_REPRESENTATION_CONTEXT(2) 
PARAMETRIC_REPRESENTATION_CONTEXT() REPRESENTATION_CONTEXT('2D SPACE',''
  ) );
#3583 = PCURVE('',#869,#3584);
#3584 = DEFINITIONAL_REPRESENTATION('',(#3585),#3589);
#3585 = LINE('',#3586,#3587);
#3586 = CARTESIAN_POINT('',(0.,5.2));
#3587 = VECTOR('',#3588,1.);
#3588 = DIRECTION('',(1.,0.));
#3589 = ( GEOMETRIC_REPRESENTATION_CONTEXT(2) 
PARAMETRIC_REPRESENTATION_CONTEXT() REPRESENTATION_CONTEXT('2D SPACE',''
  ) );
#3590 = ORIENTED_EDGE('',*,*,#948,.T.);
#3591 = ADVANCED_FACE('',(#3592),#869,.F.);
#3592 = FACE_BOUND('',#3593,.F.);
#3593 = EDGE_LOOP('',(#3594,#3617,#3644,#3645,#3646,#3647));
#3594 = ORIENTED_EDGE('',*,*,#3595,.T.);
#3595 = EDGE_CURVE('',#832,#3596,#3598,.T.);
#3596 = VERTEX_POINT('',#3597);
#3597 = CARTESIAN_POINT('',(-55.7,-4.959819536547E-15,-75.25));
#3598 = SEAM_CURVE('',#3599,(#3603,#3610),.PCURVE_S1.);
#3599 = LINE('',#3600,#3601);
#3600 = CARTESIAN_POINT('',(-71.,-4.959819536547E-15,-75.25));
#3601 = VECTOR('',#3602,1.);
#3602 = DIRECTION('',(1.,0.,2.22044604925E-16));
#3603 = PCURVE('',#869,#3604);
#3604 = DEFINITIONAL_REPRESENTATION('',(#3605),#3609);
#3605 = LINE('',#3606,#3607);
#3606 = CARTESIAN_POINT('',(6.28318530718,-0.));
#3607 = VECTOR('',#3608,1.);
#3608 = DIRECTION('',(0.,1.));
#3609 = ( GEOMETRIC_REPRESENTATION_CONTEXT(2) 
PARAMETRIC_REPRESENTATION_CONTEXT() REPRESENTATION_CONTEXT('2D SPACE',''
  ) );
#3610 = PCURVE('',#869,#3611);
#3611 = DEFINITIONAL_REPRESENTATION('',(#3612),#3616);
#3612 = LINE('',#3613,#3614);
#3613 = CARTESIAN_POINT('',(0.,-0.));
#3614 = VECTOR('',#3615,1.);
#3615 = DIRECTION('',(0.,1.));
#3616 = ( GEOMETRIC_REPRESENTATION_CONTEXT(2) 
PARAMETRIC_REPRESENTATION_CONTEXT() REPRESENTATION_CONTEXT('2D SPACE',''
  ) );
#3617 = ORIENTED_EDGE('',*,*,#3618,.F.);
#3618 = EDGE_CURVE('',#3596,#3596,#3619,.T.);
#3619 = SURFACE_CURVE('',#3620,(#3625,#3632),.PCURVE_S1.);
#3620 = CIRCLE('',#3621,20.25);
#3621 = AXIS2_PLACEMENT_3D('',#3622,#3623,#3624);
#3622 = CARTESIAN_POINT('',(-55.7,0.,-55.));
#3623 = DIRECTION('',(1.,-0.,2.22044604925E-16));
#3624 = DIRECTION('',(2.22044604925E-16,0.,-1.));
#3625 = PCURVE('',#869,#3626);
#3626 = DEFINITIONAL_REPRESENTATION('',(#3627),#3631);
#3627 = LINE('',#3628,#3629);
#3628 = CARTESIAN_POINT('',(0.,15.3));
#3629 = VECTOR('',#3630,1.);
#3630 = DIRECTION('',(1.,0.));
#3631 = ( GEOMETRIC_REPRESENTATION_CONTEXT(2) 
PARAMETRIC_REPRESENTATION_CONTEXT() REPRESENTATION_CONTEXT('2D SPACE',''
  ) );
#3632 = PCURVE('',#3633,#3638);
#3633 = PLANE('',#3634);
#3634 = AXIS2_PLACEMENT_3D('',#3635,#3636,#3637);
#3635 = CARTESIAN_POINT('',(-55.7,0.,-55.));
#3636 = DIRECTION('',(1.,0.,2.22044604925E-16));
#3637 = DIRECTION('',(2.22044604925E-16,0.,-1.));
#3638 = DEFINITIONAL_REPRESENTATION('',(#3639),#3643);
#3639 = CIRCLE('',#3640,20.25);
#3640 = AXIS2_PLACEMENT_2D('',#3641,#3642);
#3641 = CARTESIAN_POINT('',(0.,0.));
#3642 = DIRECTION('',(1.,0.));
#3643 = ( GEOMETRIC_REPRESENTATION_CONTEXT(2) 
PARAMETRIC_REPRESENTATION_CONTEXT() REPRESENTATION_CONTEXT('2D SPACE',''
  ) );
#3644 = ORIENTED_EDGE('',*,*,#3595,.F.);
#3645 = ORIENTED_EDGE('',*,*,#892,.T.);
#3646 = ORIENTED_EDGE('',*,*,#3569,.T.);
#3647 = ORIENTED_EDGE('',*,*,#831,.T.);
#3648 = ADVANCED_FACE('',(#3649),#1229,.F.);
#3649 = FACE_BOUND('',#3650,.F.);
#3650 = EDGE_LOOP('',(#3651,#3652,#3673,#3674));
#3651 = ORIENTED_EDGE('',*,*,#1039,.T.);
#3652 = ORIENTED_EDGE('',*,*,#3653,.T.);
#3653 = EDGE_CURVE('',#1040,#3062,#3654,.T.);
#3654 = SEAM_CURVE('',#3655,(#3659,#3666),.PCURVE_S1.);
#3655 = LINE('',#3656,#3657);
#3656 = CARTESIAN_POINT('',(-71.,-26.,-76.2));
#3657 = VECTOR('',#3658,1.);
#3658 = DIRECTION('',(1.,0.,2.22044604925E-16));
#3659 = PCURVE('',#1229,#3660);
#3660 = DEFINITIONAL_REPRESENTATION('',(#3661),#3665);
#3661 = LINE('',#3662,#3663);
#3662 = CARTESIAN_POINT('',(0.,-0.));
#3663 = VECTOR('',#3664,1.);
#3664 = DIRECTION('',(0.,1.));
#3665 = ( GEOMETRIC_REPRESENTATION_CONTEXT(2) 
PARAMETRIC_REPRESENTATION_CONTEXT() REPRESENTATION_CONTEXT('2D SPACE',''
  ) );
#3666 = PCURVE('',#1229,#3667);
#3667 = DEFINITIONAL_REPRESENTATION('',(#3668),#3672);
#3668 = LINE('',#3669,#3670);
#3669 = CARTESIAN_POINT('',(6.28318530718,-0.));
#3670 = VECTOR('',#3671,1.);
#3671 = DIRECTION('',(0.,1.));
#3672 = ( GEOMETRIC_REPRESENTATION_CONTEXT(2) 
PARAMETRIC_REPRESENTATION_CONTEXT() REPRESENTATION_CONTEXT('2D SPACE',''
  ) );
#3673 = ORIENTED_EDGE('',*,*,#3061,.F.);
#3674 = ORIENTED_EDGE('',*,*,#3653,.F.);
#3675 = ADVANCED_FACE('',(#3676),#1524,.F.);
#3676 = FACE_BOUND('',#3677,.F.);
#3677 = EDGE_LOOP('',(#3678,#3789,#3810,#3811,#3812));
#3678 = ORIENTED_EDGE('',*,*,#3679,.F.);
#3679 = EDGE_CURVE('',#3680,#3682,#3684,.T.);
#3680 = VERTEX_POINT('',#3681);
#3681 = CARTESIAN_POINT('',(-49.,-1.714505518806E-15,-66.));
#3682 = VERTEX_POINT('',#3683);
#3683 = CARTESIAN_POINT('',(-55.,-2.694222958124E-15,-66.));
#3684 = SURFACE_CURVE('',#3685,(#3716,#3750),.PCURVE_S1.);
#3685 = B_SPLINE_CURVE_WITH_KNOTS('',8,(#3686,#3687,#3688,#3689,#3690,
    #3691,#3692,#3693,#3694,#3695,#3696,#3697,#3698,#3699,#3700,#3701,
    #3702,#3703,#3704,#3705,#3706,#3707,#3708,#3709,#3710,#3711,#3712,
    #3713,#3714,#3715),.UNSPECIFIED.,.F.,.F.,(9,7,7,7,9),(0.,
    0.21621977535,0.377759991572,0.672387931796,1.),.UNSPECIFIED.);
#3686 = CARTESIAN_POINT('',(-49.,-3.673940397442E-16,-66.));
#3687 = CARTESIAN_POINT('',(-49.,0.311512559568,-66.));
#3688 = CARTESIAN_POINT('',(-49.03696724688,0.616142224756,
    -65.98991758424));
#3689 = CARTESIAN_POINT('',(-49.10804531748,0.908850184381,
    -65.97053443983));
#3690 = CARTESIAN_POINT('',(-49.20966016232,1.185199299364,
    -65.94346230363));
#3691 = CARTESIAN_POINT('',(-49.33750500602,1.441429224013,
    -65.91092450435));
#3692 = CARTESIAN_POINT('',(-49.48651580526,1.674592756685,
    -65.87540678847));
#3693 = CARTESIAN_POINT('',(-49.65084944919,1.882730852029,
    -65.83927046927));
#3694 = CARTESIAN_POINT('',(-49.95314762394,2.201286660495,
    -65.77838446261));
#3695 = CARTESIAN_POINT('',(-50.0893185454,2.325263325419,
    -65.75265397741));
#3696 = CARTESIAN_POINT('',(-50.23123714492,2.437280735921,
    -65.72779556137));
#3697 = CARTESIAN_POINT('',(-50.37794436712,2.537640516525,
    -65.70427927432));
#3698 = CARTESIAN_POINT('',(-50.52864429098,2.626638241566,
    -65.68248959918));
#3699 = CARTESIAN_POINT('',(-50.68267481299,2.704543998579,
    -65.66273655696));
#3700 = CARTESIAN_POINT('',(-50.83947933007,2.771584175728,
    -65.64526749427));
#3701 = CARTESIAN_POINT('',(-51.28875689982,2.930681707398,
    -65.60294350819));
#3702 = CARTESIAN_POINT('',(-51.58633646755,2.997763797482,
    -65.58388261275));
#3703 = CARTESIAN_POINT('',(-51.88804127589,3.030156882791,
    -65.57429790674));
#3704 = CARTESIAN_POINT('',(-52.19113692252,3.028335624801,
    -65.57478309845));
#3705 = CARTESIAN_POINT('',(-52.49301999018,2.99232467551,
    -65.58539539956));
#3706 = CARTESIAN_POINT('',(-52.7909802161,2.921722162827,
    -65.60566442326));
#3707 = CARTESIAN_POINT('',(-53.08193956774,2.81570296832,
    -65.63454056168));
#3708 = CARTESIAN_POINT('',(-53.67335350922,2.514362513951,
    -65.71002954701));
#3709 = CARTESIAN_POINT('',(-53.98050029341,2.3056455236,-65.75945097423
    ));
#3710 = CARTESIAN_POINT('',(-54.2710026992,2.043282683227,
    -65.81631813817));
#3711 = CARTESIAN_POINT('',(-54.53194549819,1.72653847891,
    -65.87607005499));
#3712 = CARTESIAN_POINT('',(-54.74993693637,1.357369018079,
    -65.93180694701));
#3713 = CARTESIAN_POINT('',(-54.91092500931,0.940469580883,
    -65.97570568558));
#3714 = CARTESIAN_POINT('',(-55.,0.483555916463,-66.));
#3715 = CARTESIAN_POINT('',(-55.,5.510910596163E-16,-66.));
#3716 = PCURVE('',#1524,#3717);
#3717 = DEFINITIONAL_REPRESENTATION('',(#3718),#3749);
#3718 = B_SPLINE_CURVE_WITH_KNOTS('',8,(#3719,#3720,#3721,#3722,#3723,
    #3724,#3725,#3726,#3727,#3728,#3729,#3730,#3731,#3732,#3733,#3734,
    #3735,#3736,#3737,#3738,#3739,#3740,#3741,#3742,#3743,#3744,#3745,
    #3746,#3747,#3748),.UNSPECIFIED.,.F.,.F.,(9,7,7,7,9),(0.,
    0.21621977535,0.377759991572,0.672387931796,1.),.UNSPECIFIED.);
#3719 = CARTESIAN_POINT('',(0.,20.));
#3720 = CARTESIAN_POINT('',(0.103837519856,20.));
#3721 = CARTESIAN_POINT('',(0.205380659145,20.010082415752));
#3722 = CARTESIAN_POINT('',(0.304656303683,20.02946556017));
#3723 = CARTESIAN_POINT('',(0.401574041487,20.056537696365));
#3724 = CARTESIAN_POINT('',(0.495933878532,20.089075495646));
#3725 = CARTESIAN_POINT('',(0.587397608816,20.124593211528));
#3726 = CARTESIAN_POINT('',(0.675430283595,20.16072953073));
#3727 = CARTESIAN_POINT('',(0.821817133934,20.221615537384));
#3728 = CARTESIAN_POINT('',(0.883038355661,20.247346022585));
#3729 = CARTESIAN_POINT('',(0.943060158277,20.272204438625));
#3730 = CARTESIAN_POINT('',(1.002041034968,20.295720725678));
#3731 = CARTESIAN_POINT('',(1.060128890408,20.317510400814));
#3732 = CARTESIAN_POINT('',(1.117467000822,20.337263443037));
#3733 = CARTESIAN_POINT('',(1.174196747342,20.354732505726));
#3734 = CARTESIAN_POINT('',(1.333068589217,20.397056491808));
#3735 = CARTESIAN_POINT('',(1.434036357308,20.416117387242));
#3736 = CARTESIAN_POINT('',(1.534086764651,20.42570209326));
#3737 = CARTESIAN_POINT('',(1.633839062249,20.425216901546));
#3738 = CARTESIAN_POINT('',(1.733882609426,20.414604600437));
#3739 = CARTESIAN_POINT('',(1.834813271202,20.39433557674));
#3740 = CARTESIAN_POINT('',(1.937272830145,20.365459438313));
#3741 = CARTESIAN_POINT('',(2.158525958087,20.289970452988));
#3742 = CARTESIAN_POINT('',(2.281335208057,20.240549025763));
#3743 = CARTESIAN_POINT('',(2.409722839327,20.183681861826));
#3744 = CARTESIAN_POINT('',(2.543492241627,20.123929945005));
#3745 = CARTESIAN_POINT('',(2.682759620055,20.06819305299));
#3746 = CARTESIAN_POINT('',(2.828101994263,20.024294314412));
#3747 = CARTESIAN_POINT('',(2.980407348102,20.));
#3748 = CARTESIAN_POINT('',(3.14159265359,20.));
#3749 = ( GEOMETRIC_REPRESENTATION_CONTEXT(2) 
PARAMETRIC_REPRESENTATION_CONTEXT() REPRESENTATION_CONTEXT('2D SPACE',''
  ) );
#3750 = PCURVE('',#3751,#3756);
#3751 = CYLINDRICAL_SURFACE('',#3752,11.);
#3752 = AXIS2_PLACEMENT_3D('',#3753,#3754,#3755);
#3753 = CARTESIAN_POINT('',(-71.,0.,-55.));
#3754 = DIRECTION('',(1.,0.,2.22044604925E-16));
#3755 = DIRECTION('',(2.22044604925E-16,0.,-1.));
#3756 = DEFINITIONAL_REPRESENTATION('',(#3757),#3788);
#3757 = B_SPLINE_CURVE_WITH_KNOTS('',8,(#3758,#3759,#3760,#3761,#3762,
    #3763,#3764,#3765,#3766,#3767,#3768,#3769,#3770,#3771,#3772,#3773,
    #3774,#3775,#3776,#3777,#3778,#3779,#3780,#3781,#3782,#3783,#3784,
    #3785,#3786,#3787),.UNSPECIFIED.,.F.,.F.,(9,7,7,7,9),(0.,
    0.21621977535,0.377759991572,0.672387931796,1.),.UNSPECIFIED.);
#3758 = CARTESIAN_POINT('',(0.,22.));
#3759 = CARTESIAN_POINT('',(2.831932359712E-02,22.));
#3760 = CARTESIAN_POINT('',(5.601295552767E-02,21.963032753118));
#3761 = CARTESIAN_POINT('',(8.265726939491E-02,21.891954682518));
#3762 = CARTESIAN_POINT('',(0.107877512849,21.790339837674));
#3763 = CARTESIAN_POINT('',(0.131342585448,21.662494993974));
#3764 = CARTESIAN_POINT('',(0.152775976488,21.513484194733));
#3765 = CARTESIAN_POINT('',(0.171977900215,21.349150550809));
#3766 = CARTESIAN_POINT('',(0.201461739312,21.046852376053));
#3767 = CARTESIAN_POINT('',(0.212971089606,20.910681454592));
#3768 = CARTESIAN_POINT('',(0.223400729801,20.768762855074));
#3769 = CARTESIAN_POINT('',(0.232770401723,20.622055632878));
#3770 = CARTESIAN_POINT('',(0.241099462619,20.471355709016));
#3771 = CARTESIAN_POINT('',(0.248405636464,20.317325187004));
#3772 = CARTESIAN_POINT('',(0.254703629865,20.160520669927));
#3773 = CARTESIAN_POINT('',(0.269670078397,19.711243100176));
#3774 = CARTESIAN_POINT('',(0.276008965892,19.413663532447));
#3775 = CARTESIAN_POINT('',(0.279080152915,19.111958724104));
#3776 = CARTESIAN_POINT('',(0.278909041262,18.808863077471));
#3777 = CARTESIAN_POINT('',(0.275495744442,18.506980009817));
#3778 = CARTESIAN_POINT('',(0.268818355322,18.209019783892));
#3779 = CARTESIAN_POINT('',(0.258831226076,17.918060432251));
#3780 = CARTESIAN_POINT('',(0.230590136448,17.326646490773));
#3781 = CARTESIAN_POINT('',(0.211092853434,17.019499706583));
#3782 = CARTESIAN_POINT('',(0.186695212907,16.728997300795));
#3783 = CARTESIAN_POINT('',(0.157415601702,16.468054501805));
#3784 = CARTESIAN_POINT('',(0.123526728152,16.250063063621));
#3785 = CARTESIAN_POINT('',(8.549721781743E-02,16.089074990687));
#3786 = CARTESIAN_POINT('',(4.395962876932E-02,16.));
#3787 = CARTESIAN_POINT('',(0.,16.));
#3788 = ( GEOMETRIC_REPRESENTATION_CONTEXT(2) 
PARAMETRIC_REPRESENTATION_CONTEXT() REPRESENTATION_CONTEXT('2D SPACE',''
  ) );
#3789 = ORIENTED_EDGE('',*,*,#3790,.F.);
#3790 = EDGE_CURVE('',#1331,#3680,#3791,.T.);
#3791 = SEAM_CURVE('',#3792,(#3796,#3803),.PCURVE_S1.);
#3792 = LINE('',#3793,#3794);
#3793 = CARTESIAN_POINT('',(-49.,-7.347880794884E-16,-86.));
#3794 = VECTOR('',#3795,1.);
#3795 = DIRECTION('',(0.,0.,1.));
#3796 = PCURVE('',#1524,#3797);
#3797 = DEFINITIONAL_REPRESENTATION('',(#3798),#3802);
#3798 = LINE('',#3799,#3800);
#3799 = CARTESIAN_POINT('',(6.28318530718,-0.));
#3800 = VECTOR('',#3801,1.);
#3801 = DIRECTION('',(0.,1.));
#3802 = ( GEOMETRIC_REPRESENTATION_CONTEXT(2) 
PARAMETRIC_REPRESENTATION_CONTEXT() REPRESENTATION_CONTEXT('2D SPACE',''
  ) );
#3803 = PCURVE('',#1524,#3804);
#3804 = DEFINITIONAL_REPRESENTATION('',(#3805),#3809);
#3805 = LINE('',#3806,#3807);
#3806 = CARTESIAN_POINT('',(0.,-0.));
#3807 = VECTOR('',#3808,1.);
#3808 = DIRECTION('',(0.,1.));
#3809 = ( GEOMETRIC_REPRESENTATION_CONTEXT(2) 
PARAMETRIC_REPRESENTATION_CONTEXT() REPRESENTATION_CONTEXT('2D SPACE',''
  ) );
#3810 = ORIENTED_EDGE('',*,*,#1330,.T.);
#3811 = ORIENTED_EDGE('',*,*,#3790,.T.);
#3812 = ORIENTED_EDGE('',*,*,#3813,.F.);
#3813 = EDGE_CURVE('',#3682,#3680,#3814,.T.);
#3814 = SURFACE_CURVE('',#3815,(#3846,#3880),.PCURVE_S1.);
#3815 = B_SPLINE_CURVE_WITH_KNOTS('',8,(#3816,#3817,#3818,#3819,#3820,
    #3821,#3822,#3823,#3824,#3825,#3826,#3827,#3828,#3829,#3830,#3831,
    #3832,#3833,#3834,#3835,#3836,#3837,#3838,#3839,#3840,#3841,#3842,
    #3843,#3844,#3845),.UNSPECIFIED.,.F.,.F.,(9,7,7,7,9),(0.,
    0.216219773032,0.377759987522,0.672387925634,1.),.UNSPECIFIED.);
#3816 = CARTESIAN_POINT('',(-55.,-8.881784197001E-16,-66.));
#3817 = CARTESIAN_POINT('',(-55.,-0.311512559568,-66.));
#3818 = CARTESIAN_POINT('',(-54.96303275311,-0.616142224756,
    -65.98991758424));
#3819 = CARTESIAN_POINT('',(-54.89195468251,-0.908850184381,
    -65.97053443983));
#3820 = CARTESIAN_POINT('',(-54.79033983767,-1.185199299364,
    -65.94346230363));
#3821 = CARTESIAN_POINT('',(-54.66249499397,-1.441429224014,
    -65.91092450435));
#3822 = CARTESIAN_POINT('',(-54.51348419473,-1.674592756684,
    -65.87540678847));
#3823 = CARTESIAN_POINT('',(-54.3491505508,-1.882730852029,
    -65.83927046927));
#3824 = CARTESIAN_POINT('',(-54.04685237605,-2.201286660495,
    -65.77838446261));
#3825 = CARTESIAN_POINT('',(-53.91068145459,-2.32526332542,
    -65.75265397741));
#3826 = CARTESIAN_POINT('',(-53.76876285507,-2.437280735921,
    -65.72779556137));
#3827 = CARTESIAN_POINT('',(-53.62205563287,-2.537640516525,
    -65.70427927432));
#3828 = CARTESIAN_POINT('',(-53.47135570901,-2.626638241566,
    -65.68248959918));
#3829 = CARTESIAN_POINT('',(-53.317325187,-2.704543998579,
    -65.66273655696));
#3830 = CARTESIAN_POINT('',(-53.16052066992,-2.771584175728,
    -65.64526749427));
#3831 = CARTESIAN_POINT('',(-52.71124309914,-2.930681707763,
    -65.60294350809));
#3832 = CARTESIAN_POINT('',(-52.41366353028,-2.997763795232,
    -65.58388261332));
#3833 = CARTESIAN_POINT('',(-52.11195873417,-3.030156887236,
    -65.57429790562));
#3834 = CARTESIAN_POINT('',(-51.80886307073,-3.028335622445,
    -65.57478309904));
#3835 = CARTESIAN_POINT('',(-51.50697999971,-2.992324671182,
    -65.58539540064));
#3836 = CARTESIAN_POINT('',(-51.20901980043,-2.921722170246,
    -65.60566442139));
#3837 = CARTESIAN_POINT('',(-50.91806042497,-2.815702964613,
    -65.63454056261));
#3838 = CARTESIAN_POINT('',(-50.32664649077,-2.514362513951,
    -65.71002954701));
#3839 = CARTESIAN_POINT('',(-50.01949970657,-2.305645523598,
    -65.75945097423));
#3840 = CARTESIAN_POINT('',(-49.7289973008,-2.043282683232,
    -65.81631813817));
#3841 = CARTESIAN_POINT('',(-49.4680545018,-1.726538478905,
    -65.87607005499));
#3842 = CARTESIAN_POINT('',(-49.25006306362,-1.357369018084,
    -65.93180694701));
#3843 = CARTESIAN_POINT('',(-49.08907499068,-0.94046958088,
    -65.97570568558));
#3844 = CARTESIAN_POINT('',(-49.,-0.483555916463,-66.));
#3845 = CARTESIAN_POINT('',(-49.,-1.7763568394E-15,-66.));
#3846 = PCURVE('',#1524,#3847);
#3847 = DEFINITIONAL_REPRESENTATION('',(#3848),#3879);
#3848 = B_SPLINE_CURVE_WITH_KNOTS('',8,(#3849,#3850,#3851,#3852,#3853,
    #3854,#3855,#3856,#3857,#3858,#3859,#3860,#3861,#3862,#3863,#3864,
    #3865,#3866,#3867,#3868,#3869,#3870,#3871,#3872,#3873,#3874,#3875,
    #3876,#3877,#3878),.UNSPECIFIED.,.F.,.F.,(9,7,7,7,9),(0.,
    0.216219773032,0.377759987522,0.672387925634,1.),.UNSPECIFIED.);
#3849 = CARTESIAN_POINT('',(3.14159265359,20.));
#3850 = CARTESIAN_POINT('',(3.245430173446,20.));
#3851 = CARTESIAN_POINT('',(3.346973312735,20.010082415752));
#3852 = CARTESIAN_POINT('',(3.446248957273,20.02946556017));
#3853 = CARTESIAN_POINT('',(3.543166695077,20.056537696365));
#3854 = CARTESIAN_POINT('',(3.637526532122,20.089075495646));
#3855 = CARTESIAN_POINT('',(3.728990262406,20.124593211528));
#3856 = CARTESIAN_POINT('',(3.817022937185,20.16072953073));
#3857 = CARTESIAN_POINT('',(3.963409787523,20.221615537384));
#3858 = CARTESIAN_POINT('',(4.02463100925,20.247346022585));
#3859 = CARTESIAN_POINT('',(4.084652811866,20.272204438625));
#3860 = CARTESIAN_POINT('',(4.143633688558,20.295720725678));
#3861 = CARTESIAN_POINT('',(4.201721543998,20.317510400814));
#3862 = CARTESIAN_POINT('',(4.259059654412,20.337263443037));
#3863 = CARTESIAN_POINT('',(4.315789400932,20.354732505726));
#3864 = CARTESIAN_POINT('',(4.474661243171,20.397056491905));
#3865 = CARTESIAN_POINT('',(4.575629011732,20.416117386674));
#3866 = CARTESIAN_POINT('',(4.675679414547,20.425702094371));
#3867 = CARTESIAN_POINT('',(4.775431718286,20.425216900952));
#3868 = CARTESIAN_POINT('',(4.875475266702,20.414604599352));
#3869 = CARTESIAN_POINT('',(4.976405918707,20.394335578607));
#3870 = CARTESIAN_POINT('',(5.078865486457,20.365459437384));
#3871 = CARTESIAN_POINT('',(5.300118611676,20.289970452988));
#3872 = CARTESIAN_POINT('',(5.422927861648,20.240549025763));
#3873 = CARTESIAN_POINT('',(5.551315492914,20.183681861827));
#3874 = CARTESIAN_POINT('',(5.68508489522,20.123929945004));
#3875 = CARTESIAN_POINT('',(5.824352273643,20.06819305299));
#3876 = CARTESIAN_POINT('',(5.969694647854,20.024294314412));
#3877 = CARTESIAN_POINT('',(6.122000001692,20.));
#3878 = CARTESIAN_POINT('',(6.28318530718,20.));
#3879 = ( GEOMETRIC_REPRESENTATION_CONTEXT(2) 
PARAMETRIC_REPRESENTATION_CONTEXT() REPRESENTATION_CONTEXT('2D SPACE',''
  ) );
#3880 = PCURVE('',#3751,#3881);
#3881 = DEFINITIONAL_REPRESENTATION('',(#3882),#3913);
#3882 = B_SPLINE_CURVE_WITH_KNOTS('',8,(#3883,#3884,#3885,#3886,#3887,
    #3888,#3889,#3890,#3891,#3892,#3893,#3894,#3895,#3896,#3897,#3898,
    #3899,#3900,#3901,#3902,#3903,#3904,#3905,#3906,#3907,#3908,#3909,
    #3910,#3911,#3912),.UNSPECIFIED.,.F.,.F.,(9,7,7,7,9),(0.,
    0.216219773032,0.377759987522,0.672387925634,1.),.UNSPECIFIED.);
#3883 = CARTESIAN_POINT('',(6.28318530718,16.));
#3884 = CARTESIAN_POINT('',(6.254865983582,16.));
#3885 = CARTESIAN_POINT('',(6.227172351652,16.036967246883));
#3886 = CARTESIAN_POINT('',(6.200528037785,16.108045317482));
#3887 = CARTESIAN_POINT('',(6.17530779433,16.209660162326));
#3888 = CARTESIAN_POINT('',(6.151842721732,16.337505006026));
#3889 = CARTESIAN_POINT('',(6.130409330691,16.486515805267));
#3890 = CARTESIAN_POINT('',(6.111207406964,16.650849449191));
#3891 = CARTESIAN_POINT('',(6.081723567867,16.953147623947));
#3892 = CARTESIAN_POINT('',(6.070214217574,17.089318545408));
#3893 = CARTESIAN_POINT('',(6.059784577378,17.231237144926));
#3894 = CARTESIAN_POINT('',(6.050414905456,17.377944367122));
#3895 = CARTESIAN_POINT('',(6.04208584456,17.528644290984));
#3896 = CARTESIAN_POINT('',(6.034779670715,17.682674812996));
#3897 = CARTESIAN_POINT('',(6.028481677315,17.839479330073));
#3898 = CARTESIAN_POINT('',(6.013515228748,18.288756900855));
#3899 = CARTESIAN_POINT('',(6.007176341498,18.586336469711));
#3900 = CARTESIAN_POINT('',(6.004105153849,18.888041265826));
#3901 = CARTESIAN_POINT('',(6.004276266138,19.191136929261));
#3902 = CARTESIAN_POINT('',(6.007689563143,19.493020000288));
#3903 = CARTESIAN_POINT('',(6.014366951162,19.790980199563));
#3904 = CARTESIAN_POINT('',(6.024354081451,20.081939575025));
#3905 = CARTESIAN_POINT('',(6.052595170731,20.673353509226));
#3906 = CARTESIAN_POINT('',(6.072092453746,20.980500293421));
#3907 = CARTESIAN_POINT('',(6.096490094272,21.271002699198));
#3908 = CARTESIAN_POINT('',(6.125769705478,21.531945498202));
#3909 = CARTESIAN_POINT('',(6.159658579027,21.749936936375));
#3910 = CARTESIAN_POINT('',(6.197688089362,21.910925009314));
#3911 = CARTESIAN_POINT('',(6.23922567841,22.));
#3912 = CARTESIAN_POINT('',(6.28318530718,22.));
#3913 = ( GEOMETRIC_REPRESENTATION_CONTEXT(2) 
PARAMETRIC_REPRESENTATION_CONTEXT() REPRESENTATION_CONTEXT('2D SPACE',''
  ) );
#3914 = ADVANCED_FACE('',(#3915),#1817,.F.);
#3915 = FACE_BOUND('',#3916,.F.);
#3916 = EDGE_LOOP('',(#3917,#3918,#3941,#3963));
#3917 = ORIENTED_EDGE('',*,*,#1627,.T.);
#3918 = ORIENTED_EDGE('',*,*,#3919,.T.);
#3919 = EDGE_CURVE('',#1628,#3920,#3922,.T.);
#3920 = VERTEX_POINT('',#3921);
#3921 = CARTESIAN_POINT('',(-52.,26.,-76.2));
#3922 = SEAM_CURVE('',#3923,(#3927,#3934),.PCURVE_S1.);
#3923 = LINE('',#3924,#3925);
#3924 = CARTESIAN_POINT('',(-71.,26.,-76.2));
#3925 = VECTOR('',#3926,1.);
#3926 = DIRECTION('',(1.,0.,2.22044604925E-16));
#3927 = PCURVE('',#1817,#3928);
#3928 = DEFINITIONAL_REPRESENTATION('',(#3929),#3933);
#3929 = LINE('',#3930,#3931);
#3930 = CARTESIAN_POINT('',(0.,-0.));
#3931 = VECTOR('',#3932,1.);
#3932 = DIRECTION('',(0.,1.));
#3933 = ( GEOMETRIC_REPRESENTATION_CONTEXT(2) 
PARAMETRIC_REPRESENTATION_CONTEXT() REPRESENTATION_CONTEXT('2D SPACE',''
  ) );
#3934 = PCURVE('',#1817,#3935);
#3935 = DEFINITIONAL_REPRESENTATION('',(#3936),#3940);
#3936 = LINE('',#3937,#3938);
#3937 = CARTESIAN_POINT('',(6.28318530718,-0.));
#3938 = VECTOR('',#3939,1.);
#3939 = DIRECTION('',(0.,1.));
#3940 = ( GEOMETRIC_REPRESENTATION_CONTEXT(2) 
PARAMETRIC_REPRESENTATION_CONTEXT() REPRESENTATION_CONTEXT('2D SPACE',''
  ) );
#3941 = ORIENTED_EDGE('',*,*,#3942,.F.);
#3942 = EDGE_CURVE('',#3920,#3920,#3943,.T.);
#3943 = SURFACE_CURVE('',#3944,(#3949,#3956),.PCURVE_S1.);
#3944 = CIRCLE('',#3945,3.2);
#3945 = AXIS2_PLACEMENT_3D('',#3946,#3947,#3948);
#3946 = CARTESIAN_POINT('',(-52.,26.,-73.));
#3947 = DIRECTION('',(1.,0.,2.22044604925E-16));
#3948 = DIRECTION('',(2.22044604925E-16,0.,-1.));
#3949 = PCURVE('',#1817,#3950);
#3950 = DEFINITIONAL_REPRESENTATION('',(#3951),#3955);
#3951 = LINE('',#3952,#3953);
#3952 = CARTESIAN_POINT('',(0.,19.));
#3953 = VECTOR('',#3954,1.);
#3954 = DIRECTION('',(1.,0.));
#3955 = ( GEOMETRIC_REPRESENTATION_CONTEXT(2) 
PARAMETRIC_REPRESENTATION_CONTEXT() REPRESENTATION_CONTEXT('2D SPACE',''
  ) );
#3956 = PCURVE('',#2294,#3957);
#3957 = DEFINITIONAL_REPRESENTATION('',(#3958),#3962);
#3958 = CIRCLE('',#3959,3.2);
#3959 = AXIS2_PLACEMENT_2D('',#3960,#3961);
#3960 = CARTESIAN_POINT('',(5.15,-5.15));
#3961 = DIRECTION('',(-1.,0.));
#3962 = ( GEOMETRIC_REPRESENTATION_CONTEXT(2) 
PARAMETRIC_REPRESENTATION_CONTEXT() REPRESENTATION_CONTEXT('2D SPACE',''
  ) );
#3963 = ORIENTED_EDGE('',*,*,#3919,.F.);
#3964 = ADVANCED_FACE('',(#3965),#1984,.F.);
#3965 = FACE_BOUND('',#3966,.F.);
#3966 = EDGE_LOOP('',(#3967,#3968,#3989,#3990));
#3967 = ORIENTED_EDGE('',*,*,#1967,.F.);
#3968 = ORIENTED_EDGE('',*,*,#3969,.F.);
#3969 = EDGE_CURVE('',#2784,#1968,#3970,.T.);
#3970 = SEAM_CURVE('',#3971,(#3975,#3982),.PCURVE_S1.);
#3971 = LINE('',#3972,#3973);
#3972 = CARTESIAN_POINT('',(23.25,-29.,-56.));
#3973 = VECTOR('',#3974,1.);
#3974 = DIRECTION('',(0.,0.,1.));
#3975 = PCURVE('',#1984,#3976);
#3976 = DEFINITIONAL_REPRESENTATION('',(#3977),#3981);
#3977 = LINE('',#3978,#3979);
#3978 = CARTESIAN_POINT('',(6.28318530718,-0.));
#3979 = VECTOR('',#3980,1.);
#3980 = DIRECTION('',(0.,1.));
#3981 = ( GEOMETRIC_REPRESENTATION_CONTEXT(2) 
PARAMETRIC_REPRESENTATION_CONTEXT() REPRESENTATION_CONTEXT('2D SPACE',''
  ) );
#3982 = PCURVE('',#1984,#3983);
#3983 = DEFINITIONAL_REPRESENTATION('',(#3984),#3988);
#3984 = LINE('',#3985,#3986);
#3985 = CARTESIAN_POINT('',(0.,-0.));
#3986 = VECTOR('',#3987,1.);
#3987 = DIRECTION('',(0.,1.));
#3988 = ( GEOMETRIC_REPRESENTATION_CONTEXT(2) 
PARAMETRIC_REPRESENTATION_CONTEXT() REPRESENTATION_CONTEXT('2D SPACE',''
  ) );
#3989 = ORIENTED_EDGE('',*,*,#2783,.T.);
#3990 = ORIENTED_EDGE('',*,*,#3969,.T.);
#3991 = ADVANCED_FACE('',(#3992),#2015,.F.);
#3992 = FACE_BOUND('',#3993,.F.);
#3993 = EDGE_LOOP('',(#3994,#3995,#4016,#4017));
#3994 = ORIENTED_EDGE('',*,*,#1998,.F.);
#3995 = ORIENTED_EDGE('',*,*,#3996,.F.);
#3996 = EDGE_CURVE('',#2810,#1999,#3997,.T.);
#3997 = SEAM_CURVE('',#3998,(#4002,#4009),.PCURVE_S1.);
#3998 = LINE('',#3999,#4000);
#3999 = CARTESIAN_POINT('',(83.25,-29.,-56.));
#4000 = VECTOR('',#4001,1.);
#4001 = DIRECTION('',(0.,0.,1.));
#4002 = PCURVE('',#2015,#4003);
#4003 = DEFINITIONAL_REPRESENTATION('',(#4004),#4008);
#4004 = LINE('',#4005,#4006);
#4005 = CARTESIAN_POINT('',(6.28318530718,-0.));
#4006 = VECTOR('',#4007,1.);
#4007 = DIRECTION('',(0.,1.));
#4008 = ( GEOMETRIC_REPRESENTATION_CONTEXT(2) 
PARAMETRIC_REPRESENTATION_CONTEXT() REPRESENTATION_CONTEXT('2D SPACE',''
  ) );
#4009 = PCURVE('',#2015,#4010);
#4010 = DEFINITIONAL_REPRESENTATION('',(#4011),#4015);
#4011 = LINE('',#4012,#4013);
#4012 = CARTESIAN_POINT('',(0.,-0.));
#4013 = VECTOR('',#4014,1.);
#4014 = DIRECTION('',(0.,1.));
#4015 = ( GEOMETRIC_REPRESENTATION_CONTEXT(2) 
PARAMETRIC_REPRESENTATION_CONTEXT() REPRESENTATION_CONTEXT('2D SPACE',''
  ) );
#4016 = ORIENTED_EDGE('',*,*,#2809,.T.);
#4017 = ORIENTED_EDGE('',*,*,#3996,.T.);
#4018 = ADVANCED_FACE('',(#4019),#2046,.F.);
#4019 = FACE_BOUND('',#4020,.F.);
#4020 = EDGE_LOOP('',(#4021,#4022,#4045,#4067));
#4021 = ORIENTED_EDGE('',*,*,#2029,.F.);
#4022 = ORIENTED_EDGE('',*,*,#4023,.F.);
#4023 = EDGE_CURVE('',#4024,#2030,#4026,.T.);
#4024 = VERTEX_POINT('',#4025);
#4025 = CARTESIAN_POINT('',(23.25,29.,-54.75));
#4026 = SEAM_CURVE('',#4027,(#4031,#4038),.PCURVE_S1.);
#4027 = LINE('',#4028,#4029);
#4028 = CARTESIAN_POINT('',(23.25,29.,-56.));
#4029 = VECTOR('',#4030,1.);
#4030 = DIRECTION('',(0.,0.,1.));
#4031 = PCURVE('',#2046,#4032);
#4032 = DEFINITIONAL_REPRESENTATION('',(#4033),#4037);
#4033 = LINE('',#4034,#4035);
#4034 = CARTESIAN_POINT('',(6.28318530718,-0.));
#4035 = VECTOR('',#4036,1.);
#4036 = DIRECTION('',(0.,1.));
#4037 = ( GEOMETRIC_REPRESENTATION_CONTEXT(2) 
PARAMETRIC_REPRESENTATION_CONTEXT() REPRESENTATION_CONTEXT('2D SPACE',''
  ) );
#4038 = PCURVE('',#2046,#4039);
#4039 = DEFINITIONAL_REPRESENTATION('',(#4040),#4044);
#4040 = LINE('',#4041,#4042);
#4041 = CARTESIAN_POINT('',(0.,-0.));
#4042 = VECTOR('',#4043,1.);
#4043 = DIRECTION('',(0.,1.));
#4044 = ( GEOMETRIC_REPRESENTATION_CONTEXT(2) 
PARAMETRIC_REPRESENTATION_CONTEXT() REPRESENTATION_CONTEXT('2D SPACE',''
  ) );
#4045 = ORIENTED_EDGE('',*,*,#4046,.T.);
#4046 = EDGE_CURVE('',#4024,#4024,#4047,.T.);
#4047 = SURFACE_CURVE('',#4048,(#4053,#4060),.PCURVE_S1.);
#4048 = CIRCLE('',#4049,3.25);
#4049 = AXIS2_PLACEMENT_3D('',#4050,#4051,#4052);
#4050 = CARTESIAN_POINT('',(20.,29.,-54.75));
#4051 = DIRECTION('',(0.,0.,1.));
#4052 = DIRECTION('',(1.,0.,-0.));
#4053 = PCURVE('',#2046,#4054);
#4054 = DEFINITIONAL_REPRESENTATION('',(#4055),#4059);
#4055 = LINE('',#4056,#4057);
#4056 = CARTESIAN_POINT('',(0.,1.25));
#4057 = VECTOR('',#4058,1.);
#4058 = DIRECTION('',(1.,0.));
#4059 = ( GEOMETRIC_REPRESENTATION_CONTEXT(2) 
PARAMETRIC_REPRESENTATION_CONTEXT() REPRESENTATION_CONTEXT('2D SPACE',''
  ) );
#4060 = PCURVE('',#2192,#4061);
#4061 = DEFINITIONAL_REPRESENTATION('',(#4062),#4066);
#4062 = CIRCLE('',#4063,3.25);
#4063 = AXIS2_PLACEMENT_2D('',#4064,#4065);
#4064 = CARTESIAN_POINT('',(90.,67.));
#4065 = DIRECTION('',(1.,0.));
#4066 = ( GEOMETRIC_REPRESENTATION_CONTEXT(2) 
PARAMETRIC_REPRESENTATION_CONTEXT() REPRESENTATION_CONTEXT('2D SPACE',''
  ) );
#4067 = ORIENTED_EDGE('',*,*,#4023,.T.);
#4068 = ADVANCED_FACE('',(#4069),#2077,.F.);
#4069 = FACE_BOUND('',#4070,.F.);
#4070 = EDGE_LOOP('',(#4071,#4072,#4095,#4122));
#4071 = ORIENTED_EDGE('',*,*,#2060,.F.);
#4072 = ORIENTED_EDGE('',*,*,#4073,.F.);
#4073 = EDGE_CURVE('',#4074,#2061,#4076,.T.);
#4074 = VERTEX_POINT('',#4075);
#4075 = CARTESIAN_POINT('',(74.6,-1.126675055216E-15,14.));
#4076 = SEAM_CURVE('',#4077,(#4081,#4088),.PCURVE_S1.);
#4077 = LINE('',#4078,#4079);
#4078 = CARTESIAN_POINT('',(74.6,-1.126675055216E-15,14.));
#4079 = VECTOR('',#4080,1.);
#4080 = DIRECTION('',(0.,0.,1.));
#4081 = PCURVE('',#2077,#4082);
#4082 = DEFINITIONAL_REPRESENTATION('',(#4083),#4087);
#4083 = LINE('',#4084,#4085);
#4084 = CARTESIAN_POINT('',(6.28318530718,-0.));
#4085 = VECTOR('',#4086,1.);
#4086 = DIRECTION('',(0.,1.));
#4087 = ( GEOMETRIC_REPRESENTATION_CONTEXT(2) 
PARAMETRIC_REPRESENTATION_CONTEXT() REPRESENTATION_CONTEXT('2D SPACE',''
  ) );
#4088 = PCURVE('',#2077,#4089);
#4089 = DEFINITIONAL_REPRESENTATION('',(#4090),#4094);
#4090 = LINE('',#4091,#4092);
#4091 = CARTESIAN_POINT('',(0.,-0.));
#4092 = VECTOR('',#4093,1.);
#4093 = DIRECTION('',(0.,1.));
#4094 = ( GEOMETRIC_REPRESENTATION_CONTEXT(2) 
PARAMETRIC_REPRESENTATION_CONTEXT() REPRESENTATION_CONTEXT('2D SPACE',''
  ) );
#4095 = ORIENTED_EDGE('',*,*,#4096,.T.);
#4096 = EDGE_CURVE('',#4074,#4074,#4097,.T.);
#4097 = SURFACE_CURVE('',#4098,(#4103,#4110),.PCURVE_S1.);
#4098 = CIRCLE('',#4099,4.6);
#4099 = AXIS2_PLACEMENT_3D('',#4100,#4101,#4102);
#4100 = CARTESIAN_POINT('',(70.,0.,14.));
#4101 = DIRECTION('',(0.,0.,1.));
#4102 = DIRECTION('',(1.,0.,-0.));
#4103 = PCURVE('',#2077,#4104);
#4104 = DEFINITIONAL_REPRESENTATION('',(#4105),#4109);
#4105 = LINE('',#4106,#4107);
#4106 = CARTESIAN_POINT('',(0.,0.));
#4107 = VECTOR('',#4108,1.);
#4108 = DIRECTION('',(1.,0.));
#4109 = ( GEOMETRIC_REPRESENTATION_CONTEXT(2) 
PARAMETRIC_REPRESENTATION_CONTEXT() REPRESENTATION_CONTEXT('2D SPACE',''
  ) );
#4110 = PCURVE('',#4111,#4116);
#4111 = PLANE('',#4112);
#4112 = AXIS2_PLACEMENT_3D('',#4113,#4114,#4115);
#4113 = CARTESIAN_POINT('',(70.,0.,14.));
#4114 = DIRECTION('',(0.,0.,1.));
#4115 = DIRECTION('',(1.,0.,-0.));
#4116 = DEFINITIONAL_REPRESENTATION('',(#4117),#4121);
#4117 = CIRCLE('',#4118,4.6);
#4118 = AXIS2_PLACEMENT_2D('',#4119,#4120);
#4119 = CARTESIAN_POINT('',(0.,0.));
#4120 = DIRECTION('',(1.,0.));
#4121 = ( GEOMETRIC_REPRESENTATION_CONTEXT(2) 
PARAMETRIC_REPRESENTATION_CONTEXT() REPRESENTATION_CONTEXT('2D SPACE',''
  ) );
#4122 = ORIENTED_EDGE('',*,*,#4073,.T.);
#4123 = ADVANCED_FACE('',(#4124),#2108,.F.);
#4124 = FACE_BOUND('',#4125,.F.);
#4125 = EDGE_LOOP('',(#4126,#4127,#4150,#4172));
#4126 = ORIENTED_EDGE('',*,*,#2091,.F.);
#4127 = ORIENTED_EDGE('',*,*,#4128,.F.);
#4128 = EDGE_CURVE('',#4129,#2092,#4131,.T.);
#4129 = VERTEX_POINT('',#4130);
#4130 = CARTESIAN_POINT('',(83.25,29.,-54.75));
#4131 = SEAM_CURVE('',#4132,(#4136,#4143),.PCURVE_S1.);
#4132 = LINE('',#4133,#4134);
#4133 = CARTESIAN_POINT('',(83.25,29.,-56.));
#4134 = VECTOR('',#4135,1.);
#4135 = DIRECTION('',(0.,0.,1.));
#4136 = PCURVE('',#2108,#4137);
#4137 = DEFINITIONAL_REPRESENTATION('',(#4138),#4142);
#4138 = LINE('',#4139,#4140);
#4139 = CARTESIAN_POINT('',(6.28318530718,-0.));
#4140 = VECTOR('',#4141,1.);
#4141 = DIRECTION('',(0.,1.));
#4142 = ( GEOMETRIC_REPRESENTATION_CONTEXT(2) 
PARAMETRIC_REPRESENTATION_CONTEXT() REPRESENTATION_CONTEXT('2D SPACE',''
  ) );
#4143 = PCURVE('',#2108,#4144);
#4144 = DEFINITIONAL_REPRESENTATION('',(#4145),#4149);
#4145 = LINE('',#4146,#4147);
#4146 = CARTESIAN_POINT('',(0.,-0.));
#4147 = VECTOR('',#4148,1.);
#4148 = DIRECTION('',(0.,1.));
#4149 = ( GEOMETRIC_REPRESENTATION_CONTEXT(2) 
PARAMETRIC_REPRESENTATION_CONTEXT() REPRESENTATION_CONTEXT('2D SPACE',''
  ) );
#4150 = ORIENTED_EDGE('',*,*,#4151,.T.);
#4151 = EDGE_CURVE('',#4129,#4129,#4152,.T.);
#4152 = SURFACE_CURVE('',#4153,(#4158,#4165),.PCURVE_S1.);
#4153 = CIRCLE('',#4154,3.25);
#4154 = AXIS2_PLACEMENT_3D('',#4155,#4156,#4157);
#4155 = CARTESIAN_POINT('',(80.,29.,-54.75));
#4156 = DIRECTION('',(0.,0.,1.));
#4157 = DIRECTION('',(1.,0.,-0.));
#4158 = PCURVE('',#2108,#4159);
#4159 = DEFINITIONAL_REPRESENTATION('',(#4160),#4164);
#4160 = LINE('',#4161,#4162);
#4161 = CARTESIAN_POINT('',(0.,1.25));
#4162 = VECTOR('',#4163,1.);
#4163 = DIRECTION('',(1.,0.));
#4164 = ( GEOMETRIC_REPRESENTATION_CONTEXT(2) 
PARAMETRIC_REPRESENTATION_CONTEXT() REPRESENTATION_CONTEXT('2D SPACE',''
  ) );
#4165 = PCURVE('',#2192,#4166);
#4166 = DEFINITIONAL_REPRESENTATION('',(#4167),#4171);
#4167 = CIRCLE('',#4168,3.25);
#4168 = AXIS2_PLACEMENT_2D('',#4169,#4170);
#4169 = CARTESIAN_POINT('',(150.,67.));
#4170 = DIRECTION('',(1.,0.));
#4171 = ( GEOMETRIC_REPRESENTATION_CONTEXT(2) 
PARAMETRIC_REPRESENTATION_CONTEXT() REPRESENTATION_CONTEXT('2D SPACE',''
  ) );
#4172 = ORIENTED_EDGE('',*,*,#4128,.T.);
#4173 = ADVANCED_FACE('',(#4174,#4198,#4201),#2192,.F.);
#4174 = FACE_BOUND('',#4175,.F.);
#4175 = EDGE_LOOP('',(#4176,#4177,#4178,#4197));
#4176 = ORIENTED_EDGE('',*,*,#2176,.F.);
#4177 = ORIENTED_EDGE('',*,*,#2859,.F.);
#4178 = ORIENTED_EDGE('',*,*,#4179,.T.);
#4179 = EDGE_CURVE('',#2860,#2686,#4180,.T.);
#4180 = SURFACE_CURVE('',#4181,(#4185,#4191),.PCURVE_S1.);
#4181 = LINE('',#4182,#4183);
#4182 = CARTESIAN_POINT('',(-48.,20.148449071827,-54.75));
#4183 = VECTOR('',#4184,1.);
#4184 = DIRECTION('',(1.,0.,2.22044604925E-16));
#4185 = PCURVE('',#2192,#4186);
#4186 = DEFINITIONAL_REPRESENTATION('',(#4187),#4190);
#4187 = B_SPLINE_CURVE_WITH_KNOTS('',1,(#4188,#4189),.UNSPECIFIED.,.F.,
  .F.,(2,2),(44.,144.0000006),.PIECEWISE_BEZIER_KNOTS.);
#4188 = CARTESIAN_POINT('',(66.,58.148449071827));
#4189 = CARTESIAN_POINT('',(166.0000006,58.148449071827));
#4190 = ( GEOMETRIC_REPRESENTATION_CONTEXT(2) 
PARAMETRIC_REPRESENTATION_CONTEXT() REPRESENTATION_CONTEXT('2D SPACE',''
  ) );
#4191 = PCURVE('',#2702,#4192);
#4192 = DEFINITIONAL_REPRESENTATION('',(#4193),#4196);
#4193 = B_SPLINE_CURVE_WITH_KNOTS('',1,(#4194,#4195),.UNSPECIFIED.,.F.,
  .F.,(2,2),(44.,144.0000006),.PIECEWISE_BEZIER_KNOTS.);
#4194 = CARTESIAN_POINT('',(1.583203593013,44.));
#4195 = CARTESIAN_POINT('',(1.583203593013,144.0000006));
#4196 = ( GEOMETRIC_REPRESENTATION_CONTEXT(2) 
PARAMETRIC_REPRESENTATION_CONTEXT() REPRESENTATION_CONTEXT('2D SPACE',''
  ) );
#4197 = ORIENTED_EDGE('',*,*,#2714,.T.);
#4198 = FACE_BOUND('',#4199,.F.);
#4199 = EDGE_LOOP('',(#4200));
#4200 = ORIENTED_EDGE('',*,*,#4046,.F.);
#4201 = FACE_BOUND('',#4202,.F.);
#4202 = EDGE_LOOP('',(#4203));
#4203 = ORIENTED_EDGE('',*,*,#4151,.F.);
#4204 = ADVANCED_FACE('',(#4205),#2268,.F.);
#4205 = FACE_BOUND('',#4206,.F.);
#4206 = EDGE_LOOP('',(#4207,#4230,#4258,#4279));
#4207 = ORIENTED_EDGE('',*,*,#4208,.F.);
#4208 = EDGE_CURVE('',#4209,#2252,#4211,.T.);
#4209 = VERTEX_POINT('',#4210);
#4210 = CARTESIAN_POINT('',(-52.,20.85,-67.85));
#4211 = SURFACE_CURVE('',#4212,(#4216,#4223),.PCURVE_S1.);
#4212 = LINE('',#4213,#4214);
#4213 = CARTESIAN_POINT('',(-52.,20.85,-67.85));
#4214 = VECTOR('',#4215,1.);
#4215 = DIRECTION('',(-0.,1.,0.));
#4216 = PCURVE('',#2268,#4217);
#4217 = DEFINITIONAL_REPRESENTATION('',(#4218),#4222);
#4218 = LINE('',#4219,#4220);
#4219 = CARTESIAN_POINT('',(0.,0.));
#4220 = VECTOR('',#4221,1.);
#4221 = DIRECTION('',(0.,1.));
#4222 = ( GEOMETRIC_REPRESENTATION_CONTEXT(2) 
PARAMETRIC_REPRESENTATION_CONTEXT() REPRESENTATION_CONTEXT('2D SPACE',''
  ) );
#4223 = PCURVE('',#2294,#4224);
#4224 = DEFINITIONAL_REPRESENTATION('',(#4225),#4229);
#4225 = LINE('',#4226,#4227);
#4226 = CARTESIAN_POINT('',(10.3,0.));
#4227 = VECTOR('',#4228,1.);
#4228 = DIRECTION('',(0.,-1.));
#4229 = ( GEOMETRIC_REPRESENTATION_CONTEXT(2) 
PARAMETRIC_REPRESENTATION_CONTEXT() REPRESENTATION_CONTEXT('2D SPACE',''
  ) );
#4230 = ORIENTED_EDGE('',*,*,#4231,.T.);
#4231 = EDGE_CURVE('',#4209,#4232,#4234,.T.);
#4232 = VERTEX_POINT('',#4233);
#4233 = CARTESIAN_POINT('',(-46.2,20.85,-67.85));
#4234 = SURFACE_CURVE('',#4235,(#4239,#4246),.PCURVE_S1.);
#4235 = LINE('',#4236,#4237);
#4236 = CARTESIAN_POINT('',(-52.,20.85,-67.85));
#4237 = VECTOR('',#4238,1.);
#4238 = DIRECTION('',(1.,0.,-0.));
#4239 = PCURVE('',#2268,#4240);
#4240 = DEFINITIONAL_REPRESENTATION('',(#4241),#4245);
#4241 = LINE('',#4242,#4243);
#4242 = CARTESIAN_POINT('',(0.,0.));
#4243 = VECTOR('',#4244,1.);
#4244 = DIRECTION('',(1.,0.));
#4245 = ( GEOMETRIC_REPRESENTATION_CONTEXT(2) 
PARAMETRIC_REPRESENTATION_CONTEXT() REPRESENTATION_CONTEXT('2D SPACE',''
  ) );
#4246 = PCURVE('',#4247,#4252);
#4247 = PLANE('',#4248);
#4248 = AXIS2_PLACEMENT_3D('',#4249,#4250,#4251);
#4249 = CARTESIAN_POINT('',(-52.,20.85,-78.15));
#4250 = DIRECTION('',(-0.,1.,0.));
#4251 = DIRECTION('',(0.,0.,1.));
#4252 = DEFINITIONAL_REPRESENTATION('',(#4253),#4257);
#4253 = LINE('',#4254,#4255);
#4254 = CARTESIAN_POINT('',(10.3,0.));
#4255 = VECTOR('',#4256,1.);
#4256 = DIRECTION('',(0.,1.));
#4257 = ( GEOMETRIC_REPRESENTATION_CONTEXT(2) 
PARAMETRIC_REPRESENTATION_CONTEXT() REPRESENTATION_CONTEXT('2D SPACE',''
  ) );
#4258 = ORIENTED_EDGE('',*,*,#4259,.T.);
#4259 = EDGE_CURVE('',#4232,#2254,#4260,.T.);
#4260 = SURFACE_CURVE('',#4261,(#4265,#4272),.PCURVE_S1.);
#4261 = LINE('',#4262,#4263);
#4262 = CARTESIAN_POINT('',(-46.2,20.85,-67.85));
#4263 = VECTOR('',#4264,1.);
#4264 = DIRECTION('',(-0.,1.,0.));
#4265 = PCURVE('',#2268,#4266);
#4266 = DEFINITIONAL_REPRESENTATION('',(#4267),#4271);
#4267 = LINE('',#4268,#4269);
#4268 = CARTESIAN_POINT('',(5.8,0.));
#4269 = VECTOR('',#4270,1.);
#4270 = DIRECTION('',(0.,1.));
#4271 = ( GEOMETRIC_REPRESENTATION_CONTEXT(2) 
PARAMETRIC_REPRESENTATION_CONTEXT() REPRESENTATION_CONTEXT('2D SPACE',''
  ) );
#4272 = PCURVE('',#2344,#4273);
#4273 = DEFINITIONAL_REPRESENTATION('',(#4274),#4278);
#4274 = LINE('',#4275,#4276);
#4275 = CARTESIAN_POINT('',(10.3,0.));
#4276 = VECTOR('',#4277,1.);
#4277 = DIRECTION('',(0.,-1.));
#4278 = ( GEOMETRIC_REPRESENTATION_CONTEXT(2) 
PARAMETRIC_REPRESENTATION_CONTEXT() REPRESENTATION_CONTEXT('2D SPACE',''
  ) );
#4279 = ORIENTED_EDGE('',*,*,#2251,.F.);
#4280 = ADVANCED_FACE('',(#4281,#4329),#2294,.T.);
#4281 = FACE_BOUND('',#4282,.T.);
#4282 = EDGE_LOOP('',(#4283,#4284,#4307,#4328));
#4283 = ORIENTED_EDGE('',*,*,#4208,.F.);
#4284 = ORIENTED_EDGE('',*,*,#4285,.F.);
#4285 = EDGE_CURVE('',#4286,#4209,#4288,.T.);
#4286 = VERTEX_POINT('',#4287);
#4287 = CARTESIAN_POINT('',(-52.,20.85,-78.15));
#4288 = SURFACE_CURVE('',#4289,(#4293,#4300),.PCURVE_S1.);
#4289 = LINE('',#4290,#4291);
#4290 = CARTESIAN_POINT('',(-52.,20.85,-78.15));
#4291 = VECTOR('',#4292,1.);
#4292 = DIRECTION('',(0.,0.,1.));
#4293 = PCURVE('',#2294,#4294);
#4294 = DEFINITIONAL_REPRESENTATION('',(#4295),#4299);
#4295 = LINE('',#4296,#4297);
#4296 = CARTESIAN_POINT('',(0.,0.));
#4297 = VECTOR('',#4298,1.);
#4298 = DIRECTION('',(1.,0.));
#4299 = ( GEOMETRIC_REPRESENTATION_CONTEXT(2) 
PARAMETRIC_REPRESENTATION_CONTEXT() REPRESENTATION_CONTEXT('2D SPACE',''
  ) );
#4300 = PCURVE('',#4247,#4301);
#4301 = DEFINITIONAL_REPRESENTATION('',(#4302),#4306);
#4302 = LINE('',#4303,#4304);
#4303 = CARTESIAN_POINT('',(0.,0.));
#4304 = VECTOR('',#4305,1.);
#4305 = DIRECTION('',(1.,0.));
#4306 = ( GEOMETRIC_REPRESENTATION_CONTEXT(2) 
PARAMETRIC_REPRESENTATION_CONTEXT() REPRESENTATION_CONTEXT('2D SPACE',''
  ) );
#4307 = ORIENTED_EDGE('',*,*,#4308,.T.);
#4308 = EDGE_CURVE('',#4286,#2280,#4309,.T.);
#4309 = SURFACE_CURVE('',#4310,(#4314,#4321),.PCURVE_S1.);
#4310 = LINE('',#4311,#4312);
#4311 = CARTESIAN_POINT('',(-52.,20.85,-78.15));
#4312 = VECTOR('',#4313,1.);
#4313 = DIRECTION('',(-0.,1.,0.));
#4314 = PCURVE('',#2294,#4315);
#4315 = DEFINITIONAL_REPRESENTATION('',(#4316),#4320);
#4316 = LINE('',#4317,#4318);
#4317 = CARTESIAN_POINT('',(0.,0.));
#4318 = VECTOR('',#4319,1.);
#4319 = DIRECTION('',(0.,-1.));
#4320 = ( GEOMETRIC_REPRESENTATION_CONTEXT(2) 
PARAMETRIC_REPRESENTATION_CONTEXT() REPRESENTATION_CONTEXT('2D SPACE',''
  ) );
#4321 = PCURVE('',#2320,#4322);
#4322 = DEFINITIONAL_REPRESENTATION('',(#4323),#4327);
#4323 = LINE('',#4324,#4325);
#4324 = CARTESIAN_POINT('',(0.,0.));
#4325 = VECTOR('',#4326,1.);
#4326 = DIRECTION('',(0.,1.));
#4327 = ( GEOMETRIC_REPRESENTATION_CONTEXT(2) 
PARAMETRIC_REPRESENTATION_CONTEXT() REPRESENTATION_CONTEXT('2D SPACE',''
  ) );
#4328 = ORIENTED_EDGE('',*,*,#2279,.F.);
#4329 = FACE_BOUND('',#4330,.T.);
#4330 = EDGE_LOOP('',(#4331));
#4331 = ORIENTED_EDGE('',*,*,#3942,.F.);
#4332 = ADVANCED_FACE('',(#4333,#4381),#2344,.F.);
#4333 = FACE_BOUND('',#4334,.F.);
#4334 = EDGE_LOOP('',(#4335,#4336,#4359,#4380));
#4335 = ORIENTED_EDGE('',*,*,#4259,.F.);
#4336 = ORIENTED_EDGE('',*,*,#4337,.F.);
#4337 = EDGE_CURVE('',#4338,#4232,#4340,.T.);
#4338 = VERTEX_POINT('',#4339);
#4339 = CARTESIAN_POINT('',(-46.2,20.85,-78.15));
#4340 = SURFACE_CURVE('',#4341,(#4345,#4352),.PCURVE_S1.);
#4341 = LINE('',#4342,#4343);
#4342 = CARTESIAN_POINT('',(-46.2,20.85,-78.15));
#4343 = VECTOR('',#4344,1.);
#4344 = DIRECTION('',(0.,0.,1.));
#4345 = PCURVE('',#2344,#4346);
#4346 = DEFINITIONAL_REPRESENTATION('',(#4347),#4351);
#4347 = LINE('',#4348,#4349);
#4348 = CARTESIAN_POINT('',(0.,0.));
#4349 = VECTOR('',#4350,1.);
#4350 = DIRECTION('',(1.,0.));
#4351 = ( GEOMETRIC_REPRESENTATION_CONTEXT(2) 
PARAMETRIC_REPRESENTATION_CONTEXT() REPRESENTATION_CONTEXT('2D SPACE',''
  ) );
#4352 = PCURVE('',#4247,#4353);
#4353 = DEFINITIONAL_REPRESENTATION('',(#4354),#4358);
#4354 = LINE('',#4355,#4356);
#4355 = CARTESIAN_POINT('',(0.,5.8));
#4356 = VECTOR('',#4357,1.);
#4357 = DIRECTION('',(1.,0.));
#4358 = ( GEOMETRIC_REPRESENTATION_CONTEXT(2) 
PARAMETRIC_REPRESENTATION_CONTEXT() REPRESENTATION_CONTEXT('2D SPACE',''
  ) );
#4359 = ORIENTED_EDGE('',*,*,#4360,.T.);
#4360 = EDGE_CURVE('',#4338,#2306,#4361,.T.);
#4361 = SURFACE_CURVE('',#4362,(#4366,#4373),.PCURVE_S1.);
#4362 = LINE('',#4363,#4364);
#4363 = CARTESIAN_POINT('',(-46.2,20.85,-78.15));
#4364 = VECTOR('',#4365,1.);
#4365 = DIRECTION('',(-0.,1.,0.));
#4366 = PCURVE('',#2344,#4367);
#4367 = DEFINITIONAL_REPRESENTATION('',(#4368),#4372);
#4368 = LINE('',#4369,#4370);
#4369 = CARTESIAN_POINT('',(0.,0.));
#4370 = VECTOR('',#4371,1.);
#4371 = DIRECTION('',(0.,-1.));
#4372 = ( GEOMETRIC_REPRESENTATION_CONTEXT(2) 
PARAMETRIC_REPRESENTATION_CONTEXT() REPRESENTATION_CONTEXT('2D SPACE',''
  ) );
#4373 = PCURVE('',#2320,#4374);
#4374 = DEFINITIONAL_REPRESENTATION('',(#4375),#4379);
#4375 = LINE('',#4376,#4377);
#4376 = CARTESIAN_POINT('',(5.8,0.));
#4377 = VECTOR('',#4378,1.);
#4378 = DIRECTION('',(0.,1.));
#4379 = ( GEOMETRIC_REPRESENTATION_CONTEXT(2) 
PARAMETRIC_REPRESENTATION_CONTEXT() REPRESENTATION_CONTEXT('2D SPACE',''
  ) );
#4380 = ORIENTED_EDGE('',*,*,#2331,.F.);
#4381 = FACE_BOUND('',#4382,.F.);
#4382 = EDGE_LOOP('',(#4383));
#4383 = ORIENTED_EDGE('',*,*,#4384,.F.);
#4384 = EDGE_CURVE('',#4385,#4385,#4387,.T.);
#4385 = VERTEX_POINT('',#4386);
#4386 = CARTESIAN_POINT('',(-46.2,26.,-76.2));
#4387 = SURFACE_CURVE('',#4388,(#4393,#4400),.PCURVE_S1.);
#4388 = CIRCLE('',#4389,3.2);
#4389 = AXIS2_PLACEMENT_3D('',#4390,#4391,#4392);
#4390 = CARTESIAN_POINT('',(-46.2,26.,-73.));
#4391 = DIRECTION('',(1.,0.,2.22044604925E-16));
#4392 = DIRECTION('',(2.22044604925E-16,0.,-1.));
#4393 = PCURVE('',#2344,#4394);
#4394 = DEFINITIONAL_REPRESENTATION('',(#4395),#4399);
#4395 = CIRCLE('',#4396,3.2);
#4396 = AXIS2_PLACEMENT_2D('',#4397,#4398);
#4397 = CARTESIAN_POINT('',(5.15,-5.15));
#4398 = DIRECTION('',(-1.,0.));
#4399 = ( GEOMETRIC_REPRESENTATION_CONTEXT(2) 
PARAMETRIC_REPRESENTATION_CONTEXT() REPRESENTATION_CONTEXT('2D SPACE',''
  ) );
#4400 = PCURVE('',#4401,#4406);
#4401 = CYLINDRICAL_SURFACE('',#4402,3.2);
#4402 = AXIS2_PLACEMENT_3D('',#4403,#4404,#4405);
#4403 = CARTESIAN_POINT('',(-71.,26.,-73.));
#4404 = DIRECTION('',(1.,0.,2.22044604925E-16));
#4405 = DIRECTION('',(2.22044604925E-16,0.,-1.));
#4406 = DEFINITIONAL_REPRESENTATION('',(#4407),#4411);
#4407 = LINE('',#4408,#4409);
#4408 = CARTESIAN_POINT('',(0.,24.8));
#4409 = VECTOR('',#4410,1.);
#4410 = DIRECTION('',(1.,0.));
#4411 = ( GEOMETRIC_REPRESENTATION_CONTEXT(2) 
PARAMETRIC_REPRESENTATION_CONTEXT() REPRESENTATION_CONTEXT('2D SPACE',''
  ) );
#4412 = ADVANCED_FACE('',(#4413),#2320,.T.);
#4413 = FACE_BOUND('',#4414,.T.);
#4414 = EDGE_LOOP('',(#4415,#4416,#4437,#4438));
#4415 = ORIENTED_EDGE('',*,*,#4308,.F.);
#4416 = ORIENTED_EDGE('',*,*,#4417,.T.);
#4417 = EDGE_CURVE('',#4286,#4338,#4418,.T.);
#4418 = SURFACE_CURVE('',#4419,(#4423,#4430),.PCURVE_S1.);
#4419 = LINE('',#4420,#4421);
#4420 = CARTESIAN_POINT('',(-52.,20.85,-78.15));
#4421 = VECTOR('',#4422,1.);
#4422 = DIRECTION('',(1.,0.,-0.));
#4423 = PCURVE('',#2320,#4424);
#4424 = DEFINITIONAL_REPRESENTATION('',(#4425),#4429);
#4425 = LINE('',#4426,#4427);
#4426 = CARTESIAN_POINT('',(0.,0.));
#4427 = VECTOR('',#4428,1.);
#4428 = DIRECTION('',(1.,0.));
#4429 = ( GEOMETRIC_REPRESENTATION_CONTEXT(2) 
PARAMETRIC_REPRESENTATION_CONTEXT() REPRESENTATION_CONTEXT('2D SPACE',''
  ) );
#4430 = PCURVE('',#4247,#4431);
#4431 = DEFINITIONAL_REPRESENTATION('',(#4432),#4436);
#4432 = LINE('',#4433,#4434);
#4433 = CARTESIAN_POINT('',(0.,0.));
#4434 = VECTOR('',#4435,1.);
#4435 = DIRECTION('',(0.,1.));
#4436 = ( GEOMETRIC_REPRESENTATION_CONTEXT(2) 
PARAMETRIC_REPRESENTATION_CONTEXT() REPRESENTATION_CONTEXT('2D SPACE',''
  ) );
#4437 = ORIENTED_EDGE('',*,*,#4360,.T.);
#4438 = ORIENTED_EDGE('',*,*,#2305,.F.);
#4439 = ADVANCED_FACE('',(#4440),#2378,.F.);
#4440 = FACE_BOUND('',#4441,.F.);
#4441 = EDGE_LOOP('',(#4442,#4465,#4492,#4493));
#4442 = ORIENTED_EDGE('',*,*,#4443,.T.);
#4443 = EDGE_CURVE('',#2358,#4444,#4446,.T.);
#4444 = VERTEX_POINT('',#4445);
#4445 = CARTESIAN_POINT('',(-27.,35.01,-47.63139720814));
#4446 = SEAM_CURVE('',#4447,(#4451,#4458),.PCURVE_S1.);
#4447 = LINE('',#4448,#4449);
#4448 = CARTESIAN_POINT('',(-23.,38.01,-47.63139720814));
#4449 = VECTOR('',#4450,1.);
#4450 = DIRECTION('',(-0.8,-0.6,3.291702508186E-16));
#4451 = PCURVE('',#2378,#4452);
#4452 = DEFINITIONAL_REPRESENTATION('',(#4453),#4457);
#4453 = LINE('',#4454,#4455);
#4454 = CARTESIAN_POINT('',(-6.28318530718,0.));
#4455 = VECTOR('',#4456,1.);
#4456 = DIRECTION('',(-0.,-1.));
#4457 = ( GEOMETRIC_REPRESENTATION_CONTEXT(2) 
PARAMETRIC_REPRESENTATION_CONTEXT() REPRESENTATION_CONTEXT('2D SPACE',''
  ) );
#4458 = PCURVE('',#2378,#4459);
#4459 = DEFINITIONAL_REPRESENTATION('',(#4460),#4464);
#4460 = LINE('',#4461,#4462);
#4461 = CARTESIAN_POINT('',(0.,-0.));
#4462 = VECTOR('',#4463,1.);
#4463 = DIRECTION('',(-0.,-1.));
#4464 = ( GEOMETRIC_REPRESENTATION_CONTEXT(2) 
PARAMETRIC_REPRESENTATION_CONTEXT() REPRESENTATION_CONTEXT('2D SPACE',''
  ) );
#4465 = ORIENTED_EDGE('',*,*,#4466,.F.);
#4466 = EDGE_CURVE('',#4444,#4444,#4467,.T.);
#4467 = SURFACE_CURVE('',#4468,(#4473,#4480),.PCURVE_S1.);
#4468 = CIRCLE('',#4469,0.5);
#4469 = AXIS2_PLACEMENT_3D('',#4470,#4471,#4472);
#4470 = CARTESIAN_POINT('',(-27.5,35.01,-47.63139720814));
#4471 = DIRECTION('',(0.,-1.,2.22044604925E-16));
#4472 = DIRECTION('',(1.,0.,0.));
#4473 = PCURVE('',#2378,#4474);
#4474 = DEFINITIONAL_REPRESENTATION('',(#4475),#4479);
#4475 = LINE('',#4476,#4477);
#4476 = CARTESIAN_POINT('',(-0.,-3.));
#4477 = VECTOR('',#4478,1.);
#4478 = DIRECTION('',(-1.,-0.));
#4479 = ( GEOMETRIC_REPRESENTATION_CONTEXT(2) 
PARAMETRIC_REPRESENTATION_CONTEXT() REPRESENTATION_CONTEXT('2D SPACE',''
  ) );
#4480 = PCURVE('',#4481,#4486);
#4481 = PLANE('',#4482);
#4482 = AXIS2_PLACEMENT_3D('',#4483,#4484,#4485);
#4483 = CARTESIAN_POINT('',(-27.5,35.01,-47.63139720814));
#4484 = DIRECTION('',(0.,-1.,2.22044604925E-16));
#4485 = DIRECTION('',(1.,0.,0.));
#4486 = DEFINITIONAL_REPRESENTATION('',(#4487),#4491);
#4487 = CIRCLE('',#4488,0.5);
#4488 = AXIS2_PLACEMENT_2D('',#4489,#4490);
#4489 = CARTESIAN_POINT('',(0.,0.));
#4490 = DIRECTION('',(1.,0.));
#4491 = ( GEOMETRIC_REPRESENTATION_CONTEXT(2) 
PARAMETRIC_REPRESENTATION_CONTEXT() REPRESENTATION_CONTEXT('2D SPACE',''
  ) );
#4492 = ORIENTED_EDGE('',*,*,#4443,.F.);
#4493 = ORIENTED_EDGE('',*,*,#2357,.T.);
#4494 = ADVANCED_FACE('',(#4495),#2409,.F.);
#4495 = FACE_BOUND('',#4496,.F.);
#4496 = EDGE_LOOP('',(#4497,#4520,#4548,#4569));
#4497 = ORIENTED_EDGE('',*,*,#4498,.F.);
#4498 = EDGE_CURVE('',#4499,#2393,#4501,.T.);
#4499 = VERTEX_POINT('',#4500);
#4500 = CARTESIAN_POINT('',(-52.,20.85,23.15));
#4501 = SURFACE_CURVE('',#4502,(#4506,#4513),.PCURVE_S1.);
#4502 = LINE('',#4503,#4504);
#4503 = CARTESIAN_POINT('',(-52.,20.85,23.15));
#4504 = VECTOR('',#4505,1.);
#4505 = DIRECTION('',(-0.,1.,0.));
#4506 = PCURVE('',#2409,#4507);
#4507 = DEFINITIONAL_REPRESENTATION('',(#4508),#4512);
#4508 = LINE('',#4509,#4510);
#4509 = CARTESIAN_POINT('',(0.,0.));
#4510 = VECTOR('',#4511,1.);
#4511 = DIRECTION('',(0.,1.));
#4512 = ( GEOMETRIC_REPRESENTATION_CONTEXT(2) 
PARAMETRIC_REPRESENTATION_CONTEXT() REPRESENTATION_CONTEXT('2D SPACE',''
  ) );
#4513 = PCURVE('',#2435,#4514);
#4514 = DEFINITIONAL_REPRESENTATION('',(#4515),#4519);
#4515 = LINE('',#4516,#4517);
#4516 = CARTESIAN_POINT('',(10.3,0.));
#4517 = VECTOR('',#4518,1.);
#4518 = DIRECTION('',(0.,-1.));
#4519 = ( GEOMETRIC_REPRESENTATION_CONTEXT(2) 
PARAMETRIC_REPRESENTATION_CONTEXT() REPRESENTATION_CONTEXT('2D SPACE',''
  ) );
#4520 = ORIENTED_EDGE('',*,*,#4521,.T.);
#4521 = EDGE_CURVE('',#4499,#4522,#4524,.T.);
#4522 = VERTEX_POINT('',#4523);
#4523 = CARTESIAN_POINT('',(-46.2,20.85,23.15));
#4524 = SURFACE_CURVE('',#4525,(#4529,#4536),.PCURVE_S1.);
#4525 = LINE('',#4526,#4527);
#4526 = CARTESIAN_POINT('',(-52.,20.85,23.15));
#4527 = VECTOR('',#4528,1.);
#4528 = DIRECTION('',(1.,0.,-0.));
#4529 = PCURVE('',#2409,#4530);
#4530 = DEFINITIONAL_REPRESENTATION('',(#4531),#4535);
#4531 = LINE('',#4532,#4533);
#4532 = CARTESIAN_POINT('',(0.,0.));
#4533 = VECTOR('',#4534,1.);
#4534 = DIRECTION('',(1.,0.));
#4535 = ( GEOMETRIC_REPRESENTATION_CONTEXT(2) 
PARAMETRIC_REPRESENTATION_CONTEXT() REPRESENTATION_CONTEXT('2D SPACE',''
  ) );
#4536 = PCURVE('',#4537,#4542);
#4537 = PLANE('',#4538);
#4538 = AXIS2_PLACEMENT_3D('',#4539,#4540,#4541);
#4539 = CARTESIAN_POINT('',(-52.,20.85,12.85));
#4540 = DIRECTION('',(-0.,1.,0.));
#4541 = DIRECTION('',(0.,0.,1.));
#4542 = DEFINITIONAL_REPRESENTATION('',(#4543),#4547);
#4543 = LINE('',#4544,#4545);
#4544 = CARTESIAN_POINT('',(10.3,0.));
#4545 = VECTOR('',#4546,1.);
#4546 = DIRECTION('',(0.,1.));
#4547 = ( GEOMETRIC_REPRESENTATION_CONTEXT(2) 
PARAMETRIC_REPRESENTATION_CONTEXT() REPRESENTATION_CONTEXT('2D SPACE',''
  ) );
#4548 = ORIENTED_EDGE('',*,*,#4549,.T.);
#4549 = EDGE_CURVE('',#4522,#2395,#4550,.T.);
#4550 = SURFACE_CURVE('',#4551,(#4555,#4562),.PCURVE_S1.);
#4551 = LINE('',#4552,#4553);
#4552 = CARTESIAN_POINT('',(-46.2,20.85,23.15));
#4553 = VECTOR('',#4554,1.);
#4554 = DIRECTION('',(-0.,1.,0.));
#4555 = PCURVE('',#2409,#4556);
#4556 = DEFINITIONAL_REPRESENTATION('',(#4557),#4561);
#4557 = LINE('',#4558,#4559);
#4558 = CARTESIAN_POINT('',(5.8,0.));
#4559 = VECTOR('',#4560,1.);
#4560 = DIRECTION('',(0.,1.));
#4561 = ( GEOMETRIC_REPRESENTATION_CONTEXT(2) 
PARAMETRIC_REPRESENTATION_CONTEXT() REPRESENTATION_CONTEXT('2D SPACE',''
  ) );
#4562 = PCURVE('',#2485,#4563);
#4563 = DEFINITIONAL_REPRESENTATION('',(#4564),#4568);
#4564 = LINE('',#4565,#4566);
#4565 = CARTESIAN_POINT('',(10.3,0.));
#4566 = VECTOR('',#4567,1.);
#4567 = DIRECTION('',(0.,-1.));
#4568 = ( GEOMETRIC_REPRESENTATION_CONTEXT(2) 
PARAMETRIC_REPRESENTATION_CONTEXT() REPRESENTATION_CONTEXT('2D SPACE',''
  ) );
#4569 = ORIENTED_EDGE('',*,*,#2392,.F.);
#4570 = ADVANCED_FACE('',(#4571,#4619),#2435,.T.);
#4571 = FACE_BOUND('',#4572,.T.);
#4572 = EDGE_LOOP('',(#4573,#4574,#4597,#4618));
#4573 = ORIENTED_EDGE('',*,*,#4498,.F.);
#4574 = ORIENTED_EDGE('',*,*,#4575,.F.);
#4575 = EDGE_CURVE('',#4576,#4499,#4578,.T.);
#4576 = VERTEX_POINT('',#4577);
#4577 = CARTESIAN_POINT('',(-52.,20.85,12.85));
#4578 = SURFACE_CURVE('',#4579,(#4583,#4590),.PCURVE_S1.);
#4579 = LINE('',#4580,#4581);
#4580 = CARTESIAN_POINT('',(-52.,20.85,12.85));
#4581 = VECTOR('',#4582,1.);
#4582 = DIRECTION('',(0.,0.,1.));
#4583 = PCURVE('',#2435,#4584);
#4584 = DEFINITIONAL_REPRESENTATION('',(#4585),#4589);
#4585 = LINE('',#4586,#4587);
#4586 = CARTESIAN_POINT('',(0.,0.));
#4587 = VECTOR('',#4588,1.);
#4588 = DIRECTION('',(1.,0.));
#4589 = ( GEOMETRIC_REPRESENTATION_CONTEXT(2) 
PARAMETRIC_REPRESENTATION_CONTEXT() REPRESENTATION_CONTEXT('2D SPACE',''
  ) );
#4590 = PCURVE('',#4537,#4591);
#4591 = DEFINITIONAL_REPRESENTATION('',(#4592),#4596);
#4592 = LINE('',#4593,#4594);
#4593 = CARTESIAN_POINT('',(0.,0.));
#4594 = VECTOR('',#4595,1.);
#4595 = DIRECTION('',(1.,0.));
#4596 = ( GEOMETRIC_REPRESENTATION_CONTEXT(2) 
PARAMETRIC_REPRESENTATION_CONTEXT() REPRESENTATION_CONTEXT('2D SPACE',''
  ) );
#4597 = ORIENTED_EDGE('',*,*,#4598,.T.);
#4598 = EDGE_CURVE('',#4576,#2421,#4599,.T.);
#4599 = SURFACE_CURVE('',#4600,(#4604,#4611),.PCURVE_S1.);
#4600 = LINE('',#4601,#4602);
#4601 = CARTESIAN_POINT('',(-52.,20.85,12.85));
#4602 = VECTOR('',#4603,1.);
#4603 = DIRECTION('',(-0.,1.,0.));
#4604 = PCURVE('',#2435,#4605);
#4605 = DEFINITIONAL_REPRESENTATION('',(#4606),#4610);
#4606 = LINE('',#4607,#4608);
#4607 = CARTESIAN_POINT('',(0.,0.));
#4608 = VECTOR('',#4609,1.);
#4609 = DIRECTION('',(0.,-1.));
#4610 = ( GEOMETRIC_REPRESENTATION_CONTEXT(2) 
PARAMETRIC_REPRESENTATION_CONTEXT() REPRESENTATION_CONTEXT('2D SPACE',''
  ) );
#4611 = PCURVE('',#2461,#4612);
#4612 = DEFINITIONAL_REPRESENTATION('',(#4613),#4617);
#4613 = LINE('',#4614,#4615);
#4614 = CARTESIAN_POINT('',(0.,0.));
#4615 = VECTOR('',#4616,1.);
#4616 = DIRECTION('',(0.,1.));
#4617 = ( GEOMETRIC_REPRESENTATION_CONTEXT(2) 
PARAMETRIC_REPRESENTATION_CONTEXT() REPRESENTATION_CONTEXT('2D SPACE',''
  ) );
#4618 = ORIENTED_EDGE('',*,*,#2420,.F.);
#4619 = FACE_BOUND('',#4620,.T.);
#4620 = EDGE_LOOP('',(#4621));
#4621 = ORIENTED_EDGE('',*,*,#2584,.F.);
#4622 = ADVANCED_FACE('',(#4623,#4671),#2485,.F.);
#4623 = FACE_BOUND('',#4624,.F.);
#4624 = EDGE_LOOP('',(#4625,#4626,#4649,#4670));
#4625 = ORIENTED_EDGE('',*,*,#4549,.F.);
#4626 = ORIENTED_EDGE('',*,*,#4627,.F.);
#4627 = EDGE_CURVE('',#4628,#4522,#4630,.T.);
#4628 = VERTEX_POINT('',#4629);
#4629 = CARTESIAN_POINT('',(-46.2,20.85,12.85));
#4630 = SURFACE_CURVE('',#4631,(#4635,#4642),.PCURVE_S1.);
#4631 = LINE('',#4632,#4633);
#4632 = CARTESIAN_POINT('',(-46.2,20.85,12.85));
#4633 = VECTOR('',#4634,1.);
#4634 = DIRECTION('',(0.,0.,1.));
#4635 = PCURVE('',#2485,#4636);
#4636 = DEFINITIONAL_REPRESENTATION('',(#4637),#4641);
#4637 = LINE('',#4638,#4639);
#4638 = CARTESIAN_POINT('',(0.,0.));
#4639 = VECTOR('',#4640,1.);
#4640 = DIRECTION('',(1.,0.));
#4641 = ( GEOMETRIC_REPRESENTATION_CONTEXT(2) 
PARAMETRIC_REPRESENTATION_CONTEXT() REPRESENTATION_CONTEXT('2D SPACE',''
  ) );
#4642 = PCURVE('',#4537,#4643);
#4643 = DEFINITIONAL_REPRESENTATION('',(#4644),#4648);
#4644 = LINE('',#4645,#4646);
#4645 = CARTESIAN_POINT('',(0.,5.8));
#4646 = VECTOR('',#4647,1.);
#4647 = DIRECTION('',(1.,0.));
#4648 = ( GEOMETRIC_REPRESENTATION_CONTEXT(2) 
PARAMETRIC_REPRESENTATION_CONTEXT() REPRESENTATION_CONTEXT('2D SPACE',''
  ) );
#4649 = ORIENTED_EDGE('',*,*,#4650,.T.);
#4650 = EDGE_CURVE('',#4628,#2447,#4651,.T.);
#4651 = SURFACE_CURVE('',#4652,(#4656,#4663),.PCURVE_S1.);
#4652 = LINE('',#4653,#4654);
#4653 = CARTESIAN_POINT('',(-46.2,20.85,12.85));
#4654 = VECTOR('',#4655,1.);
#4655 = DIRECTION('',(-0.,1.,0.));
#4656 = PCURVE('',#2485,#4657);
#4657 = DEFINITIONAL_REPRESENTATION('',(#4658),#4662);
#4658 = LINE('',#4659,#4660);
#4659 = CARTESIAN_POINT('',(0.,0.));
#4660 = VECTOR('',#4661,1.);
#4661 = DIRECTION('',(0.,-1.));
#4662 = ( GEOMETRIC_REPRESENTATION_CONTEXT(2) 
PARAMETRIC_REPRESENTATION_CONTEXT() REPRESENTATION_CONTEXT('2D SPACE',''
  ) );
#4663 = PCURVE('',#2461,#4664);
#4664 = DEFINITIONAL_REPRESENTATION('',(#4665),#4669);
#4665 = LINE('',#4666,#4667);
#4666 = CARTESIAN_POINT('',(5.8,0.));
#4667 = VECTOR('',#4668,1.);
#4668 = DIRECTION('',(0.,1.));
#4669 = ( GEOMETRIC_REPRESENTATION_CONTEXT(2) 
PARAMETRIC_REPRESENTATION_CONTEXT() REPRESENTATION_CONTEXT('2D SPACE',''
  ) );
#4670 = ORIENTED_EDGE('',*,*,#2472,.F.);
#4671 = FACE_BOUND('',#4672,.F.);
#4672 = EDGE_LOOP('',(#4673));
#4673 = ORIENTED_EDGE('',*,*,#4674,.F.);
#4674 = EDGE_CURVE('',#4675,#4675,#4677,.T.);
#4675 = VERTEX_POINT('',#4676);
#4676 = CARTESIAN_POINT('',(-46.2,26.,14.8));
#4677 = SURFACE_CURVE('',#4678,(#4683,#4690),.PCURVE_S1.);
#4678 = CIRCLE('',#4679,3.2);
#4679 = AXIS2_PLACEMENT_3D('',#4680,#4681,#4682);
#4680 = CARTESIAN_POINT('',(-46.2,26.,18.));
#4681 = DIRECTION('',(1.,0.,2.22044604925E-16));
#4682 = DIRECTION('',(2.22044604925E-16,0.,-1.));
#4683 = PCURVE('',#2485,#4684);
#4684 = DEFINITIONAL_REPRESENTATION('',(#4685),#4689);
#4685 = CIRCLE('',#4686,3.2);
#4686 = AXIS2_PLACEMENT_2D('',#4687,#4688);
#4687 = CARTESIAN_POINT('',(5.15,-5.15));
#4688 = DIRECTION('',(-1.,0.));
#4689 = ( GEOMETRIC_REPRESENTATION_CONTEXT(2) 
PARAMETRIC_REPRESENTATION_CONTEXT() REPRESENTATION_CONTEXT('2D SPACE',''
  ) );
#4690 = PCURVE('',#4691,#4696);
#4691 = CYLINDRICAL_SURFACE('',#4692,3.2);
#4692 = AXIS2_PLACEMENT_3D('',#4693,#4694,#4695);
#4693 = CARTESIAN_POINT('',(-71.,26.,18.));
#4694 = DIRECTION('',(1.,0.,2.22044604925E-16));
#4695 = DIRECTION('',(2.22044604925E-16,0.,-1.));
#4696 = DEFINITIONAL_REPRESENTATION('',(#4697),#4701);
#4697 = LINE('',#4698,#4699);
#4698 = CARTESIAN_POINT('',(0.,24.8));
#4699 = VECTOR('',#4700,1.);
#4700 = DIRECTION('',(1.,0.));
#4701 = ( GEOMETRIC_REPRESENTATION_CONTEXT(2) 
PARAMETRIC_REPRESENTATION_CONTEXT() REPRESENTATION_CONTEXT('2D SPACE',''
  ) );
#4702 = ADVANCED_FACE('',(#4703),#2461,.T.);
#4703 = FACE_BOUND('',#4704,.T.);
#4704 = EDGE_LOOP('',(#4705,#4706,#4727,#4728));
#4705 = ORIENTED_EDGE('',*,*,#4598,.F.);
#4706 = ORIENTED_EDGE('',*,*,#4707,.T.);
#4707 = EDGE_CURVE('',#4576,#4628,#4708,.T.);
#4708 = SURFACE_CURVE('',#4709,(#4713,#4720),.PCURVE_S1.);
#4709 = LINE('',#4710,#4711);
#4710 = CARTESIAN_POINT('',(-52.,20.85,12.85));
#4711 = VECTOR('',#4712,1.);
#4712 = DIRECTION('',(1.,0.,-0.));
#4713 = PCURVE('',#2461,#4714);
#4714 = DEFINITIONAL_REPRESENTATION('',(#4715),#4719);
#4715 = LINE('',#4716,#4717);
#4716 = CARTESIAN_POINT('',(0.,0.));
#4717 = VECTOR('',#4718,1.);
#4718 = DIRECTION('',(1.,0.));
#4719 = ( GEOMETRIC_REPRESENTATION_CONTEXT(2) 
PARAMETRIC_REPRESENTATION_CONTEXT() REPRESENTATION_CONTEXT('2D SPACE',''
  ) );
#4720 = PCURVE('',#4537,#4721);
#4721 = DEFINITIONAL_REPRESENTATION('',(#4722),#4726);
#4722 = LINE('',#4723,#4724);
#4723 = CARTESIAN_POINT('',(0.,0.));
#4724 = VECTOR('',#4725,1.);
#4725 = DIRECTION('',(0.,1.));
#4726 = ( GEOMETRIC_REPRESENTATION_CONTEXT(2) 
PARAMETRIC_REPRESENTATION_CONTEXT() REPRESENTATION_CONTEXT('2D SPACE',''
  ) );
#4727 = ORIENTED_EDGE('',*,*,#4650,.T.);
#4728 = ORIENTED_EDGE('',*,*,#2446,.F.);
#4729 = ADVANCED_FACE('',(#4730),#2519,.F.);
#4730 = FACE_BOUND('',#4731,.F.);
#4731 = EDGE_LOOP('',(#4732,#4755,#4782,#4783));
#4732 = ORIENTED_EDGE('',*,*,#4733,.T.);
#4733 = EDGE_CURVE('',#2499,#4734,#4736,.T.);
#4734 = VERTEX_POINT('',#4735);
#4735 = CARTESIAN_POINT('',(-4.293565851121,35.01,-54.79070839504));
#4736 = SEAM_CURVE('',#4737,(#4741,#4748),.PCURVE_S1.);
#4737 = LINE('',#4738,#4739);
#4738 = CARTESIAN_POINT('',(-0.293565851121,38.01,-54.79070839504));
#4739 = VECTOR('',#4740,1.);
#4740 = DIRECTION('',(-0.8,-0.6,3.291702508186E-16));
#4741 = PCURVE('',#2519,#4742);
#4742 = DEFINITIONAL_REPRESENTATION('',(#4743),#4747);
#4743 = LINE('',#4744,#4745);
#4744 = CARTESIAN_POINT('',(-6.28318530718,0.));
#4745 = VECTOR('',#4746,1.);
#4746 = DIRECTION('',(-0.,-1.));
#4747 = ( GEOMETRIC_REPRESENTATION_CONTEXT(2) 
PARAMETRIC_REPRESENTATION_CONTEXT() REPRESENTATION_CONTEXT('2D SPACE',''
  ) );
#4748 = PCURVE('',#2519,#4749);
#4749 = DEFINITIONAL_REPRESENTATION('',(#4750),#4754);
#4750 = LINE('',#4751,#4752);
#4751 = CARTESIAN_POINT('',(0.,-0.));
#4752 = VECTOR('',#4753,1.);
#4753 = DIRECTION('',(-0.,-1.));
#4754 = ( GEOMETRIC_REPRESENTATION_CONTEXT(2) 
PARAMETRIC_REPRESENTATION_CONTEXT() REPRESENTATION_CONTEXT('2D SPACE',''
  ) );
#4755 = ORIENTED_EDGE('',*,*,#4756,.F.);
#4756 = EDGE_CURVE('',#4734,#4734,#4757,.T.);
#4757 = SURFACE_CURVE('',#4758,(#4763,#4770),.PCURVE_S1.);
#4758 = CIRCLE('',#4759,0.5);
#4759 = AXIS2_PLACEMENT_3D('',#4760,#4761,#4762);
#4760 = CARTESIAN_POINT('',(-4.793565851121,35.01,-54.79070839504));
#4761 = DIRECTION('',(0.,-1.,2.22044604925E-16));
#4762 = DIRECTION('',(1.,0.,0.));
#4763 = PCURVE('',#2519,#4764);
#4764 = DEFINITIONAL_REPRESENTATION('',(#4765),#4769);
#4765 = LINE('',#4766,#4767);
#4766 = CARTESIAN_POINT('',(-0.,-3.));
#4767 = VECTOR('',#4768,1.);
#4768 = DIRECTION('',(-1.,-0.));
#4769 = ( GEOMETRIC_REPRESENTATION_CONTEXT(2) 
PARAMETRIC_REPRESENTATION_CONTEXT() REPRESENTATION_CONTEXT('2D SPACE',''
  ) );
#4770 = PCURVE('',#4771,#4776);
#4771 = PLANE('',#4772);
#4772 = AXIS2_PLACEMENT_3D('',#4773,#4774,#4775);
#4773 = CARTESIAN_POINT('',(-4.793565851121,35.01,-54.79070839504));
#4774 = DIRECTION('',(0.,-1.,2.22044604925E-16));
#4775 = DIRECTION('',(1.,0.,0.));
#4776 = DEFINITIONAL_REPRESENTATION('',(#4777),#4781);
#4777 = CIRCLE('',#4778,0.5);
#4778 = AXIS2_PLACEMENT_2D('',#4779,#4780);
#4779 = CARTESIAN_POINT('',(0.,0.));
#4780 = DIRECTION('',(1.,0.));
#4781 = ( GEOMETRIC_REPRESENTATION_CONTEXT(2) 
PARAMETRIC_REPRESENTATION_CONTEXT() REPRESENTATION_CONTEXT('2D SPACE',''
  ) );
#4782 = ORIENTED_EDGE('',*,*,#4733,.F.);
#4783 = ORIENTED_EDGE('',*,*,#2498,.T.);
#4784 = ADVANCED_FACE('',(#4785),#2702,.F.);
#4785 = FACE_BOUND('',#4786,.F.);
#4786 = EDGE_LOOP('',(#4787,#4788,#4811,#4838,#4839,#4840,#4841,#4842));
#4787 = ORIENTED_EDGE('',*,*,#2880,.F.);
#4788 = ORIENTED_EDGE('',*,*,#4789,.F.);
#4789 = EDGE_CURVE('',#4790,#2881,#4792,.T.);
#4790 = VERTEX_POINT('',#4791);
#4791 = CARTESIAN_POINT('',(-48.,-4.935326600564E-15,-75.15));
#4792 = SEAM_CURVE('',#4793,(#4797,#4804),.PCURVE_S1.);
#4793 = LINE('',#4794,#4795);
#4794 = CARTESIAN_POINT('',(-48.,-4.935326600564E-15,-75.15));
#4795 = VECTOR('',#4796,1.);
#4796 = DIRECTION('',(1.,0.,2.22044604925E-16));
#4797 = PCURVE('',#2702,#4798);
#4798 = DEFINITIONAL_REPRESENTATION('',(#4799),#4803);
#4799 = LINE('',#4800,#4801);
#4800 = CARTESIAN_POINT('',(6.28318530718,-0.));
#4801 = VECTOR('',#4802,1.);
#4802 = DIRECTION('',(0.,1.));
#4803 = ( GEOMETRIC_REPRESENTATION_CONTEXT(2) 
PARAMETRIC_REPRESENTATION_CONTEXT() REPRESENTATION_CONTEXT('2D SPACE',''
  ) );
#4804 = PCURVE('',#2702,#4805);
#4805 = DEFINITIONAL_REPRESENTATION('',(#4806),#4810);
#4806 = LINE('',#4807,#4808);
#4807 = CARTESIAN_POINT('',(0.,-0.));
#4808 = VECTOR('',#4809,1.);
#4809 = DIRECTION('',(0.,1.));
#4810 = ( GEOMETRIC_REPRESENTATION_CONTEXT(2) 
PARAMETRIC_REPRESENTATION_CONTEXT() REPRESENTATION_CONTEXT('2D SPACE',''
  ) );
#4811 = ORIENTED_EDGE('',*,*,#4812,.T.);
#4812 = EDGE_CURVE('',#4790,#4790,#4813,.T.);
#4813 = SURFACE_CURVE('',#4814,(#4819,#4826),.PCURVE_S1.);
#4814 = CIRCLE('',#4815,20.15);
#4815 = AXIS2_PLACEMENT_3D('',#4816,#4817,#4818);
#4816 = CARTESIAN_POINT('',(-48.,0.,-55.));
#4817 = DIRECTION('',(1.,-0.,2.22044604925E-16));
#4818 = DIRECTION('',(2.22044604925E-16,0.,-1.));
#4819 = PCURVE('',#2702,#4820);
#4820 = DEFINITIONAL_REPRESENTATION('',(#4821),#4825);
#4821 = LINE('',#4822,#4823);
#4822 = CARTESIAN_POINT('',(0.,0.));
#4823 = VECTOR('',#4824,1.);
#4824 = DIRECTION('',(1.,0.));
#4825 = ( GEOMETRIC_REPRESENTATION_CONTEXT(2) 
PARAMETRIC_REPRESENTATION_CONTEXT() REPRESENTATION_CONTEXT('2D SPACE',''
  ) );
#4826 = PCURVE('',#4827,#4832);
#4827 = PLANE('',#4828);
#4828 = AXIS2_PLACEMENT_3D('',#4829,#4830,#4831);
#4829 = CARTESIAN_POINT('',(-48.,0.,-55.));
#4830 = DIRECTION('',(1.,0.,2.22044604925E-16));
#4831 = DIRECTION('',(2.22044604925E-16,0.,-1.));
#4832 = DEFINITIONAL_REPRESENTATION('',(#4833),#4837);
#4833 = CIRCLE('',#4834,20.15);
#4834 = AXIS2_PLACEMENT_2D('',#4835,#4836);
#4835 = CARTESIAN_POINT('',(0.,0.));
#4836 = DIRECTION('',(1.,0.));
#4837 = ( GEOMETRIC_REPRESENTATION_CONTEXT(2) 
PARAMETRIC_REPRESENTATION_CONTEXT() REPRESENTATION_CONTEXT('2D SPACE',''
  ) );
#4838 = ORIENTED_EDGE('',*,*,#4789,.T.);
#4839 = ORIENTED_EDGE('',*,*,#2904,.F.);
#4840 = ORIENTED_EDGE('',*,*,#2739,.T.);
#4841 = ORIENTED_EDGE('',*,*,#2685,.F.);
#4842 = ORIENTED_EDGE('',*,*,#4179,.F.);
#4843 = ADVANCED_FACE('',(#4844),#2998,.F.);
#4844 = FACE_BOUND('',#4845,.F.);
#4845 = EDGE_LOOP('',(#4846,#4847,#4848,#4849));
#4846 = ORIENTED_EDGE('',*,*,#3171,.F.);
#4847 = ORIENTED_EDGE('',*,*,#3038,.T.);
#4848 = ORIENTED_EDGE('',*,*,#2984,.T.);
#4849 = ORIENTED_EDGE('',*,*,#3113,.F.);
#4850 = ADVANCED_FACE('',(#4851),#3153,.F.);
#4851 = FACE_BOUND('',#4852,.F.);
#4852 = EDGE_LOOP('',(#4853,#4854,#4877,#4904));
#4853 = ORIENTED_EDGE('',*,*,#3136,.T.);
#4854 = ORIENTED_EDGE('',*,*,#4855,.T.);
#4855 = EDGE_CURVE('',#3137,#4856,#4858,.T.);
#4856 = VERTEX_POINT('',#4857);
#4857 = CARTESIAN_POINT('',(-40.,-26.,-76.2));
#4858 = SEAM_CURVE('',#4859,(#4863,#4870),.PCURVE_S1.);
#4859 = LINE('',#4860,#4861);
#4860 = CARTESIAN_POINT('',(-71.,-26.,-76.2));
#4861 = VECTOR('',#4862,1.);
#4862 = DIRECTION('',(1.,0.,2.22044604925E-16));
#4863 = PCURVE('',#3153,#4864);
#4864 = DEFINITIONAL_REPRESENTATION('',(#4865),#4869);
#4865 = LINE('',#4866,#4867);
#4866 = CARTESIAN_POINT('',(0.,-0.));
#4867 = VECTOR('',#4868,1.);
#4868 = DIRECTION('',(0.,1.));
#4869 = ( GEOMETRIC_REPRESENTATION_CONTEXT(2) 
PARAMETRIC_REPRESENTATION_CONTEXT() REPRESENTATION_CONTEXT('2D SPACE',''
  ) );
#4870 = PCURVE('',#3153,#4871);
#4871 = DEFINITIONAL_REPRESENTATION('',(#4872),#4876);
#4872 = LINE('',#4873,#4874);
#4873 = CARTESIAN_POINT('',(6.28318530718,-0.));
#4874 = VECTOR('',#4875,1.);
#4875 = DIRECTION('',(0.,1.));
#4876 = ( GEOMETRIC_REPRESENTATION_CONTEXT(2) 
PARAMETRIC_REPRESENTATION_CONTEXT() REPRESENTATION_CONTEXT('2D SPACE',''
  ) );
#4877 = ORIENTED_EDGE('',*,*,#4878,.F.);
#4878 = EDGE_CURVE('',#4856,#4856,#4879,.T.);
#4879 = SURFACE_CURVE('',#4880,(#4885,#4892),.PCURVE_S1.);
#4880 = CIRCLE('',#4881,3.2);
#4881 = AXIS2_PLACEMENT_3D('',#4882,#4883,#4884);
#4882 = CARTESIAN_POINT('',(-40.,-26.,-73.));
#4883 = DIRECTION('',(1.,-0.,2.22044604925E-16));
#4884 = DIRECTION('',(2.22044604925E-16,0.,-1.));
#4885 = PCURVE('',#3153,#4886);
#4886 = DEFINITIONAL_REPRESENTATION('',(#4887),#4891);
#4887 = LINE('',#4888,#4889);
#4888 = CARTESIAN_POINT('',(0.,31.));
#4889 = VECTOR('',#4890,1.);
#4890 = DIRECTION('',(1.,0.));
#4891 = ( GEOMETRIC_REPRESENTATION_CONTEXT(2) 
PARAMETRIC_REPRESENTATION_CONTEXT() REPRESENTATION_CONTEXT('2D SPACE',''
  ) );
#4892 = PCURVE('',#4893,#4898);
#4893 = PLANE('',#4894);
#4894 = AXIS2_PLACEMENT_3D('',#4895,#4896,#4897);
#4895 = CARTESIAN_POINT('',(-40.,-26.,-73.));
#4896 = DIRECTION('',(1.,0.,2.22044604925E-16));
#4897 = DIRECTION('',(2.22044604925E-16,0.,-1.));
#4898 = DEFINITIONAL_REPRESENTATION('',(#4899),#4903);
#4899 = CIRCLE('',#4900,3.2);
#4900 = AXIS2_PLACEMENT_2D('',#4901,#4902);
#4901 = CARTESIAN_POINT('',(0.,0.));
#4902 = DIRECTION('',(1.,0.));
#4903 = ( GEOMETRIC_REPRESENTATION_CONTEXT(2) 
PARAMETRIC_REPRESENTATION_CONTEXT() REPRESENTATION_CONTEXT('2D SPACE',''
  ) );
#4904 = ORIENTED_EDGE('',*,*,#4855,.F.);
#4905 = ADVANCED_FACE('',(#4906),#3233,.F.);
#4906 = FACE_BOUND('',#4907,.F.);
#4907 = EDGE_LOOP('',(#4908));
#4908 = ORIENTED_EDGE('',*,*,#3218,.T.);
#4909 = ADVANCED_FACE('',(#4910),#3311,.F.);
#4910 = FACE_BOUND('',#4911,.F.);
#4911 = EDGE_LOOP('',(#4912,#4913,#4914,#4915));
#4912 = ORIENTED_EDGE('',*,*,#3461,.F.);
#4913 = ORIENTED_EDGE('',*,*,#3351,.T.);
#4914 = ORIENTED_EDGE('',*,*,#3297,.T.);
#4915 = ORIENTED_EDGE('',*,*,#3403,.F.);
#4916 = ADVANCED_FACE('',(#4917),#3443,.F.);
#4917 = FACE_BOUND('',#4918,.F.);
#4918 = EDGE_LOOP('',(#4919,#4920,#4943,#4970));
#4919 = ORIENTED_EDGE('',*,*,#3426,.T.);
#4920 = ORIENTED_EDGE('',*,*,#4921,.T.);
#4921 = EDGE_CURVE('',#3427,#4922,#4924,.T.);
#4922 = VERTEX_POINT('',#4923);
#4923 = CARTESIAN_POINT('',(-40.,-26.,14.8));
#4924 = SEAM_CURVE('',#4925,(#4929,#4936),.PCURVE_S1.);
#4925 = LINE('',#4926,#4927);
#4926 = CARTESIAN_POINT('',(-71.,-26.,14.8));
#4927 = VECTOR('',#4928,1.);
#4928 = DIRECTION('',(1.,0.,2.22044604925E-16));
#4929 = PCURVE('',#3443,#4930);
#4930 = DEFINITIONAL_REPRESENTATION('',(#4931),#4935);
#4931 = LINE('',#4932,#4933);
#4932 = CARTESIAN_POINT('',(0.,-0.));
#4933 = VECTOR('',#4934,1.);
#4934 = DIRECTION('',(0.,1.));
#4935 = ( GEOMETRIC_REPRESENTATION_CONTEXT(2) 
PARAMETRIC_REPRESENTATION_CONTEXT() REPRESENTATION_CONTEXT('2D SPACE',''
  ) );
#4936 = PCURVE('',#3443,#4937);
#4937 = DEFINITIONAL_REPRESENTATION('',(#4938),#4942);
#4938 = LINE('',#4939,#4940);
#4939 = CARTESIAN_POINT('',(6.28318530718,-0.));
#4940 = VECTOR('',#4941,1.);
#4941 = DIRECTION('',(0.,1.));
#4942 = ( GEOMETRIC_REPRESENTATION_CONTEXT(2) 
PARAMETRIC_REPRESENTATION_CONTEXT() REPRESENTATION_CONTEXT('2D SPACE',''
  ) );
#4943 = ORIENTED_EDGE('',*,*,#4944,.F.);
#4944 = EDGE_CURVE('',#4922,#4922,#4945,.T.);
#4945 = SURFACE_CURVE('',#4946,(#4951,#4958),.PCURVE_S1.);
#4946 = CIRCLE('',#4947,3.2);
#4947 = AXIS2_PLACEMENT_3D('',#4948,#4949,#4950);
#4948 = CARTESIAN_POINT('',(-40.,-26.,18.));
#4949 = DIRECTION('',(1.,-0.,2.22044604925E-16));
#4950 = DIRECTION('',(2.22044604925E-16,0.,-1.));
#4951 = PCURVE('',#3443,#4952);
#4952 = DEFINITIONAL_REPRESENTATION('',(#4953),#4957);
#4953 = LINE('',#4954,#4955);
#4954 = CARTESIAN_POINT('',(0.,31.));
#4955 = VECTOR('',#4956,1.);
#4956 = DIRECTION('',(1.,0.));
#4957 = ( GEOMETRIC_REPRESENTATION_CONTEXT(2) 
PARAMETRIC_REPRESENTATION_CONTEXT() REPRESENTATION_CONTEXT('2D SPACE',''
  ) );
#4958 = PCURVE('',#4959,#4964);
#4959 = PLANE('',#4960);
#4960 = AXIS2_PLACEMENT_3D('',#4961,#4962,#4963);
#4961 = CARTESIAN_POINT('',(-40.,-26.,18.));
#4962 = DIRECTION('',(1.,0.,2.22044604925E-16));
#4963 = DIRECTION('',(2.22044604925E-16,0.,-1.));
#4964 = DEFINITIONAL_REPRESENTATION('',(#4965),#4969);
#4965 = CIRCLE('',#4966,3.2);
#4966 = AXIS2_PLACEMENT_2D('',#4967,#4968);
#4967 = CARTESIAN_POINT('',(0.,0.));
#4968 = DIRECTION('',(1.,0.));
#4969 = ( GEOMETRIC_REPRESENTATION_CONTEXT(2) 
PARAMETRIC_REPRESENTATION_CONTEXT() REPRESENTATION_CONTEXT('2D SPACE',''
  ) );
#4970 = ORIENTED_EDGE('',*,*,#4921,.F.);
#4971 = ADVANCED_FACE('',(#4972),#3523,.F.);
#4972 = FACE_BOUND('',#4973,.F.);
#4973 = EDGE_LOOP('',(#4974));
#4974 = ORIENTED_EDGE('',*,*,#3508,.T.);
#4975 = ADVANCED_FACE('',(#4976,#4979),#3633,.F.);
#4976 = FACE_BOUND('',#4977,.F.);
#4977 = EDGE_LOOP('',(#4978));
#4978 = ORIENTED_EDGE('',*,*,#3618,.T.);
#4979 = FACE_BOUND('',#4980,.F.);
#4980 = EDGE_LOOP('',(#4981));
#4981 = ORIENTED_EDGE('',*,*,#4982,.F.);
#4982 = EDGE_CURVE('',#4983,#4983,#4985,.T.);
#4983 = VERTEX_POINT('',#4984);
#4984 = CARTESIAN_POINT('',(-55.7,-2.694222958124E-15,-66.));
#4985 = SURFACE_CURVE('',#4986,(#4991,#4998),.PCURVE_S1.);
#4986 = CIRCLE('',#4987,11.);
#4987 = AXIS2_PLACEMENT_3D('',#4988,#4989,#4990);
#4988 = CARTESIAN_POINT('',(-55.7,0.,-55.));
#4989 = DIRECTION('',(1.,0.,2.22044604925E-16));
#4990 = DIRECTION('',(2.22044604925E-16,0.,-1.));
#4991 = PCURVE('',#3633,#4992);
#4992 = DEFINITIONAL_REPRESENTATION('',(#4993),#4997);
#4993 = CIRCLE('',#4994,11.);
#4994 = AXIS2_PLACEMENT_2D('',#4995,#4996);
#4995 = CARTESIAN_POINT('',(0.,0.));
#4996 = DIRECTION('',(1.,0.));
#4997 = ( GEOMETRIC_REPRESENTATION_CONTEXT(2) 
PARAMETRIC_REPRESENTATION_CONTEXT() REPRESENTATION_CONTEXT('2D SPACE',''
  ) );
#4998 = PCURVE('',#3751,#4999);
#4999 = DEFINITIONAL_REPRESENTATION('',(#5000),#5004);
#5000 = LINE('',#5001,#5002);
#5001 = CARTESIAN_POINT('',(0.,15.3));
#5002 = VECTOR('',#5003,1.);
#5003 = DIRECTION('',(1.,0.));
#5004 = ( GEOMETRIC_REPRESENTATION_CONTEXT(2) 
PARAMETRIC_REPRESENTATION_CONTEXT() REPRESENTATION_CONTEXT('2D SPACE',''
  ) );
#5005 = ADVANCED_FACE('',(#5006),#3751,.F.);
#5006 = FACE_BOUND('',#5007,.F.);
#5007 = EDGE_LOOP('',(#5008,#5029,#5030,#5031,#5032,#5055,#5077,#5078));
#5008 = ORIENTED_EDGE('',*,*,#5009,.F.);
#5009 = EDGE_CURVE('',#4983,#3682,#5010,.T.);
#5010 = SEAM_CURVE('',#5011,(#5015,#5022),.PCURVE_S1.);
#5011 = LINE('',#5012,#5013);
#5012 = CARTESIAN_POINT('',(-71.,-2.694222958124E-15,-66.));
#5013 = VECTOR('',#5014,1.);
#5014 = DIRECTION('',(1.,0.,2.22044604925E-16));
#5015 = PCURVE('',#3751,#5016);
#5016 = DEFINITIONAL_REPRESENTATION('',(#5017),#5021);
#5017 = LINE('',#5018,#5019);
#5018 = CARTESIAN_POINT('',(0.,-0.));
#5019 = VECTOR('',#5020,1.);
#5020 = DIRECTION('',(0.,1.));
#5021 = ( GEOMETRIC_REPRESENTATION_CONTEXT(2) 
PARAMETRIC_REPRESENTATION_CONTEXT() REPRESENTATION_CONTEXT('2D SPACE',''
  ) );
#5022 = PCURVE('',#3751,#5023);
#5023 = DEFINITIONAL_REPRESENTATION('',(#5024),#5028);
#5024 = LINE('',#5025,#5026);
#5025 = CARTESIAN_POINT('',(6.28318530718,-0.));
#5026 = VECTOR('',#5027,1.);
#5027 = DIRECTION('',(0.,1.));
#5028 = ( GEOMETRIC_REPRESENTATION_CONTEXT(2) 
PARAMETRIC_REPRESENTATION_CONTEXT() REPRESENTATION_CONTEXT('2D SPACE',''
  ) );
#5029 = ORIENTED_EDGE('',*,*,#4982,.T.);
#5030 = ORIENTED_EDGE('',*,*,#5009,.T.);
#5031 = ORIENTED_EDGE('',*,*,#3813,.T.);
#5032 = ORIENTED_EDGE('',*,*,#5033,.T.);
#5033 = EDGE_CURVE('',#3680,#5034,#5036,.T.);
#5034 = VERTEX_POINT('',#5035);
#5035 = CARTESIAN_POINT('',(-48.,-2.694222958124E-15,-66.));
#5036 = SEAM_CURVE('',#5037,(#5041,#5048),.PCURVE_S1.);
#5037 = LINE('',#5038,#5039);
#5038 = CARTESIAN_POINT('',(-71.,-2.694222958124E-15,-66.));
#5039 = VECTOR('',#5040,1.);
#5040 = DIRECTION('',(1.,0.,2.22044604925E-16));
#5041 = PCURVE('',#3751,#5042);
#5042 = DEFINITIONAL_REPRESENTATION('',(#5043),#5047);
#5043 = LINE('',#5044,#5045);
#5044 = CARTESIAN_POINT('',(0.,-0.));
#5045 = VECTOR('',#5046,1.);
#5046 = DIRECTION('',(0.,1.));
#5047 = ( GEOMETRIC_REPRESENTATION_CONTEXT(2) 
PARAMETRIC_REPRESENTATION_CONTEXT() REPRESENTATION_CONTEXT('2D SPACE',''
  ) );
#5048 = PCURVE('',#3751,#5049);
#5049 = DEFINITIONAL_REPRESENTATION('',(#5050),#5054);
#5050 = LINE('',#5051,#5052);
#5051 = CARTESIAN_POINT('',(6.28318530718,-0.));
#5052 = VECTOR('',#5053,1.);
#5053 = DIRECTION('',(0.,1.));
#5054 = ( GEOMETRIC_REPRESENTATION_CONTEXT(2) 
PARAMETRIC_REPRESENTATION_CONTEXT() REPRESENTATION_CONTEXT('2D SPACE',''
  ) );
#5055 = ORIENTED_EDGE('',*,*,#5056,.F.);
#5056 = EDGE_CURVE('',#5034,#5034,#5057,.T.);
#5057 = SURFACE_CURVE('',#5058,(#5063,#5070),.PCURVE_S1.);
#5058 = CIRCLE('',#5059,11.);
#5059 = AXIS2_PLACEMENT_3D('',#5060,#5061,#5062);
#5060 = CARTESIAN_POINT('',(-48.,0.,-55.));
#5061 = DIRECTION('',(1.,0.,2.22044604925E-16));
#5062 = DIRECTION('',(2.22044604925E-16,0.,-1.));
#5063 = PCURVE('',#3751,#5064);
#5064 = DEFINITIONAL_REPRESENTATION('',(#5065),#5069);
#5065 = LINE('',#5066,#5067);
#5066 = CARTESIAN_POINT('',(0.,23.));
#5067 = VECTOR('',#5068,1.);
#5068 = DIRECTION('',(1.,0.));
#5069 = ( GEOMETRIC_REPRESENTATION_CONTEXT(2) 
PARAMETRIC_REPRESENTATION_CONTEXT() REPRESENTATION_CONTEXT('2D SPACE',''
  ) );
#5070 = PCURVE('',#4827,#5071);
#5071 = DEFINITIONAL_REPRESENTATION('',(#5072),#5076);
#5072 = CIRCLE('',#5073,11.);
#5073 = AXIS2_PLACEMENT_2D('',#5074,#5075);
#5074 = CARTESIAN_POINT('',(-7.105427357601E-15,0.));
#5075 = DIRECTION('',(1.,0.));
#5076 = ( GEOMETRIC_REPRESENTATION_CONTEXT(2) 
PARAMETRIC_REPRESENTATION_CONTEXT() REPRESENTATION_CONTEXT('2D SPACE',''
  ) );
#5077 = ORIENTED_EDGE('',*,*,#5033,.F.);
#5078 = ORIENTED_EDGE('',*,*,#3679,.T.);
#5079 = ADVANCED_FACE('',(#5080),#4111,.T.);
#5080 = FACE_BOUND('',#5081,.F.);
#5081 = EDGE_LOOP('',(#5082));
#5082 = ORIENTED_EDGE('',*,*,#4096,.F.);
#5083 = ADVANCED_FACE('',(#5084),#4247,.T.);
#5084 = FACE_BOUND('',#5085,.T.);
#5085 = EDGE_LOOP('',(#5086,#5087,#5088,#5089));
#5086 = ORIENTED_EDGE('',*,*,#4417,.F.);
#5087 = ORIENTED_EDGE('',*,*,#4285,.T.);
#5088 = ORIENTED_EDGE('',*,*,#4231,.T.);
#5089 = ORIENTED_EDGE('',*,*,#4337,.F.);
#5090 = ADVANCED_FACE('',(#5091),#4401,.F.);
#5091 = FACE_BOUND('',#5092,.F.);
#5092 = EDGE_LOOP('',(#5093,#5094,#5117,#5144));
#5093 = ORIENTED_EDGE('',*,*,#4384,.T.);
#5094 = ORIENTED_EDGE('',*,*,#5095,.T.);
#5095 = EDGE_CURVE('',#4385,#5096,#5098,.T.);
#5096 = VERTEX_POINT('',#5097);
#5097 = CARTESIAN_POINT('',(-40.,26.,-76.2));
#5098 = SEAM_CURVE('',#5099,(#5103,#5110),.PCURVE_S1.);
#5099 = LINE('',#5100,#5101);
#5100 = CARTESIAN_POINT('',(-71.,26.,-76.2));
#5101 = VECTOR('',#5102,1.);
#5102 = DIRECTION('',(1.,0.,2.22044604925E-16));
#5103 = PCURVE('',#4401,#5104);
#5104 = DEFINITIONAL_REPRESENTATION('',(#5105),#5109);
#5105 = LINE('',#5106,#5107);
#5106 = CARTESIAN_POINT('',(0.,-0.));
#5107 = VECTOR('',#5108,1.);
#5108 = DIRECTION('',(0.,1.));
#5109 = ( GEOMETRIC_REPRESENTATION_CONTEXT(2) 
PARAMETRIC_REPRESENTATION_CONTEXT() REPRESENTATION_CONTEXT('2D SPACE',''
  ) );
#5110 = PCURVE('',#4401,#5111);
#5111 = DEFINITIONAL_REPRESENTATION('',(#5112),#5116);
#5112 = LINE('',#5113,#5114);
#5113 = CARTESIAN_POINT('',(6.28318530718,-0.));
#5114 = VECTOR('',#5115,1.);
#5115 = DIRECTION('',(0.,1.));
#5116 = ( GEOMETRIC_REPRESENTATION_CONTEXT(2) 
PARAMETRIC_REPRESENTATION_CONTEXT() REPRESENTATION_CONTEXT('2D SPACE',''
  ) );
#5117 = ORIENTED_EDGE('',*,*,#5118,.F.);
#5118 = EDGE_CURVE('',#5096,#5096,#5119,.T.);
#5119 = SURFACE_CURVE('',#5120,(#5125,#5132),.PCURVE_S1.);
#5120 = CIRCLE('',#5121,3.2);
#5121 = AXIS2_PLACEMENT_3D('',#5122,#5123,#5124);
#5122 = CARTESIAN_POINT('',(-40.,26.,-73.));
#5123 = DIRECTION('',(1.,-0.,2.22044604925E-16));
#5124 = DIRECTION('',(2.22044604925E-16,0.,-1.));
#5125 = PCURVE('',#4401,#5126);
#5126 = DEFINITIONAL_REPRESENTATION('',(#5127),#5131);
#5127 = LINE('',#5128,#5129);
#5128 = CARTESIAN_POINT('',(0.,31.));
#5129 = VECTOR('',#5130,1.);
#5130 = DIRECTION('',(1.,0.));
#5131 = ( GEOMETRIC_REPRESENTATION_CONTEXT(2) 
PARAMETRIC_REPRESENTATION_CONTEXT() REPRESENTATION_CONTEXT('2D SPACE',''
  ) );
#5132 = PCURVE('',#5133,#5138);
#5133 = PLANE('',#5134);
#5134 = AXIS2_PLACEMENT_3D('',#5135,#5136,#5137);
#5135 = CARTESIAN_POINT('',(-40.,26.,-73.));
#5136 = DIRECTION('',(1.,0.,2.22044604925E-16));
#5137 = DIRECTION('',(2.22044604925E-16,0.,-1.));
#5138 = DEFINITIONAL_REPRESENTATION('',(#5139),#5143);
#5139 = CIRCLE('',#5140,3.2);
#5140 = AXIS2_PLACEMENT_2D('',#5141,#5142);
#5141 = CARTESIAN_POINT('',(0.,0.));
#5142 = DIRECTION('',(1.,0.));
#5143 = ( GEOMETRIC_REPRESENTATION_CONTEXT(2) 
PARAMETRIC_REPRESENTATION_CONTEXT() REPRESENTATION_CONTEXT('2D SPACE',''
  ) );
#5144 = ORIENTED_EDGE('',*,*,#5095,.F.);
#5145 = ADVANCED_FACE('',(#5146),#4481,.F.);
#5146 = FACE_BOUND('',#5147,.F.);
#5147 = EDGE_LOOP('',(#5148));
#5148 = ORIENTED_EDGE('',*,*,#4466,.T.);
#5149 = ADVANCED_FACE('',(#5150),#4537,.T.);
#5150 = FACE_BOUND('',#5151,.T.);
#5151 = EDGE_LOOP('',(#5152,#5153,#5154,#5155));
#5152 = ORIENTED_EDGE('',*,*,#4707,.F.);
#5153 = ORIENTED_EDGE('',*,*,#4575,.T.);
#5154 = ORIENTED_EDGE('',*,*,#4521,.T.);
#5155 = ORIENTED_EDGE('',*,*,#4627,.F.);
#5156 = ADVANCED_FACE('',(#5157),#4691,.F.);
#5157 = FACE_BOUND('',#5158,.F.);
#5158 = EDGE_LOOP('',(#5159,#5160,#5183,#5210));
#5159 = ORIENTED_EDGE('',*,*,#4674,.T.);
#5160 = ORIENTED_EDGE('',*,*,#5161,.T.);
#5161 = EDGE_CURVE('',#4675,#5162,#5164,.T.);
#5162 = VERTEX_POINT('',#5163);
#5163 = CARTESIAN_POINT('',(-40.,26.,14.8));
#5164 = SEAM_CURVE('',#5165,(#5169,#5176),.PCURVE_S1.);
#5165 = LINE('',#5166,#5167);
#5166 = CARTESIAN_POINT('',(-71.,26.,14.8));
#5167 = VECTOR('',#5168,1.);
#5168 = DIRECTION('',(1.,0.,2.22044604925E-16));
#5169 = PCURVE('',#4691,#5170);
#5170 = DEFINITIONAL_REPRESENTATION('',(#5171),#5175);
#5171 = LINE('',#5172,#5173);
#5172 = CARTESIAN_POINT('',(0.,-0.));
#5173 = VECTOR('',#5174,1.);
#5174 = DIRECTION('',(0.,1.));
#5175 = ( GEOMETRIC_REPRESENTATION_CONTEXT(2) 
PARAMETRIC_REPRESENTATION_CONTEXT() REPRESENTATION_CONTEXT('2D SPACE',''
  ) );
#5176 = PCURVE('',#4691,#5177);
#5177 = DEFINITIONAL_REPRESENTATION('',(#5178),#5182);
#5178 = LINE('',#5179,#5180);
#5179 = CARTESIAN_POINT('',(6.28318530718,-0.));
#5180 = VECTOR('',#5181,1.);
#5181 = DIRECTION('',(0.,1.));
#5182 = ( GEOMETRIC_REPRESENTATION_CONTEXT(2) 
PARAMETRIC_REPRESENTATION_CONTEXT() REPRESENTATION_CONTEXT('2D SPACE',''
  ) );
#5183 = ORIENTED_EDGE('',*,*,#5184,.F.);
#5184 = EDGE_CURVE('',#5162,#5162,#5185,.T.);
#5185 = SURFACE_CURVE('',#5186,(#5191,#5198),.PCURVE_S1.);
#5186 = CIRCLE('',#5187,3.2);
#5187 = AXIS2_PLACEMENT_3D('',#5188,#5189,#5190);
#5188 = CARTESIAN_POINT('',(-40.,26.,18.));
#5189 = DIRECTION('',(1.,-0.,2.22044604925E-16));
#5190 = DIRECTION('',(2.22044604925E-16,0.,-1.));
#5191 = PCURVE('',#4691,#5192);
#5192 = DEFINITIONAL_REPRESENTATION('',(#5193),#5197);
#5193 = LINE('',#5194,#5195);
#5194 = CARTESIAN_POINT('',(0.,31.));
#5195 = VECTOR('',#5196,1.);
#5196 = DIRECTION('',(1.,0.));
#5197 = ( GEOMETRIC_REPRESENTATION_CONTEXT(2) 
PARAMETRIC_REPRESENTATION_CONTEXT() REPRESENTATION_CONTEXT('2D SPACE',''
  ) );
#5198 = PCURVE('',#5199,#5204);
#5199 = PLANE('',#5200);
#5200 = AXIS2_PLACEMENT_3D('',#5201,#5202,#5203);
#5201 = CARTESIAN_POINT('',(-40.,26.,18.));
#5202 = DIRECTION('',(1.,0.,2.22044604925E-16));
#5203 = DIRECTION('',(2.22044604925E-16,0.,-1.));
#5204 = DEFINITIONAL_REPRESENTATION('',(#5205),#5209);
#5205 = CIRCLE('',#5206,3.2);
#5206 = AXIS2_PLACEMENT_2D('',#5207,#5208);
#5207 = CARTESIAN_POINT('',(0.,0.));
#5208 = DIRECTION('',(1.,0.));
#5209 = ( GEOMETRIC_REPRESENTATION_CONTEXT(2) 
PARAMETRIC_REPRESENTATION_CONTEXT() REPRESENTATION_CONTEXT('2D SPACE',''
  ) );
#5210 = ORIENTED_EDGE('',*,*,#5161,.F.);
#5211 = ADVANCED_FACE('',(#5212),#4771,.F.);
#5212 = FACE_BOUND('',#5213,.F.);
#5213 = EDGE_LOOP('',(#5214));
#5214 = ORIENTED_EDGE('',*,*,#4756,.T.);
#5215 = ADVANCED_FACE('',(#5216,#5219),#4827,.T.);
#5216 = FACE_BOUND('',#5217,.T.);
#5217 = EDGE_LOOP('',(#5218));
#5218 = ORIENTED_EDGE('',*,*,#4812,.T.);
#5219 = FACE_BOUND('',#5220,.T.);
#5220 = EDGE_LOOP('',(#5221));
#5221 = ORIENTED_EDGE('',*,*,#5056,.F.);
#5222 = ADVANCED_FACE('',(#5223),#4893,.F.);
#5223 = FACE_BOUND('',#5224,.F.);
#5224 = EDGE_LOOP('',(#5225));
#5225 = ORIENTED_EDGE('',*,*,#4878,.T.);
#5226 = ADVANCED_FACE('',(#5227),#4959,.F.);
#5227 = FACE_BOUND('',#5228,.F.);
#5228 = EDGE_LOOP('',(#5229));
#5229 = ORIENTED_EDGE('',*,*,#4944,.T.);
#5230 = ADVANCED_FACE('',(#5231),#5133,.F.);
#5231 = FACE_BOUND('',#5232,.F.);
#5232 = EDGE_LOOP('',(#5233));
#5233 = ORIENTED_EDGE('',*,*,#5118,.T.);
#5234 = ADVANCED_FACE('',(#5235),#5199,.F.);
#5235 = FACE_BOUND('',#5236,.F.);
#5236 = EDGE_LOOP('',(#5237));
#5237 = ORIENTED_EDGE('',*,*,#5184,.T.);
#5238 = ( GEOMETRIC_REPRESENTATION_CONTEXT(3) 
GLOBAL_UNCERTAINTY_ASSIGNED_CONTEXT((#5242)) 
GLOBAL_UNIT_ASSIGNED_CONTEXT((#5239,#5240,#5241)) REPRESENTATION_CONTEXT
('Context #1','3D Context with UNIT and UNCERTAINTY') );
#5239 = ( LENGTH_UNIT() NAMED_UNIT(*) SI_UNIT(.MILLI.,.METRE.) );
#5240 = ( NAMED_UNIT(*) PLANE_ANGLE_UNIT() SI_UNIT($,.RADIAN.) );
#5241 = ( NAMED_UNIT(*) SI_UNIT($,.STERADIAN.) SOLID_ANGLE_UNIT() );
#5242 = UNCERTAINTY_MEASURE_WITH_UNIT(LENGTH_MEASURE(1.E-07),#5239,
  'distance_accuracy_value','confusion accuracy');
#5243 = CONTEXT_DEPENDENT_SHAPE_REPRESENTATION(#5244,#5246);
#5244 = ( REPRESENTATION_RELATIONSHIP('','',#32,#10) 
REPRESENTATION_RELATIONSHIP_WITH_TRANSFORMATION(#5245) 
SHAPE_REPRESENTATION_RELATIONSHIP() );
#5245 = ITEM_DEFINED_TRANSFORMATION('','',#11,#15);
#5246 = PRODUCT_DEFINITION_SHAPE('Placement','Placement of an item',
  #5247);
#5247 = NEXT_ASSEMBLY_USAGE_OCCURRENCE('13','=>[0:1:1:2]','',#5,#27,$);
#5248 = PRODUCT_RELATED_PRODUCT_CATEGORY('part',$,(#29));
ENDSEC;
END-ISO-10303-21;
