ISO-10303-21;
HEADER;
FILE_DESCRIPTION(('Open CASCADE Model'),'2;1');
FILE_NAME('Open CASCADE Shape Model','2026-10-01T23:43:49',('Author'),(
    'Open CASCADE'),'Open CASCADE STEP processor 8.0','build123d',
  'Unknown');
FILE_SCHEMA(('AUTOMOTIVE_DESIGN { 1 0 10303 214 1 1 1 1 }'));
ENDSEC;
DATA;
#1 = APPLICATION_PROTOCOL_DEFINITION('international standard',
  'automotive_design',2000,#2);
#2 = APPLICATION_CONTEXT(
  'core data for automotive mechanical design processes');
#3 = SHAPE_DEFINITION_REPRESENTATION(#4,#10);
#4 = PRODUCT_DEFINITION_SHAPE('','',#5);
#5 = PRODUCT_DEFINITION('design','',#6,#9);
#6 = PRODUCT_DEFINITION_FORMATION('','',#7);
#7 = PRODUCT('COMPOUND','COMPOUND','',(#8));
#8 = PRODUCT_CONTEXT('',#2,'mechanical');
#9 = PRODUCT_DEFINITION_CONTEXT('part definition',#2,'design');
#10 = ADVANCED_BREP_SHAPE_REPRESENTATION('',(#11,#15),#3701);
#11 = AXIS2_PLACEMENT_3D('',#12,#13,#14);
#12 = CARTESIAN_POINT('',(0.,0.,0.));
#13 = DIRECTION('',(0.,0.,1.));
#14 = DIRECTION('',(1.,0.,-0.));
#15 = MANIFOLD_SOLID_BREP('',#16);
#16 = CLOSED_SHELL('',(#17,#333,#388,#438,#488,#538,#588,#638,#693,#743,
    #793,#843,#902,#937,#1595,#1650,#1724,#2122,#2335,#2543,#2578,#2606,
    #2661,#2711,#2761,#2811,#2861,#2911,#3014,#3020,#3070,#3120,#3170,
    #3465,#3515,#3546,#3576,#3604,#3642,#3697));
#17 = ADVANCED_FACE('',(#18,#54,#85,#116,#147,#178,#209,#240,#271,#302),
  #31,.F.);
#18 = FACE_BOUND('',#19,.T.);
#19 = EDGE_LOOP('',(#20));
#20 = ORIENTED_EDGE('',*,*,#21,.F.);
#21 = EDGE_CURVE('',#22,#22,#24,.T.);
#22 = VERTEX_POINT('',#23);
#23 = CARTESIAN_POINT('',(-16.6,0.,96.396));
#24 = SURFACE_CURVE('',#25,(#30,#42),.PCURVE_S1.);
#25 = CIRCLE('',#26,96.396);
#26 = AXIS2_PLACEMENT_3D('',#27,#28,#29);
#27 = CARTESIAN_POINT('',(-16.6,0.,0.));
#28 = DIRECTION('',(1.,0.,-0.));
#29 = DIRECTION('',(0.,0.,1.));
#30 = PCURVE('',#31,#36);
#31 = PLANE('',#32);
#32 = AXIS2_PLACEMENT_3D('',#33,#34,#35);
#33 = CARTESIAN_POINT('',(-16.6,0.,0.));
#34 = DIRECTION('',(1.,0.,0.));
#35 = DIRECTION('',(0.,0.,1.));
#36 = DEFINITIONAL_REPRESENTATION('',(#37),#41);
#37 = CIRCLE('',#38,96.396);
#38 = AXIS2_PLACEMENT_2D('',#39,#40);
#39 = CARTESIAN_POINT('',(0.,0.));
#40 = DIRECTION('',(1.,-0.));
#41 = ( GEOMETRIC_REPRESENTATION_CONTEXT(2) 
PARAMETRIC_REPRESENTATION_CONTEXT() REPRESENTATION_CONTEXT('2D SPACE',''
  ) );
#42 = PCURVE('',#43,#48);
#43 = CYLINDRICAL_SURFACE('',#44,96.396);
#44 = AXIS2_PLACEMENT_3D('',#45,#46,#47);
#45 = CARTESIAN_POINT('',(-16.6,0.,0.));
#46 = DIRECTION('',(1.,0.,0.));
#47 = DIRECTION('',(0.,0.,1.));
#48 = DEFINITIONAL_REPRESENTATION('',(#49),#53);
#49 = LINE('',#50,#51);
#50 = CARTESIAN_POINT('',(0.,0.));
#51 = VECTOR('',#52,1.);
#52 = DIRECTION('',(1.,0.));
#53 = ( GEOMETRIC_REPRESENTATION_CONTEXT(2) 
PARAMETRIC_REPRESENTATION_CONTEXT() REPRESENTATION_CONTEXT('2D SPACE',''
  ) );
#54 = FACE_BOUND('',#55,.T.);
#55 = EDGE_LOOP('',(#56));
#56 = ORIENTED_EDGE('',*,*,#57,.T.);
#57 = EDGE_CURVE('',#58,#58,#60,.T.);
#58 = VERTEX_POINT('',#59);
#59 = CARTESIAN_POINT('',(-16.6,76.1239779608,28.331584093154));
#60 = SURFACE_CURVE('',#61,(#66,#73),.PCURVE_S1.);
#61 = CIRCLE('',#62,3.2);
#62 = AXIS2_PLACEMENT_3D('',#63,#64,#65);
#63 = CARTESIAN_POINT('',(-16.6,76.1239779608,31.531584093154));
#64 = DIRECTION('',(1.,0.,2.22044604925E-16));
#65 = DIRECTION('',(2.22044604925E-16,0.,-1.));
#66 = PCURVE('',#31,#67);
#67 = DEFINITIONAL_REPRESENTATION('',(#68),#72);
#68 = CIRCLE('',#69,3.2);
#69 = AXIS2_PLACEMENT_2D('',#70,#71);
#70 = CARTESIAN_POINT('',(31.531584093154,-76.1239779608));
#71 = DIRECTION('',(-1.,0.));
#72 = ( GEOMETRIC_REPRESENTATION_CONTEXT(2) 
PARAMETRIC_REPRESENTATION_CONTEXT() REPRESENTATION_CONTEXT('2D SPACE',''
  ) );
#73 = PCURVE('',#74,#79);
#74 = CYLINDRICAL_SURFACE('',#75,3.2);
#75 = AXIS2_PLACEMENT_3D('',#76,#77,#78);
#76 = CARTESIAN_POINT('',(-17.6,76.1239779608,31.531584093154));
#77 = DIRECTION('',(1.,0.,2.22044604925E-16));
#78 = DIRECTION('',(2.22044604925E-16,0.,-1.));
#79 = DEFINITIONAL_REPRESENTATION('',(#80),#84);
#80 = LINE('',#81,#82);
#81 = CARTESIAN_POINT('',(0.,1.));
#82 = VECTOR('',#83,1.);
#83 = DIRECTION('',(1.,0.));
#84 = ( GEOMETRIC_REPRESENTATION_CONTEXT(2) 
PARAMETRIC_REPRESENTATION_CONTEXT() REPRESENTATION_CONTEXT('2D SPACE',''
  ) );
#85 = FACE_BOUND('',#86,.T.);
#86 = EDGE_LOOP('',(#87));
#87 = ORIENTED_EDGE('',*,*,#88,.T.);
#88 = EDGE_CURVE('',#89,#89,#91,.T.);
#89 = VERTEX_POINT('',#90);
#90 = CARTESIAN_POINT('',(-16.6,31.531584093154,72.9239779608));
#91 = SURFACE_CURVE('',#92,(#97,#104),.PCURVE_S1.);
#92 = CIRCLE('',#93,3.2);
#93 = AXIS2_PLACEMENT_3D('',#94,#95,#96);
#94 = CARTESIAN_POINT('',(-16.6,31.531584093154,76.1239779608));
#95 = DIRECTION('',(1.,0.,2.22044604925E-16));
#96 = DIRECTION('',(2.22044604925E-16,0.,-1.));
#97 = PCURVE('',#31,#98);
#98 = DEFINITIONAL_REPRESENTATION('',(#99),#103);
#99 = CIRCLE('',#100,3.2);
#100 = AXIS2_PLACEMENT_2D('',#101,#102);
#101 = CARTESIAN_POINT('',(76.1239779608,-31.53158409315));
#102 = DIRECTION('',(-1.,0.));
#103 = ( GEOMETRIC_REPRESENTATION_CONTEXT(2) 
PARAMETRIC_REPRESENTATION_CONTEXT() REPRESENTATION_CONTEXT('2D SPACE',''
  ) );
#104 = PCURVE('',#105,#110);
#105 = CYLINDRICAL_SURFACE('',#106,3.2);
#106 = AXIS2_PLACEMENT_3D('',#107,#108,#109);
#107 = CARTESIAN_POINT('',(-17.6,31.531584093154,76.1239779608));
#108 = DIRECTION('',(1.,0.,2.22044604925E-16));
#109 = DIRECTION('',(2.22044604925E-16,0.,-1.));
#110 = DEFINITIONAL_REPRESENTATION('',(#111),#115);
#111 = LINE('',#112,#113);
#112 = CARTESIAN_POINT('',(0.,1.));
#113 = VECTOR('',#114,1.);
#114 = DIRECTION('',(1.,0.));
#115 = ( GEOMETRIC_REPRESENTATION_CONTEXT(2) 
PARAMETRIC_REPRESENTATION_CONTEXT() REPRESENTATION_CONTEXT('2D SPACE',''
  ) );
#116 = FACE_BOUND('',#117,.T.);
#117 = EDGE_LOOP('',(#118));
#118 = ORIENTED_EDGE('',*,*,#119,.T.);
#119 = EDGE_CURVE('',#120,#120,#122,.T.);
#120 = VERTEX_POINT('',#121);
#121 = CARTESIAN_POINT('',(-16.6,76.1239779608,-34.73158409315));
#122 = SURFACE_CURVE('',#123,(#128,#135),.PCURVE_S1.);
#123 = CIRCLE('',#124,3.2);
#124 = AXIS2_PLACEMENT_3D('',#125,#126,#127);
#125 = CARTESIAN_POINT('',(-16.6,76.1239779608,-31.53158409315));
#126 = DIRECTION('',(1.,0.,2.22044604925E-16));
#127 = DIRECTION('',(2.22044604925E-16,0.,-1.));
#128 = PCURVE('',#31,#129);
#129 = DEFINITIONAL_REPRESENTATION('',(#130),#134);
#130 = CIRCLE('',#131,3.2);
#131 = AXIS2_PLACEMENT_2D('',#132,#133);
#132 = CARTESIAN_POINT('',(-31.53158409315,-76.1239779608));
#133 = DIRECTION('',(-1.,0.));
#134 = ( GEOMETRIC_REPRESENTATION_CONTEXT(2) 
PARAMETRIC_REPRESENTATION_CONTEXT() REPRESENTATION_CONTEXT('2D SPACE',''
  ) );
#135 = PCURVE('',#136,#141);
#136 = CYLINDRICAL_SURFACE('',#137,3.2);
#137 = AXIS2_PLACEMENT_3D('',#138,#139,#140);
#138 = CARTESIAN_POINT('',(-17.6,76.1239779608,-31.53158409315));
#139 = DIRECTION('',(1.,0.,2.22044604925E-16));
#140 = DIRECTION('',(2.22044604925E-16,0.,-1.));
#141 = DEFINITIONAL_REPRESENTATION('',(#142),#146);
#142 = LINE('',#143,#144);
#143 = CARTESIAN_POINT('',(0.,1.));
#144 = VECTOR('',#145,1.);
#145 = DIRECTION('',(1.,0.));
#146 = ( GEOMETRIC_REPRESENTATION_CONTEXT(2) 
PARAMETRIC_REPRESENTATION_CONTEXT() REPRESENTATION_CONTEXT('2D SPACE',''
  ) );
#147 = FACE_BOUND('',#148,.T.);
#148 = EDGE_LOOP('',(#149));
#149 = ORIENTED_EDGE('',*,*,#150,.T.);
#150 = EDGE_CURVE('',#151,#151,#153,.T.);
#151 = VERTEX_POINT('',#152);
#152 = CARTESIAN_POINT('',(-16.6,31.531584093154,-79.3239779608));
#153 = SURFACE_CURVE('',#154,(#159,#166),.PCURVE_S1.);
#154 = CIRCLE('',#155,3.2);
#155 = AXIS2_PLACEMENT_3D('',#156,#157,#158);
#156 = CARTESIAN_POINT('',(-16.6,31.531584093154,-76.1239779608));
#157 = DIRECTION('',(1.,0.,2.22044604925E-16));
#158 = DIRECTION('',(2.22044604925E-16,0.,-1.));
#159 = PCURVE('',#31,#160);
#160 = DEFINITIONAL_REPRESENTATION('',(#161),#165);
#161 = CIRCLE('',#162,3.2);
#162 = AXIS2_PLACEMENT_2D('',#163,#164);
#163 = CARTESIAN_POINT('',(-76.1239779608,-31.53158409315));
#164 = DIRECTION('',(-1.,0.));
#165 = ( GEOMETRIC_REPRESENTATION_CONTEXT(2) 
PARAMETRIC_REPRESENTATION_CONTEXT() REPRESENTATION_CONTEXT('2D SPACE',''
  ) );
#166 = PCURVE('',#167,#172);
#167 = CYLINDRICAL_SURFACE('',#168,3.2);
#168 = AXIS2_PLACEMENT_3D('',#169,#170,#171);
#169 = CARTESIAN_POINT('',(-17.6,31.531584093154,-76.1239779608));
#170 = DIRECTION('',(1.,0.,2.22044604925E-16));
#171 = DIRECTION('',(2.22044604925E-16,0.,-1.));
#172 = DEFINITIONAL_REPRESENTATION('',(#173),#177);
#173 = LINE('',#174,#175);
#174 = CARTESIAN_POINT('',(0.,1.));
#175 = VECTOR('',#176,1.);
#176 = DIRECTION('',(1.,0.));
#177 = ( GEOMETRIC_REPRESENTATION_CONTEXT(2) 
PARAMETRIC_REPRESENTATION_CONTEXT() REPRESENTATION_CONTEXT('2D SPACE',''
  ) );
#178 = FACE_BOUND('',#179,.T.);
#179 = EDGE_LOOP('',(#180));
#180 = ORIENTED_EDGE('',*,*,#181,.T.);
#181 = EDGE_CURVE('',#182,#182,#184,.T.);
#182 = VERTEX_POINT('',#183);
#183 = CARTESIAN_POINT('',(-16.6,-31.53158409315,72.9239779608));
#184 = SURFACE_CURVE('',#185,(#190,#197),.PCURVE_S1.);
#185 = CIRCLE('',#186,3.2);
#186 = AXIS2_PLACEMENT_3D('',#187,#188,#189);
#187 = CARTESIAN_POINT('',(-16.6,-31.53158409315,76.1239779608));
#188 = DIRECTION('',(1.,0.,2.22044604925E-16));
#189 = DIRECTION('',(2.22044604925E-16,0.,-1.));
#190 = PCURVE('',#31,#191);
#191 = DEFINITIONAL_REPRESENTATION('',(#192),#196);
#192 = CIRCLE('',#193,3.2);
#193 = AXIS2_PLACEMENT_2D('',#194,#195);
#194 = CARTESIAN_POINT('',(76.1239779608,31.531584093154));
#195 = DIRECTION('',(-1.,0.));
#196 = ( GEOMETRIC_REPRESENTATION_CONTEXT(2) 
PARAMETRIC_REPRESENTATION_CONTEXT() REPRESENTATION_CONTEXT('2D SPACE',''
  ) );
#197 = PCURVE('',#198,#203);
#198 = CYLINDRICAL_SURFACE('',#199,3.2);
#199 = AXIS2_PLACEMENT_3D('',#200,#201,#202);
#200 = CARTESIAN_POINT('',(-17.6,-31.53158409315,76.1239779608));
#201 = DIRECTION('',(1.,0.,2.22044604925E-16));
#202 = DIRECTION('',(2.22044604925E-16,0.,-1.));
#203 = DEFINITIONAL_REPRESENTATION('',(#204),#208);
#204 = LINE('',#205,#206);
#205 = CARTESIAN_POINT('',(0.,1.));
#206 = VECTOR('',#207,1.);
#207 = DIRECTION('',(1.,0.));
#208 = ( GEOMETRIC_REPRESENTATION_CONTEXT(2) 
PARAMETRIC_REPRESENTATION_CONTEXT() REPRESENTATION_CONTEXT('2D SPACE',''
  ) );
#209 = FACE_BOUND('',#210,.T.);
#210 = EDGE_LOOP('',(#211));
#211 = ORIENTED_EDGE('',*,*,#212,.T.);
#212 = EDGE_CURVE('',#213,#213,#215,.T.);
#213 = VERTEX_POINT('',#214);
#214 = CARTESIAN_POINT('',(-16.6,-1.864549244638E-14,-76.126));
#215 = SURFACE_CURVE('',#216,(#221,#228),.PCURVE_S1.);
#216 = CIRCLE('',#217,76.126);
#217 = AXIS2_PLACEMENT_3D('',#218,#219,#220);
#218 = CARTESIAN_POINT('',(-16.6,0.,2.22044604925E-16));
#219 = DIRECTION('',(1.,0.,2.22044604925E-16));
#220 = DIRECTION('',(2.22044604925E-16,0.,-1.));
#221 = PCURVE('',#31,#222);
#222 = DEFINITIONAL_REPRESENTATION('',(#223),#227);
#223 = CIRCLE('',#224,76.126);
#224 = AXIS2_PLACEMENT_2D('',#225,#226);
#225 = CARTESIAN_POINT('',(2.22044604925E-16,0.));
#226 = DIRECTION('',(-1.,0.));
#227 = ( GEOMETRIC_REPRESENTATION_CONTEXT(2) 
PARAMETRIC_REPRESENTATION_CONTEXT() REPRESENTATION_CONTEXT('2D SPACE',''
  ) );
#228 = PCURVE('',#229,#234);
#229 = CYLINDRICAL_SURFACE('',#230,76.126);
#230 = AXIS2_PLACEMENT_3D('',#231,#232,#233);
#231 = CARTESIAN_POINT('',(-17.6,0.,0.));
#232 = DIRECTION('',(1.,0.,2.22044604925E-16));
#233 = DIRECTION('',(2.22044604925E-16,0.,-1.));
#234 = DEFINITIONAL_REPRESENTATION('',(#235),#239);
#235 = LINE('',#236,#237);
#236 = CARTESIAN_POINT('',(0.,1.));
#237 = VECTOR('',#238,1.);
#238 = DIRECTION('',(1.,0.));
#239 = ( GEOMETRIC_REPRESENTATION_CONTEXT(2) 
PARAMETRIC_REPRESENTATION_CONTEXT() REPRESENTATION_CONTEXT('2D SPACE',''
  ) );
#240 = FACE_BOUND('',#241,.T.);
#241 = EDGE_LOOP('',(#242));
#242 = ORIENTED_EDGE('',*,*,#243,.T.);
#243 = EDGE_CURVE('',#244,#244,#246,.T.);
#244 = VERTEX_POINT('',#245);
#245 = CARTESIAN_POINT('',(-16.6,-76.1239779608,28.331584093154));
#246 = SURFACE_CURVE('',#247,(#252,#259),.PCURVE_S1.);
#247 = CIRCLE('',#248,3.2);
#248 = AXIS2_PLACEMENT_3D('',#249,#250,#251);
#249 = CARTESIAN_POINT('',(-16.6,-76.1239779608,31.531584093154));
#250 = DIRECTION('',(1.,0.,2.22044604925E-16));
#251 = DIRECTION('',(2.22044604925E-16,0.,-1.));
#252 = PCURVE('',#31,#253);
#253 = DEFINITIONAL_REPRESENTATION('',(#254),#258);
#254 = CIRCLE('',#255,3.2);
#255 = AXIS2_PLACEMENT_2D('',#256,#257);
#256 = CARTESIAN_POINT('',(31.531584093154,76.1239779608));
#257 = DIRECTION('',(-1.,0.));
#258 = ( GEOMETRIC_REPRESENTATION_CONTEXT(2) 
PARAMETRIC_REPRESENTATION_CONTEXT() REPRESENTATION_CONTEXT('2D SPACE',''
  ) );
#259 = PCURVE('',#260,#265);
#260 = CYLINDRICAL_SURFACE('',#261,3.2);
#261 = AXIS2_PLACEMENT_3D('',#262,#263,#264);
#262 = CARTESIAN_POINT('',(-17.6,-76.1239779608,31.531584093154));
#263 = DIRECTION('',(1.,0.,2.22044604925E-16));
#264 = DIRECTION('',(2.22044604925E-16,0.,-1.));
#265 = DEFINITIONAL_REPRESENTATION('',(#266),#270);
#266 = LINE('',#267,#268);
#267 = CARTESIAN_POINT('',(0.,1.));
#268 = VECTOR('',#269,1.);
#269 = DIRECTION('',(1.,0.));
#270 = ( GEOMETRIC_REPRESENTATION_CONTEXT(2) 
PARAMETRIC_REPRESENTATION_CONTEXT() REPRESENTATION_CONTEXT('2D SPACE',''
  ) );
#271 = FACE_BOUND('',#272,.T.);
#272 = EDGE_LOOP('',(#273));
#273 = ORIENTED_EDGE('',*,*,#274,.T.);
#274 = EDGE_CURVE('',#275,#275,#277,.T.);
#275 = VERTEX_POINT('',#276);
#276 = CARTESIAN_POINT('',(-16.6,-31.53158409315,-79.3239779608));
#277 = SURFACE_CURVE('',#278,(#283,#290),.PCURVE_S1.);
#278 = CIRCLE('',#279,3.2);
#279 = AXIS2_PLACEMENT_3D('',#280,#281,#282);
#280 = CARTESIAN_POINT('',(-16.6,-31.53158409315,-76.1239779608));
#281 = DIRECTION('',(1.,0.,2.22044604925E-16));
#282 = DIRECTION('',(2.22044604925E-16,0.,-1.));
#283 = PCURVE('',#31,#284);
#284 = DEFINITIONAL_REPRESENTATION('',(#285),#289);
#285 = CIRCLE('',#286,3.2);
#286 = AXIS2_PLACEMENT_2D('',#287,#288);
#287 = CARTESIAN_POINT('',(-76.1239779608,31.531584093154));
#288 = DIRECTION('',(-1.,0.));
#289 = ( GEOMETRIC_REPRESENTATION_CONTEXT(2) 
PARAMETRIC_REPRESENTATION_CONTEXT() REPRESENTATION_CONTEXT('2D SPACE',''
  ) );
#290 = PCURVE('',#291,#296);
#291 = CYLINDRICAL_SURFACE('',#292,3.2);
#292 = AXIS2_PLACEMENT_3D('',#293,#294,#295);
#293 = CARTESIAN_POINT('',(-17.6,-31.53158409315,-76.1239779608));
#294 = DIRECTION('',(1.,0.,2.22044604925E-16));
#295 = DIRECTION('',(2.22044604925E-16,0.,-1.));
#296 = DEFINITIONAL_REPRESENTATION('',(#297),#301);
#297 = LINE('',#298,#299);
#298 = CARTESIAN_POINT('',(0.,1.));
#299 = VECTOR('',#300,1.);
#300 = DIRECTION('',(1.,0.));
#301 = ( GEOMETRIC_REPRESENTATION_CONTEXT(2) 
PARAMETRIC_REPRESENTATION_CONTEXT() REPRESENTATION_CONTEXT('2D SPACE',''
  ) );
#302 = FACE_BOUND('',#303,.T.);
#303 = EDGE_LOOP('',(#304));
#304 = ORIENTED_EDGE('',*,*,#305,.T.);
#305 = EDGE_CURVE('',#306,#306,#308,.T.);
#306 = VERTEX_POINT('',#307);
#307 = CARTESIAN_POINT('',(-16.6,-76.1239779608,-34.73158409315));
#308 = SURFACE_CURVE('',#309,(#314,#321),.PCURVE_S1.);
#309 = CIRCLE('',#310,3.2);
#310 = AXIS2_PLACEMENT_3D('',#311,#312,#313);
#311 = CARTESIAN_POINT('',(-16.6,-76.1239779608,-31.53158409315));
#312 = DIRECTION('',(1.,0.,2.22044604925E-16));
#313 = DIRECTION('',(2.22044604925E-16,0.,-1.));
#314 = PCURVE('',#31,#315);
#315 = DEFINITIONAL_REPRESENTATION('',(#316),#320);
#316 = CIRCLE('',#317,3.2);
#317 = AXIS2_PLACEMENT_2D('',#318,#319);
#318 = CARTESIAN_POINT('',(-31.53158409315,76.1239779608));
#319 = DIRECTION('',(-1.,0.));
#320 = ( GEOMETRIC_REPRESENTATION_CONTEXT(2) 
PARAMETRIC_REPRESENTATION_CONTEXT() REPRESENTATION_CONTEXT('2D SPACE',''
  ) );
#321 = PCURVE('',#322,#327);
#322 = CYLINDRICAL_SURFACE('',#323,3.2);
#323 = AXIS2_PLACEMENT_3D('',#324,#325,#326);
#324 = CARTESIAN_POINT('',(-17.6,-76.1239779608,-31.53158409315));
#325 = DIRECTION('',(1.,0.,2.22044604925E-16));
#326 = DIRECTION('',(2.22044604925E-16,0.,-1.));
#327 = DEFINITIONAL_REPRESENTATION('',(#328),#332);
#328 = LINE('',#329,#330);
#329 = CARTESIAN_POINT('',(0.,1.));
#330 = VECTOR('',#331,1.);
#331 = DIRECTION('',(1.,0.));
#332 = ( GEOMETRIC_REPRESENTATION_CONTEXT(2) 
PARAMETRIC_REPRESENTATION_CONTEXT() REPRESENTATION_CONTEXT('2D SPACE',''
  ) );
#333 = ADVANCED_FACE('',(#334),#43,.T.);
#334 = FACE_BOUND('',#335,.T.);
#335 = EDGE_LOOP('',(#336,#337,#360,#387));
#336 = ORIENTED_EDGE('',*,*,#21,.T.);
#337 = ORIENTED_EDGE('',*,*,#338,.T.);
#338 = EDGE_CURVE('',#22,#339,#341,.T.);
#339 = VERTEX_POINT('',#340);
#340 = CARTESIAN_POINT('',(-4.6,0.,96.396));
#341 = SEAM_CURVE('',#342,(#346,#353),.PCURVE_S1.);
#342 = LINE('',#343,#344);
#343 = CARTESIAN_POINT('',(-16.6,0.,96.396));
#344 = VECTOR('',#345,1.);
#345 = DIRECTION('',(1.,0.,0.));
#346 = PCURVE('',#43,#347);
#347 = DEFINITIONAL_REPRESENTATION('',(#348),#352);
#348 = LINE('',#349,#350);
#349 = CARTESIAN_POINT('',(0.,0.));
#350 = VECTOR('',#351,1.);
#351 = DIRECTION('',(0.,1.));
#352 = ( GEOMETRIC_REPRESENTATION_CONTEXT(2) 
PARAMETRIC_REPRESENTATION_CONTEXT() REPRESENTATION_CONTEXT('2D SPACE',''
  ) );
#353 = PCURVE('',#43,#354);
#354 = DEFINITIONAL_REPRESENTATION('',(#355),#359);
#355 = LINE('',#356,#357);
#356 = CARTESIAN_POINT('',(6.28318530718,0.));
#357 = VECTOR('',#358,1.);
#358 = DIRECTION('',(0.,1.));
#359 = ( GEOMETRIC_REPRESENTATION_CONTEXT(2) 
PARAMETRIC_REPRESENTATION_CONTEXT() REPRESENTATION_CONTEXT('2D SPACE',''
  ) );
#360 = ORIENTED_EDGE('',*,*,#361,.F.);
#361 = EDGE_CURVE('',#339,#339,#362,.T.);
#362 = SURFACE_CURVE('',#363,(#368,#375),.PCURVE_S1.);
#363 = CIRCLE('',#364,96.396);
#364 = AXIS2_PLACEMENT_3D('',#365,#366,#367);
#365 = CARTESIAN_POINT('',(-4.6,0.,0.));
#366 = DIRECTION('',(1.,0.,-0.));
#367 = DIRECTION('',(0.,0.,1.));
#368 = PCURVE('',#43,#369);
#369 = DEFINITIONAL_REPRESENTATION('',(#370),#374);
#370 = LINE('',#371,#372);
#371 = CARTESIAN_POINT('',(0.,12.));
#372 = VECTOR('',#373,1.);
#373 = DIRECTION('',(1.,0.));
#374 = ( GEOMETRIC_REPRESENTATION_CONTEXT(2) 
PARAMETRIC_REPRESENTATION_CONTEXT() REPRESENTATION_CONTEXT('2D SPACE',''
  ) );
#375 = PCURVE('',#376,#381);
#376 = PLANE('',#377);
#377 = AXIS2_PLACEMENT_3D('',#378,#379,#380);
#378 = CARTESIAN_POINT('',(-4.6,0.,0.));
#379 = DIRECTION('',(1.,0.,0.));
#380 = DIRECTION('',(0.,0.,1.));
#381 = DEFINITIONAL_REPRESENTATION('',(#382),#386);
#382 = CIRCLE('',#383,96.396);
#383 = AXIS2_PLACEMENT_2D('',#384,#385);
#384 = CARTESIAN_POINT('',(0.,0.));
#385 = DIRECTION('',(1.,0.));
#386 = ( GEOMETRIC_REPRESENTATION_CONTEXT(2) 
PARAMETRIC_REPRESENTATION_CONTEXT() REPRESENTATION_CONTEXT('2D SPACE',''
  ) );
#387 = ORIENTED_EDGE('',*,*,#338,.F.);
#388 = ADVANCED_FACE('',(#389),#74,.F.);
#389 = FACE_BOUND('',#390,.F.);
#390 = EDGE_LOOP('',(#391,#415,#436,#437));
#391 = ORIENTED_EDGE('',*,*,#392,.F.);
#392 = EDGE_CURVE('',#393,#393,#395,.T.);
#393 = VERTEX_POINT('',#394);
#394 = CARTESIAN_POINT('',(-4.6,76.1239779608,28.331584093154));
#395 = SURFACE_CURVE('',#396,(#401,#408),.PCURVE_S1.);
#396 = CIRCLE('',#397,3.2);
#397 = AXIS2_PLACEMENT_3D('',#398,#399,#400);
#398 = CARTESIAN_POINT('',(-4.6,76.1239779608,31.531584093154));
#399 = DIRECTION('',(1.,0.,2.22044604925E-16));
#400 = DIRECTION('',(2.22044604925E-16,0.,-1.));
#401 = PCURVE('',#74,#402);
#402 = DEFINITIONAL_REPRESENTATION('',(#403),#407);
#403 = LINE('',#404,#405);
#404 = CARTESIAN_POINT('',(0.,13.));
#405 = VECTOR('',#406,1.);
#406 = DIRECTION('',(1.,0.));
#407 = ( GEOMETRIC_REPRESENTATION_CONTEXT(2) 
PARAMETRIC_REPRESENTATION_CONTEXT() REPRESENTATION_CONTEXT('2D SPACE',''
  ) );
#408 = PCURVE('',#376,#409);
#409 = DEFINITIONAL_REPRESENTATION('',(#410),#414);
#410 = CIRCLE('',#411,3.2);
#411 = AXIS2_PLACEMENT_2D('',#412,#413);
#412 = CARTESIAN_POINT('',(31.531584093154,-76.1239779608));
#413 = DIRECTION('',(-1.,0.));
#414 = ( GEOMETRIC_REPRESENTATION_CONTEXT(2) 
PARAMETRIC_REPRESENTATION_CONTEXT() REPRESENTATION_CONTEXT('2D SPACE',''
  ) );
#415 = ORIENTED_EDGE('',*,*,#416,.F.);
#416 = EDGE_CURVE('',#58,#393,#417,.T.);
#417 = SEAM_CURVE('',#418,(#422,#429),.PCURVE_S1.);
#418 = LINE('',#419,#420);
#419 = CARTESIAN_POINT('',(-17.6,76.1239779608,28.331584093154));
#420 = VECTOR('',#421,1.);
#421 = DIRECTION('',(1.,0.,2.22044604925E-16));
#422 = PCURVE('',#74,#423);
#423 = DEFINITIONAL_REPRESENTATION('',(#424),#428);
#424 = LINE('',#425,#426);
#425 = CARTESIAN_POINT('',(6.28318530718,-0.));
#426 = VECTOR('',#427,1.);
#427 = DIRECTION('',(0.,1.));
#428 = ( GEOMETRIC_REPRESENTATION_CONTEXT(2) 
PARAMETRIC_REPRESENTATION_CONTEXT() REPRESENTATION_CONTEXT('2D SPACE',''
  ) );
#429 = PCURVE('',#74,#430);
#430 = DEFINITIONAL_REPRESENTATION('',(#431),#435);
#431 = LINE('',#432,#433);
#432 = CARTESIAN_POINT('',(0.,-0.));
#433 = VECTOR('',#434,1.);
#434 = DIRECTION('',(0.,1.));
#435 = ( GEOMETRIC_REPRESENTATION_CONTEXT(2) 
PARAMETRIC_REPRESENTATION_CONTEXT() REPRESENTATION_CONTEXT('2D SPACE',''
  ) );
#436 = ORIENTED_EDGE('',*,*,#57,.T.);
#437 = ORIENTED_EDGE('',*,*,#416,.T.);
#438 = ADVANCED_FACE('',(#439),#105,.F.);
#439 = FACE_BOUND('',#440,.F.);
#440 = EDGE_LOOP('',(#441,#465,#486,#487));
#441 = ORIENTED_EDGE('',*,*,#442,.F.);
#442 = EDGE_CURVE('',#443,#443,#445,.T.);
#443 = VERTEX_POINT('',#444);
#444 = CARTESIAN_POINT('',(-4.6,31.531584093154,72.9239779608));
#445 = SURFACE_CURVE('',#446,(#451,#458),.PCURVE_S1.);
#446 = CIRCLE('',#447,3.2);
#447 = AXIS2_PLACEMENT_3D('',#448,#449,#450);
#448 = CARTESIAN_POINT('',(-4.6,31.531584093154,76.1239779608));
#449 = DIRECTION('',(1.,0.,2.22044604925E-16));
#450 = DIRECTION('',(2.22044604925E-16,0.,-1.));
#451 = PCURVE('',#105,#452);
#452 = DEFINITIONAL_REPRESENTATION('',(#453),#457);
#453 = LINE('',#454,#455);
#454 = CARTESIAN_POINT('',(0.,13.));
#455 = VECTOR('',#456,1.);
#456 = DIRECTION('',(1.,0.));
#457 = ( GEOMETRIC_REPRESENTATION_CONTEXT(2) 
PARAMETRIC_REPRESENTATION_CONTEXT() REPRESENTATION_CONTEXT('2D SPACE',''
  ) );
#458 = PCURVE('',#376,#459);
#459 = DEFINITIONAL_REPRESENTATION('',(#460),#464);
#460 = CIRCLE('',#461,3.2);
#461 = AXIS2_PLACEMENT_2D('',#462,#463);
#462 = CARTESIAN_POINT('',(76.1239779608,-31.53158409315));
#463 = DIRECTION('',(-1.,0.));
#464 = ( GEOMETRIC_REPRESENTATION_CONTEXT(2) 
PARAMETRIC_REPRESENTATION_CONTEXT() REPRESENTATION_CONTEXT('2D SPACE',''
  ) );
#465 = ORIENTED_EDGE('',*,*,#466,.F.);
#466 = EDGE_CURVE('',#89,#443,#467,.T.);
#467 = SEAM_CURVE('',#468,(#472,#479),.PCURVE_S1.);
#468 = LINE('',#469,#470);
#469 = CARTESIAN_POINT('',(-17.6,31.531584093154,72.9239779608));
#470 = VECTOR('',#471,1.);
#471 = DIRECTION('',(1.,0.,2.22044604925E-16));
#472 = PCURVE('',#105,#473);
#473 = DEFINITIONAL_REPRESENTATION('',(#474),#478);
#474 = LINE('',#475,#476);
#475 = CARTESIAN_POINT('',(6.28318530718,-0.));
#476 = VECTOR('',#477,1.);
#477 = DIRECTION('',(0.,1.));
#478 = ( GEOMETRIC_REPRESENTATION_CONTEXT(2) 
PARAMETRIC_REPRESENTATION_CONTEXT() REPRESENTATION_CONTEXT('2D SPACE',''
  ) );
#479 = PCURVE('',#105,#480);
#480 = DEFINITIONAL_REPRESENTATION('',(#481),#485);
#481 = LINE('',#482,#483);
#482 = CARTESIAN_POINT('',(0.,-0.));
#483 = VECTOR('',#484,1.);
#484 = DIRECTION('',(0.,1.));
#485 = ( GEOMETRIC_REPRESENTATION_CONTEXT(2) 
PARAMETRIC_REPRESENTATION_CONTEXT() REPRESENTATION_CONTEXT('2D SPACE',''
  ) );
#486 = ORIENTED_EDGE('',*,*,#88,.T.);
#487 = ORIENTED_EDGE('',*,*,#466,.T.);
#488 = ADVANCED_FACE('',(#489),#136,.F.);
#489 = FACE_BOUND('',#490,.F.);
#490 = EDGE_LOOP('',(#491,#515,#536,#537));
#491 = ORIENTED_EDGE('',*,*,#492,.F.);
#492 = EDGE_CURVE('',#493,#493,#495,.T.);
#493 = VERTEX_POINT('',#494);
#494 = CARTESIAN_POINT('',(-4.6,76.1239779608,-34.73158409315));
#495 = SURFACE_CURVE('',#496,(#501,#508),.PCURVE_S1.);
#496 = CIRCLE('',#497,3.2);
#497 = AXIS2_PLACEMENT_3D('',#498,#499,#500);
#498 = CARTESIAN_POINT('',(-4.6,76.1239779608,-31.53158409315));
#499 = DIRECTION('',(1.,0.,2.22044604925E-16));
#500 = DIRECTION('',(2.22044604925E-16,0.,-1.));
#501 = PCURVE('',#136,#502);
#502 = DEFINITIONAL_REPRESENTATION('',(#503),#507);
#503 = LINE('',#504,#505);
#504 = CARTESIAN_POINT('',(0.,13.));
#505 = VECTOR('',#506,1.);
#506 = DIRECTION('',(1.,0.));
#507 = ( GEOMETRIC_REPRESENTATION_CONTEXT(2) 
PARAMETRIC_REPRESENTATION_CONTEXT() REPRESENTATION_CONTEXT('2D SPACE',''
  ) );
#508 = PCURVE('',#376,#509);
#509 = DEFINITIONAL_REPRESENTATION('',(#510),#514);
#510 = CIRCLE('',#511,3.2);
#511 = AXIS2_PLACEMENT_2D('',#512,#513);
#512 = CARTESIAN_POINT('',(-31.53158409315,-76.1239779608));
#513 = DIRECTION('',(-1.,0.));
#514 = ( GEOMETRIC_REPRESENTATION_CONTEXT(2) 
PARAMETRIC_REPRESENTATION_CONTEXT() REPRESENTATION_CONTEXT('2D SPACE',''
  ) );
#515 = ORIENTED_EDGE('',*,*,#516,.F.);
#516 = EDGE_CURVE('',#120,#493,#517,.T.);
#517 = SEAM_CURVE('',#518,(#522,#529),.PCURVE_S1.);
#518 = LINE('',#519,#520);
#519 = CARTESIAN_POINT('',(-17.6,76.1239779608,-34.73158409315));
#520 = VECTOR('',#521,1.);
#521 = DIRECTION('',(1.,0.,2.22044604925E-16));
#522 = PCURVE('',#136,#523);
#523 = DEFINITIONAL_REPRESENTATION('',(#524),#528);
#524 = LINE('',#525,#526);
#525 = CARTESIAN_POINT('',(6.28318530718,-0.));
#526 = VECTOR('',#527,1.);
#527 = DIRECTION('',(0.,1.));
#528 = ( GEOMETRIC_REPRESENTATION_CONTEXT(2) 
PARAMETRIC_REPRESENTATION_CONTEXT() REPRESENTATION_CONTEXT('2D SPACE',''
  ) );
#529 = PCURVE('',#136,#530);
#530 = DEFINITIONAL_REPRESENTATION('',(#531),#535);
#531 = LINE('',#532,#533);
#532 = CARTESIAN_POINT('',(0.,-0.));
#533 = VECTOR('',#534,1.);
#534 = DIRECTION('',(0.,1.));
#535 = ( GEOMETRIC_REPRESENTATION_CONTEXT(2) 
PARAMETRIC_REPRESENTATION_CONTEXT() REPRESENTATION_CONTEXT('2D SPACE',''
  ) );
#536 = ORIENTED_EDGE('',*,*,#119,.T.);
#537 = ORIENTED_EDGE('',*,*,#516,.T.);
#538 = ADVANCED_FACE('',(#539),#167,.F.);
#539 = FACE_BOUND('',#540,.F.);
#540 = EDGE_LOOP('',(#541,#565,#586,#587));
#541 = ORIENTED_EDGE('',*,*,#542,.F.);
#542 = EDGE_CURVE('',#543,#543,#545,.T.);
#543 = VERTEX_POINT('',#544);
#544 = CARTESIAN_POINT('',(-4.6,31.531584093154,-79.3239779608));
#545 = SURFACE_CURVE('',#546,(#551,#558),.PCURVE_S1.);
#546 = CIRCLE('',#547,3.2);
#547 = AXIS2_PLACEMENT_3D('',#548,#549,#550);
#548 = CARTESIAN_POINT('',(-4.6,31.531584093154,-76.1239779608));
#549 = DIRECTION('',(1.,0.,2.22044604925E-16));
#550 = DIRECTION('',(2.22044604925E-16,0.,-1.));
#551 = PCURVE('',#167,#552);
#552 = DEFINITIONAL_REPRESENTATION('',(#553),#557);
#553 = LINE('',#554,#555);
#554 = CARTESIAN_POINT('',(0.,13.));
#555 = VECTOR('',#556,1.);
#556 = DIRECTION('',(1.,0.));
#557 = ( GEOMETRIC_REPRESENTATION_CONTEXT(2) 
PARAMETRIC_REPRESENTATION_CONTEXT() REPRESENTATION_CONTEXT('2D SPACE',''
  ) );
#558 = PCURVE('',#376,#559);
#559 = DEFINITIONAL_REPRESENTATION('',(#560),#564);
#560 = CIRCLE('',#561,3.2);
#561 = AXIS2_PLACEMENT_2D('',#562,#563);
#562 = CARTESIAN_POINT('',(-76.1239779608,-31.53158409315));
#563 = DIRECTION('',(-1.,0.));
#564 = ( GEOMETRIC_REPRESENTATION_CONTEXT(2) 
PARAMETRIC_REPRESENTATION_CONTEXT() REPRESENTATION_CONTEXT('2D SPACE',''
  ) );
#565 = ORIENTED_EDGE('',*,*,#566,.F.);
#566 = EDGE_CURVE('',#151,#543,#567,.T.);
#567 = SEAM_CURVE('',#568,(#572,#579),.PCURVE_S1.);
#568 = LINE('',#569,#570);
#569 = CARTESIAN_POINT('',(-17.6,31.531584093154,-79.3239779608));
#570 = VECTOR('',#571,1.);
#571 = DIRECTION('',(1.,0.,2.22044604925E-16));
#572 = PCURVE('',#167,#573);
#573 = DEFINITIONAL_REPRESENTATION('',(#574),#578);
#574 = LINE('',#575,#576);
#575 = CARTESIAN_POINT('',(6.28318530718,-0.));
#576 = VECTOR('',#577,1.);
#577 = DIRECTION('',(0.,1.));
#578 = ( GEOMETRIC_REPRESENTATION_CONTEXT(2) 
PARAMETRIC_REPRESENTATION_CONTEXT() REPRESENTATION_CONTEXT('2D SPACE',''
  ) );
#579 = PCURVE('',#167,#580);
#580 = DEFINITIONAL_REPRESENTATION('',(#581),#585);
#581 = LINE('',#582,#583);
#582 = CARTESIAN_POINT('',(0.,-0.));
#583 = VECTOR('',#584,1.);
#584 = DIRECTION('',(0.,1.));
#585 = ( GEOMETRIC_REPRESENTATION_CONTEXT(2) 
PARAMETRIC_REPRESENTATION_CONTEXT() REPRESENTATION_CONTEXT('2D SPACE',''
  ) );
#586 = ORIENTED_EDGE('',*,*,#150,.T.);
#587 = ORIENTED_EDGE('',*,*,#566,.T.);
#588 = ADVANCED_FACE('',(#589),#198,.F.);
#589 = FACE_BOUND('',#590,.F.);
#590 = EDGE_LOOP('',(#591,#615,#636,#637));
#591 = ORIENTED_EDGE('',*,*,#592,.F.);
#592 = EDGE_CURVE('',#593,#593,#595,.T.);
#593 = VERTEX_POINT('',#594);
#594 = CARTESIAN_POINT('',(-4.6,-31.53158409315,72.9239779608));
#595 = SURFACE_CURVE('',#596,(#601,#608),.PCURVE_S1.);
#596 = CIRCLE('',#597,3.2);
#597 = AXIS2_PLACEMENT_3D('',#598,#599,#600);
#598 = CARTESIAN_POINT('',(-4.6,-31.53158409315,76.1239779608));
#599 = DIRECTION('',(1.,0.,2.22044604925E-16));
#600 = DIRECTION('',(2.22044604925E-16,0.,-1.));
#601 = PCURVE('',#198,#602);
#602 = DEFINITIONAL_REPRESENTATION('',(#603),#607);
#603 = LINE('',#604,#605);
#604 = CARTESIAN_POINT('',(0.,13.));
#605 = VECTOR('',#606,1.);
#606 = DIRECTION('',(1.,0.));
#607 = ( GEOMETRIC_REPRESENTATION_CONTEXT(2) 
PARAMETRIC_REPRESENTATION_CONTEXT() REPRESENTATION_CONTEXT('2D SPACE',''
  ) );
#608 = PCURVE('',#376,#609);
#609 = DEFINITIONAL_REPRESENTATION('',(#610),#614);
#610 = CIRCLE('',#611,3.2);
#611 = AXIS2_PLACEMENT_2D('',#612,#613);
#612 = CARTESIAN_POINT('',(76.1239779608,31.531584093154));
#613 = DIRECTION('',(-1.,0.));
#614 = ( GEOMETRIC_REPRESENTATION_CONTEXT(2) 
PARAMETRIC_REPRESENTATION_CONTEXT() REPRESENTATION_CONTEXT('2D SPACE',''
  ) );
#615 = ORIENTED_EDGE('',*,*,#616,.F.);
#616 = EDGE_CURVE('',#182,#593,#617,.T.);
#617 = SEAM_CURVE('',#618,(#622,#629),.PCURVE_S1.);
#618 = LINE('',#619,#620);
#619 = CARTESIAN_POINT('',(-17.6,-31.53158409315,72.9239779608));
#620 = VECTOR('',#621,1.);
#621 = DIRECTION('',(1.,0.,2.22044604925E-16));
#622 = PCURVE('',#198,#623);
#623 = DEFINITIONAL_REPRESENTATION('',(#624),#628);
#624 = LINE('',#625,#626);
#625 = CARTESIAN_POINT('',(6.28318530718,-0.));
#626 = VECTOR('',#627,1.);
#627 = DIRECTION('',(0.,1.));
#628 = ( GEOMETRIC_REPRESENTATION_CONTEXT(2) 
PARAMETRIC_REPRESENTATION_CONTEXT() REPRESENTATION_CONTEXT('2D SPACE',''
  ) );
#629 = PCURVE('',#198,#630);
#630 = DEFINITIONAL_REPRESENTATION('',(#631),#635);
#631 = LINE('',#632,#633);
#632 = CARTESIAN_POINT('',(0.,-0.));
#633 = VECTOR('',#634,1.);
#634 = DIRECTION('',(0.,1.));
#635 = ( GEOMETRIC_REPRESENTATION_CONTEXT(2) 
PARAMETRIC_REPRESENTATION_CONTEXT() REPRESENTATION_CONTEXT('2D SPACE',''
  ) );
#636 = ORIENTED_EDGE('',*,*,#181,.T.);
#637 = ORIENTED_EDGE('',*,*,#616,.T.);
#638 = ADVANCED_FACE('',(#639),#229,.F.);
#639 = FACE_BOUND('',#640,.F.);
#640 = EDGE_LOOP('',(#641,#664,#691,#692));
#641 = ORIENTED_EDGE('',*,*,#642,.T.);
#642 = EDGE_CURVE('',#213,#643,#645,.T.);
#643 = VERTEX_POINT('',#644);
#644 = CARTESIAN_POINT('',(-13.95,-1.864549244638E-14,-76.126));
#645 = SEAM_CURVE('',#646,(#650,#657),.PCURVE_S1.);
#646 = LINE('',#647,#648);
#647 = CARTESIAN_POINT('',(-17.6,-1.864549244638E-14,-76.126));
#648 = VECTOR('',#649,1.);
#649 = DIRECTION('',(1.,0.,2.22044604925E-16));
#650 = PCURVE('',#229,#651);
#651 = DEFINITIONAL_REPRESENTATION('',(#652),#656);
#652 = LINE('',#653,#654);
#653 = CARTESIAN_POINT('',(6.28318530718,-0.));
#654 = VECTOR('',#655,1.);
#655 = DIRECTION('',(0.,1.));
#656 = ( GEOMETRIC_REPRESENTATION_CONTEXT(2) 
PARAMETRIC_REPRESENTATION_CONTEXT() REPRESENTATION_CONTEXT('2D SPACE',''
  ) );
#657 = PCURVE('',#229,#658);
#658 = DEFINITIONAL_REPRESENTATION('',(#659),#663);
#659 = LINE('',#660,#661);
#660 = CARTESIAN_POINT('',(0.,-0.));
#661 = VECTOR('',#662,1.);
#662 = DIRECTION('',(0.,1.));
#663 = ( GEOMETRIC_REPRESENTATION_CONTEXT(2) 
PARAMETRIC_REPRESENTATION_CONTEXT() REPRESENTATION_CONTEXT('2D SPACE',''
  ) );
#664 = ORIENTED_EDGE('',*,*,#665,.F.);
#665 = EDGE_CURVE('',#643,#643,#666,.T.);
#666 = SURFACE_CURVE('',#667,(#672,#679),.PCURVE_S1.);
#667 = CIRCLE('',#668,76.126);
#668 = AXIS2_PLACEMENT_3D('',#669,#670,#671);
#669 = CARTESIAN_POINT('',(-13.95,0.,8.104628079764E-16));
#670 = DIRECTION('',(1.,-0.,2.22044604925E-16));
#671 = DIRECTION('',(2.22044604925E-16,0.,-1.));
#672 = PCURVE('',#229,#673);
#673 = DEFINITIONAL_REPRESENTATION('',(#674),#678);
#674 = LINE('',#675,#676);
#675 = CARTESIAN_POINT('',(0.,3.65));
#676 = VECTOR('',#677,1.);
#677 = DIRECTION('',(1.,0.));
#678 = ( GEOMETRIC_REPRESENTATION_CONTEXT(2) 
PARAMETRIC_REPRESENTATION_CONTEXT() REPRESENTATION_CONTEXT('2D SPACE',''
  ) );
#679 = PCURVE('',#680,#685);
#680 = PLANE('',#681);
#681 = AXIS2_PLACEMENT_3D('',#682,#683,#684);
#682 = CARTESIAN_POINT('',(-13.95,0.,8.104628079764E-16));
#683 = DIRECTION('',(1.,0.,2.22044604925E-16));
#684 = DIRECTION('',(2.22044604925E-16,0.,-1.));
#685 = DEFINITIONAL_REPRESENTATION('',(#686),#690);
#686 = CIRCLE('',#687,76.126);
#687 = AXIS2_PLACEMENT_2D('',#688,#689);
#688 = CARTESIAN_POINT('',(0.,0.));
#689 = DIRECTION('',(1.,0.));
#690 = ( GEOMETRIC_REPRESENTATION_CONTEXT(2) 
PARAMETRIC_REPRESENTATION_CONTEXT() REPRESENTATION_CONTEXT('2D SPACE',''
  ) );
#691 = ORIENTED_EDGE('',*,*,#642,.F.);
#692 = ORIENTED_EDGE('',*,*,#212,.T.);
#693 = ADVANCED_FACE('',(#694),#260,.F.);
#694 = FACE_BOUND('',#695,.F.);
#695 = EDGE_LOOP('',(#696,#720,#741,#742));
#696 = ORIENTED_EDGE('',*,*,#697,.F.);
#697 = EDGE_CURVE('',#698,#698,#700,.T.);
#698 = VERTEX_POINT('',#699);
#699 = CARTESIAN_POINT('',(-4.6,-76.1239779608,28.331584093154));
#700 = SURFACE_CURVE('',#701,(#706,#713),.PCURVE_S1.);
#701 = CIRCLE('',#702,3.2);
#702 = AXIS2_PLACEMENT_3D('',#703,#704,#705);
#703 = CARTESIAN_POINT('',(-4.6,-76.1239779608,31.531584093154));
#704 = DIRECTION('',(1.,0.,2.22044604925E-16));
#705 = DIRECTION('',(2.22044604925E-16,0.,-1.));
#706 = PCURVE('',#260,#707);
#707 = DEFINITIONAL_REPRESENTATION('',(#708),#712);
#708 = LINE('',#709,#710);
#709 = CARTESIAN_POINT('',(0.,13.));
#710 = VECTOR('',#711,1.);
#711 = DIRECTION('',(1.,0.));
#712 = ( GEOMETRIC_REPRESENTATION_CONTEXT(2) 
PARAMETRIC_REPRESENTATION_CONTEXT() REPRESENTATION_CONTEXT('2D SPACE',''
  ) );
#713 = PCURVE('',#376,#714);
#714 = DEFINITIONAL_REPRESENTATION('',(#715),#719);
#715 = CIRCLE('',#716,3.2);
#716 = AXIS2_PLACEMENT_2D('',#717,#718);
#717 = CARTESIAN_POINT('',(31.531584093154,76.1239779608));
#718 = DIRECTION('',(-1.,0.));
#719 = ( GEOMETRIC_REPRESENTATION_CONTEXT(2) 
PARAMETRIC_REPRESENTATION_CONTEXT() REPRESENTATION_CONTEXT('2D SPACE',''
  ) );
#720 = ORIENTED_EDGE('',*,*,#721,.F.);
#721 = EDGE_CURVE('',#244,#698,#722,.T.);
#722 = SEAM_CURVE('',#723,(#727,#734),.PCURVE_S1.);
#723 = LINE('',#724,#725);
#724 = CARTESIAN_POINT('',(-17.6,-76.1239779608,28.331584093154));
#725 = VECTOR('',#726,1.);
#726 = DIRECTION('',(1.,0.,2.22044604925E-16));
#727 = PCURVE('',#260,#728);
#728 = DEFINITIONAL_REPRESENTATION('',(#729),#733);
#729 = LINE('',#730,#731);
#730 = CARTESIAN_POINT('',(6.28318530718,-0.));
#731 = VECTOR('',#732,1.);
#732 = DIRECTION('',(0.,1.));
#733 = ( GEOMETRIC_REPRESENTATION_CONTEXT(2) 
PARAMETRIC_REPRESENTATION_CONTEXT() REPRESENTATION_CONTEXT('2D SPACE',''
  ) );
#734 = PCURVE('',#260,#735);
#735 = DEFINITIONAL_REPRESENTATION('',(#736),#740);
#736 = LINE('',#737,#738);
#737 = CARTESIAN_POINT('',(0.,-0.));
#738 = VECTOR('',#739,1.);
#739 = DIRECTION('',(0.,1.));
#740 = ( GEOMETRIC_REPRESENTATION_CONTEXT(2) 
PARAMETRIC_REPRESENTATION_CONTEXT() REPRESENTATION_CONTEXT('2D SPACE',''
  ) );
#741 = ORIENTED_EDGE('',*,*,#243,.T.);
#742 = ORIENTED_EDGE('',*,*,#721,.T.);
#743 = ADVANCED_FACE('',(#744),#291,.F.);
#744 = FACE_BOUND('',#745,.F.);
#745 = EDGE_LOOP('',(#746,#770,#791,#792));
#746 = ORIENTED_EDGE('',*,*,#747,.F.);
#747 = EDGE_CURVE('',#748,#748,#750,.T.);
#748 = VERTEX_POINT('',#749);
#749 = CARTESIAN_POINT('',(-4.6,-31.53158409315,-79.3239779608));
#750 = SURFACE_CURVE('',#751,(#756,#763),.PCURVE_S1.);
#751 = CIRCLE('',#752,3.2);
#752 = AXIS2_PLACEMENT_3D('',#753,#754,#755);
#753 = CARTESIAN_POINT('',(-4.6,-31.53158409315,-76.1239779608));
#754 = DIRECTION('',(1.,0.,2.22044604925E-16));
#755 = DIRECTION('',(2.22044604925E-16,0.,-1.));
#756 = PCURVE('',#291,#757);
#757 = DEFINITIONAL_REPRESENTATION('',(#758),#762);
#758 = LINE('',#759,#760);
#759 = CARTESIAN_POINT('',(0.,13.));
#760 = VECTOR('',#761,1.);
#761 = DIRECTION('',(1.,0.));
#762 = ( GEOMETRIC_REPRESENTATION_CONTEXT(2) 
PARAMETRIC_REPRESENTATION_CONTEXT() REPRESENTATION_CONTEXT('2D SPACE',''
  ) );
#763 = PCURVE('',#376,#764);
#764 = DEFINITIONAL_REPRESENTATION('',(#765),#769);
#765 = CIRCLE('',#766,3.2);
#766 = AXIS2_PLACEMENT_2D('',#767,#768);
#767 = CARTESIAN_POINT('',(-76.1239779608,31.531584093154));
#768 = DIRECTION('',(-1.,0.));
#769 = ( GEOMETRIC_REPRESENTATION_CONTEXT(2) 
PARAMETRIC_REPRESENTATION_CONTEXT() REPRESENTATION_CONTEXT('2D SPACE',''
  ) );
#770 = ORIENTED_EDGE('',*,*,#771,.F.);
#771 = EDGE_CURVE('',#275,#748,#772,.T.);
#772 = SEAM_CURVE('',#773,(#777,#784),.PCURVE_S1.);
#773 = LINE('',#774,#775);
#774 = CARTESIAN_POINT('',(-17.6,-31.53158409315,-79.3239779608));
#775 = VECTOR('',#776,1.);
#776 = DIRECTION('',(1.,0.,2.22044604925E-16));
#777 = PCURVE('',#291,#778);
#778 = DEFINITIONAL_REPRESENTATION('',(#779),#783);
#779 = LINE('',#780,#781);
#780 = CARTESIAN_POINT('',(6.28318530718,-0.));
#781 = VECTOR('',#782,1.);
#782 = DIRECTION('',(0.,1.));
#783 = ( GEOMETRIC_REPRESENTATION_CONTEXT(2) 
PARAMETRIC_REPRESENTATION_CONTEXT() REPRESENTATION_CONTEXT('2D SPACE',''
  ) );
#784 = PCURVE('',#291,#785);
#785 = DEFINITIONAL_REPRESENTATION('',(#786),#790);
#786 = LINE('',#787,#788);
#787 = CARTESIAN_POINT('',(0.,-0.));
#788 = VECTOR('',#789,1.);
#789 = DIRECTION('',(0.,1.));
#790 = ( GEOMETRIC_REPRESENTATION_CONTEXT(2) 
PARAMETRIC_REPRESENTATION_CONTEXT() REPRESENTATION_CONTEXT('2D SPACE',''
  ) );
#791 = ORIENTED_EDGE('',*,*,#274,.T.);
#792 = ORIENTED_EDGE('',*,*,#771,.T.);
#793 = ADVANCED_FACE('',(#794),#322,.F.);
#794 = FACE_BOUND('',#795,.F.);
#795 = EDGE_LOOP('',(#796,#820,#841,#842));
#796 = ORIENTED_EDGE('',*,*,#797,.F.);
#797 = EDGE_CURVE('',#798,#798,#800,.T.);
#798 = VERTEX_POINT('',#799);
#799 = CARTESIAN_POINT('',(-4.6,-76.1239779608,-34.73158409315));
#800 = SURFACE_CURVE('',#801,(#806,#813),.PCURVE_S1.);
#801 = CIRCLE('',#802,3.2);
#802 = AXIS2_PLACEMENT_3D('',#803,#804,#805);
#803 = CARTESIAN_POINT('',(-4.6,-76.1239779608,-31.53158409315));
#804 = DIRECTION('',(1.,0.,2.22044604925E-16));
#805 = DIRECTION('',(2.22044604925E-16,0.,-1.));
#806 = PCURVE('',#322,#807);
#807 = DEFINITIONAL_REPRESENTATION('',(#808),#812);
#808 = LINE('',#809,#810);
#809 = CARTESIAN_POINT('',(0.,13.));
#810 = VECTOR('',#811,1.);
#811 = DIRECTION('',(1.,0.));
#812 = ( GEOMETRIC_REPRESENTATION_CONTEXT(2) 
PARAMETRIC_REPRESENTATION_CONTEXT() REPRESENTATION_CONTEXT('2D SPACE',''
  ) );
#813 = PCURVE('',#376,#814);
#814 = DEFINITIONAL_REPRESENTATION('',(#815),#819);
#815 = CIRCLE('',#816,3.2);
#816 = AXIS2_PLACEMENT_2D('',#817,#818);
#817 = CARTESIAN_POINT('',(-31.53158409315,76.1239779608));
#818 = DIRECTION('',(-1.,0.));
#819 = ( GEOMETRIC_REPRESENTATION_CONTEXT(2) 
PARAMETRIC_REPRESENTATION_CONTEXT() REPRESENTATION_CONTEXT('2D SPACE',''
  ) );
#820 = ORIENTED_EDGE('',*,*,#821,.F.);
#821 = EDGE_CURVE('',#306,#798,#822,.T.);
#822 = SEAM_CURVE('',#823,(#827,#834),.PCURVE_S1.);
#823 = LINE('',#824,#825);
#824 = CARTESIAN_POINT('',(-17.6,-76.1239779608,-34.73158409315));
#825 = VECTOR('',#826,1.);
#826 = DIRECTION('',(1.,0.,2.22044604925E-16));
#827 = PCURVE('',#322,#828);
#828 = DEFINITIONAL_REPRESENTATION('',(#829),#833);
#829 = LINE('',#830,#831);
#830 = CARTESIAN_POINT('',(6.28318530718,-0.));
#831 = VECTOR('',#832,1.);
#832 = DIRECTION('',(0.,1.));
#833 = ( GEOMETRIC_REPRESENTATION_CONTEXT(2) 
PARAMETRIC_REPRESENTATION_CONTEXT() REPRESENTATION_CONTEXT('2D SPACE',''
  ) );
#834 = PCURVE('',#322,#835);
#835 = DEFINITIONAL_REPRESENTATION('',(#836),#840);
#836 = LINE('',#837,#838);
#837 = CARTESIAN_POINT('',(0.,-0.));
#838 = VECTOR('',#839,1.);
#839 = DIRECTION('',(0.,1.));
#840 = ( GEOMETRIC_REPRESENTATION_CONTEXT(2) 
PARAMETRIC_REPRESENTATION_CONTEXT() REPRESENTATION_CONTEXT('2D SPACE',''
  ) );
#841 = ORIENTED_EDGE('',*,*,#305,.T.);
#842 = ORIENTED_EDGE('',*,*,#821,.T.);
#843 = ADVANCED_FACE('',(#844,#847,#850,#853,#856,#859,#862,#865,#896,
    #899),#376,.T.);
#844 = FACE_BOUND('',#845,.T.);
#845 = EDGE_LOOP('',(#846));
#846 = ORIENTED_EDGE('',*,*,#361,.T.);
#847 = FACE_BOUND('',#848,.T.);
#848 = EDGE_LOOP('',(#849));
#849 = ORIENTED_EDGE('',*,*,#492,.F.);
#850 = FACE_BOUND('',#851,.T.);
#851 = EDGE_LOOP('',(#852));
#852 = ORIENTED_EDGE('',*,*,#542,.F.);
#853 = FACE_BOUND('',#854,.T.);
#854 = EDGE_LOOP('',(#855));
#855 = ORIENTED_EDGE('',*,*,#392,.F.);
#856 = FACE_BOUND('',#857,.T.);
#857 = EDGE_LOOP('',(#858));
#858 = ORIENTED_EDGE('',*,*,#442,.F.);
#859 = FACE_BOUND('',#860,.T.);
#860 = EDGE_LOOP('',(#861));
#861 = ORIENTED_EDGE('',*,*,#747,.F.);
#862 = FACE_BOUND('',#863,.T.);
#863 = EDGE_LOOP('',(#864));
#864 = ORIENTED_EDGE('',*,*,#797,.F.);
#865 = FACE_BOUND('',#866,.T.);
#866 = EDGE_LOOP('',(#867));
#867 = ORIENTED_EDGE('',*,*,#868,.F.);
#868 = EDGE_CURVE('',#869,#869,#871,.T.);
#869 = VERTEX_POINT('',#870);
#870 = CARTESIAN_POINT('',(-4.6,0.,76.396));
#871 = SURFACE_CURVE('',#872,(#877,#884),.PCURVE_S1.);
#872 = CIRCLE('',#873,76.396);
#873 = AXIS2_PLACEMENT_3D('',#874,#875,#876);
#874 = CARTESIAN_POINT('',(-4.6,0.,0.));
#875 = DIRECTION('',(1.,0.,-0.));
#876 = DIRECTION('',(0.,0.,1.));
#877 = PCURVE('',#376,#878);
#878 = DEFINITIONAL_REPRESENTATION('',(#879),#883);
#879 = CIRCLE('',#880,76.396);
#880 = AXIS2_PLACEMENT_2D('',#881,#882);
#881 = CARTESIAN_POINT('',(0.,0.));
#882 = DIRECTION('',(1.,0.));
#883 = ( GEOMETRIC_REPRESENTATION_CONTEXT(2) 
PARAMETRIC_REPRESENTATION_CONTEXT() REPRESENTATION_CONTEXT('2D SPACE',''
  ) );
#884 = PCURVE('',#885,#890);
#885 = CYLINDRICAL_SURFACE('',#886,76.396);
#886 = AXIS2_PLACEMENT_3D('',#887,#888,#889);
#887 = CARTESIAN_POINT('',(-4.6,0.,0.));
#888 = DIRECTION('',(1.,0.,0.));
#889 = DIRECTION('',(0.,0.,1.));
#890 = DEFINITIONAL_REPRESENTATION('',(#891),#895);
#891 = LINE('',#892,#893);
#892 = CARTESIAN_POINT('',(0.,0.));
#893 = VECTOR('',#894,1.);
#894 = DIRECTION('',(1.,0.));
#895 = ( GEOMETRIC_REPRESENTATION_CONTEXT(2) 
PARAMETRIC_REPRESENTATION_CONTEXT() REPRESENTATION_CONTEXT('2D SPACE',''
  ) );
#896 = FACE_BOUND('',#897,.T.);
#897 = EDGE_LOOP('',(#898));
#898 = ORIENTED_EDGE('',*,*,#592,.F.);
#899 = FACE_BOUND('',#900,.T.);
#900 = EDGE_LOOP('',(#901));
#901 = ORIENTED_EDGE('',*,*,#697,.F.);
#902 = ADVANCED_FACE('',(#903,#906),#680,.F.);
#903 = FACE_BOUND('',#904,.F.);
#904 = EDGE_LOOP('',(#905));
#905 = ORIENTED_EDGE('',*,*,#665,.T.);
#906 = FACE_BOUND('',#907,.F.);
#907 = EDGE_LOOP('',(#908));
#908 = ORIENTED_EDGE('',*,*,#909,.F.);
#909 = EDGE_CURVE('',#910,#910,#912,.T.);
#910 = VERTEX_POINT('',#911);
#911 = CARTESIAN_POINT('',(-13.95,-1.748697657438E-14,-71.396));
#912 = SURFACE_CURVE('',#913,(#918,#925),.PCURVE_S1.);
#913 = CIRCLE('',#914,71.396);
#914 = AXIS2_PLACEMENT_3D('',#915,#916,#917);
#915 = CARTESIAN_POINT('',(-13.95,0.,1.032507412901E-15));
#916 = DIRECTION('',(1.,0.,2.22044604925E-16));
#917 = DIRECTION('',(2.22044604925E-16,0.,-1.));
#918 = PCURVE('',#680,#919);
#919 = DEFINITIONAL_REPRESENTATION('',(#920),#924);
#920 = CIRCLE('',#921,71.396);
#921 = AXIS2_PLACEMENT_2D('',#922,#923);
#922 = CARTESIAN_POINT('',(-2.22044604925E-16,0.));
#923 = DIRECTION('',(1.,0.));
#924 = ( GEOMETRIC_REPRESENTATION_CONTEXT(2) 
PARAMETRIC_REPRESENTATION_CONTEXT() REPRESENTATION_CONTEXT('2D SPACE',''
  ) );
#925 = PCURVE('',#926,#931);
#926 = CYLINDRICAL_SURFACE('',#927,71.396);
#927 = AXIS2_PLACEMENT_3D('',#928,#929,#930);
#928 = CARTESIAN_POINT('',(-18.6,0.,0.));
#929 = DIRECTION('',(1.,0.,2.22044604925E-16));
#930 = DIRECTION('',(2.22044604925E-16,0.,-1.));
#931 = DEFINITIONAL_REPRESENTATION('',(#932),#936);
#932 = LINE('',#933,#934);
#933 = CARTESIAN_POINT('',(0.,4.65));
#934 = VECTOR('',#935,1.);
#935 = DIRECTION('',(1.,0.));
#936 = ( GEOMETRIC_REPRESENTATION_CONTEXT(2) 
PARAMETRIC_REPRESENTATION_CONTEXT() REPRESENTATION_CONTEXT('2D SPACE',''
  ) );
#937 = ADVANCED_FACE('',(#938,#1217,#1406),#885,.T.);
#938 = FACE_BOUND('',#939,.T.);
#939 = EDGE_LOOP('',(#940,#963,#964,#965,#1080,#1109));
#940 = ORIENTED_EDGE('',*,*,#941,.F.);
#941 = EDGE_CURVE('',#869,#942,#944,.T.);
#942 = VERTEX_POINT('',#943);
#943 = CARTESIAN_POINT('',(121.5,0.,76.396));
#944 = SEAM_CURVE('',#945,(#949,#956),.PCURVE_S1.);
#945 = LINE('',#946,#947);
#946 = CARTESIAN_POINT('',(-4.6,0.,76.396));
#947 = VECTOR('',#948,1.);
#948 = DIRECTION('',(1.,0.,0.));
#949 = PCURVE('',#885,#950);
#950 = DEFINITIONAL_REPRESENTATION('',(#951),#955);
#951 = LINE('',#952,#953);
#952 = CARTESIAN_POINT('',(0.,0.));
#953 = VECTOR('',#954,1.);
#954 = DIRECTION('',(0.,1.));
#955 = ( GEOMETRIC_REPRESENTATION_CONTEXT(2) 
PARAMETRIC_REPRESENTATION_CONTEXT() REPRESENTATION_CONTEXT('2D SPACE',''
  ) );
#956 = PCURVE('',#885,#957);
#957 = DEFINITIONAL_REPRESENTATION('',(#958),#962);
#958 = LINE('',#959,#960);
#959 = CARTESIAN_POINT('',(6.28318530718,0.));
#960 = VECTOR('',#961,1.);
#961 = DIRECTION('',(0.,1.));
#962 = ( GEOMETRIC_REPRESENTATION_CONTEXT(2) 
PARAMETRIC_REPRESENTATION_CONTEXT() REPRESENTATION_CONTEXT('2D SPACE',''
  ) );
#963 = ORIENTED_EDGE('',*,*,#868,.T.);
#964 = ORIENTED_EDGE('',*,*,#941,.T.);
#965 = ORIENTED_EDGE('',*,*,#966,.F.);
#966 = EDGE_CURVE('',#967,#942,#969,.T.);
#967 = VERTEX_POINT('',#968);
#968 = CARTESIAN_POINT('',(134.5,10.816653826392,75.626376456895));
#969 = SURFACE_CURVE('',#970,(#1003,#1039),.PCURVE_S1.);
#970 = B_SPLINE_CURVE_WITH_KNOTS('',6,(#971,#972,#973,#974,#975,#976,
    #977,#978,#979,#980,#981,#982,#983,#984,#985,#986,#987,#988,#989,
    #990,#991,#992,#993,#994,#995,#996,#997,#998,#999,#1000,#1001,#1002)
  ,.UNSPECIFIED.,.F.,.F.,(7,5,5,5,5,5,7),(0.,0.118240883339,
    0.472711326533,0.590847833465,0.731078032761,0.837862402013,1.),
  .UNSPECIFIED.);
#971 = CARTESIAN_POINT('',(134.50000240002,10.816653382623,
    75.626376520366));
#972 = CARTESIAN_POINT('',(134.16990401227,10.877688671857,
    75.617646794071));
#973 = CARTESIAN_POINT('',(133.83862027944,10.926441420956,
    75.610613505568));
#974 = CARTESIAN_POINT('',(133.50645987381,10.963002942423,
    75.605309003406));
#975 = CARTESIAN_POINT('',(133.17372165855,10.987434102899,
    75.601754417738));
#976 = CARTESIAN_POINT('',(132.84069482399,10.999765449078,
    75.599960159514));
#977 = CARTESIAN_POINT('',(131.50926198669,11.000692492584,
    75.599825272133));
#978 = CARTESIAN_POINT('',(130.51146307745,10.892646655423,
    75.615546627434));
#979 = CARTESIAN_POINT('',(129.5212025231,10.67612178122,75.647054222254
    ));
#980 = CARTESIAN_POINT('',(128.54594336665,10.348406418548,
    75.693558893695));
#981 = CARTESIAN_POINT('',(127.59544651538,9.904363786963,
    75.753408985696));
#982 = CARTESIAN_POINT('',(126.38123798954,9.148147562404,
    75.846532460342));
#983 = CARTESIAN_POINT('',(126.0821022619,8.945413071906,75.870923916352
    ));
#984 = CARTESIAN_POINT('',(125.78787734212,8.728695952205,
    75.896307848423));
#985 = CARTESIAN_POINT('',(125.49919271867,8.497711016483,
    75.922540212877));
#986 = CARTESIAN_POINT('',(125.21677412293,8.252165698209,
    75.949451207228));
#987 = CARTESIAN_POINT('',(124.61462169816,7.682653736676,
    76.009356341301));
#988 = CARTESIAN_POINT('',(124.29769204878,7.352518408542,
    76.042556240485));
#989 = CARTESIAN_POINT('',(123.99220017532,7.000976331522,
    76.076096431926));
#990 = CARTESIAN_POINT('',(123.69987949698,6.627707852615,
    76.109567762634));
#991 = CARTESIAN_POINT('',(123.42268434346,6.232492318285,
    76.142497740018));
#992 = CARTESIAN_POINT('',(122.96493986865,5.497520988766,
    76.198606407305));
#993 = CARTESIAN_POINT('',(122.77706194435,5.166945314604,
    76.222243360097));
#994 = CARTESIAN_POINT('',(122.60039627984,4.823833631833,
    76.244997634082));
#995 = CARTESIAN_POINT('',(122.43613216179,4.468591668108,
    76.266592392922));
#996 = CARTESIAN_POINT('',(122.28544185416,4.101719369565,
    76.286747663322));
#997 = CARTESIAN_POINT('',(121.94304434757,3.150008431387,
    76.333192625814));
#998 = CARTESIAN_POINT('',(121.77011669175,2.549514122005,
    76.357307351029));
#999 = CARTESIAN_POINT('',(121.63632054531,1.927801167881,
    76.376371219289));
#1000 = CARTESIAN_POINT('',(121.54556121376,1.291136966609,
    76.389439916876));
#1001 = CARTESIAN_POINT('',(121.5,0.646252888262,76.396));
#1002 = CARTESIAN_POINT('',(121.5,1.137647890536E-14,76.396));
#1003 = PCURVE('',#885,#1004);
#1004 = DEFINITIONAL_REPRESENTATION('',(#1005),#1038);
#1005 = B_SPLINE_CURVE_WITH_KNOTS('',6,(#1006,#1007,#1008,#1009,#1010,
    #1011,#1012,#1013,#1014,#1015,#1016,#1017,#1018,#1019,#1020,#1021,
    #1022,#1023,#1024,#1025,#1026,#1027,#1028,#1029,#1030,#1031,#1032,
    #1033,#1034,#1035,#1036,#1037),.UNSPECIFIED.,.F.,.F.,(7,5,5,5,5,5,7)
  ,(0.,0.118240883339,0.472711326533,0.590847833465,0.731078032761,
    0.837862402013,1.),.UNSPECIFIED.);
#1006 = CARTESIAN_POINT('',(6.141121283042,139.1000024));
#1007 = CARTESIAN_POINT('',(6.140314219527,138.76990401225));
#1008 = CARTESIAN_POINT('',(6.139669455009,138.43862027947));
#1009 = CARTESIAN_POINT('',(6.139185865468,138.10645987383));
#1010 = CARTESIAN_POINT('',(6.138862701963,137.77372165853));
#1011 = CARTESIAN_POINT('',(6.138699588767,137.44069482399));
#1012 = CARTESIAN_POINT('',(6.138687326274,136.10926198669));
#1013 = CARTESIAN_POINT('',(6.140116508666,135.11146307745));
#1014 = CARTESIAN_POINT('',(6.142980590349,134.1212025231));
#1015 = CARTESIAN_POINT('',(6.14731326007,133.14594336665));
#1016 = CARTESIAN_POINT('',(6.153177818158,132.19544651538));
#1017 = CARTESIAN_POINT('',(6.163151225771,130.98123798954));
#1018 = CARTESIAN_POINT('',(6.16582408445,130.6821022619));
#1019 = CARTESIAN_POINT('',(6.168680215346,130.38787734212));
#1020 = CARTESIAN_POINT('',(6.171723140037,130.09919271867));
#1021 = CARTESIAN_POINT('',(6.174956467144,129.81677412293));
#1022 = CARTESIAN_POINT('',(6.18245232961,129.21462169816));
#1023 = CARTESIAN_POINT('',(6.186795449814,128.89769204878));
#1024 = CARTESIAN_POINT('',(6.191417828186,128.59220017532));
#1025 = CARTESIAN_POINT('',(6.196323266921,128.29987949698));
#1026 = CARTESIAN_POINT('',(6.201514317838,128.02268434346));
#1027 = CARTESIAN_POINT('',(6.211162858631,127.56493986865));
#1028 = CARTESIAN_POINT('',(6.215500989191,127.37706194435));
#1029 = CARTESIAN_POINT('',(6.22000198659,127.20039627984));
#1030 = CARTESIAN_POINT('',(6.224660464102,127.03613216179));
#1031 = CARTESIAN_POINT('',(6.229469860307,126.88544185416));
#1032 = CARTESIAN_POINT('',(6.241942287622,126.54304434757));
#1033 = CARTESIAN_POINT('',(6.249808615618,126.37011669175));
#1034 = CARTESIAN_POINT('',(6.25794989887,126.23632054531));
#1035 = CARTESIAN_POINT('',(6.266284723315,126.14556121376));
#1036 = CARTESIAN_POINT('',(6.274726056849,126.1));
#1037 = CARTESIAN_POINT('',(6.28318530718,126.1));
#1038 = ( GEOMETRIC_REPRESENTATION_CONTEXT(2) 
PARAMETRIC_REPRESENTATION_CONTEXT() REPRESENTATION_CONTEXT('2D SPACE',''
  ) );
#1039 = PCURVE('',#1040,#1045);
#1040 = CYLINDRICAL_SURFACE('',#1041,11.);
#1041 = AXIS2_PLACEMENT_3D('',#1042,#1043,#1044);
#1042 = CARTESIAN_POINT('',(132.5,0.,73.396));
#1043 = DIRECTION('',(0.,0.,1.));
#1044 = DIRECTION('',(1.,0.,-0.));
#1045 = DEFINITIONAL_REPRESENTATION('',(#1046),#1079);
#1046 = B_SPLINE_CURVE_WITH_KNOTS('',6,(#1047,#1048,#1049,#1050,#1051,
    #1052,#1053,#1054,#1055,#1056,#1057,#1058,#1059,#1060,#1061,#1062,
    #1063,#1064,#1065,#1066,#1067,#1068,#1069,#1070,#1071,#1072,#1073,
    #1074,#1075,#1076,#1077,#1078),.UNSPECIFIED.,.F.,.F.,(7,5,5,5,5,5,7)
  ,(0.,0.118240883339,0.472711326533,0.590847833465,0.731078032761,
    0.837862402013,1.),.UNSPECIFIED.);
#1047 = CARTESIAN_POINT('',(1.387960967918,2.230376520366));
#1048 = CARTESIAN_POINT('',(1.418478575913,2.221646794071));
#1049 = CARTESIAN_POINT('',(1.448899129657,2.214613505568));
#1050 = CARTESIAN_POINT('',(1.479247699716,2.209309003406));
#1051 = CARTESIAN_POINT('',(1.509548124083,2.205754417738));
#1052 = CARTESIAN_POINT('',(1.539824062673,2.203960159514));
#1053 = CARTESIAN_POINT('',(1.660863440858,2.203825272133));
#1054 = CARTESIAN_POINT('',(1.751566118091,2.219546627434));
#1055 = CARTESIAN_POINT('',(1.842919335989,2.251054222254));
#1056 = CARTESIAN_POINT('',(1.935593940837,2.297558893695));
#1057 = CARTESIAN_POINT('',(2.030281949692,2.357408985696));
#1058 = CARTESIAN_POINT('',(2.160322163514,2.450532460342));
#1059 = CARTESIAN_POINT('',(2.19314888389,2.474923916352));
#1060 = CARTESIAN_POINT('',(2.226330530044,2.500307848423));
#1061 = CARTESIAN_POINT('',(2.259900056011,2.526540212877));
#1062 = CARTESIAN_POINT('',(2.293891718148,2.553451207228));
#1063 = CARTESIAN_POINT('',(2.369238377985,2.613356341301));
#1064 = CARTESIAN_POINT('',(2.410793465674,2.646556240485));
#1065 = CARTESIAN_POINT('',(2.453053643944,2.680096431926));
#1066 = CARTESIAN_POINT('',(2.496066909994,2.713567762634));
#1067 = CARTESIAN_POINT('',(2.539886443209,2.746497740018));
#1068 = CARTESIAN_POINT('',(2.618600952957,2.802606407305));
#1069 = CARTESIAN_POINT('',(2.653139790891,2.826243360097));
#1070 = CARTESIAN_POINT('',(2.688178091985,2.848997634082));
#1071 = CARTESIAN_POINT('',(2.723708869418,2.870592392922));
#1072 = CARTESIAN_POINT('',(2.75972921607,2.890747663322));
#1073 = CARTESIAN_POINT('',(2.851677358226,2.937192625814));
#1074 = CARTESIAN_POINT('',(2.908366421506,2.961307351029));
#1075 = CARTESIAN_POINT('',(2.965972972464,2.980371219289));
#1076 = CARTESIAN_POINT('',(3.024216569876,2.993439916876));
#1077 = CARTESIAN_POINT('',(3.08284239102,3.));
#1078 = CARTESIAN_POINT('',(3.14159265359,3.));
#1079 = ( GEOMETRIC_REPRESENTATION_CONTEXT(2) 
PARAMETRIC_REPRESENTATION_CONTEXT() REPRESENTATION_CONTEXT('2D SPACE',''
  ) );
#1080 = ORIENTED_EDGE('',*,*,#1081,.F.);
#1081 = EDGE_CURVE('',#1082,#967,#1084,.T.);
#1082 = VERTEX_POINT('',#1083);
#1083 = CARTESIAN_POINT('',(134.5,-10.81665382639,75.626376456895));
#1084 = SURFACE_CURVE('',#1085,(#1090,#1097),.PCURVE_S1.);
#1085 = CIRCLE('',#1086,76.396);
#1086 = AXIS2_PLACEMENT_3D('',#1087,#1088,#1089);
#1087 = CARTESIAN_POINT('',(134.5,0.,0.));
#1088 = DIRECTION('',(1.,0.,-0.));
#1089 = DIRECTION('',(0.,0.,1.));
#1090 = PCURVE('',#885,#1091);
#1091 = DEFINITIONAL_REPRESENTATION('',(#1092),#1096);
#1092 = LINE('',#1093,#1094);
#1093 = CARTESIAN_POINT('',(0.,139.1));
#1094 = VECTOR('',#1095,1.);
#1095 = DIRECTION('',(1.,0.));
#1096 = ( GEOMETRIC_REPRESENTATION_CONTEXT(2) 
PARAMETRIC_REPRESENTATION_CONTEXT() REPRESENTATION_CONTEXT('2D SPACE',''
  ) );
#1097 = PCURVE('',#1098,#1103);
#1098 = PLANE('',#1099);
#1099 = AXIS2_PLACEMENT_3D('',#1100,#1101,#1102);
#1100 = CARTESIAN_POINT('',(134.5,0.,0.));
#1101 = DIRECTION('',(1.,0.,0.));
#1102 = DIRECTION('',(0.,0.,1.));
#1103 = DEFINITIONAL_REPRESENTATION('',(#1104),#1108);
#1104 = CIRCLE('',#1105,76.396);
#1105 = AXIS2_PLACEMENT_2D('',#1106,#1107);
#1106 = CARTESIAN_POINT('',(0.,0.));
#1107 = DIRECTION('',(1.,-0.));
#1108 = ( GEOMETRIC_REPRESENTATION_CONTEXT(2) 
PARAMETRIC_REPRESENTATION_CONTEXT() REPRESENTATION_CONTEXT('2D SPACE',''
  ) );
#1109 = ORIENTED_EDGE('',*,*,#1110,.F.);
#1110 = EDGE_CURVE('',#942,#1082,#1111,.T.);
#1111 = SURFACE_CURVE('',#1112,(#1145,#1181),.PCURVE_S1.);
#1112 = B_SPLINE_CURVE_WITH_KNOTS('',6,(#1113,#1114,#1115,#1116,#1117,
    #1118,#1119,#1120,#1121,#1122,#1123,#1124,#1125,#1126,#1127,#1128,
    #1129,#1130,#1131,#1132,#1133,#1134,#1135,#1136,#1137,#1138,#1139,
    #1140,#1141,#1142,#1143,#1144),.UNSPECIFIED.,.F.,.F.,(7,5,5,5,5,5,7)
  ,(0.,0.162137816289,0.26892217961,0.409152371121,0.527288871497,
    0.881759096065,1.),.UNSPECIFIED.);
#1113 = CARTESIAN_POINT('',(121.5,1.7763568394E-15,76.396));
#1114 = CARTESIAN_POINT('',(121.5,-0.646255090648,76.396));
#1115 = CARTESIAN_POINT('',(121.54556152368,-1.291138997006,
    76.389439872158));
#1116 = CARTESIAN_POINT('',(121.6363208505,-1.927801986416,
    76.37637117573));
#1117 = CARTESIAN_POINT('',(121.77011667289,-2.549513731419,
    76.357307355547));
#1118 = CARTESIAN_POINT('',(121.94304405816,-3.150007626959,
    76.333192665072));
#1119 = CARTESIAN_POINT('',(122.28544185416,-4.101719369565,
    76.286747663322));
#1120 = CARTESIAN_POINT('',(122.43613216179,-4.468591668108,
    76.266592392922));
#1121 = CARTESIAN_POINT('',(122.60039627984,-4.823833631833,
    76.244997634082));
#1122 = CARTESIAN_POINT('',(122.77706194435,-5.166945314604,
    76.222243360097));
#1123 = CARTESIAN_POINT('',(122.96493986865,-5.497520988766,
    76.198606407305));
#1124 = CARTESIAN_POINT('',(123.42268434346,-6.232492318292,
    76.142497740018));
#1125 = CARTESIAN_POINT('',(123.69987949698,-6.627707852613,
    76.109567762634));
#1126 = CARTESIAN_POINT('',(123.99220017531,-7.000976331516,
    76.076096431927));
#1127 = CARTESIAN_POINT('',(124.29769204878,-7.352518408541,
    76.042556240485));
#1128 = CARTESIAN_POINT('',(124.61462169817,-7.682653736681,
    76.0093563413));
#1129 = CARTESIAN_POINT('',(125.21677412293,-8.252165698209,
    75.949451207228));
#1130 = CARTESIAN_POINT('',(125.49919271867,-8.497711016482,
    75.922540212877));
#1131 = CARTESIAN_POINT('',(125.78787734212,-8.728695952205,
    75.896307848423));
#1132 = CARTESIAN_POINT('',(126.0821022619,-8.945413071905,
    75.870923916352));
#1133 = CARTESIAN_POINT('',(126.38123798954,-9.148147562404,
    75.846532460342));
#1134 = CARTESIAN_POINT('',(127.59544600423,-9.904363468616,
    75.753409024899));
#1135 = CARTESIAN_POINT('',(128.54594342234,-10.34840660879,
    75.693558874813));
#1136 = CARTESIAN_POINT('',(129.52120307724,-10.67612195942,
    75.647054192362));
#1137 = CARTESIAN_POINT('',(130.51146361249,-10.8926466775,
    75.615546625308));
#1138 = CARTESIAN_POINT('',(131.50926205373,-11.00069249253,
    75.59982527214));
#1139 = CARTESIAN_POINT('',(132.84069506505,-10.99976544891,
    75.599960159539));
#1140 = CARTESIAN_POINT('',(133.17372177929,-10.98743407379,
    75.601754318688));
#1141 = CARTESIAN_POINT('',(133.50645986876,-10.96300293855,
    75.605309004299));
#1142 = CARTESIAN_POINT('',(133.83862023489,-10.92644144733,
    75.610613605462));
#1143 = CARTESIAN_POINT('',(134.16990397855,-10.87768867809,
    75.617646793178));
#1144 = CARTESIAN_POINT('',(134.5000024,-10.81665338263,75.626376520365)
  );
#1145 = PCURVE('',#885,#1146);
#1146 = DEFINITIONAL_REPRESENTATION('',(#1147),#1180);
#1147 = B_SPLINE_CURVE_WITH_KNOTS('',6,(#1148,#1149,#1150,#1151,#1152,
    #1153,#1154,#1155,#1156,#1157,#1158,#1159,#1160,#1161,#1162,#1163,
    #1164,#1165,#1166,#1167,#1168,#1169,#1170,#1171,#1172,#1173,#1174,
    #1175,#1176,#1177,#1178,#1179),.UNSPECIFIED.,.F.,.F.,(7,5,5,5,5,5,7)
  ,(0.,0.162137816289,0.26892217961,0.409152371121,0.527288871497,
    0.881759096065,1.),.UNSPECIFIED.);
#1148 = CARTESIAN_POINT('',(0.,126.1));
#1149 = CARTESIAN_POINT('',(8.459279159227E-03,126.1));
#1150 = CARTESIAN_POINT('',(1.690061044211E-02,126.14556152368));
#1151 = CARTESIAN_POINT('',(2.523541903549E-02,126.2363208505));
#1152 = CARTESIAN_POINT('',(3.337668645206E-02,126.37011667289));
#1153 = CARTESIAN_POINT('',(4.124300901554E-02,126.54304405816));
#1154 = CARTESIAN_POINT('',(5.37154468726E-02,126.88544185416));
#1155 = CARTESIAN_POINT('',(5.852484307759E-02,127.03613216179));
#1156 = CARTESIAN_POINT('',(6.318332058999E-02,127.20039627984));
#1157 = CARTESIAN_POINT('',(6.768431798815E-02,127.37706194435));
#1158 = CARTESIAN_POINT('',(7.202244854883E-02,127.56493986865));
#1159 = CARTESIAN_POINT('',(8.167098934215E-02,128.02268434346));
#1160 = CARTESIAN_POINT('',(8.686204025859E-02,128.29987949698));
#1161 = CARTESIAN_POINT('',(9.176747899335E-02,128.59220017531));
#1162 = CARTESIAN_POINT('',(9.6389857366E-02,128.89769204878));
#1163 = CARTESIAN_POINT('',(0.10073297757,129.21462169817));
#1164 = CARTESIAN_POINT('',(0.108228840036,129.81677412293));
#1165 = CARTESIAN_POINT('',(0.111462167142,130.09919271867));
#1166 = CARTESIAN_POINT('',(0.114505091834,130.38787734212));
#1167 = CARTESIAN_POINT('',(0.11736122273,130.6821022619));
#1168 = CARTESIAN_POINT('',(0.120034081409,130.98123798954));
#1169 = CARTESIAN_POINT('',(0.130007484823,132.19544600423));
#1170 = CARTESIAN_POINT('',(0.135872049611,133.14594342234));
#1171 = CARTESIAN_POINT('',(0.140204719194,134.12120307724));
#1172 = CARTESIAN_POINT('',(0.143068798804,135.11146361249));
#1173 = CARTESIAN_POINT('',(0.144497980904,136.10926205373));
#1174 = CARTESIAN_POINT('',(0.144485718411,137.44069506505));
#1175 = CARTESIAN_POINT('',(0.144322604793,137.77372177929));
#1176 = CARTESIAN_POINT('',(0.143999441661,138.10645986876));
#1177 = CARTESIAN_POINT('',(0.143515852559,138.43862023489));
#1178 = CARTESIAN_POINT('',(0.142871087735,138.76990397854));
#1179 = CARTESIAN_POINT('',(0.142064024138,139.1000024));
#1180 = ( GEOMETRIC_REPRESENTATION_CONTEXT(2) 
PARAMETRIC_REPRESENTATION_CONTEXT() REPRESENTATION_CONTEXT('2D SPACE',''
  ) );
#1181 = PCURVE('',#1040,#1182);
#1182 = DEFINITIONAL_REPRESENTATION('',(#1183),#1216);
#1183 = B_SPLINE_CURVE_WITH_KNOTS('',6,(#1184,#1185,#1186,#1187,#1188,
    #1189,#1190,#1191,#1192,#1193,#1194,#1195,#1196,#1197,#1198,#1199,
    #1200,#1201,#1202,#1203,#1204,#1205,#1206,#1207,#1208,#1209,#1210,
    #1211,#1212,#1213,#1214,#1215),.UNSPECIFIED.,.F.,.F.,(7,5,5,5,5,5,7)
  ,(0.,0.162137816289,0.26892217961,0.409152371121,0.527288871497,
    0.881759096065,1.),.UNSPECIFIED.);
#1184 = CARTESIAN_POINT('',(3.14159265359,3.));
#1185 = CARTESIAN_POINT('',(3.200343116376,3.));
#1186 = CARTESIAN_POINT('',(3.258968921881,2.993439872158));
#1187 = CARTESIAN_POINT('',(3.317212412863,2.98037117573));
#1188 = CARTESIAN_POINT('',(3.374818851672,2.961307355547));
#1189 = CARTESIAN_POINT('',(3.431507871235,2.937192665072));
#1190 = CARTESIAN_POINT('',(3.52345609111,2.890747663322));
#1191 = CARTESIAN_POINT('',(3.559476437762,2.870592392922));
#1192 = CARTESIAN_POINT('',(3.595007215194,2.848997634082));
#1193 = CARTESIAN_POINT('',(3.630045516288,2.826243360097));
#1194 = CARTESIAN_POINT('',(3.664584354222,2.802606407305));
#1195 = CARTESIAN_POINT('',(3.743298863971,2.746497740018));
#1196 = CARTESIAN_POINT('',(3.787118397185,2.713567762634));
#1197 = CARTESIAN_POINT('',(3.830131663234,2.680096431927));
#1198 = CARTESIAN_POINT('',(3.872391841506,2.646556240485));
#1199 = CARTESIAN_POINT('',(3.913946929195,2.6133563413));
#1200 = CARTESIAN_POINT('',(3.989293589032,2.553451207228));
#1201 = CARTESIAN_POINT('',(4.023285251168,2.526540212877));
#1202 = CARTESIAN_POINT('',(4.056854777136,2.500307848423));
#1203 = CARTESIAN_POINT('',(4.09003642329,2.474923916352));
#1204 = CARTESIAN_POINT('',(4.122863143666,2.450532460342));
#1205 = CARTESIAN_POINT('',(4.252903302744,2.357409024899));
#1206 = CARTESIAN_POINT('',(4.347591379624,2.297558874813));
#1207 = CARTESIAN_POINT('',(4.44026602061,2.251054192362));
#1208 = CARTESIAN_POINT('',(4.531619238111,2.219546625308));
#1209 = CARTESIAN_POINT('',(4.622321872416,2.20382527214));
#1210 = CARTESIAN_POINT('',(4.743361266421,2.203960159539));
#1211 = CARTESIAN_POINT('',(4.773637407526,2.205754318688));
#1212 = CARTESIAN_POINT('',(4.803937607098,2.209309004299));
#1213 = CARTESIAN_POINT('',(4.834285960126,2.214613605462));
#1214 = CARTESIAN_POINT('',(4.864706728148,2.221646793178));
#1215 = CARTESIAN_POINT('',(4.895224339258,2.230376520365));
#1216 = ( GEOMETRIC_REPRESENTATION_CONTEXT(2) 
PARAMETRIC_REPRESENTATION_CONTEXT() REPRESENTATION_CONTEXT('2D SPACE',''
  ) );
#1217 = FACE_BOUND('',#1218,.T.);
#1218 = EDGE_LOOP('',(#1219));
#1219 = ORIENTED_EDGE('',*,*,#1220,.T.);
#1220 = EDGE_CURVE('',#1221,#1221,#1223,.T.);
#1221 = VERTEX_POINT('',#1222);
#1222 = CARTESIAN_POINT('',(103.,-76.396,8.833538764646E-16));
#1223 = SURFACE_CURVE('',#1224,(#1281,#1341),.PCURVE_S1.);
#1224 = B_SPLINE_CURVE_WITH_KNOTS('',7,(#1225,#1226,#1227,#1228,#1229,
    #1230,#1231,#1232,#1233,#1234,#1235,#1236,#1237,#1238,#1239,#1240,
    #1241,#1242,#1243,#1244,#1245,#1246,#1247,#1248,#1249,#1250,#1251,
    #1252,#1253,#1254,#1255,#1256,#1257,#1258,#1259,#1260,#1261,#1262,
    #1263,#1264,#1265,#1266,#1267,#1268,#1269,#1270,#1271,#1272,#1273,
    #1274,#1275,#1276,#1277,#1278,#1279,#1280),.UNSPECIFIED.,.T.,.F.,(8,
    6,6,6,6,6,6,6,6,8),(0.,0.121193460559,0.247352672459,0.383637163784,
    0.500259251179,0.607343623226,0.749690002978,0.877943052945,
    0.948639380226,1.),.UNSPECIFIED.);
#1225 = CARTESIAN_POINT('',(103.,-76.396,1.110223024625E-14));
#1226 = CARTESIAN_POINT('',(103.,-76.396,-0.358334825942));
#1227 = CARTESIAN_POINT('',(102.94451746983,-76.39403910487,
    -0.706600909611));
#1228 = CARTESIAN_POINT('',(102.83916039015,-76.39031568568,
    -1.034784039818));
#1229 = CARTESIAN_POINT('',(102.69144067618,-76.38534808622,
    -1.334659293146));
#1230 = CARTESIAN_POINT('',(102.51065842527,-76.37983170572,
    -1.600095390021));
#1231 = CARTESIAN_POINT('',(102.30771686262,-76.37437068661,
    -1.827620227175));
#1232 = CARTESIAN_POINT('',(101.87346290643,-76.36416419106,
    -2.214073434455));
#1233 = CARTESIAN_POINT('',(101.63506638822,-76.35930998643,
    -2.375381921501));
#1234 = CARTESIAN_POINT('',(101.38549246786,-76.35514845392,
    -2.502675681039));
#1235 = CARTESIAN_POINT('',(101.12863469466,-76.35188319529,
    -2.597709425711));
#1236 = CARTESIAN_POINT('',(100.8672643006,-76.34962179134,
    -2.661854131856));
#1237 = CARTESIAN_POINT('',(100.6035135228,-76.34841917851,
    -2.695870867455));
#1238 = CARTESIAN_POINT('',(100.0538157632,-76.34813645022,
    -2.703866461088));
#1239 = CARTESIAN_POINT('',(99.768443302605,-76.34923474418,
    -2.672798555353));
#1240 = CARTESIAN_POINT('',(99.485494009955,-76.35157855464,
    -2.606730970236));
#1241 = CARTESIAN_POINT('',(99.207573616764,-76.35510496643,
    -2.504756771524));
#1242 = CARTESIAN_POINT('',(98.938125496686,-76.3596838736,
    -2.365131439476));
#1243 = CARTESIAN_POINT('',(98.682120035014,-76.36505203313,
    -2.185593912249));
#1244 = CARTESIAN_POINT('',(98.24607570098,-76.37563102799,
    -1.774207300379));
#1245 = CARTESIAN_POINT('',(98.055326852765,-76.38087608004,
    -1.548850580085));
#1246 = CARTESIAN_POINT('',(97.8862468423,-76.3860985356,-1.288508499586
    ));
#1247 = CARTESIAN_POINT('',(97.748743873411,-76.39074317296,
    -0.996700954272));
#1248 = CARTESIAN_POINT('',(97.651140106619,-76.39419257577,
    -0.679307546429));
#1249 = CARTESIAN_POINT('',(97.6,-76.396,-0.344025905295));
#1250 = CARTESIAN_POINT('',(97.6,-76.396,0.31589040172));
#1251 = CARTESIAN_POINT('',(97.643117488211,-76.39447611358,
    0.625337794288));
#1252 = CARTESIAN_POINT('',(97.72618809606,-76.39154033628,
    0.920792415157));
#1253 = CARTESIAN_POINT('',(97.844292701168,-76.38751902983,
    1.195622210298));
#1254 = CARTESIAN_POINT('',(97.990890367196,-76.38288890089,
    1.444533994441));
#1255 = CARTESIAN_POINT('',(98.157956390189,-76.37810848541,
    1.664040588778));
#1256 = CARTESIAN_POINT('',(98.572884270325,-76.36743881292,
    2.103838447885));
#1257 = CARTESIAN_POINT('',(98.835922517361,-76.3615307917,
    2.307672646105));
#1258 = CARTESIAN_POINT('',(99.115466479282,-76.35639669335,
    2.46676677609));
#1259 = CARTESIAN_POINT('',(99.405377086687,-76.35237918396,
    2.583899629484));
#1260 = CARTESIAN_POINT('',(99.70136699618,-76.34964414447,
    2.661231260541));
#1261 = CARTESIAN_POINT('',(100.00046468019,-76.34827316973,2.7));
#1262 = CARTESIAN_POINT('',(100.56987913851,-76.34827316973,2.7));
#1263 = CARTESIAN_POINT('',(100.83948094638,-76.34938610701,
    2.668528998059));
#1264 = CARTESIAN_POINT('',(101.10679537952,-76.35160815042,
    2.605697628734));
#1265 = CARTESIAN_POINT('',(101.36958227893,-76.3548843547,
    2.510737853705));
#1266 = CARTESIAN_POINT('',(101.62493650999,-76.35910405202,
    2.38221369382));
#1267 = CARTESIAN_POINT('',(101.86875794034,-76.36405360781,
    2.218260498748));
#1268 = CARTESIAN_POINT('',(102.21963098446,-76.37230035861,
    1.906010002657));
#1269 = CARTESIAN_POINT('',(102.33927250539,-76.37534972519,
    1.783424468147));
#1270 = CARTESIAN_POINT('',(102.45246809106,-76.37845028901,
    1.649085155894));
#1271 = CARTESIAN_POINT('',(102.55772381331,-76.38151860794,
    1.50299866651));
#1272 = CARTESIAN_POINT('',(102.65344155661,-76.38445597657,1.3453282615
    ));
#1273 = CARTESIAN_POINT('',(102.73790088091,-76.38715267089,
    1.176423673265));
#1274 = CARTESIAN_POINT('',(102.8610646972,-76.39119834972,
    0.866401782842));
#1275 = CARTESIAN_POINT('',(102.9059781044,-76.39271481747,0.73028713877
    ));
#1276 = CARTESIAN_POINT('',(102.94298321804,-76.39399233477,
    0.589415725372));
#1277 = CARTESIAN_POINT('',(102.97130927515,-76.39498582654,
    0.44481371688));
#1278 = CARTESIAN_POINT('',(102.99041607744,-76.39566147095,0.2975955172
    ));
#1279 = CARTESIAN_POINT('',(103.,-76.396,0.1489288752));
#1280 = CARTESIAN_POINT('',(103.,-76.396,1.110223024625E-14));
#1281 = PCURVE('',#885,#1282);
#1282 = DEFINITIONAL_REPRESENTATION('',(#1283),#1340);
#1283 = B_SPLINE_CURVE_WITH_KNOTS('',7,(#1284,#1285,#1286,#1287,#1288,
    #1289,#1290,#1291,#1292,#1293,#1294,#1295,#1296,#1297,#1298,#1299,
    #1300,#1301,#1302,#1303,#1304,#1305,#1306,#1307,#1308,#1309,#1310,
    #1311,#1312,#1313,#1314,#1315,#1316,#1317,#1318,#1319,#1320,#1321,
    #1322,#1323,#1324,#1325,#1326,#1327,#1328,#1329,#1330,#1331,#1332,
    #1333,#1334,#1335,#1336,#1337,#1338,#1339),.UNSPECIFIED.,.T.,.F.,(8,
    6,6,6,6,6,6,6,6,8),(0.,0.121193460559,0.247352672459,0.383637163784,
    0.500259251179,0.607343623226,0.749690002978,0.877943052945,
    0.948639380226,1.),.UNSPECIFIED.);
#1284 = CARTESIAN_POINT('',(1.570796326795,107.6));
#1285 = CARTESIAN_POINT('',(1.575486818783,107.6));
#1286 = CARTESIAN_POINT('',(1.580045514237,107.54451746983));
#1287 = CARTESIAN_POINT('',(1.584341497354,107.43916039015));
#1288 = CARTESIAN_POINT('',(1.588267237879,107.29144067618));
#1289 = CARTESIAN_POINT('',(1.591742435215,107.11065842527));
#1290 = CARTESIAN_POINT('',(1.594721513876,106.90771686262));
#1291 = CARTESIAN_POINT('',(1.5997818307,106.47346290643));
#1292 = CARTESIAN_POINT('',(1.601894250421,106.23506638822));
#1293 = CARTESIAN_POINT('',(1.60356137174,105.98549246786));
#1294 = CARTESIAN_POINT('',(1.604806067316,105.72863469466));
#1295 = CARTESIAN_POINT('',(1.605646223351,105.4672643006));
#1296 = CARTESIAN_POINT('',(1.606091770062,105.2035135228));
#1297 = CARTESIAN_POINT('',(1.606196495319,104.6538157632));
#1298 = CARTESIAN_POINT('',(1.605789572033,104.3684433026));
#1299 = CARTESIAN_POINT('',(1.604924223661,104.08549400995));
#1300 = CARTESIAN_POINT('',(1.603588615786,103.80757361676));
#1301 = CARTESIAN_POINT('',(1.601759986732,103.53812549668));
#1302 = CARTESIAN_POINT('',(1.599408866331,103.28212003501));
#1303 = CARTESIAN_POINT('',(1.594022162692,102.84607570098));
#1304 = CARTESIAN_POINT('',(1.591071523022,102.65532685276));
#1305 = CARTESIAN_POINT('',(1.587663068849,102.4862468423));
#1306 = CARTESIAN_POINT('',(1.583842982268,102.34874387341));
#1307 = CARTESIAN_POINT('',(1.579688252535,102.25114010661));
#1308 = CARTESIAN_POINT('',(1.57529951944,102.2));
#1309 = CARTESIAN_POINT('',(1.566661419186,102.2));
#1310 = CARTESIAN_POINT('',(1.562610848457,102.24311748821));
#1311 = CARTESIAN_POINT('',(1.558743324065,102.32618809606));
#1312 = CARTESIAN_POINT('',(1.555145559982,102.44429270116));
#1313 = CARTESIAN_POINT('',(1.551886845013,102.59089036719));
#1314 = CARTESIAN_POINT('',(1.549012899278,102.75795639018));
#1315 = CARTESIAN_POINT('',(1.543254387506,103.17288427032));
#1316 = CARTESIAN_POINT('',(1.540585170149,103.43592251736));
#1317 = CARTESIAN_POINT('',(1.538501601947,103.71546647928));
#1318 = CARTESIAN_POINT('',(1.536967468796,104.00537708668));
#1319 = CARTESIAN_POINT('',(1.535954588672,104.30136699618));
#1320 = CARTESIAN_POINT('',(1.53544680068,104.60046468019));
#1321 = CARTESIAN_POINT('',(1.53544680068,105.16987913851));
#1322 = CARTESIAN_POINT('',(1.535859003855,105.43948094638));
#1323 = CARTESIAN_POINT('',(1.536681961263,105.70679537952));
#1324 = CARTESIAN_POINT('',(1.537925694203,105.96958227893));
#1325 = CARTESIAN_POINT('',(1.539608937385,106.22493650999));
#1326 = CARTESIAN_POINT('',(1.541755996402,106.46875794034));
#1327 = CARTESIAN_POINT('',(1.545844684008,106.81963098446));
#1328 = CARTESIAN_POINT('',(1.54744978519,106.93927250539));
#1329 = CARTESIAN_POINT('',(1.549208708846,107.05246809106));
#1330 = CARTESIAN_POINT('',(1.551121349259,107.15772381331));
#1331 = CARTESIAN_POINT('',(1.55318555336,107.25344155661));
#1332 = CARTESIAN_POINT('',(1.555396734505,107.33790088091));
#1333 = CARTESIAN_POINT('',(1.559455170636,107.4610646972));
#1334 = CARTESIAN_POINT('',(1.56123697662,107.5059781044));
#1335 = CARTESIAN_POINT('',(1.563081009015,107.54298321804));
#1336 = CARTESIAN_POINT('',(1.564973840717,107.57130927515));
#1337 = CARTESIAN_POINT('',(1.566900893656,107.59041607744));
#1338 = CARTESIAN_POINT('',(1.568846893903,107.6));
#1339 = CARTESIAN_POINT('',(1.570796326795,107.6));
#1340 = ( GEOMETRIC_REPRESENTATION_CONTEXT(2) 
PARAMETRIC_REPRESENTATION_CONTEXT() REPRESENTATION_CONTEXT('2D SPACE',''
  ) );
#1341 = PCURVE('',#1342,#1347);
#1342 = CYLINDRICAL_SURFACE('',#1343,2.7);
#1343 = AXIS2_PLACEMENT_3D('',#1344,#1345,#1346);
#1344 = CARTESIAN_POINT('',(100.3,-77.396,0.));
#1345 = DIRECTION('',(0.,1.,2.22044604925E-16));
#1346 = DIRECTION('',(1.,0.,-0.));
#1347 = DEFINITIONAL_REPRESENTATION('',(#1348),#1405);
#1348 = B_SPLINE_CURVE_WITH_KNOTS('',7,(#1349,#1350,#1351,#1352,#1353,
    #1354,#1355,#1356,#1357,#1358,#1359,#1360,#1361,#1362,#1363,#1364,
    #1365,#1366,#1367,#1368,#1369,#1370,#1371,#1372,#1373,#1374,#1375,
    #1376,#1377,#1378,#1379,#1380,#1381,#1382,#1383,#1384,#1385,#1386,
    #1387,#1388,#1389,#1390,#1391,#1392,#1393,#1394,#1395,#1396,#1397,
    #1398,#1399,#1400,#1401,#1402,#1403,#1404),.UNSPECIFIED.,.F.,.F.,(8,
    6,6,6,6,6,6,6,6,8),(0.,0.121193460559,0.247352672459,0.383637163784,
    0.500259251179,0.607343623226,0.749690002978,0.877943052945,
    0.948639380226,1.),.UNSPECIFIED.);
#1349 = CARTESIAN_POINT('',(0.,1.));
#1350 = CARTESIAN_POINT('',(0.132716602201,1.));
#1351 = CARTESIAN_POINT('',(0.261703943156,1.001960895129));
#1352 = CARTESIAN_POINT('',(0.387071705125,1.005684314315));
#1353 = CARTESIAN_POINT('',(0.508625608349,1.010651913775));
#1354 = CARTESIAN_POINT('',(0.625916303669,1.01616829428));
#1355 = CARTESIAN_POINT('',(0.738086745356,1.02162931339));
#1356 = CARTESIAN_POINT('',(0.953387147952,1.031835808936));
#1357 = CARTESIAN_POINT('',(1.059063346976,1.036690013564));
#1358 = CARTESIAN_POINT('',(1.161618737882,1.040851546079));
#1359 = CARTESIAN_POINT('',(1.261843274946,1.044116804707));
#1360 = CARTESIAN_POINT('',(1.360514853464,1.046378208659));
#1361 = CARTESIAN_POINT('',(1.458373045699,1.04758082149));
#1362 = CARTESIAN_POINT('',(1.661986344302,1.047863549779));
#1363 = CARTESIAN_POINT('',(1.767500972738,1.046765255819));
#1364 = CARTESIAN_POINT('',(1.873862362563,1.044421445352));
#1365 = CARTESIAN_POINT('',(1.981988790533,1.040895033569));
#1366 = CARTESIAN_POINT('',(2.092860966972,1.036316126396));
#1367 = CARTESIAN_POINT('',(2.207460371438,1.030947966863));
#1368 = CARTESIAN_POINT('',(2.429489177905,1.020368972008));
#1369 = CARTESIAN_POINT('',(2.538154038565,1.015123919955));
#1370 = CARTESIAN_POINT('',(2.651625482827,1.009901464396));
#1371 = CARTESIAN_POINT('',(2.769065003502,1.005256827039));
#1372 = CARTESIAN_POINT('',(2.889997386963,1.001807424229));
#1373 = CARTESIAN_POINT('',(3.014175651629,1.));
#1374 = CARTESIAN_POINT('',(3.258589098671,1.));
#1375 = CARTESIAN_POINT('',(3.373199121543,1.001523886415));
#1376 = CARTESIAN_POINT('',(3.485243078295,1.004459663716));
#1377 = CARTESIAN_POINT('',(3.594397613537,1.008480970163));
#1378 = CARTESIAN_POINT('',(3.700164395078,1.013111099106));
#1379 = CARTESIAN_POINT('',(3.801761161899,1.017891514586));
#1380 = CARTESIAN_POINT('',(4.025701220565,1.028561187071));
#1381 = CARTESIAN_POINT('',(4.147468992196,1.034469208292));
#1382 = CARTESIAN_POINT('',(4.264784262761,1.039603306644));
#1383 = CARTESIAN_POINT('',(4.378815671105,1.043620816039));
#1384 = CARTESIAN_POINT('',(4.490673411092,1.046355855522));
#1385 = CARTESIAN_POINT('',(4.60144997305,1.047726830268));
#1386 = CARTESIAN_POINT('',(4.81234421687,1.047726830268));
#1387 = CARTESIAN_POINT('',(4.912196521162,1.046613892988));
#1388 = CARTESIAN_POINT('',(5.012834008192,1.044391849578));
#1389 = CARTESIAN_POINT('',(5.115038873004,1.041115645296));
#1390 = CARTESIAN_POINT('',(5.219637122096,1.036895947972));
#1391 = CARTESIAN_POINT('',(5.327465466392,1.03194639219));
#1392 = CARTESIAN_POINT('',(5.501426132917,1.023699641386));
#1393 = CARTESIAN_POINT('',(5.564711244865,1.020650274802));
#1394 = CARTESIAN_POINT('',(5.62949241406,1.017549710984));
#1395 = CARTESIAN_POINT('',(5.695823904713,1.014481392052));
#1396 = CARTESIAN_POINT('',(5.76378152453,1.01154402343));
#1397 = CARTESIAN_POINT('',(5.833468252056,1.008847329105));
#1398 = CARTESIAN_POINT('',(5.957020442582,1.004801650272));
#1399 = CARTESIAN_POINT('',(6.010013097471,1.003285182521));
#1400 = CARTESIAN_POINT('',(6.063791115947,1.002007665221));
#1401 = CARTESIAN_POINT('',(6.118165337873,1.001014173457));
#1402 = CARTESIAN_POINT('',(6.172964776027,1.000338529046));
#1403 = CARTESIAN_POINT('',(6.228026464513,1.));
#1404 = CARTESIAN_POINT('',(6.28318530718,1.));
#1405 = ( GEOMETRIC_REPRESENTATION_CONTEXT(2) 
PARAMETRIC_REPRESENTATION_CONTEXT() REPRESENTATION_CONTEXT('2D SPACE',''
  ) );
#1406 = FACE_BOUND('',#1407,.T.);
#1407 = EDGE_LOOP('',(#1408));
#1408 = ORIENTED_EDGE('',*,*,#1409,.F.);
#1409 = EDGE_CURVE('',#1410,#1410,#1412,.T.);
#1410 = VERTEX_POINT('',#1411);
#1411 = CARTESIAN_POINT('',(103.,76.396,1.882554598627E-15));
#1412 = SURFACE_CURVE('',#1413,(#1470,#1530),.PCURVE_S1.);
#1413 = B_SPLINE_CURVE_WITH_KNOTS('',7,(#1414,#1415,#1416,#1417,#1418,
    #1419,#1420,#1421,#1422,#1423,#1424,#1425,#1426,#1427,#1428,#1429,
    #1430,#1431,#1432,#1433,#1434,#1435,#1436,#1437,#1438,#1439,#1440,
    #1441,#1442,#1443,#1444,#1445,#1446,#1447,#1448,#1449,#1450,#1451,
    #1452,#1453,#1454,#1455,#1456,#1457,#1458,#1459,#1460,#1461,#1462,
    #1463,#1464,#1465,#1466,#1467,#1468,#1469),.UNSPECIFIED.,.T.,.F.,(8,
    6,6,6,6,6,6,6,6,8),(0.,0.121193461202,0.247352673777,0.383637165831,
    0.50025925387,0.60734362567,0.749690005854,0.877943054481,
    0.948639380914,1.),.UNSPECIFIED.);
#1414 = CARTESIAN_POINT('',(103.,76.396,-6.217248937901E-15));
#1415 = CARTESIAN_POINT('',(103.,76.396,-0.358334825928));
#1416 = CARTESIAN_POINT('',(102.94451746984,76.394039104871,
    -0.706600909625));
#1417 = CARTESIAN_POINT('',(102.83916039014,76.390315685684,
    -1.034784039829));
#1418 = CARTESIAN_POINT('',(102.69144067618,76.385348086225,
    -1.334659293134));
#1419 = CARTESIAN_POINT('',(102.51065842528,76.379831705721,
    -1.600095390013));
#1420 = CARTESIAN_POINT('',(102.3077168626,76.37437068661,
    -1.827620227185));
#1421 = CARTESIAN_POINT('',(101.87346290643,76.364164191064,
    -2.214073434455));
#1422 = CARTESIAN_POINT('',(101.63506638822,76.359309986436,
    -2.375381921501));
#1423 = CARTESIAN_POINT('',(101.38549246786,76.355148453921,
    -2.502675681039));
#1424 = CARTESIAN_POINT('',(101.12863469466,76.351883195293,
    -2.597709425711));
#1425 = CARTESIAN_POINT('',(100.8672643006,76.349621791341,
    -2.661854131856));
#1426 = CARTESIAN_POINT('',(100.6035135228,76.34841917851,
    -2.695870867455));
#1427 = CARTESIAN_POINT('',(100.0538157632,76.348136450221,
    -2.703866461088));
#1428 = CARTESIAN_POINT('',(99.768443302606,76.349234744181,
    -2.672798555353));
#1429 = CARTESIAN_POINT('',(99.485494009955,76.351578554648,
    -2.606730970236));
#1430 = CARTESIAN_POINT('',(99.207573616764,76.355104966431,
    -2.504756771524));
#1431 = CARTESIAN_POINT('',(98.938125496687,76.359683873604,
    -2.365131439476));
#1432 = CARTESIAN_POINT('',(98.682120035014,76.365052033137,
    -2.185593912249));
#1433 = CARTESIAN_POINT('',(98.246075700945,76.375631027992,
    -1.774207300346));
#1434 = CARTESIAN_POINT('',(98.055326852814,76.380876080044,
    -1.548850580116));
#1435 = CARTESIAN_POINT('',(97.886246842299,76.386098535604,
    -1.288508499623));
#1436 = CARTESIAN_POINT('',(97.74874387338,76.390743172962,
    -0.996700954239));
#1437 = CARTESIAN_POINT('',(97.651140106632,76.39419257577,
    -0.679307546382));
#1438 = CARTESIAN_POINT('',(97.6,76.396,-0.344025905342));
#1439 = CARTESIAN_POINT('',(97.6,76.396,0.315890399288));
#1440 = CARTESIAN_POINT('',(97.64311748773,76.394476113596,
    0.625337800208));
#1441 = CARTESIAN_POINT('',(97.726188098464,76.391540336224,
    0.920792410475));
#1442 = CARTESIAN_POINT('',(97.84429269663,76.387519029956,
    1.195622209387));
#1443 = CARTESIAN_POINT('',(97.990890371204,76.382888900788,
    1.444533997846));
#1444 = CARTESIAN_POINT('',(98.157956388702,76.378108485453,
    1.664040587202));
#1445 = CARTESIAN_POINT('',(98.572884273566,76.367438812846,
    2.103838451321));
#1446 = CARTESIAN_POINT('',(98.835922503908,76.361530791967,
    2.307672635772));
#1447 = CARTESIAN_POINT('',(99.115466504595,76.356396692992,
    2.466766790224));
#1448 = CARTESIAN_POINT('',(99.405377060452,76.352379184222,
    2.583899619544));
#1449 = CARTESIAN_POINT('',(99.701367011263,76.349644144397,
    2.661231263589));
#1450 = CARTESIAN_POINT('',(100.00046467616,76.348273169732,2.7));
#1451 = CARTESIAN_POINT('',(100.56987913851,76.348273169732,2.7));
#1452 = CARTESIAN_POINT('',(100.83948094638,76.349386107012,
    2.668528998059));
#1453 = CARTESIAN_POINT('',(101.10679537952,76.351608150422,
    2.605697628734));
#1454 = CARTESIAN_POINT('',(101.36958227893,76.354884354704,
    2.510737853706));
#1455 = CARTESIAN_POINT('',(101.62493650999,76.359104052028,
    2.38221369382));
#1456 = CARTESIAN_POINT('',(101.86875794034,76.36405360781,
    2.218260498748));
#1457 = CARTESIAN_POINT('',(102.21963098427,76.372300358609,
    1.90601000283));
#1458 = CARTESIAN_POINT('',(102.33927250541,76.375349725198,
    1.783424468179));
#1459 = CARTESIAN_POINT('',(102.45246809121,76.37845028902,1.64908515574
    ));
#1460 = CARTESIAN_POINT('',(102.55772381339,76.381518607951,
    1.502998666334));
#1461 = CARTESIAN_POINT('',(102.65344155656,76.384455976568,
    1.345328261516));
#1462 = CARTESIAN_POINT('',(102.73790088081,76.387152670892,
    1.176423673502));
#1463 = CARTESIAN_POINT('',(102.8610646972,76.391198349728,
    0.866401782851));
#1464 = CARTESIAN_POINT('',(102.9059781044,76.392714817479,
    0.730287138761));
#1465 = CARTESIAN_POINT('',(102.94298321804,76.393992334779,
    0.589415725365));
#1466 = CARTESIAN_POINT('',(102.97130927515,76.394985826543,
    0.444813716887));
#1467 = CARTESIAN_POINT('',(102.99041607744,76.395661470954,
    0.297595517209));
#1468 = CARTESIAN_POINT('',(103.,76.396,0.148928875192));
#1469 = CARTESIAN_POINT('',(103.,76.396,-6.217248937901E-15));
#1470 = PCURVE('',#885,#1471);
#1471 = DEFINITIONAL_REPRESENTATION('',(#1472),#1529);
#1472 = B_SPLINE_CURVE_WITH_KNOTS('',7,(#1473,#1474,#1475,#1476,#1477,
    #1478,#1479,#1480,#1481,#1482,#1483,#1484,#1485,#1486,#1487,#1488,
    #1489,#1490,#1491,#1492,#1493,#1494,#1495,#1496,#1497,#1498,#1499,
    #1500,#1501,#1502,#1503,#1504,#1505,#1506,#1507,#1508,#1509,#1510,
    #1511,#1512,#1513,#1514,#1515,#1516,#1517,#1518,#1519,#1520,#1521,
    #1522,#1523,#1524,#1525,#1526,#1527,#1528),.UNSPECIFIED.,.T.,.F.,(8,
    6,6,6,6,6,6,6,6,8),(0.,0.121193461202,0.247352673777,0.383637165831,
    0.50025925387,0.60734362567,0.749690005854,0.877943054481,
    0.948639380914,1.),.UNSPECIFIED.);
#1473 = CARTESIAN_POINT('',(4.712388980385,107.6));
#1474 = CARTESIAN_POINT('',(4.707698488397,107.6));
#1475 = CARTESIAN_POINT('',(4.703139792943,107.54451746984));
#1476 = CARTESIAN_POINT('',(4.698843809825,107.43916039014));
#1477 = CARTESIAN_POINT('',(4.694918069301,107.29144067618));
#1478 = CARTESIAN_POINT('',(4.691442871965,107.11065842528));
#1479 = CARTESIAN_POINT('',(4.688463793303,106.9077168626));
#1480 = CARTESIAN_POINT('',(4.68340347648,106.47346290643));
#1481 = CARTESIAN_POINT('',(4.681291056759,106.23506638822));
#1482 = CARTESIAN_POINT('',(4.679623935439,105.98549246786));
#1483 = CARTESIAN_POINT('',(4.678379239863,105.72863469466));
#1484 = CARTESIAN_POINT('',(4.677539083829,105.4672643006));
#1485 = CARTESIAN_POINT('',(4.677093537118,105.2035135228));
#1486 = CARTESIAN_POINT('',(4.67698881186,104.6538157632));
#1487 = CARTESIAN_POINT('',(4.677395735146,104.3684433026));
#1488 = CARTESIAN_POINT('',(4.678261083519,104.08549400995));
#1489 = CARTESIAN_POINT('',(4.679596691394,103.80757361676));
#1490 = CARTESIAN_POINT('',(4.681425320448,103.53812549668));
#1491 = CARTESIAN_POINT('',(4.683776440848,103.28212003501));
#1492 = CARTESIAN_POINT('',(4.689163144488,102.84607570094));
#1493 = CARTESIAN_POINT('',(4.692113784157,102.65532685281));
#1494 = CARTESIAN_POINT('',(4.69552223833,102.48624684229));
#1495 = CARTESIAN_POINT('',(4.699342324912,102.34874387338));
#1496 = CARTESIAN_POINT('',(4.703497054645,102.25114010663));
#1497 = CARTESIAN_POINT('',(4.707885787739,102.2));
#1498 = CARTESIAN_POINT('',(4.716523887962,102.2));
#1499 = CARTESIAN_POINT('',(4.7205744588,102.24311748773));
#1500 = CARTESIAN_POINT('',(4.724441983053,102.32618809846));
#1501 = CARTESIAN_POINT('',(4.728039747186,102.44429269663));
#1502 = CARTESIAN_POINT('',(4.731298462211,102.5908903712));
#1503 = CARTESIAN_POINT('',(4.734172407881,102.7579563887));
#1504 = CARTESIAN_POINT('',(4.739930919719,103.17288427356));
#1505 = CARTESIAN_POINT('',(4.742600136896,103.4359225039));
#1506 = CARTESIAN_POINT('',(4.744683705418,103.71546650459));
#1507 = CARTESIAN_POINT('',(4.746217838253,104.00537706045));
#1508 = CARTESIAN_POINT('',(4.747230718547,104.30136701126));
#1509 = CARTESIAN_POINT('',(4.747738506499,104.60046467616));
#1510 = CARTESIAN_POINT('',(4.747738506499,105.16987913851));
#1511 = CARTESIAN_POINT('',(4.747326303325,105.43948094638));
#1512 = CARTESIAN_POINT('',(4.746503345917,105.70679537952));
#1513 = CARTESIAN_POINT('',(4.745259612977,105.96958227893));
#1514 = CARTESIAN_POINT('',(4.743576369794,106.22493650999));
#1515 = CARTESIAN_POINT('',(4.741429310777,106.46875794034));
#1516 = CARTESIAN_POINT('',(4.737340623174,106.81963098427));
#1517 = CARTESIAN_POINT('',(4.73573552199,106.93927250541));
#1518 = CARTESIAN_POINT('',(4.733976598331,107.05246809121));
#1519 = CARTESIAN_POINT('',(4.732063957918,107.15772381339));
#1520 = CARTESIAN_POINT('',(4.72999975382,107.25344155656));
#1521 = CARTESIAN_POINT('',(4.727788572677,107.33790088081));
#1522 = CARTESIAN_POINT('',(4.723730136543,107.4610646972));
#1523 = CARTESIAN_POINT('',(4.72194833056,107.5059781044));
#1524 = CARTESIAN_POINT('',(4.720104298165,107.54298321804));
#1525 = CARTESIAN_POINT('',(4.718211466462,107.57130927515));
#1526 = CARTESIAN_POINT('',(4.716284413524,107.59041607744));
#1527 = CARTESIAN_POINT('',(4.714338413276,107.6));
#1528 = CARTESIAN_POINT('',(4.712388980385,107.6));
#1529 = ( GEOMETRIC_REPRESENTATION_CONTEXT(2) 
PARAMETRIC_REPRESENTATION_CONTEXT() REPRESENTATION_CONTEXT('2D SPACE',''
  ) );
#1530 = PCURVE('',#1531,#1536);
#1531 = CYLINDRICAL_SURFACE('',#1532,2.7);
#1532 = AXIS2_PLACEMENT_3D('',#1533,#1534,#1535);
#1533 = CARTESIAN_POINT('',(100.3,70.896,0.));
#1534 = DIRECTION('',(0.,1.,2.22044604925E-16));
#1535 = DIRECTION('',(1.,0.,-0.));
#1536 = DEFINITIONAL_REPRESENTATION('',(#1537),#1594);
#1537 = B_SPLINE_CURVE_WITH_KNOTS('',7,(#1538,#1539,#1540,#1541,#1542,
    #1543,#1544,#1545,#1546,#1547,#1548,#1549,#1550,#1551,#1552,#1553,
    #1554,#1555,#1556,#1557,#1558,#1559,#1560,#1561,#1562,#1563,#1564,
    #1565,#1566,#1567,#1568,#1569,#1570,#1571,#1572,#1573,#1574,#1575,
    #1576,#1577,#1578,#1579,#1580,#1581,#1582,#1583,#1584,#1585,#1586,
    #1587,#1588,#1589,#1590,#1591,#1592,#1593),.UNSPECIFIED.,.F.,.F.,(8,
    6,6,6,6,6,6,6,6,8),(0.,0.121193461202,0.247352673777,0.383637165831,
    0.50025925387,0.60734362567,0.749690005854,0.877943054481,
    0.948639380914,1.),.UNSPECIFIED.);
#1538 = CARTESIAN_POINT('',(0.,5.5));
#1539 = CARTESIAN_POINT('',(0.132716602196,5.5));
#1540 = CARTESIAN_POINT('',(0.261703943161,5.498039104871));
#1541 = CARTESIAN_POINT('',(0.387071705129,5.494315685684));
#1542 = CARTESIAN_POINT('',(0.508625608346,5.489348086225));
#1543 = CARTESIAN_POINT('',(0.625916303663,5.483831705721));
#1544 = CARTESIAN_POINT('',(0.738086745361,5.47837068661));
#1545 = CARTESIAN_POINT('',(0.953387147952,5.468164191064));
#1546 = CARTESIAN_POINT('',(1.059063346976,5.463309986436));
#1547 = CARTESIAN_POINT('',(1.161618737881,5.459148453921));
#1548 = CARTESIAN_POINT('',(1.261843274947,5.455883195293));
#1549 = CARTESIAN_POINT('',(1.360514853464,5.453621791341));
#1550 = CARTESIAN_POINT('',(1.458373045699,5.45241917851));
#1551 = CARTESIAN_POINT('',(1.661986344302,5.452136450221));
#1552 = CARTESIAN_POINT('',(1.767500972738,5.453234744181));
#1553 = CARTESIAN_POINT('',(1.873862362563,5.455578554648));
#1554 = CARTESIAN_POINT('',(1.981988790533,5.459104966431));
#1555 = CARTESIAN_POINT('',(2.092860966972,5.463683873604));
#1556 = CARTESIAN_POINT('',(2.207460371438,5.469052033137));
#1557 = CARTESIAN_POINT('',(2.429489177922,5.479631027992));
#1558 = CARTESIAN_POINT('',(2.538154038544,5.484876080044));
#1559 = CARTESIAN_POINT('',(2.651625482819,5.490098535604));
#1560 = CARTESIAN_POINT('',(2.769065003513,5.494743172962));
#1561 = CARTESIAN_POINT('',(2.889997386981,5.49819257577));
#1562 = CARTESIAN_POINT('',(3.014175651611,5.5));
#1563 = CARTESIAN_POINT('',(3.258589097771,5.5));
#1564 = CARTESIAN_POINT('',(3.373199123646,5.498476113596));
#1565 = CARTESIAN_POINT('',(3.485243076924,5.495540336224));
#1566 = CARTESIAN_POINT('',(3.59439761256,5.491519029956));
#1567 = CARTESIAN_POINT('',(3.700164396904,5.486888900788));
#1568 = CARTESIAN_POINT('',(3.801761161097,5.482108485453));
#1569 = CARTESIAN_POINT('',(4.025701222314,5.471438812846));
#1570 = CARTESIAN_POINT('',(4.147468985642,5.465530791967));
#1571 = CARTESIAN_POINT('',(4.264784274191,5.460396692992));
#1572 = CARTESIAN_POINT('',(4.378815659999,5.456379184222));
#1573 = CARTESIAN_POINT('',(4.490673417091,5.453644144397));
#1574 = CARTESIAN_POINT('',(4.601449971555,5.452273169732));
#1575 = CARTESIAN_POINT('',(4.81234421687,5.452273169732));
#1576 = CARTESIAN_POINT('',(4.912196521162,5.453386107012));
#1577 = CARTESIAN_POINT('',(5.012834008191,5.455608150422));
#1578 = CARTESIAN_POINT('',(5.115038873005,5.458884354704));
#1579 = CARTESIAN_POINT('',(5.219637122096,5.463104052028));
#1580 = CARTESIAN_POINT('',(5.327465466392,5.46805360781));
#1581 = CARTESIAN_POINT('',(5.501426132821,5.476300358609));
#1582 = CARTESIAN_POINT('',(5.564711244863,5.479349725198));
#1583 = CARTESIAN_POINT('',(5.629492414137,5.48245028902));
#1584 = CARTESIAN_POINT('',(5.695823904783,5.485518607951));
#1585 = CARTESIAN_POINT('',(5.763781524517,5.488455976568));
#1586 = CARTESIAN_POINT('',(5.833468251961,5.491152670892));
#1587 = CARTESIAN_POINT('',(5.957020442579,5.495198349728));
#1588 = CARTESIAN_POINT('',(6.010013097475,5.496714817479));
#1589 = CARTESIAN_POINT('',(6.06379111595,5.497992334779));
#1590 = CARTESIAN_POINT('',(6.118165337871,5.498985826543));
#1591 = CARTESIAN_POINT('',(6.172964776023,5.499661470954));
#1592 = CARTESIAN_POINT('',(6.228026464516,5.5));
#1593 = CARTESIAN_POINT('',(6.28318530718,5.5));
#1594 = ( GEOMETRIC_REPRESENTATION_CONTEXT(2) 
PARAMETRIC_REPRESENTATION_CONTEXT() REPRESENTATION_CONTEXT('2D SPACE',''
  ) );
#1595 = ADVANCED_FACE('',(#1596),#926,.T.);
#1596 = FACE_BOUND('',#1597,.T.);
#1597 = EDGE_LOOP('',(#1598,#1621,#1622,#1623));
#1598 = ORIENTED_EDGE('',*,*,#1599,.T.);
#1599 = EDGE_CURVE('',#1600,#910,#1602,.T.);
#1600 = VERTEX_POINT('',#1601);
#1601 = CARTESIAN_POINT('',(-16.6,-1.748697657438E-14,-71.396));
#1602 = SEAM_CURVE('',#1603,(#1607,#1614),.PCURVE_S1.);
#1603 = LINE('',#1604,#1605);
#1604 = CARTESIAN_POINT('',(-18.6,-1.748697657438E-14,-71.396));
#1605 = VECTOR('',#1606,1.);
#1606 = DIRECTION('',(1.,0.,2.22044604925E-16));
#1607 = PCURVE('',#926,#1608);
#1608 = DEFINITIONAL_REPRESENTATION('',(#1609),#1613);
#1609 = LINE('',#1610,#1611);
#1610 = CARTESIAN_POINT('',(6.28318530718,-0.));
#1611 = VECTOR('',#1612,1.);
#1612 = DIRECTION('',(0.,1.));
#1613 = ( GEOMETRIC_REPRESENTATION_CONTEXT(2) 
PARAMETRIC_REPRESENTATION_CONTEXT() REPRESENTATION_CONTEXT('2D SPACE',''
  ) );
#1614 = PCURVE('',#926,#1615);
#1615 = DEFINITIONAL_REPRESENTATION('',(#1616),#1620);
#1616 = LINE('',#1617,#1618);
#1617 = CARTESIAN_POINT('',(0.,-0.));
#1618 = VECTOR('',#1619,1.);
#1619 = DIRECTION('',(0.,1.));
#1620 = ( GEOMETRIC_REPRESENTATION_CONTEXT(2) 
PARAMETRIC_REPRESENTATION_CONTEXT() REPRESENTATION_CONTEXT('2D SPACE',''
  ) );
#1621 = ORIENTED_EDGE('',*,*,#909,.F.);
#1622 = ORIENTED_EDGE('',*,*,#1599,.F.);
#1623 = ORIENTED_EDGE('',*,*,#1624,.T.);
#1624 = EDGE_CURVE('',#1600,#1600,#1625,.T.);
#1625 = SURFACE_CURVE('',#1626,(#1631,#1638),.PCURVE_S1.);
#1626 = CIRCLE('',#1627,71.396);
#1627 = AXIS2_PLACEMENT_3D('',#1628,#1629,#1630);
#1628 = CARTESIAN_POINT('',(-16.6,0.,4.440892098501E-16));
#1629 = DIRECTION('',(1.,0.,2.22044604925E-16));
#1630 = DIRECTION('',(2.22044604925E-16,0.,-1.));
#1631 = PCURVE('',#926,#1632);
#1632 = DEFINITIONAL_REPRESENTATION('',(#1633),#1637);
#1633 = LINE('',#1634,#1635);
#1634 = CARTESIAN_POINT('',(0.,2.));
#1635 = VECTOR('',#1636,1.);
#1636 = DIRECTION('',(1.,0.));
#1637 = ( GEOMETRIC_REPRESENTATION_CONTEXT(2) 
PARAMETRIC_REPRESENTATION_CONTEXT() REPRESENTATION_CONTEXT('2D SPACE',''
  ) );
#1638 = PCURVE('',#1639,#1644);
#1639 = PLANE('',#1640);
#1640 = AXIS2_PLACEMENT_3D('',#1641,#1642,#1643);
#1641 = CARTESIAN_POINT('',(-16.6,0.,0.));
#1642 = DIRECTION('',(1.,0.,0.));
#1643 = DIRECTION('',(0.,0.,1.));
#1644 = DEFINITIONAL_REPRESENTATION('',(#1645),#1649);
#1645 = CIRCLE('',#1646,71.396);
#1646 = AXIS2_PLACEMENT_2D('',#1647,#1648);
#1647 = CARTESIAN_POINT('',(4.440892098501E-16,0.));
#1648 = DIRECTION('',(-1.,0.));
#1649 = ( GEOMETRIC_REPRESENTATION_CONTEXT(2) 
PARAMETRIC_REPRESENTATION_CONTEXT() REPRESENTATION_CONTEXT('2D SPACE',''
  ) );
#1650 = ADVANCED_FACE('',(#1651),#1040,.T.);
#1651 = FACE_BOUND('',#1652,.T.);
#1652 = EDGE_LOOP('',(#1653,#1684,#1703,#1704,#1705));
#1653 = ORIENTED_EDGE('',*,*,#1654,.F.);
#1654 = EDGE_CURVE('',#1655,#1657,#1659,.T.);
#1655 = VERTEX_POINT('',#1656);
#1656 = CARTESIAN_POINT('',(134.5,10.816653826392,86.4));
#1657 = VERTEX_POINT('',#1658);
#1658 = CARTESIAN_POINT('',(134.5,-10.81665382639,86.4));
#1659 = SURFACE_CURVE('',#1660,(#1665,#1672),.PCURVE_S1.);
#1660 = CIRCLE('',#1661,11.);
#1661 = AXIS2_PLACEMENT_3D('',#1662,#1663,#1664);
#1662 = CARTESIAN_POINT('',(132.5,0.,86.4));
#1663 = DIRECTION('',(0.,0.,1.));
#1664 = DIRECTION('',(1.,0.,-0.));
#1665 = PCURVE('',#1040,#1666);
#1666 = DEFINITIONAL_REPRESENTATION('',(#1667),#1671);
#1667 = LINE('',#1668,#1669);
#1668 = CARTESIAN_POINT('',(0.,13.004));
#1669 = VECTOR('',#1670,1.);
#1670 = DIRECTION('',(1.,0.));
#1671 = ( GEOMETRIC_REPRESENTATION_CONTEXT(2) 
PARAMETRIC_REPRESENTATION_CONTEXT() REPRESENTATION_CONTEXT('2D SPACE',''
  ) );
#1672 = PCURVE('',#1673,#1678);
#1673 = PLANE('',#1674);
#1674 = AXIS2_PLACEMENT_3D('',#1675,#1676,#1677);
#1675 = CARTESIAN_POINT('',(132.5,0.,86.4));
#1676 = DIRECTION('',(0.,0.,1.));
#1677 = DIRECTION('',(1.,0.,-0.));
#1678 = DEFINITIONAL_REPRESENTATION('',(#1679),#1683);
#1679 = CIRCLE('',#1680,11.);
#1680 = AXIS2_PLACEMENT_2D('',#1681,#1682);
#1681 = CARTESIAN_POINT('',(0.,0.));
#1682 = DIRECTION('',(1.,0.));
#1683 = ( GEOMETRIC_REPRESENTATION_CONTEXT(2) 
PARAMETRIC_REPRESENTATION_CONTEXT() REPRESENTATION_CONTEXT('2D SPACE',''
  ) );
#1684 = ORIENTED_EDGE('',*,*,#1685,.F.);
#1685 = EDGE_CURVE('',#967,#1655,#1686,.T.);
#1686 = SURFACE_CURVE('',#1687,(#1691,#1697),.PCURVE_S1.);
#1687 = LINE('',#1688,#1689);
#1688 = CARTESIAN_POINT('',(134.5,10.816653826392,73.396));
#1689 = VECTOR('',#1690,1.);
#1690 = DIRECTION('',(0.,0.,1.));
#1691 = PCURVE('',#1040,#1692);
#1692 = DEFINITIONAL_REPRESENTATION('',(#1693),#1696);
#1693 = B_SPLINE_CURVE_WITH_KNOTS('',1,(#1694,#1695),.UNSPECIFIED.,.F.,
  .F.,(2,2),(-2.399999999625E-06,13.0040024),.PIECEWISE_BEZIER_KNOTS.);
#1694 = CARTESIAN_POINT('',(1.387961189802,-2.399999999625E-06));
#1695 = CARTESIAN_POINT('',(1.387961189802,13.0040024));
#1696 = ( GEOMETRIC_REPRESENTATION_CONTEXT(2) 
PARAMETRIC_REPRESENTATION_CONTEXT() REPRESENTATION_CONTEXT('2D SPACE',''
  ) );
#1697 = PCURVE('',#1098,#1698);
#1698 = DEFINITIONAL_REPRESENTATION('',(#1699),#1702);
#1699 = B_SPLINE_CURVE_WITH_KNOTS('',1,(#1700,#1701),.UNSPECIFIED.,.F.,
  .F.,(2,2),(-2.399999999625E-06,13.0040024),.PIECEWISE_BEZIER_KNOTS.);
#1700 = CARTESIAN_POINT('',(73.3959976,-10.81665382639));
#1701 = CARTESIAN_POINT('',(86.4000024,-10.81665382639));
#1702 = ( GEOMETRIC_REPRESENTATION_CONTEXT(2) 
PARAMETRIC_REPRESENTATION_CONTEXT() REPRESENTATION_CONTEXT('2D SPACE',''
  ) );
#1703 = ORIENTED_EDGE('',*,*,#966,.T.);
#1704 = ORIENTED_EDGE('',*,*,#1110,.T.);
#1705 = ORIENTED_EDGE('',*,*,#1706,.T.);
#1706 = EDGE_CURVE('',#1082,#1657,#1707,.T.);
#1707 = SURFACE_CURVE('',#1708,(#1712,#1718),.PCURVE_S1.);
#1708 = LINE('',#1709,#1710);
#1709 = CARTESIAN_POINT('',(134.5,-10.81665382639,73.396));
#1710 = VECTOR('',#1711,1.);
#1711 = DIRECTION('',(0.,0.,1.));
#1712 = PCURVE('',#1040,#1713);
#1713 = DEFINITIONAL_REPRESENTATION('',(#1714),#1717);
#1714 = B_SPLINE_CURVE_WITH_KNOTS('',1,(#1715,#1716),.UNSPECIFIED.,.F.,
  .F.,(2,2),(-2.399999999625E-06,13.0040024),.PIECEWISE_BEZIER_KNOTS.);
#1715 = CARTESIAN_POINT('',(4.895224117378,-2.399999999625E-06));
#1716 = CARTESIAN_POINT('',(4.895224117378,13.0040024));
#1717 = ( GEOMETRIC_REPRESENTATION_CONTEXT(2) 
PARAMETRIC_REPRESENTATION_CONTEXT() REPRESENTATION_CONTEXT('2D SPACE',''
  ) );
#1718 = PCURVE('',#1098,#1719);
#1719 = DEFINITIONAL_REPRESENTATION('',(#1720),#1723);
#1720 = B_SPLINE_CURVE_WITH_KNOTS('',1,(#1721,#1722),.UNSPECIFIED.,.F.,
  .F.,(2,2),(-2.399999999625E-06,13.0040024),.PIECEWISE_BEZIER_KNOTS.);
#1721 = CARTESIAN_POINT('',(73.3959976,10.816653826392));
#1722 = CARTESIAN_POINT('',(86.4000024,10.816653826392));
#1723 = ( GEOMETRIC_REPRESENTATION_CONTEXT(2) 
PARAMETRIC_REPRESENTATION_CONTEXT() REPRESENTATION_CONTEXT('2D SPACE',''
  ) );
#1724 = ADVANCED_FACE('',(#1725,#1756,#1787,#1818,#1849,#1880,#1911,
    #2029,#2060,#2091),#1098,.F.);
#1725 = FACE_BOUND('',#1726,.T.);
#1726 = EDGE_LOOP('',(#1727));
#1727 = ORIENTED_EDGE('',*,*,#1728,.F.);
#1728 = EDGE_CURVE('',#1729,#1729,#1731,.T.);
#1729 = VERTEX_POINT('',#1730);
#1730 = CARTESIAN_POINT('',(134.5,0.,93.));
#1731 = SURFACE_CURVE('',#1732,(#1737,#1744),.PCURVE_S1.);
#1732 = CIRCLE('',#1733,93.);
#1733 = AXIS2_PLACEMENT_3D('',#1734,#1735,#1736);
#1734 = CARTESIAN_POINT('',(134.5,0.,0.));
#1735 = DIRECTION('',(1.,0.,-0.));
#1736 = DIRECTION('',(0.,0.,1.));
#1737 = PCURVE('',#1098,#1738);
#1738 = DEFINITIONAL_REPRESENTATION('',(#1739),#1743);
#1739 = CIRCLE('',#1740,93.);
#1740 = AXIS2_PLACEMENT_2D('',#1741,#1742);
#1741 = CARTESIAN_POINT('',(0.,0.));
#1742 = DIRECTION('',(1.,-0.));
#1743 = ( GEOMETRIC_REPRESENTATION_CONTEXT(2) 
PARAMETRIC_REPRESENTATION_CONTEXT() REPRESENTATION_CONTEXT('2D SPACE',''
  ) );
#1744 = PCURVE('',#1745,#1750);
#1745 = CYLINDRICAL_SURFACE('',#1746,93.);
#1746 = AXIS2_PLACEMENT_3D('',#1747,#1748,#1749);
#1747 = CARTESIAN_POINT('',(134.5,0.,0.));
#1748 = DIRECTION('',(1.,0.,0.));
#1749 = DIRECTION('',(0.,0.,1.));
#1750 = DEFINITIONAL_REPRESENTATION('',(#1751),#1755);
#1751 = LINE('',#1752,#1753);
#1752 = CARTESIAN_POINT('',(0.,0.));
#1753 = VECTOR('',#1754,1.);
#1754 = DIRECTION('',(1.,0.));
#1755 = ( GEOMETRIC_REPRESENTATION_CONTEXT(2) 
PARAMETRIC_REPRESENTATION_CONTEXT() REPRESENTATION_CONTEXT('2D SPACE',''
  ) );
#1756 = FACE_BOUND('',#1757,.T.);
#1757 = EDGE_LOOP('',(#1758));
#1758 = ORIENTED_EDGE('',*,*,#1759,.T.);
#1759 = EDGE_CURVE('',#1760,#1760,#1762,.T.);
#1760 = VERTEX_POINT('',#1761);
#1761 = CARTESIAN_POINT('',(134.5,78.529760263459,29.328091751033));
#1762 = SURFACE_CURVE('',#1763,(#1768,#1775),.PCURVE_S1.);
#1763 = CIRCLE('',#1764,3.2);
#1764 = AXIS2_PLACEMENT_3D('',#1765,#1766,#1767);
#1765 = CARTESIAN_POINT('',(134.5,78.529760263459,32.528091751033));
#1766 = DIRECTION('',(1.,0.,2.22044604925E-16));
#1767 = DIRECTION('',(2.22044604925E-16,0.,-1.));
#1768 = PCURVE('',#1098,#1769);
#1769 = DEFINITIONAL_REPRESENTATION('',(#1770),#1774);
#1770 = CIRCLE('',#1771,3.2);
#1771 = AXIS2_PLACEMENT_2D('',#1772,#1773);
#1772 = CARTESIAN_POINT('',(32.528091751033,-78.52976026345));
#1773 = DIRECTION('',(-1.,0.));
#1774 = ( GEOMETRIC_REPRESENTATION_CONTEXT(2) 
PARAMETRIC_REPRESENTATION_CONTEXT() REPRESENTATION_CONTEXT('2D SPACE',''
  ) );
#1775 = PCURVE('',#1776,#1781);
#1776 = CYLINDRICAL_SURFACE('',#1777,3.2);
#1777 = AXIS2_PLACEMENT_3D('',#1778,#1779,#1780);
#1778 = CARTESIAN_POINT('',(133.5,78.529760263459,32.528091751033));
#1779 = DIRECTION('',(1.,0.,2.22044604925E-16));
#1780 = DIRECTION('',(2.22044604925E-16,0.,-1.));
#1781 = DEFINITIONAL_REPRESENTATION('',(#1782),#1786);
#1782 = LINE('',#1783,#1784);
#1783 = CARTESIAN_POINT('',(0.,1.));
#1784 = VECTOR('',#1785,1.);
#1785 = DIRECTION('',(1.,0.));
#1786 = ( GEOMETRIC_REPRESENTATION_CONTEXT(2) 
PARAMETRIC_REPRESENTATION_CONTEXT() REPRESENTATION_CONTEXT('2D SPACE',''
  ) );
#1787 = FACE_BOUND('',#1788,.T.);
#1788 = EDGE_LOOP('',(#1789));
#1789 = ORIENTED_EDGE('',*,*,#1790,.T.);
#1790 = EDGE_CURVE('',#1791,#1791,#1793,.T.);
#1791 = VERTEX_POINT('',#1792);
#1792 = CARTESIAN_POINT('',(134.5,32.528091751033,75.329760263459));
#1793 = SURFACE_CURVE('',#1794,(#1799,#1806),.PCURVE_S1.);
#1794 = CIRCLE('',#1795,3.2);
#1795 = AXIS2_PLACEMENT_3D('',#1796,#1797,#1798);
#1796 = CARTESIAN_POINT('',(134.5,32.528091751033,78.529760263459));
#1797 = DIRECTION('',(1.,0.,2.22044604925E-16));
#1798 = DIRECTION('',(2.22044604925E-16,0.,-1.));
#1799 = PCURVE('',#1098,#1800);
#1800 = DEFINITIONAL_REPRESENTATION('',(#1801),#1805);
#1801 = CIRCLE('',#1802,3.2);
#1802 = AXIS2_PLACEMENT_2D('',#1803,#1804);
#1803 = CARTESIAN_POINT('',(78.529760263459,-32.52809175103));
#1804 = DIRECTION('',(-1.,0.));
#1805 = ( GEOMETRIC_REPRESENTATION_CONTEXT(2) 
PARAMETRIC_REPRESENTATION_CONTEXT() REPRESENTATION_CONTEXT('2D SPACE',''
  ) );
#1806 = PCURVE('',#1807,#1812);
#1807 = CYLINDRICAL_SURFACE('',#1808,3.2);
#1808 = AXIS2_PLACEMENT_3D('',#1809,#1810,#1811);
#1809 = CARTESIAN_POINT('',(133.5,32.528091751033,78.529760263459));
#1810 = DIRECTION('',(1.,0.,2.22044604925E-16));
#1811 = DIRECTION('',(2.22044604925E-16,0.,-1.));
#1812 = DEFINITIONAL_REPRESENTATION('',(#1813),#1817);
#1813 = LINE('',#1814,#1815);
#1814 = CARTESIAN_POINT('',(0.,1.));
#1815 = VECTOR('',#1816,1.);
#1816 = DIRECTION('',(1.,0.));
#1817 = ( GEOMETRIC_REPRESENTATION_CONTEXT(2) 
PARAMETRIC_REPRESENTATION_CONTEXT() REPRESENTATION_CONTEXT('2D SPACE',''
  ) );
#1818 = FACE_BOUND('',#1819,.T.);
#1819 = EDGE_LOOP('',(#1820));
#1820 = ORIENTED_EDGE('',*,*,#1821,.T.);
#1821 = EDGE_CURVE('',#1822,#1822,#1824,.T.);
#1822 = VERTEX_POINT('',#1823);
#1823 = CARTESIAN_POINT('',(134.5,78.529760263459,-35.72809175103));
#1824 = SURFACE_CURVE('',#1825,(#1830,#1837),.PCURVE_S1.);
#1825 = CIRCLE('',#1826,3.2);
#1826 = AXIS2_PLACEMENT_3D('',#1827,#1828,#1829);
#1827 = CARTESIAN_POINT('',(134.5,78.529760263459,-32.52809175103));
#1828 = DIRECTION('',(1.,0.,2.22044604925E-16));
#1829 = DIRECTION('',(2.22044604925E-16,0.,-1.));
#1830 = PCURVE('',#1098,#1831);
#1831 = DEFINITIONAL_REPRESENTATION('',(#1832),#1836);
#1832 = CIRCLE('',#1833,3.2);
#1833 = AXIS2_PLACEMENT_2D('',#1834,#1835);
#1834 = CARTESIAN_POINT('',(-32.52809175103,-78.52976026345));
#1835 = DIRECTION('',(-1.,0.));
#1836 = ( GEOMETRIC_REPRESENTATION_CONTEXT(2) 
PARAMETRIC_REPRESENTATION_CONTEXT() REPRESENTATION_CONTEXT('2D SPACE',''
  ) );
#1837 = PCURVE('',#1838,#1843);
#1838 = CYLINDRICAL_SURFACE('',#1839,3.2);
#1839 = AXIS2_PLACEMENT_3D('',#1840,#1841,#1842);
#1840 = CARTESIAN_POINT('',(133.5,78.529760263459,-32.52809175103));
#1841 = DIRECTION('',(1.,0.,2.22044604925E-16));
#1842 = DIRECTION('',(2.22044604925E-16,0.,-1.));
#1843 = DEFINITIONAL_REPRESENTATION('',(#1844),#1848);
#1844 = LINE('',#1845,#1846);
#1845 = CARTESIAN_POINT('',(0.,1.));
#1846 = VECTOR('',#1847,1.);
#1847 = DIRECTION('',(1.,0.));
#1848 = ( GEOMETRIC_REPRESENTATION_CONTEXT(2) 
PARAMETRIC_REPRESENTATION_CONTEXT() REPRESENTATION_CONTEXT('2D SPACE',''
  ) );
#1849 = FACE_BOUND('',#1850,.T.);
#1850 = EDGE_LOOP('',(#1851));
#1851 = ORIENTED_EDGE('',*,*,#1852,.T.);
#1852 = EDGE_CURVE('',#1853,#1853,#1855,.T.);
#1853 = VERTEX_POINT('',#1854);
#1854 = CARTESIAN_POINT('',(134.5,32.528091751033,-81.72976026345));
#1855 = SURFACE_CURVE('',#1856,(#1861,#1868),.PCURVE_S1.);
#1856 = CIRCLE('',#1857,3.2);
#1857 = AXIS2_PLACEMENT_3D('',#1858,#1859,#1860);
#1858 = CARTESIAN_POINT('',(134.5,32.528091751033,-78.52976026345));
#1859 = DIRECTION('',(1.,0.,2.22044604925E-16));
#1860 = DIRECTION('',(2.22044604925E-16,0.,-1.));
#1861 = PCURVE('',#1098,#1862);
#1862 = DEFINITIONAL_REPRESENTATION('',(#1863),#1867);
#1863 = CIRCLE('',#1864,3.2);
#1864 = AXIS2_PLACEMENT_2D('',#1865,#1866);
#1865 = CARTESIAN_POINT('',(-78.52976026345,-32.52809175103));
#1866 = DIRECTION('',(-1.,0.));
#1867 = ( GEOMETRIC_REPRESENTATION_CONTEXT(2) 
PARAMETRIC_REPRESENTATION_CONTEXT() REPRESENTATION_CONTEXT('2D SPACE',''
  ) );
#1868 = PCURVE('',#1869,#1874);
#1869 = CYLINDRICAL_SURFACE('',#1870,3.2);
#1870 = AXIS2_PLACEMENT_3D('',#1871,#1872,#1873);
#1871 = CARTESIAN_POINT('',(133.5,32.528091751033,-78.52976026345));
#1872 = DIRECTION('',(1.,0.,2.22044604925E-16));
#1873 = DIRECTION('',(2.22044604925E-16,0.,-1.));
#1874 = DEFINITIONAL_REPRESENTATION('',(#1875),#1879);
#1875 = LINE('',#1876,#1877);
#1876 = CARTESIAN_POINT('',(0.,1.));
#1877 = VECTOR('',#1878,1.);
#1878 = DIRECTION('',(1.,0.));
#1879 = ( GEOMETRIC_REPRESENTATION_CONTEXT(2) 
PARAMETRIC_REPRESENTATION_CONTEXT() REPRESENTATION_CONTEXT('2D SPACE',''
  ) );
#1880 = FACE_BOUND('',#1881,.T.);
#1881 = EDGE_LOOP('',(#1882));
#1882 = ORIENTED_EDGE('',*,*,#1883,.T.);
#1883 = EDGE_CURVE('',#1884,#1884,#1886,.T.);
#1884 = VERTEX_POINT('',#1885);
#1885 = CARTESIAN_POINT('',(134.5,-32.52809175103,75.329760263459));
#1886 = SURFACE_CURVE('',#1887,(#1892,#1899),.PCURVE_S1.);
#1887 = CIRCLE('',#1888,3.2);
#1888 = AXIS2_PLACEMENT_3D('',#1889,#1890,#1891);
#1889 = CARTESIAN_POINT('',(134.5,-32.52809175103,78.529760263459));
#1890 = DIRECTION('',(1.,0.,2.22044604925E-16));
#1891 = DIRECTION('',(2.22044604925E-16,0.,-1.));
#1892 = PCURVE('',#1098,#1893);
#1893 = DEFINITIONAL_REPRESENTATION('',(#1894),#1898);
#1894 = CIRCLE('',#1895,3.2);
#1895 = AXIS2_PLACEMENT_2D('',#1896,#1897);
#1896 = CARTESIAN_POINT('',(78.529760263459,32.528091751033));
#1897 = DIRECTION('',(-1.,0.));
#1898 = ( GEOMETRIC_REPRESENTATION_CONTEXT(2) 
PARAMETRIC_REPRESENTATION_CONTEXT() REPRESENTATION_CONTEXT('2D SPACE',''
  ) );
#1899 = PCURVE('',#1900,#1905);
#1900 = CYLINDRICAL_SURFACE('',#1901,3.2);
#1901 = AXIS2_PLACEMENT_3D('',#1902,#1903,#1904);
#1902 = CARTESIAN_POINT('',(133.5,-32.52809175103,78.529760263459));
#1903 = DIRECTION('',(1.,0.,2.22044604925E-16));
#1904 = DIRECTION('',(2.22044604925E-16,0.,-1.));
#1905 = DEFINITIONAL_REPRESENTATION('',(#1906),#1910);
#1906 = LINE('',#1907,#1908);
#1907 = CARTESIAN_POINT('',(0.,1.));
#1908 = VECTOR('',#1909,1.);
#1909 = DIRECTION('',(1.,0.));
#1910 = ( GEOMETRIC_REPRESENTATION_CONTEXT(2) 
PARAMETRIC_REPRESENTATION_CONTEXT() REPRESENTATION_CONTEXT('2D SPACE',''
  ) );
#1911 = FACE_BOUND('',#1912,.T.);
#1912 = EDGE_LOOP('',(#1913,#1914,#1915,#1916,#1937,#1963,#1989,#2010));
#1913 = ORIENTED_EDGE('',*,*,#1706,.F.);
#1914 = ORIENTED_EDGE('',*,*,#1081,.T.);
#1915 = ORIENTED_EDGE('',*,*,#1685,.T.);
#1916 = ORIENTED_EDGE('',*,*,#1917,.F.);
#1917 = EDGE_CURVE('',#1918,#1655,#1920,.T.);
#1918 = VERTEX_POINT('',#1919);
#1919 = CARTESIAN_POINT('',(134.5,3.919183588453,86.4));
#1920 = SURFACE_CURVE('',#1921,(#1925,#1931),.PCURVE_S1.);
#1921 = LINE('',#1922,#1923);
#1922 = CARTESIAN_POINT('',(134.5,0.,86.4));
#1923 = VECTOR('',#1924,1.);
#1924 = DIRECTION('',(0.,1.,0.));
#1925 = PCURVE('',#1098,#1926);
#1926 = DEFINITIONAL_REPRESENTATION('',(#1927),#1930);
#1927 = B_SPLINE_CURVE_WITH_KNOTS('',1,(#1928,#1929),.UNSPECIFIED.,.F.,
  .F.,(2,2),(-11.,11.),.PIECEWISE_BEZIER_KNOTS.);
#1928 = CARTESIAN_POINT('',(86.4,11.));
#1929 = CARTESIAN_POINT('',(86.4,-11.));
#1930 = ( GEOMETRIC_REPRESENTATION_CONTEXT(2) 
PARAMETRIC_REPRESENTATION_CONTEXT() REPRESENTATION_CONTEXT('2D SPACE',''
  ) );
#1931 = PCURVE('',#1673,#1932);
#1932 = DEFINITIONAL_REPRESENTATION('',(#1933),#1936);
#1933 = B_SPLINE_CURVE_WITH_KNOTS('',1,(#1934,#1935),.UNSPECIFIED.,.F.,
  .F.,(2,2),(-11.,11.),.PIECEWISE_BEZIER_KNOTS.);
#1934 = CARTESIAN_POINT('',(2.,-11.));
#1935 = CARTESIAN_POINT('',(2.,11.));
#1936 = ( GEOMETRIC_REPRESENTATION_CONTEXT(2) 
PARAMETRIC_REPRESENTATION_CONTEXT() REPRESENTATION_CONTEXT('2D SPACE',''
  ) );
#1937 = ORIENTED_EDGE('',*,*,#1938,.T.);
#1938 = EDGE_CURVE('',#1918,#1939,#1941,.T.);
#1939 = VERTEX_POINT('',#1940);
#1940 = CARTESIAN_POINT('',(134.5,3.919183588453,87.4));
#1941 = SURFACE_CURVE('',#1942,(#1946,#1952),.PCURVE_S1.);
#1942 = LINE('',#1943,#1944);
#1943 = CARTESIAN_POINT('',(134.5,3.919183588453,78.4));
#1944 = VECTOR('',#1945,1.);
#1945 = DIRECTION('',(0.,0.,1.));
#1946 = PCURVE('',#1098,#1947);
#1947 = DEFINITIONAL_REPRESENTATION('',(#1948),#1951);
#1948 = B_SPLINE_CURVE_WITH_KNOTS('',1,(#1949,#1950),.UNSPECIFIED.,.F.,
  .F.,(2,2),(-6.000000070117E-07,9.0000006),.PIECEWISE_BEZIER_KNOTS.);
#1949 = CARTESIAN_POINT('',(78.3999994,-3.919183588453));
#1950 = CARTESIAN_POINT('',(87.4000006,-3.919183588453));
#1951 = ( GEOMETRIC_REPRESENTATION_CONTEXT(2) 
PARAMETRIC_REPRESENTATION_CONTEXT() REPRESENTATION_CONTEXT('2D SPACE',''
  ) );
#1952 = PCURVE('',#1953,#1958);
#1953 = CYLINDRICAL_SURFACE('',#1954,4.4);
#1954 = AXIS2_PLACEMENT_3D('',#1955,#1956,#1957);
#1955 = CARTESIAN_POINT('',(132.5,0.,78.4));
#1956 = DIRECTION('',(0.,0.,1.));
#1957 = DIRECTION('',(1.,0.,-0.));
#1958 = DEFINITIONAL_REPRESENTATION('',(#1959),#1962);
#1959 = B_SPLINE_CURVE_WITH_KNOTS('',1,(#1960,#1961),.UNSPECIFIED.,.F.,
  .F.,(2,2),(-6.000000070117E-07,9.0000006),.PIECEWISE_BEZIER_KNOTS.);
#1960 = CARTESIAN_POINT('',(1.098934489515,-6.000000070117E-07));
#1961 = CARTESIAN_POINT('',(1.098934489515,9.0000006));
#1962 = ( GEOMETRIC_REPRESENTATION_CONTEXT(2) 
PARAMETRIC_REPRESENTATION_CONTEXT() REPRESENTATION_CONTEXT('2D SPACE',''
  ) );
#1963 = ORIENTED_EDGE('',*,*,#1964,.F.);
#1964 = EDGE_CURVE('',#1965,#1939,#1967,.T.);
#1965 = VERTEX_POINT('',#1966);
#1966 = CARTESIAN_POINT('',(134.5,-3.919183588453,87.4));
#1967 = SURFACE_CURVE('',#1968,(#1972,#1978),.PCURVE_S1.);
#1968 = LINE('',#1969,#1970);
#1969 = CARTESIAN_POINT('',(134.5,0.,87.4));
#1970 = VECTOR('',#1971,1.);
#1971 = DIRECTION('',(0.,1.,0.));
#1972 = PCURVE('',#1098,#1973);
#1973 = DEFINITIONAL_REPRESENTATION('',(#1974),#1977);
#1974 = B_SPLINE_CURVE_WITH_KNOTS('',1,(#1975,#1976),.UNSPECIFIED.,.F.,
  .F.,(2,2),(-4.4,4.4),.PIECEWISE_BEZIER_KNOTS.);
#1975 = CARTESIAN_POINT('',(87.4,4.4));
#1976 = CARTESIAN_POINT('',(87.4,-4.4));
#1977 = ( GEOMETRIC_REPRESENTATION_CONTEXT(2) 
PARAMETRIC_REPRESENTATION_CONTEXT() REPRESENTATION_CONTEXT('2D SPACE',''
  ) );
#1978 = PCURVE('',#1979,#1984);
#1979 = PLANE('',#1980);
#1980 = AXIS2_PLACEMENT_3D('',#1981,#1982,#1983);
#1981 = CARTESIAN_POINT('',(132.5,0.,87.4));
#1982 = DIRECTION('',(0.,0.,1.));
#1983 = DIRECTION('',(1.,0.,-0.));
#1984 = DEFINITIONAL_REPRESENTATION('',(#1985),#1988);
#1985 = B_SPLINE_CURVE_WITH_KNOTS('',1,(#1986,#1987),.UNSPECIFIED.,.F.,
  .F.,(2,2),(-4.4,4.4),.PIECEWISE_BEZIER_KNOTS.);
#1986 = CARTESIAN_POINT('',(2.,-4.4));
#1987 = CARTESIAN_POINT('',(2.,4.4));
#1988 = ( GEOMETRIC_REPRESENTATION_CONTEXT(2) 
PARAMETRIC_REPRESENTATION_CONTEXT() REPRESENTATION_CONTEXT('2D SPACE',''
  ) );
#1989 = ORIENTED_EDGE('',*,*,#1990,.F.);
#1990 = EDGE_CURVE('',#1991,#1965,#1993,.T.);
#1991 = VERTEX_POINT('',#1992);
#1992 = CARTESIAN_POINT('',(134.5,-3.919183588453,86.4));
#1993 = SURFACE_CURVE('',#1994,(#1998,#2004),.PCURVE_S1.);
#1994 = LINE('',#1995,#1996);
#1995 = CARTESIAN_POINT('',(134.5,-3.919183588453,78.4));
#1996 = VECTOR('',#1997,1.);
#1997 = DIRECTION('',(0.,0.,1.));
#1998 = PCURVE('',#1098,#1999);
#1999 = DEFINITIONAL_REPRESENTATION('',(#2000),#2003);
#2000 = B_SPLINE_CURVE_WITH_KNOTS('',1,(#2001,#2002),.UNSPECIFIED.,.F.,
  .F.,(2,2),(-6.000000070117E-07,9.0000006),.PIECEWISE_BEZIER_KNOTS.);
#2001 = CARTESIAN_POINT('',(78.3999994,3.919183588453));
#2002 = CARTESIAN_POINT('',(87.4000006,3.919183588453));
#2003 = ( GEOMETRIC_REPRESENTATION_CONTEXT(2) 
PARAMETRIC_REPRESENTATION_CONTEXT() REPRESENTATION_CONTEXT('2D SPACE',''
  ) );
#2004 = PCURVE('',#1953,#2005);
#2005 = DEFINITIONAL_REPRESENTATION('',(#2006),#2009);
#2006 = B_SPLINE_CURVE_WITH_KNOTS('',1,(#2007,#2008),.UNSPECIFIED.,.F.,
  .F.,(2,2),(-6.000000070117E-07,9.0000006),.PIECEWISE_BEZIER_KNOTS.);
#2007 = CARTESIAN_POINT('',(5.184250817664,-6.000000070117E-07));
#2008 = CARTESIAN_POINT('',(5.184250817664,9.0000006));
#2009 = ( GEOMETRIC_REPRESENTATION_CONTEXT(2) 
PARAMETRIC_REPRESENTATION_CONTEXT() REPRESENTATION_CONTEXT('2D SPACE',''
  ) );
#2010 = ORIENTED_EDGE('',*,*,#2011,.F.);
#2011 = EDGE_CURVE('',#1657,#1991,#2012,.T.);
#2012 = SURFACE_CURVE('',#2013,(#2017,#2023),.PCURVE_S1.);
#2013 = LINE('',#2014,#2015);
#2014 = CARTESIAN_POINT('',(134.5,0.,86.4));
#2015 = VECTOR('',#2016,1.);
#2016 = DIRECTION('',(0.,1.,0.));
#2017 = PCURVE('',#1098,#2018);
#2018 = DEFINITIONAL_REPRESENTATION('',(#2019),#2022);
#2019 = B_SPLINE_CURVE_WITH_KNOTS('',1,(#2020,#2021),.UNSPECIFIED.,.F.,
  .F.,(2,2),(-11.,11.),.PIECEWISE_BEZIER_KNOTS.);
#2020 = CARTESIAN_POINT('',(86.4,11.));
#2021 = CARTESIAN_POINT('',(86.4,-11.));
#2022 = ( GEOMETRIC_REPRESENTATION_CONTEXT(2) 
PARAMETRIC_REPRESENTATION_CONTEXT() REPRESENTATION_CONTEXT('2D SPACE',''
  ) );
#2023 = PCURVE('',#1673,#2024);
#2024 = DEFINITIONAL_REPRESENTATION('',(#2025),#2028);
#2025 = B_SPLINE_CURVE_WITH_KNOTS('',1,(#2026,#2027),.UNSPECIFIED.,.F.,
  .F.,(2,2),(-11.,11.),.PIECEWISE_BEZIER_KNOTS.);
#2026 = CARTESIAN_POINT('',(2.,-11.));
#2027 = CARTESIAN_POINT('',(2.,11.));
#2028 = ( GEOMETRIC_REPRESENTATION_CONTEXT(2) 
PARAMETRIC_REPRESENTATION_CONTEXT() REPRESENTATION_CONTEXT('2D SPACE',''
  ) );
#2029 = FACE_BOUND('',#2030,.T.);
#2030 = EDGE_LOOP('',(#2031));
#2031 = ORIENTED_EDGE('',*,*,#2032,.T.);
#2032 = EDGE_CURVE('',#2033,#2033,#2035,.T.);
#2033 = VERTEX_POINT('',#2034);
#2034 = CARTESIAN_POINT('',(134.5,-78.52976026345,29.328091751033));
#2035 = SURFACE_CURVE('',#2036,(#2041,#2048),.PCURVE_S1.);
#2036 = CIRCLE('',#2037,3.2);
#2037 = AXIS2_PLACEMENT_3D('',#2038,#2039,#2040);
#2038 = CARTESIAN_POINT('',(134.5,-78.52976026345,32.528091751033));
#2039 = DIRECTION('',(1.,0.,2.22044604925E-16));
#2040 = DIRECTION('',(2.22044604925E-16,0.,-1.));
#2041 = PCURVE('',#1098,#2042);
#2042 = DEFINITIONAL_REPRESENTATION('',(#2043),#2047);
#2043 = CIRCLE('',#2044,3.2);
#2044 = AXIS2_PLACEMENT_2D('',#2045,#2046);
#2045 = CARTESIAN_POINT('',(32.528091751033,78.529760263459));
#2046 = DIRECTION('',(-1.,0.));
#2047 = ( GEOMETRIC_REPRESENTATION_CONTEXT(2) 
PARAMETRIC_REPRESENTATION_CONTEXT() REPRESENTATION_CONTEXT('2D SPACE',''
  ) );
#2048 = PCURVE('',#2049,#2054);
#2049 = CYLINDRICAL_SURFACE('',#2050,3.2);
#2050 = AXIS2_PLACEMENT_3D('',#2051,#2052,#2053);
#2051 = CARTESIAN_POINT('',(133.5,-78.52976026345,32.528091751033));
#2052 = DIRECTION('',(1.,0.,2.22044604925E-16));
#2053 = DIRECTION('',(2.22044604925E-16,0.,-1.));
#2054 = DEFINITIONAL_REPRESENTATION('',(#2055),#2059);
#2055 = LINE('',#2056,#2057);
#2056 = CARTESIAN_POINT('',(0.,1.));
#2057 = VECTOR('',#2058,1.);
#2058 = DIRECTION('',(1.,0.));
#2059 = ( GEOMETRIC_REPRESENTATION_CONTEXT(2) 
PARAMETRIC_REPRESENTATION_CONTEXT() REPRESENTATION_CONTEXT('2D SPACE',''
  ) );
#2060 = FACE_BOUND('',#2061,.T.);
#2061 = EDGE_LOOP('',(#2062));
#2062 = ORIENTED_EDGE('',*,*,#2063,.T.);
#2063 = EDGE_CURVE('',#2064,#2064,#2066,.T.);
#2064 = VERTEX_POINT('',#2065);
#2065 = CARTESIAN_POINT('',(134.5,-32.52809175103,-81.72976026345));
#2066 = SURFACE_CURVE('',#2067,(#2072,#2079),.PCURVE_S1.);
#2067 = CIRCLE('',#2068,3.2);
#2068 = AXIS2_PLACEMENT_3D('',#2069,#2070,#2071);
#2069 = CARTESIAN_POINT('',(134.5,-32.52809175103,-78.52976026345));
#2070 = DIRECTION('',(1.,0.,2.22044604925E-16));
#2071 = DIRECTION('',(2.22044604925E-16,0.,-1.));
#2072 = PCURVE('',#1098,#2073);
#2073 = DEFINITIONAL_REPRESENTATION('',(#2074),#2078);
#2074 = CIRCLE('',#2075,3.2);
#2075 = AXIS2_PLACEMENT_2D('',#2076,#2077);
#2076 = CARTESIAN_POINT('',(-78.52976026345,32.528091751033));
#2077 = DIRECTION('',(-1.,0.));
#2078 = ( GEOMETRIC_REPRESENTATION_CONTEXT(2) 
PARAMETRIC_REPRESENTATION_CONTEXT() REPRESENTATION_CONTEXT('2D SPACE',''
  ) );
#2079 = PCURVE('',#2080,#2085);
#2080 = CYLINDRICAL_SURFACE('',#2081,3.2);
#2081 = AXIS2_PLACEMENT_3D('',#2082,#2083,#2084);
#2082 = CARTESIAN_POINT('',(133.5,-32.52809175103,-78.52976026345));
#2083 = DIRECTION('',(1.,0.,2.22044604925E-16));
#2084 = DIRECTION('',(2.22044604925E-16,0.,-1.));
#2085 = DEFINITIONAL_REPRESENTATION('',(#2086),#2090);
#2086 = LINE('',#2087,#2088);
#2087 = CARTESIAN_POINT('',(0.,1.));
#2088 = VECTOR('',#2089,1.);
#2089 = DIRECTION('',(1.,0.));
#2090 = ( GEOMETRIC_REPRESENTATION_CONTEXT(2) 
PARAMETRIC_REPRESENTATION_CONTEXT() REPRESENTATION_CONTEXT('2D SPACE',''
  ) );
#2091 = FACE_BOUND('',#2092,.T.);
#2092 = EDGE_LOOP('',(#2093));
#2093 = ORIENTED_EDGE('',*,*,#2094,.T.);
#2094 = EDGE_CURVE('',#2095,#2095,#2097,.T.);
#2095 = VERTEX_POINT('',#2096);
#2096 = CARTESIAN_POINT('',(134.5,-78.52976026345,-35.72809175103));
#2097 = SURFACE_CURVE('',#2098,(#2103,#2110),.PCURVE_S1.);
#2098 = CIRCLE('',#2099,3.2);
#2099 = AXIS2_PLACEMENT_3D('',#2100,#2101,#2102);
#2100 = CARTESIAN_POINT('',(134.5,-78.52976026345,-32.52809175103));
#2101 = DIRECTION('',(1.,0.,2.22044604925E-16));
#2102 = DIRECTION('',(2.22044604925E-16,0.,-1.));
#2103 = PCURVE('',#1098,#2104);
#2104 = DEFINITIONAL_REPRESENTATION('',(#2105),#2109);
#2105 = CIRCLE('',#2106,3.2);
#2106 = AXIS2_PLACEMENT_2D('',#2107,#2108);
#2107 = CARTESIAN_POINT('',(-32.52809175103,78.529760263459));
#2108 = DIRECTION('',(-1.,0.));
#2109 = ( GEOMETRIC_REPRESENTATION_CONTEXT(2) 
PARAMETRIC_REPRESENTATION_CONTEXT() REPRESENTATION_CONTEXT('2D SPACE',''
  ) );
#2110 = PCURVE('',#2111,#2116);
#2111 = CYLINDRICAL_SURFACE('',#2112,3.2);
#2112 = AXIS2_PLACEMENT_3D('',#2113,#2114,#2115);
#2113 = CARTESIAN_POINT('',(133.5,-78.52976026345,-32.52809175103));
#2114 = DIRECTION('',(1.,0.,2.22044604925E-16));
#2115 = DIRECTION('',(2.22044604925E-16,0.,-1.));
#2116 = DEFINITIONAL_REPRESENTATION('',(#2117),#2121);
#2117 = LINE('',#2118,#2119);
#2118 = CARTESIAN_POINT('',(0.,1.));
#2119 = VECTOR('',#2120,1.);
#2120 = DIRECTION('',(1.,0.));
#2121 = ( GEOMETRIC_REPRESENTATION_CONTEXT(2) 
PARAMETRIC_REPRESENTATION_CONTEXT() REPRESENTATION_CONTEXT('2D SPACE',''
  ) );
#2122 = ADVANCED_FACE('',(#2123),#1342,.F.);
#2123 = FACE_BOUND('',#2124,.F.);
#2124 = EDGE_LOOP('',(#2125,#2312,#2333,#2334));
#2125 = ORIENTED_EDGE('',*,*,#2126,.F.);
#2126 = EDGE_CURVE('',#2127,#2127,#2129,.T.);
#2127 = VERTEX_POINT('',#2128);
#2128 = CARTESIAN_POINT('',(103.,-71.396,1.99357690109E-15));
#2129 = SURFACE_CURVE('',#2130,(#2187,#2247),.PCURVE_S1.);
#2130 = B_SPLINE_CURVE_WITH_KNOTS('',7,(#2131,#2132,#2133,#2134,#2135,
    #2136,#2137,#2138,#2139,#2140,#2141,#2142,#2143,#2144,#2145,#2146,
    #2147,#2148,#2149,#2150,#2151,#2152,#2153,#2154,#2155,#2156,#2157,
    #2158,#2159,#2160,#2161,#2162,#2163,#2164,#2165,#2166,#2167,#2168,
    #2169,#2170,#2171,#2172,#2173,#2174,#2175,#2176,#2177,#2178,#2179,
    #2180,#2181,#2182,#2183,#2184,#2185,#2186),.UNSPECIFIED.,.T.,.F.,(8,
    6,6,6,6,6,6,6,6,8),(0.,0.121194169595,0.247352729103,0.383636544266,
    0.50025928133,0.60734411427,0.749689899516,0.877942129884,
    0.948639456085,1.),.UNSPECIFIED.);
#2131 = CARTESIAN_POINT('',(103.,-71.396,1.110223024625E-14));
#2132 = CARTESIAN_POINT('',(103.,-71.396,-0.358342237385));
#2133 = CARTESIAN_POINT('',(102.94451517587,-71.39390169243,
    -0.706610692861));
#2134 = CARTESIAN_POINT('',(102.83915642444,-71.38991745392,
    -1.034792702564));
#2135 = CARTESIAN_POINT('',(102.69143654601,-71.38460192521,
    -1.334665379001));
#2136 = CARTESIAN_POINT('',(102.510655305,-71.37869910566,
    -1.600098843077));
#2137 = CARTESIAN_POINT('',(102.30771533253,-71.37285545577,
    -1.827621588839));
#2138 = CARTESIAN_POINT('',(101.87346694031,-71.36193376732,
    -2.214069844603));
#2139 = CARTESIAN_POINT('',(101.63507366499,-71.35673933885,
    -2.375377297555));
#2140 = CARTESIAN_POINT('',(101.38550133362,-71.35228601568,
    -2.502671809821));
#2141 = CARTESIAN_POINT('',(101.12864316803,-71.34879173122,
    -2.59770712854));
#2142 = CARTESIAN_POINT('',(100.86727065992,-71.34637168375,
    -2.661853298519));
#2143 = CARTESIAN_POINT('',(100.60351676519,-71.34508470325,
    -2.695870820293));
#2144 = CARTESIAN_POINT('',(100.0538122007,-71.34478214379,
    -2.703866512906));
#2145 = CARTESIAN_POINT('',(99.768436133879,-71.3459574912,
    -2.672797780215));
#2146 = CARTESIAN_POINT('',(99.485484307569,-71.3484657376,
    -2.606728464736));
#2147 = CARTESIAN_POINT('',(99.20756341197,-71.35223950777,
    -2.504752304976));
#2148 = CARTESIAN_POINT('',(98.938117165816,-71.35713947431,
    -2.365125974411));
#2149 = CARTESIAN_POINT('',(98.68211549555,-71.3628838652,
    -2.185589629486));
#2150 = CARTESIAN_POINT('',(98.246077467833,-71.37420410644,
    -1.774208967318));
#2151 = CARTESIAN_POINT('',(98.055330072514,-71.37981664254,
    -1.548854416712));
#2152 = CARTESIAN_POINT('',(97.88625083192,-71.38540494009,
    -1.288514809125));
#2153 = CARTESIAN_POINT('',(97.748747548588,-71.39037488947,
    -0.996709508919));
#2154 = CARTESIAN_POINT('',(97.651142173964,-71.39406591987,
    -0.679316902098));
#2155 = CARTESIAN_POINT('',(97.6,-71.396,-0.344032861721));
#2156 = CARTESIAN_POINT('',(97.6,-71.396,0.315896389081));
#2157 = CARTESIAN_POINT('',(97.643119122445,-71.39436933091,
    0.625346157085));
#2158 = CARTESIAN_POINT('',(97.726191165818,-71.39122790195,
    0.920800514052));
#2159 = CARTESIAN_POINT('',(97.84429628362,-71.38692493704,
    1.195628691212));
#2160 = CARTESIAN_POINT('',(97.990893579256,-71.38197046958,1.4445383662
    ));
#2161 = CARTESIAN_POINT('',(98.157958419139,-71.37685514845,
    1.66404273934));
#2162 = CARTESIAN_POINT('',(98.572879565171,-71.36543795636,
    2.103833460714));
#2163 = CARTESIAN_POINT('',(98.835913537028,-71.35911590859,
    2.307666112183));
#2164 = CARTESIAN_POINT('',(99.115455199022,-71.35362184769,
    2.466761292721));
#2165 = CARTESIAN_POINT('',(99.405366028907,-71.34932253996,
    2.583896394072));
#2166 = CARTESIAN_POINT('',(99.701358660045,-71.34639561477,
    2.661230159891));
#2167 = CARTESIAN_POINT('',(100.00046041335,-71.34492845325,2.7));
#2168 = CARTESIAN_POINT('',(100.56988238538,-71.34492845325,2.7));
#2169 = CARTESIAN_POINT('',(100.83948740527,-71.34611946834,
    2.668528240618));
#2170 = CARTESIAN_POINT('',(101.10680407489,-71.34849739785,
    2.605695373623));
#2171 = CARTESIAN_POINT('',(101.36959143753,-71.35200340204,
    2.510733936821));
#2172 = CARTESIAN_POINT('',(101.62494405132,-71.35651897352,
    2.382208942187));
#2173 = CARTESIAN_POINT('',(101.86876212015,-71.36181543739,
    2.218256779034));
#2174 = CARTESIAN_POINT('',(102.21963123892,-71.37064007157,
    1.90600977621));
#2175 = CARTESIAN_POINT('',(102.33927251325,-71.37390313064,
    1.783424395391));
#2176 = CARTESIAN_POINT('',(102.45246770643,-71.37722094545,
    1.649085515944));
#2177 = CARTESIAN_POINT('',(102.55772314956,-71.3805042329,
    1.502999543555));
#2178 = CARTESIAN_POINT('',(102.65344087828,-71.38364738084,
    1.345329468653));
#2179 = CARTESIAN_POINT('',(102.73790047239,-71.38653298706,
    1.176424701566));
#2180 = CARTESIAN_POINT('',(102.86106418515,-71.3908620424,
    0.866403071739));
#2181 = CARTESIAN_POINT('',(102.90597749202,-71.3924847201,
    0.730289124335));
#2182 = CARTESIAN_POINT('',(102.94298271606,-71.39385171382,
    0.589417965138));
#2183 = CARTESIAN_POINT('',(102.97130896385,-71.39491479027,
    0.444815839686));
#2184 = CARTESIAN_POINT('',(102.99041595353,-71.39563775841,
    0.297597188489));
#2185 = CARTESIAN_POINT('',(103.,-71.396,0.148929806071));
#2186 = CARTESIAN_POINT('',(103.,-71.396,1.110223024625E-14));
#2187 = PCURVE('',#1342,#2188);
#2188 = DEFINITIONAL_REPRESENTATION('',(#2189),#2246);
#2189 = B_SPLINE_CURVE_WITH_KNOTS('',7,(#2190,#2191,#2192,#2193,#2194,
    #2195,#2196,#2197,#2198,#2199,#2200,#2201,#2202,#2203,#2204,#2205,
    #2206,#2207,#2208,#2209,#2210,#2211,#2212,#2213,#2214,#2215,#2216,
    #2217,#2218,#2219,#2220,#2221,#2222,#2223,#2224,#2225,#2226,#2227,
    #2228,#2229,#2230,#2231,#2232,#2233,#2234,#2235,#2236,#2237,#2238,
    #2239,#2240,#2241,#2242,#2243,#2244,#2245),.UNSPECIFIED.,.F.,.F.,(8,
    6,6,6,6,6,6,6,6,8),(0.,0.121194169595,0.247352729103,0.383636544266,
    0.50025928133,0.60734411427,0.749689899516,0.877942129884,
    0.948639456085,1.),.UNSPECIFIED.);
#2190 = CARTESIAN_POINT('',(0.,6.));
#2191 = CARTESIAN_POINT('',(0.132719347179,6.));
#2192 = CARTESIAN_POINT('',(0.261707566689,6.002098307569));
#2193 = CARTESIAN_POINT('',(0.387075149725,6.006082546071));
#2194 = CARTESIAN_POINT('',(0.508628290068,6.011398074788));
#2195 = CARTESIAN_POINT('',(0.625918017424,6.017300894338));
#2196 = CARTESIAN_POINT('',(0.738087503965,6.023144544226));
#2197 = CARTESIAN_POINT('',(0.953385147977,6.034066232679));
#2198 = CARTESIAN_POINT('',(1.059060195114,6.039260661144));
#2199 = CARTESIAN_POINT('',(1.161615213831,6.043713984311));
#2200 = CARTESIAN_POINT('',(1.261840068486,6.04720826878));
#2201 = CARTESIAN_POINT('',(1.360512493858,6.049628316242));
#2202 = CARTESIAN_POINT('',(1.458371844689,6.050915296744));
#2203 = CARTESIAN_POINT('',(1.661987663884,6.05121785621));
#2204 = CARTESIAN_POINT('',(1.767503623486,6.050042508794));
#2205 = CARTESIAN_POINT('',(1.873866013996,6.047534262396));
#2206 = CARTESIAN_POINT('',(1.981992836611,6.04376049223));
#2207 = CARTESIAN_POINT('',(2.092864600389,6.038860525688));
#2208 = CARTESIAN_POINT('',(2.207462682881,6.033116134793));
#2209 = CARTESIAN_POINT('',(2.429488278243,6.021795893555));
#2210 = CARTESIAN_POINT('',(2.538152195922,6.016183357453));
#2211 = CARTESIAN_POINT('',(2.651622758534,6.010595059903));
#2212 = CARTESIAN_POINT('',(2.76906163042,6.005625110525));
#2213 = CARTESIAN_POINT('',(2.889993921881,6.001934080127));
#2214 = CARTESIAN_POINT('',(3.014173075174,6.));
#2215 = CARTESIAN_POINT('',(3.258591316212,6.));
#2216 = CARTESIAN_POINT('',(3.373202218722,6.001630669088));
#2217 = CARTESIAN_POINT('',(3.485246227243,6.004772098042));
#2218 = CARTESIAN_POINT('',(3.594400320177,6.009075062954));
#2219 = CARTESIAN_POINT('',(3.700166389092,6.014029530413));
#2220 = CARTESIAN_POINT('',(3.80176225694,6.019144851544));
#2221 = CARTESIAN_POINT('',(4.025698681154,6.030562043632));
#2222 = CARTESIAN_POINT('',(4.147464948988,6.036884091401));
#2223 = CARTESIAN_POINT('',(4.264779717172,6.042378152308));
#2224 = CARTESIAN_POINT('',(4.378811479745,6.046677460032));
#2225 = CARTESIAN_POINT('',(4.490670323864,6.049604385224));
#2226 = CARTESIAN_POINT('',(4.601448392737,6.051071546746));
#2227 = CARTESIAN_POINT('',(4.812345419414,6.051071546746));
#2228 = CARTESIAN_POINT('',(4.912198913412,6.049880531652));
#2229 = CARTESIAN_POINT('',(5.012837287298,6.047502602143));
#2230 = CARTESIAN_POINT('',(5.115042498825,6.043996597952));
#2231 = CARTESIAN_POINT('',(5.2196403786,6.039481026478));
#2232 = CARTESIAN_POINT('',(5.327467538715,6.034184562605));
#2233 = CARTESIAN_POINT('',(5.501426259075,6.025359928429));
#2234 = CARTESIAN_POINT('',(5.564711265013,6.022096869355));
#2235 = CARTESIAN_POINT('',(5.629492221212,6.018779054545));
#2236 = CARTESIAN_POINT('',(5.695823501971,6.0154957671));
#2237 = CARTESIAN_POINT('',(5.763781016199,6.012352619151));
#2238 = CARTESIAN_POINT('',(5.833467842249,6.009467012939));
#2239 = CARTESIAN_POINT('',(5.957019928922,6.005137957593));
#2240 = CARTESIAN_POINT('',(6.010012330269,6.003515279893));
#2241 = CARTESIAN_POINT('',(6.063790269787,6.002148286171));
#2242 = CARTESIAN_POINT('',(6.118164546636,6.001085209729));
#2243 = CARTESIAN_POINT('',(6.17296415666,6.000362241586));
#2244 = CARTESIAN_POINT('',(6.228026119746,6.));
#2245 = CARTESIAN_POINT('',(6.28318530718,6.));
#2246 = ( GEOMETRIC_REPRESENTATION_CONTEXT(2) 
PARAMETRIC_REPRESENTATION_CONTEXT() REPRESENTATION_CONTEXT('2D SPACE',''
  ) );
#2247 = PCURVE('',#2248,#2253);
#2248 = CYLINDRICAL_SURFACE('',#2249,71.396);
#2249 = AXIS2_PLACEMENT_3D('',#2250,#2251,#2252);
#2250 = CARTESIAN_POINT('',(146.5,0.,0.));
#2251 = DIRECTION('',(-1.,-0.,-0.));
#2252 = DIRECTION('',(-0.,0.,1.));
#2253 = DEFINITIONAL_REPRESENTATION('',(#2254),#2311);
#2254 = B_SPLINE_CURVE_WITH_KNOTS('',7,(#2255,#2256,#2257,#2258,#2259,
    #2260,#2261,#2262,#2263,#2264,#2265,#2266,#2267,#2268,#2269,#2270,
    #2271,#2272,#2273,#2274,#2275,#2276,#2277,#2278,#2279,#2280,#2281,
    #2282,#2283,#2284,#2285,#2286,#2287,#2288,#2289,#2290,#2291,#2292,
    #2293,#2294,#2295,#2296,#2297,#2298,#2299,#2300,#2301,#2302,#2303,
    #2304,#2305,#2306,#2307,#2308,#2309,#2310),.UNSPECIFIED.,.T.,.F.,(8,
    6,6,6,6,6,6,6,6,8),(0.,0.121194169595,0.247352729103,0.383636544266,
    0.50025928133,0.60734411427,0.749689899516,0.877942129884,
    0.948639456085,1.),.UNSPECIFIED.);
#2255 = CARTESIAN_POINT('',(-1.570796326795,43.5));
#2256 = CARTESIAN_POINT('',(-1.575815406819,43.5));
#2257 = CARTESIAN_POINT('',(-1.580693389783,43.555484824126));
#2258 = CARTESIAN_POINT('',(-1.585290239211,43.660843575557));
#2259 = CARTESIAN_POINT('',(-1.589490943177,43.808563453987));
#2260 = CARTESIAN_POINT('',(-1.593209590292,43.989344694999));
#2261 = CARTESIAN_POINT('',(-1.596397402045,44.192284667469));
#2262 = CARTESIAN_POINT('',(-1.60181230705,44.626533059683));
#2263 = CARTESIAN_POINT('',(-1.60407279527,44.864926335007));
#2264 = CARTESIAN_POINT('',(-1.605856816328,45.114498666375));
#2265 = CARTESIAN_POINT('',(-1.607188816263,45.371356831966));
#2266 = CARTESIAN_POINT('',(-1.608087911577,45.632729340075));
#2267 = CARTESIAN_POINT('',(-1.608564715001,45.896483234809));
#2268 = CARTESIAN_POINT('',(-1.608676785916,46.446187799293));
#2269 = CARTESIAN_POINT('',(-1.608241313969,46.731563866121));
#2270 = CARTESIAN_POINT('',(-1.607315254826,47.014515692431));
#2271 = CARTESIAN_POINT('',(-1.605885960478,47.29243658803));
#2272 = CARTESIAN_POINT('',(-1.603929103376,47.561882834185));
#2273 = CARTESIAN_POINT('',(-1.601413186199,47.81788450445));
#2274 = CARTESIAN_POINT('',(-1.595649048347,48.253922532167));
#2275 = CARTESIAN_POINT('',(-1.592491677481,48.444669927486));
#2276 = CARTESIAN_POINT('',(-1.588844455384,48.61374916808));
#2277 = CARTESIAN_POINT('',(-1.584756807642,48.751252451411));
#2278 = CARTESIAN_POINT('',(-1.580311102361,48.848857826036));
#2279 = CARTESIAN_POINT('',(-1.575614984167,48.9));
#2280 = CARTESIAN_POINT('',(-1.566371759745,48.9));
#2281 = CARTESIAN_POINT('',(-1.562037486424,48.856880877555));
#2282 = CARTESIAN_POINT('',(-1.557899097691,48.773808834182));
#2283 = CARTESIAN_POINT('',(-1.554049347144,48.655703716381));
#2284 = CARTESIAN_POINT('',(-1.550562364327,48.509106420744));
#2285 = CARTESIAN_POINT('',(-1.547487077396,48.342041580861));
#2286 = CARTESIAN_POINT('',(-1.541325123022,47.927120434829));
#2287 = CARTESIAN_POINT('',(-1.538468827585,47.664086462972));
#2288 = CARTESIAN_POINT('',(-1.536239161426,47.384544800978));
#2289 = CARTESIAN_POINT('',(-1.534597418655,47.094633971093));
#2290 = CARTESIAN_POINT('',(-1.533513476358,46.798641339955));
#2291 = CARTESIAN_POINT('',(-1.532970062308,46.499539586648));
#2292 = CARTESIAN_POINT('',(-1.532970062308,45.93011761462));
#2293 = CARTESIAN_POINT('',(-1.533411183471,45.660512594728));
#2294 = CARTESIAN_POINT('',(-1.534291875022,45.393195925107));
#2295 = CARTESIAN_POINT('',(-1.535622847007,45.130408562463));
#2296 = CARTESIAN_POINT('',(-1.537424122654,44.875055948672));
#2297 = CARTESIAN_POINT('',(-1.539721679301,44.631237879844));
#2298 = CARTESIAN_POINT('',(-1.544096877877,44.280368761075));
#2299 = CARTESIAN_POINT('',(-1.545814461989,44.160727486748));
#2300 = CARTESIAN_POINT('',(-1.547696632357,44.047532293569));
#2301 = CARTESIAN_POINT('',(-1.549743275595,43.942276850436));
#2302 = CARTESIAN_POINT('',(-1.551952089165,43.846559121715));
#2303 = CARTESIAN_POINT('',(-1.554318168365,43.762099527606));
#2304 = CARTESIAN_POINT('',(-1.558660874584,43.638935814841));
#2305 = CARTESIAN_POINT('',(-1.560567470793,43.594022507979));
#2306 = CARTESIAN_POINT('',(-1.562540651517,43.557017283932));
#2307 = CARTESIAN_POINT('',(-1.564566049133,43.528691036147));
#2308 = CARTESIAN_POINT('',(-1.566628065542,43.509584046467));
#2309 = CARTESIAN_POINT('',(-1.568710358308,43.5));
#2310 = CARTESIAN_POINT('',(-1.570796326795,43.5));
#2311 = ( GEOMETRIC_REPRESENTATION_CONTEXT(2) 
PARAMETRIC_REPRESENTATION_CONTEXT() REPRESENTATION_CONTEXT('2D SPACE',''
  ) );
#2312 = ORIENTED_EDGE('',*,*,#2313,.F.);
#2313 = EDGE_CURVE('',#1221,#2127,#2314,.T.);
#2314 = SEAM_CURVE('',#2315,(#2319,#2326),.PCURVE_S1.);
#2315 = LINE('',#2316,#2317);
#2316 = CARTESIAN_POINT('',(103.,-77.396,6.613092715396E-16));
#2317 = VECTOR('',#2318,1.);
#2318 = DIRECTION('',(0.,1.,2.22044604925E-16));
#2319 = PCURVE('',#1342,#2320);
#2320 = DEFINITIONAL_REPRESENTATION('',(#2321),#2325);
#2321 = LINE('',#2322,#2323);
#2322 = CARTESIAN_POINT('',(6.28318530718,-0.));
#2323 = VECTOR('',#2324,1.);
#2324 = DIRECTION('',(0.,1.));
#2325 = ( GEOMETRIC_REPRESENTATION_CONTEXT(2) 
PARAMETRIC_REPRESENTATION_CONTEXT() REPRESENTATION_CONTEXT('2D SPACE',''
  ) );
#2326 = PCURVE('',#1342,#2327);
#2327 = DEFINITIONAL_REPRESENTATION('',(#2328),#2332);
#2328 = LINE('',#2329,#2330);
#2329 = CARTESIAN_POINT('',(0.,-0.));
#2330 = VECTOR('',#2331,1.);
#2331 = DIRECTION('',(0.,1.));
#2332 = ( GEOMETRIC_REPRESENTATION_CONTEXT(2) 
PARAMETRIC_REPRESENTATION_CONTEXT() REPRESENTATION_CONTEXT('2D SPACE',''
  ) );
#2333 = ORIENTED_EDGE('',*,*,#1220,.T.);
#2334 = ORIENTED_EDGE('',*,*,#2313,.T.);
#2335 = ADVANCED_FACE('',(#2336),#1531,.F.);
#2336 = FACE_BOUND('',#2337,.F.);
#2337 = EDGE_LOOP('',(#2338,#2339,#2362,#2542));
#2338 = ORIENTED_EDGE('',*,*,#1409,.F.);
#2339 = ORIENTED_EDGE('',*,*,#2340,.F.);
#2340 = EDGE_CURVE('',#2341,#1410,#2343,.T.);
#2341 = VERTEX_POINT('',#2342);
#2342 = CARTESIAN_POINT('',(103.,71.396,7.723315740021E-16));
#2343 = SEAM_CURVE('',#2344,(#2348,#2355),.PCURVE_S1.);
#2344 = LINE('',#2345,#2346);
#2345 = CARTESIAN_POINT('',(103.,70.896,6.613092715396E-16));
#2346 = VECTOR('',#2347,1.);
#2347 = DIRECTION('',(0.,1.,2.22044604925E-16));
#2348 = PCURVE('',#1531,#2349);
#2349 = DEFINITIONAL_REPRESENTATION('',(#2350),#2354);
#2350 = LINE('',#2351,#2352);
#2351 = CARTESIAN_POINT('',(6.28318530718,-0.));
#2352 = VECTOR('',#2353,1.);
#2353 = DIRECTION('',(0.,1.));
#2354 = ( GEOMETRIC_REPRESENTATION_CONTEXT(2) 
PARAMETRIC_REPRESENTATION_CONTEXT() REPRESENTATION_CONTEXT('2D SPACE',''
  ) );
#2355 = PCURVE('',#1531,#2356);
#2356 = DEFINITIONAL_REPRESENTATION('',(#2357),#2361);
#2357 = LINE('',#2358,#2359);
#2358 = CARTESIAN_POINT('',(0.,-0.));
#2359 = VECTOR('',#2360,1.);
#2360 = DIRECTION('',(0.,1.));
#2361 = ( GEOMETRIC_REPRESENTATION_CONTEXT(2) 
PARAMETRIC_REPRESENTATION_CONTEXT() REPRESENTATION_CONTEXT('2D SPACE',''
  ) );
#2362 = ORIENTED_EDGE('',*,*,#2363,.T.);
#2363 = EDGE_CURVE('',#2341,#2341,#2364,.T.);
#2364 = SURFACE_CURVE('',#2365,(#2422,#2482),.PCURVE_S1.);
#2365 = B_SPLINE_CURVE_WITH_KNOTS('',7,(#2366,#2367,#2368,#2369,#2370,
    #2371,#2372,#2373,#2374,#2375,#2376,#2377,#2378,#2379,#2380,#2381,
    #2382,#2383,#2384,#2385,#2386,#2387,#2388,#2389,#2390,#2391,#2392,
    #2393,#2394,#2395,#2396,#2397,#2398,#2399,#2400,#2401,#2402,#2403,
    #2404,#2405,#2406,#2407,#2408,#2409,#2410,#2411,#2412,#2413,#2414,
    #2415,#2416,#2417,#2418,#2419,#2420,#2421),.UNSPECIFIED.,.T.,.F.,(8,
    6,6,6,6,6,6,6,6,8),(0.,0.121194169872,0.247352729669,0.383636545144,
    0.50025928249,0.607344115677,0.749689899304,0.877942129942,
    0.948639456154,1.),.UNSPECIFIED.);
#2366 = CARTESIAN_POINT('',(103.,71.396,-6.217248937901E-15));
#2367 = CARTESIAN_POINT('',(103.,71.396,-0.358342237385));
#2368 = CARTESIAN_POINT('',(102.94451517587,71.393901692431,
    -0.706610692861));
#2369 = CARTESIAN_POINT('',(102.83915642444,71.389917453929,
    -1.034792702564));
#2370 = CARTESIAN_POINT('',(102.69143654601,71.384601925212,
    -1.334665379001));
#2371 = CARTESIAN_POINT('',(102.510655305,71.378699105662,
    -1.600098843077));
#2372 = CARTESIAN_POINT('',(102.30771533253,71.372855455774,
    -1.827621588839));
#2373 = CARTESIAN_POINT('',(101.87346694031,71.361933767321,
    -2.214069844603));
#2374 = CARTESIAN_POINT('',(101.63507366499,71.356739338856,
    -2.375377297555));
#2375 = CARTESIAN_POINT('',(101.38550133362,71.352286015689,
    -2.502671809821));
#2376 = CARTESIAN_POINT('',(101.12864316803,71.348791731221,
    -2.59770712854));
#2377 = CARTESIAN_POINT('',(100.86727065992,71.346371683758,
    -2.661853298519));
#2378 = CARTESIAN_POINT('',(100.60351676519,71.345084703256,
    -2.695870820293));
#2379 = CARTESIAN_POINT('',(100.0538122007,71.34478214379,
    -2.703866512906));
#2380 = CARTESIAN_POINT('',(99.768436133879,71.345957491206,
    -2.672797780215));
#2381 = CARTESIAN_POINT('',(99.485484307569,71.348465737604,
    -2.606728464736));
#2382 = CARTESIAN_POINT('',(99.20756341197,71.35223950777,
    -2.504752304976));
#2383 = CARTESIAN_POINT('',(98.938117165815,71.357139474312,
    -2.365125974411));
#2384 = CARTESIAN_POINT('',(98.68211549555,71.362883865207,
    -2.185589629486));
#2385 = CARTESIAN_POINT('',(98.246077467808,71.374204106446,
    -1.774208967295));
#2386 = CARTESIAN_POINT('',(98.055330072549,71.379816642547,
    -1.548854416733));
#2387 = CARTESIAN_POINT('',(97.88625083192,71.385404940097,
    -1.288514809154));
#2388 = CARTESIAN_POINT('',(97.748747548566,71.390374889477,
    -0.996709508894));
#2389 = CARTESIAN_POINT('',(97.651142173974,71.394065919873,
    -0.679316902064));
#2390 = CARTESIAN_POINT('',(97.6,71.396,-0.344032861756));
#2391 = CARTESIAN_POINT('',(97.6,71.396,0.315896389081));
#2392 = CARTESIAN_POINT('',(97.643119122445,71.394369330912,
    0.625346157085));
#2393 = CARTESIAN_POINT('',(97.726191165818,71.391227901958,
    0.920800514054));
#2394 = CARTESIAN_POINT('',(97.844296283619,71.386924937046,
    1.195628691211));
#2395 = CARTESIAN_POINT('',(97.990893579256,71.381970469587,1.4445383662
    ));
#2396 = CARTESIAN_POINT('',(98.157958419138,71.376855148456,
    1.664042739339));
#2397 = CARTESIAN_POINT('',(98.57287956193,71.365437956457,
    2.103833457279));
#2398 = CARTESIAN_POINT('',(98.83591355048,71.359115908322,
    2.307666122514));
#2399 = CARTESIAN_POINT('',(99.115455173712,71.35362184808,
    2.466761278588));
#2400 = CARTESIAN_POINT('',(99.405366055138,71.34932253969,2.58389640401
    ));
#2401 = CARTESIAN_POINT('',(99.701358644965,71.346395614863,
    2.661230156844));
#2402 = CARTESIAN_POINT('',(100.00046041738,71.344928453254,2.7));
#2403 = CARTESIAN_POINT('',(100.56988238538,71.344928453254,2.7));
#2404 = CARTESIAN_POINT('',(100.83948740527,71.346119468348,
    2.668528240618));
#2405 = CARTESIAN_POINT('',(101.10680407489,71.348497397857,
    2.605695373624));
#2406 = CARTESIAN_POINT('',(101.36959143753,71.352003402048,
    2.51073393682));
#2407 = CARTESIAN_POINT('',(101.62494405132,71.356518973522,
    2.382208942188));
#2408 = CARTESIAN_POINT('',(101.86876212015,71.361815437395,
    2.218256779034));
#2409 = CARTESIAN_POINT('',(102.21963123868,71.370640071565,
    1.906009776425));
#2410 = CARTESIAN_POINT('',(102.33927251328,71.373903130645,
    1.783424395423));
#2411 = CARTESIAN_POINT('',(102.45246770661,71.377220945461,
    1.649085515748));
#2412 = CARTESIAN_POINT('',(102.55772314965,71.380504232904,
    1.50299954335));
#2413 = CARTESIAN_POINT('',(102.65344087821,71.383647380847,
    1.345329468688));
#2414 = CARTESIAN_POINT('',(102.73790047228,71.386532987057,
    1.176424701839));
#2415 = CARTESIAN_POINT('',(102.86106418515,71.390862042407,
    0.866403071739));
#2416 = CARTESIAN_POINT('',(102.90597749202,71.392484720107,
    0.730289124335));
#2417 = CARTESIAN_POINT('',(102.94298271606,71.393851713829,
    0.589417965138));
#2418 = CARTESIAN_POINT('',(102.97130896385,71.394914790271,
    0.444815839686));
#2419 = CARTESIAN_POINT('',(102.99041595353,71.395637758414,
    0.297597188489));
#2420 = CARTESIAN_POINT('',(103.,71.396,0.148929806071));
#2421 = CARTESIAN_POINT('',(103.,71.396,-6.217248937901E-15));
#2422 = PCURVE('',#1531,#2423);
#2423 = DEFINITIONAL_REPRESENTATION('',(#2424),#2481);
#2424 = B_SPLINE_CURVE_WITH_KNOTS('',7,(#2425,#2426,#2427,#2428,#2429,
    #2430,#2431,#2432,#2433,#2434,#2435,#2436,#2437,#2438,#2439,#2440,
    #2441,#2442,#2443,#2444,#2445,#2446,#2447,#2448,#2449,#2450,#2451,
    #2452,#2453,#2454,#2455,#2456,#2457,#2458,#2459,#2460,#2461,#2462,
    #2463,#2464,#2465,#2466,#2467,#2468,#2469,#2470,#2471,#2472,#2473,
    #2474,#2475,#2476,#2477,#2478,#2479,#2480),.UNSPECIFIED.,.F.,.F.,(8,
    6,6,6,6,6,6,6,6,8),(0.,0.121194169872,0.247352729669,0.383636545144,
    0.50025928249,0.607344115677,0.749689899304,0.877942129942,
    0.948639456154,1.),.UNSPECIFIED.);
#2425 = CARTESIAN_POINT('',(0.,0.5));
#2426 = CARTESIAN_POINT('',(0.13271934718,0.5));
#2427 = CARTESIAN_POINT('',(0.261707566689,0.497901692431));
#2428 = CARTESIAN_POINT('',(0.387075149725,0.493917453929));
#2429 = CARTESIAN_POINT('',(0.508628290068,0.488601925212));
#2430 = CARTESIAN_POINT('',(0.625918017424,0.482699105662));
#2431 = CARTESIAN_POINT('',(0.738087503965,0.476855455774));
#2432 = CARTESIAN_POINT('',(0.953385147978,0.465933767321));
#2433 = CARTESIAN_POINT('',(1.059060195114,0.460739338856));
#2434 = CARTESIAN_POINT('',(1.161615213832,0.456286015689));
#2435 = CARTESIAN_POINT('',(1.261840068486,0.45279173122));
#2436 = CARTESIAN_POINT('',(1.360512493858,0.450371683758));
#2437 = CARTESIAN_POINT('',(1.458371844689,0.449084703256));
#2438 = CARTESIAN_POINT('',(1.661987663884,0.44878214379));
#2439 = CARTESIAN_POINT('',(1.767503623486,0.449957491206));
#2440 = CARTESIAN_POINT('',(1.873866013995,0.452465737604));
#2441 = CARTESIAN_POINT('',(1.981992836611,0.45623950777));
#2442 = CARTESIAN_POINT('',(2.092864600389,0.461139474312));
#2443 = CARTESIAN_POINT('',(2.207462682881,0.466883865207));
#2444 = CARTESIAN_POINT('',(2.429488278256,0.478204106446));
#2445 = CARTESIAN_POINT('',(2.538152195907,0.483816642547));
#2446 = CARTESIAN_POINT('',(2.651622758528,0.489404940097));
#2447 = CARTESIAN_POINT('',(2.769061630428,0.494374889477));
#2448 = CARTESIAN_POINT('',(2.889993921893,0.498065919873));
#2449 = CARTESIAN_POINT('',(3.014173075162,0.5));
#2450 = CARTESIAN_POINT('',(3.258591316212,0.5));
#2451 = CARTESIAN_POINT('',(3.373202218722,0.498369330912));
#2452 = CARTESIAN_POINT('',(3.485246227244,0.495227901958));
#2453 = CARTESIAN_POINT('',(3.594400320176,0.490924937046));
#2454 = CARTESIAN_POINT('',(3.700166389092,0.485970469587));
#2455 = CARTESIAN_POINT('',(3.80176225694,0.480855148456));
#2456 = CARTESIAN_POINT('',(4.025698679405,0.469437956457));
#2457 = CARTESIAN_POINT('',(4.147464955541,0.463115908322));
#2458 = CARTESIAN_POINT('',(4.264779705744,0.45762184808));
#2459 = CARTESIAN_POINT('',(4.37881149085,0.45332253969));
#2460 = CARTESIAN_POINT('',(4.490670317866,0.450395614863));
#2461 = CARTESIAN_POINT('',(4.601448394232,0.448928453254));
#2462 = CARTESIAN_POINT('',(4.812345419414,0.448928453254));
#2463 = CARTESIAN_POINT('',(4.912198913412,0.450119468348));
#2464 = CARTESIAN_POINT('',(5.012837287299,0.452497397857));
#2465 = CARTESIAN_POINT('',(5.115042498825,0.456003402048));
#2466 = CARTESIAN_POINT('',(5.219640378601,0.460518973522));
#2467 = CARTESIAN_POINT('',(5.327467538715,0.465815437395));
#2468 = CARTESIAN_POINT('',(5.501426258955,0.474640071565));
#2469 = CARTESIAN_POINT('',(5.564711265015,0.477903130645));
#2470 = CARTESIAN_POINT('',(5.629492221309,0.481220945461));
#2471 = CARTESIAN_POINT('',(5.695823502052,0.484504232904));
#2472 = CARTESIAN_POINT('',(5.763781016178,0.487647380847));
#2473 = CARTESIAN_POINT('',(5.833467842141,0.490532987057));
#2474 = CARTESIAN_POINT('',(5.957019928922,0.494862042407));
#2475 = CARTESIAN_POINT('',(6.010012330269,0.496484720107));
#2476 = CARTESIAN_POINT('',(6.063790269787,0.497851713829));
#2477 = CARTESIAN_POINT('',(6.118164546636,0.498914790271));
#2478 = CARTESIAN_POINT('',(6.17296415666,0.499637758414));
#2479 = CARTESIAN_POINT('',(6.228026119746,0.5));
#2480 = CARTESIAN_POINT('',(6.28318530718,0.5));
#2481 = ( GEOMETRIC_REPRESENTATION_CONTEXT(2) 
PARAMETRIC_REPRESENTATION_CONTEXT() REPRESENTATION_CONTEXT('2D SPACE',''
  ) );
#2482 = PCURVE('',#2248,#2483);
#2483 = DEFINITIONAL_REPRESENTATION('',(#2484),#2541);
#2484 = B_SPLINE_CURVE_WITH_KNOTS('',7,(#2485,#2486,#2487,#2488,#2489,
    #2490,#2491,#2492,#2493,#2494,#2495,#2496,#2497,#2498,#2499,#2500,
    #2501,#2502,#2503,#2504,#2505,#2506,#2507,#2508,#2509,#2510,#2511,
    #2512,#2513,#2514,#2515,#2516,#2517,#2518,#2519,#2520,#2521,#2522,
    #2523,#2524,#2525,#2526,#2527,#2528,#2529,#2530,#2531,#2532,#2533,
    #2534,#2535,#2536,#2537,#2538,#2539,#2540),.UNSPECIFIED.,.T.,.F.,(8,
    6,6,6,6,6,6,6,6,8),(0.,0.121194169872,0.247352729669,0.383636545144,
    0.50025928249,0.607344115677,0.749689899304,0.877942129942,
    0.948639456154,1.),.UNSPECIFIED.);
#2485 = CARTESIAN_POINT('',(-4.712388980385,43.5));
#2486 = CARTESIAN_POINT('',(-4.707369900361,43.5));
#2487 = CARTESIAN_POINT('',(-4.702491917397,43.555484824126));
#2488 = CARTESIAN_POINT('',(-4.697895067968,43.660843575557));
#2489 = CARTESIAN_POINT('',(-4.693694364002,43.808563453987));
#2490 = CARTESIAN_POINT('',(-4.689975716887,43.989344694999));
#2491 = CARTESIAN_POINT('',(-4.686787905135,44.192284667469));
#2492 = CARTESIAN_POINT('',(-4.681373000129,44.626533059683));
#2493 = CARTESIAN_POINT('',(-4.679112511909,44.864926335006));
#2494 = CARTESIAN_POINT('',(-4.677328490852,45.114498666375));
#2495 = CARTESIAN_POINT('',(-4.675996490917,45.371356831966));
#2496 = CARTESIAN_POINT('',(-4.675097395602,45.632729340075));
#2497 = CARTESIAN_POINT('',(-4.674620592178,45.896483234809));
#2498 = CARTESIAN_POINT('',(-4.674508521263,46.446187799293));
#2499 = CARTESIAN_POINT('',(-4.67494399321,46.731563866121));
#2500 = CARTESIAN_POINT('',(-4.675870052353,47.014515692431));
#2501 = CARTESIAN_POINT('',(-4.677299346702,47.29243658803));
#2502 = CARTESIAN_POINT('',(-4.679256203804,47.561882834185));
#2503 = CARTESIAN_POINT('',(-4.681772120981,47.81788450445));
#2504 = CARTESIAN_POINT('',(-4.687536258833,48.253922532192));
#2505 = CARTESIAN_POINT('',(-4.690693629698,48.444669927451));
#2506 = CARTESIAN_POINT('',(-4.694340851795,48.61374916808));
#2507 = CARTESIAN_POINT('',(-4.698428499538,48.751252451434));
#2508 = CARTESIAN_POINT('',(-4.702874204819,48.848857826026));
#2509 = CARTESIAN_POINT('',(-4.707570323012,48.9));
#2510 = CARTESIAN_POINT('',(-4.716813547434,48.9));
#2511 = CARTESIAN_POINT('',(-4.721147820756,48.856880877555));
#2512 = CARTESIAN_POINT('',(-4.725286209489,48.773808834182));
#2513 = CARTESIAN_POINT('',(-4.729135960036,48.655703716381));
#2514 = CARTESIAN_POINT('',(-4.732622942852,48.509106420744));
#2515 = CARTESIAN_POINT('',(-4.735698229783,48.342041580862));
#2516 = CARTESIAN_POINT('',(-4.741860184109,47.92712043807));
#2517 = CARTESIAN_POINT('',(-4.74471647974,47.664086449521));
#2518 = CARTESIAN_POINT('',(-4.746946145555,47.384544826288));
#2519 = CARTESIAN_POINT('',(-4.748587888664,47.094633944863));
#2520 = CARTESIAN_POINT('',(-4.749671830779,46.798641355035));
#2521 = CARTESIAN_POINT('',(-4.750215244872,46.499539582611));
#2522 = CARTESIAN_POINT('',(-4.750215244872,45.93011761462));
#2523 = CARTESIAN_POINT('',(-4.749774123709,45.660512594728));
#2524 = CARTESIAN_POINT('',(-4.748893432158,45.393195925107));
#2525 = CARTESIAN_POINT('',(-4.747562460172,45.130408562463));
#2526 = CARTESIAN_POINT('',(-4.745761184526,44.875055948672));
#2527 = CARTESIAN_POINT('',(-4.743463627879,44.631237879844));
#2528 = CARTESIAN_POINT('',(-4.739088429306,44.280368761317));
#2529 = CARTESIAN_POINT('',(-4.737370845191,44.160727486715));
#2530 = CARTESIAN_POINT('',(-4.73548867482,44.047532293387));
#2531 = CARTESIAN_POINT('',(-4.733442031582,43.942276850341));
#2532 = CARTESIAN_POINT('',(-4.731233218015,43.846559121781));
#2533 = CARTESIAN_POINT('',(-4.728867138818,43.762099527714));
#2534 = CARTESIAN_POINT('',(-4.724524432595,43.638935814841));
#2535 = CARTESIAN_POINT('',(-4.722617836387,43.594022507979));
#2536 = CARTESIAN_POINT('',(-4.720644655663,43.557017283932));
#2537 = CARTESIAN_POINT('',(-4.718619258047,43.528691036147));
#2538 = CARTESIAN_POINT('',(-4.716557241637,43.509584046467));
#2539 = CARTESIAN_POINT('',(-4.714474948871,43.5));
#2540 = CARTESIAN_POINT('',(-4.712388980385,43.5));
#2541 = ( GEOMETRIC_REPRESENTATION_CONTEXT(2) 
PARAMETRIC_REPRESENTATION_CONTEXT() REPRESENTATION_CONTEXT('2D SPACE',''
  ) );
#2542 = ORIENTED_EDGE('',*,*,#2340,.T.);
#2543 = ADVANCED_FACE('',(#2544,#2547),#1639,.F.);
#2544 = FACE_BOUND('',#2545,.T.);
#2545 = EDGE_LOOP('',(#2546));
#2546 = ORIENTED_EDGE('',*,*,#1624,.F.);
#2547 = FACE_BOUND('',#2548,.T.);
#2548 = EDGE_LOOP('',(#2549));
#2549 = ORIENTED_EDGE('',*,*,#2550,.T.);
#2550 = EDGE_CURVE('',#2551,#2551,#2553,.T.);
#2551 = VERTEX_POINT('',#2552);
#2552 = CARTESIAN_POINT('',(-16.6,0.,66.396));
#2553 = SURFACE_CURVE('',#2554,(#2559,#2566),.PCURVE_S1.);
#2554 = CIRCLE('',#2555,66.396);
#2555 = AXIS2_PLACEMENT_3D('',#2556,#2557,#2558);
#2556 = CARTESIAN_POINT('',(-16.6,0.,0.));
#2557 = DIRECTION('',(1.,0.,-0.));
#2558 = DIRECTION('',(0.,0.,1.));
#2559 = PCURVE('',#1639,#2560);
#2560 = DEFINITIONAL_REPRESENTATION('',(#2561),#2565);
#2561 = CIRCLE('',#2562,66.396);
#2562 = AXIS2_PLACEMENT_2D('',#2563,#2564);
#2563 = CARTESIAN_POINT('',(0.,0.));
#2564 = DIRECTION('',(1.,-0.));
#2565 = ( GEOMETRIC_REPRESENTATION_CONTEXT(2) 
PARAMETRIC_REPRESENTATION_CONTEXT() REPRESENTATION_CONTEXT('2D SPACE',''
  ) );
#2566 = PCURVE('',#2567,#2572);
#2567 = CYLINDRICAL_SURFACE('',#2568,66.396);
#2568 = AXIS2_PLACEMENT_3D('',#2569,#2570,#2571);
#2569 = CARTESIAN_POINT('',(-6.6,0.,0.));
#2570 = DIRECTION('',(-1.,-0.,-0.));
#2571 = DIRECTION('',(-0.,0.,1.));
#2572 = DEFINITIONAL_REPRESENTATION('',(#2573),#2577);
#2573 = LINE('',#2574,#2575);
#2574 = CARTESIAN_POINT('',(-0.,10.));
#2575 = VECTOR('',#2576,1.);
#2576 = DIRECTION('',(-1.,0.));
#2577 = ( GEOMETRIC_REPRESENTATION_CONTEXT(2) 
PARAMETRIC_REPRESENTATION_CONTEXT() REPRESENTATION_CONTEXT('2D SPACE',''
  ) );
#2578 = ADVANCED_FACE('',(#2579),#1673,.T.);
#2579 = FACE_BOUND('',#2580,.T.);
#2580 = EDGE_LOOP('',(#2581,#2582,#2583,#2605));
#2581 = ORIENTED_EDGE('',*,*,#1654,.T.);
#2582 = ORIENTED_EDGE('',*,*,#2011,.T.);
#2583 = ORIENTED_EDGE('',*,*,#2584,.F.);
#2584 = EDGE_CURVE('',#1918,#1991,#2585,.T.);
#2585 = SURFACE_CURVE('',#2586,(#2591,#2598),.PCURVE_S1.);
#2586 = CIRCLE('',#2587,4.4);
#2587 = AXIS2_PLACEMENT_3D('',#2588,#2589,#2590);
#2588 = CARTESIAN_POINT('',(132.5,0.,86.4));
#2589 = DIRECTION('',(0.,0.,1.));
#2590 = DIRECTION('',(1.,0.,-0.));
#2591 = PCURVE('',#1673,#2592);
#2592 = DEFINITIONAL_REPRESENTATION('',(#2593),#2597);
#2593 = CIRCLE('',#2594,4.4);
#2594 = AXIS2_PLACEMENT_2D('',#2595,#2596);
#2595 = CARTESIAN_POINT('',(0.,0.));
#2596 = DIRECTION('',(1.,0.));
#2597 = ( GEOMETRIC_REPRESENTATION_CONTEXT(2) 
PARAMETRIC_REPRESENTATION_CONTEXT() REPRESENTATION_CONTEXT('2D SPACE',''
  ) );
#2598 = PCURVE('',#1953,#2599);
#2599 = DEFINITIONAL_REPRESENTATION('',(#2600),#2604);
#2600 = LINE('',#2601,#2602);
#2601 = CARTESIAN_POINT('',(0.,8.));
#2602 = VECTOR('',#2603,1.);
#2603 = DIRECTION('',(1.,0.));
#2604 = ( GEOMETRIC_REPRESENTATION_CONTEXT(2) 
PARAMETRIC_REPRESENTATION_CONTEXT() REPRESENTATION_CONTEXT('2D SPACE',''
  ) );
#2605 = ORIENTED_EDGE('',*,*,#1917,.T.);
#2606 = ADVANCED_FACE('',(#2607),#1745,.T.);
#2607 = FACE_BOUND('',#2608,.T.);
#2608 = EDGE_LOOP('',(#2609,#2610,#2633,#2660));
#2609 = ORIENTED_EDGE('',*,*,#1728,.T.);
#2610 = ORIENTED_EDGE('',*,*,#2611,.T.);
#2611 = EDGE_CURVE('',#1729,#2612,#2614,.T.);
#2612 = VERTEX_POINT('',#2613);
#2613 = CARTESIAN_POINT('',(146.5,0.,93.));
#2614 = SEAM_CURVE('',#2615,(#2619,#2626),.PCURVE_S1.);
#2615 = LINE('',#2616,#2617);
#2616 = CARTESIAN_POINT('',(134.5,0.,93.));
#2617 = VECTOR('',#2618,1.);
#2618 = DIRECTION('',(1.,0.,0.));
#2619 = PCURVE('',#1745,#2620);
#2620 = DEFINITIONAL_REPRESENTATION('',(#2621),#2625);
#2621 = LINE('',#2622,#2623);
#2622 = CARTESIAN_POINT('',(0.,0.));
#2623 = VECTOR('',#2624,1.);
#2624 = DIRECTION('',(0.,1.));
#2625 = ( GEOMETRIC_REPRESENTATION_CONTEXT(2) 
PARAMETRIC_REPRESENTATION_CONTEXT() REPRESENTATION_CONTEXT('2D SPACE',''
  ) );
#2626 = PCURVE('',#1745,#2627);
#2627 = DEFINITIONAL_REPRESENTATION('',(#2628),#2632);
#2628 = LINE('',#2629,#2630);
#2629 = CARTESIAN_POINT('',(6.28318530718,0.));
#2630 = VECTOR('',#2631,1.);
#2631 = DIRECTION('',(0.,1.));
#2632 = ( GEOMETRIC_REPRESENTATION_CONTEXT(2) 
PARAMETRIC_REPRESENTATION_CONTEXT() REPRESENTATION_CONTEXT('2D SPACE',''
  ) );
#2633 = ORIENTED_EDGE('',*,*,#2634,.F.);
#2634 = EDGE_CURVE('',#2612,#2612,#2635,.T.);
#2635 = SURFACE_CURVE('',#2636,(#2641,#2648),.PCURVE_S1.);
#2636 = CIRCLE('',#2637,93.);
#2637 = AXIS2_PLACEMENT_3D('',#2638,#2639,#2640);
#2638 = CARTESIAN_POINT('',(146.5,0.,0.));
#2639 = DIRECTION('',(1.,0.,-0.));
#2640 = DIRECTION('',(0.,0.,1.));
#2641 = PCURVE('',#1745,#2642);
#2642 = DEFINITIONAL_REPRESENTATION('',(#2643),#2647);
#2643 = LINE('',#2644,#2645);
#2644 = CARTESIAN_POINT('',(0.,12.));
#2645 = VECTOR('',#2646,1.);
#2646 = DIRECTION('',(1.,0.));
#2647 = ( GEOMETRIC_REPRESENTATION_CONTEXT(2) 
PARAMETRIC_REPRESENTATION_CONTEXT() REPRESENTATION_CONTEXT('2D SPACE',''
  ) );
#2648 = PCURVE('',#2649,#2654);
#2649 = PLANE('',#2650);
#2650 = AXIS2_PLACEMENT_3D('',#2651,#2652,#2653);
#2651 = CARTESIAN_POINT('',(146.5,0.,0.));
#2652 = DIRECTION('',(1.,0.,0.));
#2653 = DIRECTION('',(0.,0.,1.));
#2654 = DEFINITIONAL_REPRESENTATION('',(#2655),#2659);
#2655 = CIRCLE('',#2656,93.);
#2656 = AXIS2_PLACEMENT_2D('',#2657,#2658);
#2657 = CARTESIAN_POINT('',(0.,0.));
#2658 = DIRECTION('',(1.,0.));
#2659 = ( GEOMETRIC_REPRESENTATION_CONTEXT(2) 
PARAMETRIC_REPRESENTATION_CONTEXT() REPRESENTATION_CONTEXT('2D SPACE',''
  ) );
#2660 = ORIENTED_EDGE('',*,*,#2611,.F.);
#2661 = ADVANCED_FACE('',(#2662),#1776,.F.);
#2662 = FACE_BOUND('',#2663,.F.);
#2663 = EDGE_LOOP('',(#2664,#2688,#2709,#2710));
#2664 = ORIENTED_EDGE('',*,*,#2665,.F.);
#2665 = EDGE_CURVE('',#2666,#2666,#2668,.T.);
#2666 = VERTEX_POINT('',#2667);
#2667 = CARTESIAN_POINT('',(146.5,78.529760263459,29.328091751033));
#2668 = SURFACE_CURVE('',#2669,(#2674,#2681),.PCURVE_S1.);
#2669 = CIRCLE('',#2670,3.2);
#2670 = AXIS2_PLACEMENT_3D('',#2671,#2672,#2673);
#2671 = CARTESIAN_POINT('',(146.5,78.529760263459,32.528091751033));
#2672 = DIRECTION('',(1.,0.,2.22044604925E-16));
#2673 = DIRECTION('',(2.22044604925E-16,0.,-1.));
#2674 = PCURVE('',#1776,#2675);
#2675 = DEFINITIONAL_REPRESENTATION('',(#2676),#2680);
#2676 = LINE('',#2677,#2678);
#2677 = CARTESIAN_POINT('',(0.,13.));
#2678 = VECTOR('',#2679,1.);
#2679 = DIRECTION('',(1.,0.));
#2680 = ( GEOMETRIC_REPRESENTATION_CONTEXT(2) 
PARAMETRIC_REPRESENTATION_CONTEXT() REPRESENTATION_CONTEXT('2D SPACE',''
  ) );
#2681 = PCURVE('',#2649,#2682);
#2682 = DEFINITIONAL_REPRESENTATION('',(#2683),#2687);
#2683 = CIRCLE('',#2684,3.2);
#2684 = AXIS2_PLACEMENT_2D('',#2685,#2686);
#2685 = CARTESIAN_POINT('',(32.528091751033,-78.52976026345));
#2686 = DIRECTION('',(-1.,0.));
#2687 = ( GEOMETRIC_REPRESENTATION_CONTEXT(2) 
PARAMETRIC_REPRESENTATION_CONTEXT() REPRESENTATION_CONTEXT('2D SPACE',''
  ) );
#2688 = ORIENTED_EDGE('',*,*,#2689,.F.);
#2689 = EDGE_CURVE('',#1760,#2666,#2690,.T.);
#2690 = SEAM_CURVE('',#2691,(#2695,#2702),.PCURVE_S1.);
#2691 = LINE('',#2692,#2693);
#2692 = CARTESIAN_POINT('',(133.5,78.529760263459,29.328091751033));
#2693 = VECTOR('',#2694,1.);
#2694 = DIRECTION('',(1.,0.,2.22044604925E-16));
#2695 = PCURVE('',#1776,#2696);
#2696 = DEFINITIONAL_REPRESENTATION('',(#2697),#2701);
#2697 = LINE('',#2698,#2699);
#2698 = CARTESIAN_POINT('',(6.28318530718,-0.));
#2699 = VECTOR('',#2700,1.);
#2700 = DIRECTION('',(0.,1.));
#2701 = ( GEOMETRIC_REPRESENTATION_CONTEXT(2) 
PARAMETRIC_REPRESENTATION_CONTEXT() REPRESENTATION_CONTEXT('2D SPACE',''
  ) );
#2702 = PCURVE('',#1776,#2703);
#2703 = DEFINITIONAL_REPRESENTATION('',(#2704),#2708);
#2704 = LINE('',#2705,#2706);
#2705 = CARTESIAN_POINT('',(0.,-0.));
#2706 = VECTOR('',#2707,1.);
#2707 = DIRECTION('',(0.,1.));
#2708 = ( GEOMETRIC_REPRESENTATION_CONTEXT(2) 
PARAMETRIC_REPRESENTATION_CONTEXT() REPRESENTATION_CONTEXT('2D SPACE',''
  ) );
#2709 = ORIENTED_EDGE('',*,*,#1759,.T.);
#2710 = ORIENTED_EDGE('',*,*,#2689,.T.);
#2711 = ADVANCED_FACE('',(#2712),#1807,.F.);
#2712 = FACE_BOUND('',#2713,.F.);
#2713 = EDGE_LOOP('',(#2714,#2738,#2759,#2760));
#2714 = ORIENTED_EDGE('',*,*,#2715,.F.);
#2715 = EDGE_CURVE('',#2716,#2716,#2718,.T.);
#2716 = VERTEX_POINT('',#2717);
#2717 = CARTESIAN_POINT('',(146.5,32.528091751033,75.329760263459));
#2718 = SURFACE_CURVE('',#2719,(#2724,#2731),.PCURVE_S1.);
#2719 = CIRCLE('',#2720,3.2);
#2720 = AXIS2_PLACEMENT_3D('',#2721,#2722,#2723);
#2721 = CARTESIAN_POINT('',(146.5,32.528091751033,78.529760263459));
#2722 = DIRECTION('',(1.,0.,2.22044604925E-16));
#2723 = DIRECTION('',(2.22044604925E-16,0.,-1.));
#2724 = PCURVE('',#1807,#2725);
#2725 = DEFINITIONAL_REPRESENTATION('',(#2726),#2730);
#2726 = LINE('',#2727,#2728);
#2727 = CARTESIAN_POINT('',(0.,13.));
#2728 = VECTOR('',#2729,1.);
#2729 = DIRECTION('',(1.,0.));
#2730 = ( GEOMETRIC_REPRESENTATION_CONTEXT(2) 
PARAMETRIC_REPRESENTATION_CONTEXT() REPRESENTATION_CONTEXT('2D SPACE',''
  ) );
#2731 = PCURVE('',#2649,#2732);
#2732 = DEFINITIONAL_REPRESENTATION('',(#2733),#2737);
#2733 = CIRCLE('',#2734,3.2);
#2734 = AXIS2_PLACEMENT_2D('',#2735,#2736);
#2735 = CARTESIAN_POINT('',(78.529760263459,-32.52809175103));
#2736 = DIRECTION('',(-1.,0.));
#2737 = ( GEOMETRIC_REPRESENTATION_CONTEXT(2) 
PARAMETRIC_REPRESENTATION_CONTEXT() REPRESENTATION_CONTEXT('2D SPACE',''
  ) );
#2738 = ORIENTED_EDGE('',*,*,#2739,.F.);
#2739 = EDGE_CURVE('',#1791,#2716,#2740,.T.);
#2740 = SEAM_CURVE('',#2741,(#2745,#2752),.PCURVE_S1.);
#2741 = LINE('',#2742,#2743);
#2742 = CARTESIAN_POINT('',(133.5,32.528091751033,75.329760263459));
#2743 = VECTOR('',#2744,1.);
#2744 = DIRECTION('',(1.,0.,2.22044604925E-16));
#2745 = PCURVE('',#1807,#2746);
#2746 = DEFINITIONAL_REPRESENTATION('',(#2747),#2751);
#2747 = LINE('',#2748,#2749);
#2748 = CARTESIAN_POINT('',(6.28318530718,-0.));
#2749 = VECTOR('',#2750,1.);
#2750 = DIRECTION('',(0.,1.));
#2751 = ( GEOMETRIC_REPRESENTATION_CONTEXT(2) 
PARAMETRIC_REPRESENTATION_CONTEXT() REPRESENTATION_CONTEXT('2D SPACE',''
  ) );
#2752 = PCURVE('',#1807,#2753);
#2753 = DEFINITIONAL_REPRESENTATION('',(#2754),#2758);
#2754 = LINE('',#2755,#2756);
#2755 = CARTESIAN_POINT('',(0.,-0.));
#2756 = VECTOR('',#2757,1.);
#2757 = DIRECTION('',(0.,1.));
#2758 = ( GEOMETRIC_REPRESENTATION_CONTEXT(2) 
PARAMETRIC_REPRESENTATION_CONTEXT() REPRESENTATION_CONTEXT('2D SPACE',''
  ) );
#2759 = ORIENTED_EDGE('',*,*,#1790,.T.);
#2760 = ORIENTED_EDGE('',*,*,#2739,.T.);
#2761 = ADVANCED_FACE('',(#2762),#1838,.F.);
#2762 = FACE_BOUND('',#2763,.F.);
#2763 = EDGE_LOOP('',(#2764,#2788,#2809,#2810));
#2764 = ORIENTED_EDGE('',*,*,#2765,.F.);
#2765 = EDGE_CURVE('',#2766,#2766,#2768,.T.);
#2766 = VERTEX_POINT('',#2767);
#2767 = CARTESIAN_POINT('',(146.5,78.529760263459,-35.72809175103));
#2768 = SURFACE_CURVE('',#2769,(#2774,#2781),.PCURVE_S1.);
#2769 = CIRCLE('',#2770,3.2);
#2770 = AXIS2_PLACEMENT_3D('',#2771,#2772,#2773);
#2771 = CARTESIAN_POINT('',(146.5,78.529760263459,-32.52809175103));
#2772 = DIRECTION('',(1.,0.,2.22044604925E-16));
#2773 = DIRECTION('',(2.22044604925E-16,0.,-1.));
#2774 = PCURVE('',#1838,#2775);
#2775 = DEFINITIONAL_REPRESENTATION('',(#2776),#2780);
#2776 = LINE('',#2777,#2778);
#2777 = CARTESIAN_POINT('',(0.,13.));
#2778 = VECTOR('',#2779,1.);
#2779 = DIRECTION('',(1.,0.));
#2780 = ( GEOMETRIC_REPRESENTATION_CONTEXT(2) 
PARAMETRIC_REPRESENTATION_CONTEXT() REPRESENTATION_CONTEXT('2D SPACE',''
  ) );
#2781 = PCURVE('',#2649,#2782);
#2782 = DEFINITIONAL_REPRESENTATION('',(#2783),#2787);
#2783 = CIRCLE('',#2784,3.2);
#2784 = AXIS2_PLACEMENT_2D('',#2785,#2786);
#2785 = CARTESIAN_POINT('',(-32.52809175103,-78.52976026345));
#2786 = DIRECTION('',(-1.,0.));
#2787 = ( GEOMETRIC_REPRESENTATION_CONTEXT(2) 
PARAMETRIC_REPRESENTATION_CONTEXT() REPRESENTATION_CONTEXT('2D SPACE',''
  ) );
#2788 = ORIENTED_EDGE('',*,*,#2789,.F.);
#2789 = EDGE_CURVE('',#1822,#2766,#2790,.T.);
#2790 = SEAM_CURVE('',#2791,(#2795,#2802),.PCURVE_S1.);
#2791 = LINE('',#2792,#2793);
#2792 = CARTESIAN_POINT('',(133.5,78.529760263459,-35.72809175103));
#2793 = VECTOR('',#2794,1.);
#2794 = DIRECTION('',(1.,0.,2.22044604925E-16));
#2795 = PCURVE('',#1838,#2796);
#2796 = DEFINITIONAL_REPRESENTATION('',(#2797),#2801);
#2797 = LINE('',#2798,#2799);
#2798 = CARTESIAN_POINT('',(6.28318530718,-0.));
#2799 = VECTOR('',#2800,1.);
#2800 = DIRECTION('',(0.,1.));
#2801 = ( GEOMETRIC_REPRESENTATION_CONTEXT(2) 
PARAMETRIC_REPRESENTATION_CONTEXT() REPRESENTATION_CONTEXT('2D SPACE',''
  ) );
#2802 = PCURVE('',#1838,#2803);
#2803 = DEFINITIONAL_REPRESENTATION('',(#2804),#2808);
#2804 = LINE('',#2805,#2806);
#2805 = CARTESIAN_POINT('',(0.,-0.));
#2806 = VECTOR('',#2807,1.);
#2807 = DIRECTION('',(0.,1.));
#2808 = ( GEOMETRIC_REPRESENTATION_CONTEXT(2) 
PARAMETRIC_REPRESENTATION_CONTEXT() REPRESENTATION_CONTEXT('2D SPACE',''
  ) );
#2809 = ORIENTED_EDGE('',*,*,#1821,.T.);
#2810 = ORIENTED_EDGE('',*,*,#2789,.T.);
#2811 = ADVANCED_FACE('',(#2812),#1869,.F.);
#2812 = FACE_BOUND('',#2813,.F.);
#2813 = EDGE_LOOP('',(#2814,#2838,#2859,#2860));
#2814 = ORIENTED_EDGE('',*,*,#2815,.F.);
#2815 = EDGE_CURVE('',#2816,#2816,#2818,.T.);
#2816 = VERTEX_POINT('',#2817);
#2817 = CARTESIAN_POINT('',(146.5,32.528091751033,-81.72976026345));
#2818 = SURFACE_CURVE('',#2819,(#2824,#2831),.PCURVE_S1.);
#2819 = CIRCLE('',#2820,3.2);
#2820 = AXIS2_PLACEMENT_3D('',#2821,#2822,#2823);
#2821 = CARTESIAN_POINT('',(146.5,32.528091751033,-78.52976026345));
#2822 = DIRECTION('',(1.,0.,2.22044604925E-16));
#2823 = DIRECTION('',(2.22044604925E-16,0.,-1.));
#2824 = PCURVE('',#1869,#2825);
#2825 = DEFINITIONAL_REPRESENTATION('',(#2826),#2830);
#2826 = LINE('',#2827,#2828);
#2827 = CARTESIAN_POINT('',(0.,13.));
#2828 = VECTOR('',#2829,1.);
#2829 = DIRECTION('',(1.,0.));
#2830 = ( GEOMETRIC_REPRESENTATION_CONTEXT(2) 
PARAMETRIC_REPRESENTATION_CONTEXT() REPRESENTATION_CONTEXT('2D SPACE',''
  ) );
#2831 = PCURVE('',#2649,#2832);
#2832 = DEFINITIONAL_REPRESENTATION('',(#2833),#2837);
#2833 = CIRCLE('',#2834,3.2);
#2834 = AXIS2_PLACEMENT_2D('',#2835,#2836);
#2835 = CARTESIAN_POINT('',(-78.52976026345,-32.52809175103));
#2836 = DIRECTION('',(-1.,0.));
#2837 = ( GEOMETRIC_REPRESENTATION_CONTEXT(2) 
PARAMETRIC_REPRESENTATION_CONTEXT() REPRESENTATION_CONTEXT('2D SPACE',''
  ) );
#2838 = ORIENTED_EDGE('',*,*,#2839,.F.);
#2839 = EDGE_CURVE('',#1853,#2816,#2840,.T.);
#2840 = SEAM_CURVE('',#2841,(#2845,#2852),.PCURVE_S1.);
#2841 = LINE('',#2842,#2843);
#2842 = CARTESIAN_POINT('',(133.5,32.528091751033,-81.72976026345));
#2843 = VECTOR('',#2844,1.);
#2844 = DIRECTION('',(1.,0.,2.22044604925E-16));
#2845 = PCURVE('',#1869,#2846);
#2846 = DEFINITIONAL_REPRESENTATION('',(#2847),#2851);
#2847 = LINE('',#2848,#2849);
#2848 = CARTESIAN_POINT('',(6.28318530718,-0.));
#2849 = VECTOR('',#2850,1.);
#2850 = DIRECTION('',(0.,1.));
#2851 = ( GEOMETRIC_REPRESENTATION_CONTEXT(2) 
PARAMETRIC_REPRESENTATION_CONTEXT() REPRESENTATION_CONTEXT('2D SPACE',''
  ) );
#2852 = PCURVE('',#1869,#2853);
#2853 = DEFINITIONAL_REPRESENTATION('',(#2854),#2858);
#2854 = LINE('',#2855,#2856);
#2855 = CARTESIAN_POINT('',(0.,-0.));
#2856 = VECTOR('',#2857,1.);
#2857 = DIRECTION('',(0.,1.));
#2858 = ( GEOMETRIC_REPRESENTATION_CONTEXT(2) 
PARAMETRIC_REPRESENTATION_CONTEXT() REPRESENTATION_CONTEXT('2D SPACE',''
  ) );
#2859 = ORIENTED_EDGE('',*,*,#1852,.T.);
#2860 = ORIENTED_EDGE('',*,*,#2839,.T.);
#2861 = ADVANCED_FACE('',(#2862),#1900,.F.);
#2862 = FACE_BOUND('',#2863,.F.);
#2863 = EDGE_LOOP('',(#2864,#2888,#2909,#2910));
#2864 = ORIENTED_EDGE('',*,*,#2865,.F.);
#2865 = EDGE_CURVE('',#2866,#2866,#2868,.T.);
#2866 = VERTEX_POINT('',#2867);
#2867 = CARTESIAN_POINT('',(146.5,-32.52809175103,75.329760263459));
#2868 = SURFACE_CURVE('',#2869,(#2874,#2881),.PCURVE_S1.);
#2869 = CIRCLE('',#2870,3.2);
#2870 = AXIS2_PLACEMENT_3D('',#2871,#2872,#2873);
#2871 = CARTESIAN_POINT('',(146.5,-32.52809175103,78.529760263459));
#2872 = DIRECTION('',(1.,0.,2.22044604925E-16));
#2873 = DIRECTION('',(2.22044604925E-16,0.,-1.));
#2874 = PCURVE('',#1900,#2875);
#2875 = DEFINITIONAL_REPRESENTATION('',(#2876),#2880);
#2876 = LINE('',#2877,#2878);
#2877 = CARTESIAN_POINT('',(0.,13.));
#2878 = VECTOR('',#2879,1.);
#2879 = DIRECTION('',(1.,0.));
#2880 = ( GEOMETRIC_REPRESENTATION_CONTEXT(2) 
PARAMETRIC_REPRESENTATION_CONTEXT() REPRESENTATION_CONTEXT('2D SPACE',''
  ) );
#2881 = PCURVE('',#2649,#2882);
#2882 = DEFINITIONAL_REPRESENTATION('',(#2883),#2887);
#2883 = CIRCLE('',#2884,3.2);
#2884 = AXIS2_PLACEMENT_2D('',#2885,#2886);
#2885 = CARTESIAN_POINT('',(78.529760263459,32.528091751033));
#2886 = DIRECTION('',(-1.,0.));
#2887 = ( GEOMETRIC_REPRESENTATION_CONTEXT(2) 
PARAMETRIC_REPRESENTATION_CONTEXT() REPRESENTATION_CONTEXT('2D SPACE',''
  ) );
#2888 = ORIENTED_EDGE('',*,*,#2889,.F.);
#2889 = EDGE_CURVE('',#1884,#2866,#2890,.T.);
#2890 = SEAM_CURVE('',#2891,(#2895,#2902),.PCURVE_S1.);
#2891 = LINE('',#2892,#2893);
#2892 = CARTESIAN_POINT('',(133.5,-32.52809175103,75.329760263459));
#2893 = VECTOR('',#2894,1.);
#2894 = DIRECTION('',(1.,0.,2.22044604925E-16));
#2895 = PCURVE('',#1900,#2896);
#2896 = DEFINITIONAL_REPRESENTATION('',(#2897),#2901);
#2897 = LINE('',#2898,#2899);
#2898 = CARTESIAN_POINT('',(6.28318530718,-0.));
#2899 = VECTOR('',#2900,1.);
#2900 = DIRECTION('',(0.,1.));
#2901 = ( GEOMETRIC_REPRESENTATION_CONTEXT(2) 
PARAMETRIC_REPRESENTATION_CONTEXT() REPRESENTATION_CONTEXT('2D SPACE',''
  ) );
#2902 = PCURVE('',#1900,#2903);
#2903 = DEFINITIONAL_REPRESENTATION('',(#2904),#2908);
#2904 = LINE('',#2905,#2906);
#2905 = CARTESIAN_POINT('',(0.,-0.));
#2906 = VECTOR('',#2907,1.);
#2907 = DIRECTION('',(0.,1.));
#2908 = ( GEOMETRIC_REPRESENTATION_CONTEXT(2) 
PARAMETRIC_REPRESENTATION_CONTEXT() REPRESENTATION_CONTEXT('2D SPACE',''
  ) );
#2909 = ORIENTED_EDGE('',*,*,#1883,.T.);
#2910 = ORIENTED_EDGE('',*,*,#2889,.T.);
#2911 = ADVANCED_FACE('',(#2912),#1953,.F.);
#2912 = FACE_BOUND('',#2913,.F.);
#2913 = EDGE_LOOP('',(#2914,#2939,#2961,#2962,#2963,#2964,#2986,#2987));
#2914 = ORIENTED_EDGE('',*,*,#2915,.T.);
#2915 = EDGE_CURVE('',#2916,#2918,#2920,.T.);
#2916 = VERTEX_POINT('',#2917);
#2917 = CARTESIAN_POINT('',(136.9,-1.07768918325E-15,78.4));
#2918 = VERTEX_POINT('',#2919);
#2919 = CARTESIAN_POINT('',(136.9,-1.07768918325E-15,87.4));
#2920 = SEAM_CURVE('',#2921,(#2925,#2932),.PCURVE_S1.);
#2921 = LINE('',#2922,#2923);
#2922 = CARTESIAN_POINT('',(136.9,-1.07768918325E-15,78.4));
#2923 = VECTOR('',#2924,1.);
#2924 = DIRECTION('',(0.,0.,1.));
#2925 = PCURVE('',#1953,#2926);
#2926 = DEFINITIONAL_REPRESENTATION('',(#2927),#2931);
#2927 = LINE('',#2928,#2929);
#2928 = CARTESIAN_POINT('',(6.28318530718,-0.));
#2929 = VECTOR('',#2930,1.);
#2930 = DIRECTION('',(0.,1.));
#2931 = ( GEOMETRIC_REPRESENTATION_CONTEXT(2) 
PARAMETRIC_REPRESENTATION_CONTEXT() REPRESENTATION_CONTEXT('2D SPACE',''
  ) );
#2932 = PCURVE('',#1953,#2933);
#2933 = DEFINITIONAL_REPRESENTATION('',(#2934),#2938);
#2934 = LINE('',#2935,#2936);
#2935 = CARTESIAN_POINT('',(0.,-0.));
#2936 = VECTOR('',#2937,1.);
#2937 = DIRECTION('',(0.,1.));
#2938 = ( GEOMETRIC_REPRESENTATION_CONTEXT(2) 
PARAMETRIC_REPRESENTATION_CONTEXT() REPRESENTATION_CONTEXT('2D SPACE',''
  ) );
#2939 = ORIENTED_EDGE('',*,*,#2940,.F.);
#2940 = EDGE_CURVE('',#1965,#2918,#2941,.T.);
#2941 = SURFACE_CURVE('',#2942,(#2947,#2954),.PCURVE_S1.);
#2942 = CIRCLE('',#2943,4.4);
#2943 = AXIS2_PLACEMENT_3D('',#2944,#2945,#2946);
#2944 = CARTESIAN_POINT('',(132.5,0.,87.4));
#2945 = DIRECTION('',(0.,0.,1.));
#2946 = DIRECTION('',(1.,0.,-0.));
#2947 = PCURVE('',#1953,#2948);
#2948 = DEFINITIONAL_REPRESENTATION('',(#2949),#2953);
#2949 = LINE('',#2950,#2951);
#2950 = CARTESIAN_POINT('',(0.,9.));
#2951 = VECTOR('',#2952,1.);
#2952 = DIRECTION('',(1.,0.));
#2953 = ( GEOMETRIC_REPRESENTATION_CONTEXT(2) 
PARAMETRIC_REPRESENTATION_CONTEXT() REPRESENTATION_CONTEXT('2D SPACE',''
  ) );
#2954 = PCURVE('',#1979,#2955);
#2955 = DEFINITIONAL_REPRESENTATION('',(#2956),#2960);
#2956 = CIRCLE('',#2957,4.4);
#2957 = AXIS2_PLACEMENT_2D('',#2958,#2959);
#2958 = CARTESIAN_POINT('',(0.,0.));
#2959 = DIRECTION('',(1.,0.));
#2960 = ( GEOMETRIC_REPRESENTATION_CONTEXT(2) 
PARAMETRIC_REPRESENTATION_CONTEXT() REPRESENTATION_CONTEXT('2D SPACE',''
  ) );
#2961 = ORIENTED_EDGE('',*,*,#1990,.F.);
#2962 = ORIENTED_EDGE('',*,*,#2584,.F.);
#2963 = ORIENTED_EDGE('',*,*,#1938,.T.);
#2964 = ORIENTED_EDGE('',*,*,#2965,.F.);
#2965 = EDGE_CURVE('',#2918,#1939,#2966,.T.);
#2966 = SURFACE_CURVE('',#2967,(#2972,#2979),.PCURVE_S1.);
#2967 = CIRCLE('',#2968,4.4);
#2968 = AXIS2_PLACEMENT_3D('',#2969,#2970,#2971);
#2969 = CARTESIAN_POINT('',(132.5,0.,87.4));
#2970 = DIRECTION('',(0.,0.,1.));
#2971 = DIRECTION('',(1.,0.,-0.));
#2972 = PCURVE('',#1953,#2973);
#2973 = DEFINITIONAL_REPRESENTATION('',(#2974),#2978);
#2974 = LINE('',#2975,#2976);
#2975 = CARTESIAN_POINT('',(0.,9.));
#2976 = VECTOR('',#2977,1.);
#2977 = DIRECTION('',(1.,0.));
#2978 = ( GEOMETRIC_REPRESENTATION_CONTEXT(2) 
PARAMETRIC_REPRESENTATION_CONTEXT() REPRESENTATION_CONTEXT('2D SPACE',''
  ) );
#2979 = PCURVE('',#1979,#2980);
#2980 = DEFINITIONAL_REPRESENTATION('',(#2981),#2985);
#2981 = CIRCLE('',#2982,4.4);
#2982 = AXIS2_PLACEMENT_2D('',#2983,#2984);
#2983 = CARTESIAN_POINT('',(0.,0.));
#2984 = DIRECTION('',(1.,0.));
#2985 = ( GEOMETRIC_REPRESENTATION_CONTEXT(2) 
PARAMETRIC_REPRESENTATION_CONTEXT() REPRESENTATION_CONTEXT('2D SPACE',''
  ) );
#2986 = ORIENTED_EDGE('',*,*,#2915,.F.);
#2987 = ORIENTED_EDGE('',*,*,#2988,.T.);
#2988 = EDGE_CURVE('',#2916,#2916,#2989,.T.);
#2989 = SURFACE_CURVE('',#2990,(#2995,#3002),.PCURVE_S1.);
#2990 = CIRCLE('',#2991,4.4);
#2991 = AXIS2_PLACEMENT_3D('',#2992,#2993,#2994);
#2992 = CARTESIAN_POINT('',(132.5,0.,78.4));
#2993 = DIRECTION('',(0.,0.,1.));
#2994 = DIRECTION('',(1.,0.,-0.));
#2995 = PCURVE('',#1953,#2996);
#2996 = DEFINITIONAL_REPRESENTATION('',(#2997),#3001);
#2997 = LINE('',#2998,#2999);
#2998 = CARTESIAN_POINT('',(0.,0.));
#2999 = VECTOR('',#3000,1.);
#3000 = DIRECTION('',(1.,0.));
#3001 = ( GEOMETRIC_REPRESENTATION_CONTEXT(2) 
PARAMETRIC_REPRESENTATION_CONTEXT() REPRESENTATION_CONTEXT('2D SPACE',''
  ) );
#3002 = PCURVE('',#3003,#3008);
#3003 = PLANE('',#3004);
#3004 = AXIS2_PLACEMENT_3D('',#3005,#3006,#3007);
#3005 = CARTESIAN_POINT('',(132.5,0.,78.4));
#3006 = DIRECTION('',(0.,0.,1.));
#3007 = DIRECTION('',(1.,0.,-0.));
#3008 = DEFINITIONAL_REPRESENTATION('',(#3009),#3013);
#3009 = CIRCLE('',#3010,4.4);
#3010 = AXIS2_PLACEMENT_2D('',#3011,#3012);
#3011 = CARTESIAN_POINT('',(0.,0.));
#3012 = DIRECTION('',(1.,0.));
#3013 = ( GEOMETRIC_REPRESENTATION_CONTEXT(2) 
PARAMETRIC_REPRESENTATION_CONTEXT() REPRESENTATION_CONTEXT('2D SPACE',''
  ) );
#3014 = ADVANCED_FACE('',(#3015),#1979,.F.);
#3015 = FACE_BOUND('',#3016,.F.);
#3016 = EDGE_LOOP('',(#3017,#3018,#3019));
#3017 = ORIENTED_EDGE('',*,*,#2940,.T.);
#3018 = ORIENTED_EDGE('',*,*,#2965,.T.);
#3019 = ORIENTED_EDGE('',*,*,#1964,.F.);
#3020 = ADVANCED_FACE('',(#3021),#2049,.F.);
#3021 = FACE_BOUND('',#3022,.F.);
#3022 = EDGE_LOOP('',(#3023,#3047,#3068,#3069));
#3023 = ORIENTED_EDGE('',*,*,#3024,.F.);
#3024 = EDGE_CURVE('',#3025,#3025,#3027,.T.);
#3025 = VERTEX_POINT('',#3026);
#3026 = CARTESIAN_POINT('',(146.5,-78.52976026345,29.328091751033));
#3027 = SURFACE_CURVE('',#3028,(#3033,#3040),.PCURVE_S1.);
#3028 = CIRCLE('',#3029,3.2);
#3029 = AXIS2_PLACEMENT_3D('',#3030,#3031,#3032);
#3030 = CARTESIAN_POINT('',(146.5,-78.52976026345,32.528091751033));
#3031 = DIRECTION('',(1.,0.,2.22044604925E-16));
#3032 = DIRECTION('',(2.22044604925E-16,0.,-1.));
#3033 = PCURVE('',#2049,#3034);
#3034 = DEFINITIONAL_REPRESENTATION('',(#3035),#3039);
#3035 = LINE('',#3036,#3037);
#3036 = CARTESIAN_POINT('',(0.,13.));
#3037 = VECTOR('',#3038,1.);
#3038 = DIRECTION('',(1.,0.));
#3039 = ( GEOMETRIC_REPRESENTATION_CONTEXT(2) 
PARAMETRIC_REPRESENTATION_CONTEXT() REPRESENTATION_CONTEXT('2D SPACE',''
  ) );
#3040 = PCURVE('',#2649,#3041);
#3041 = DEFINITIONAL_REPRESENTATION('',(#3042),#3046);
#3042 = CIRCLE('',#3043,3.2);
#3043 = AXIS2_PLACEMENT_2D('',#3044,#3045);
#3044 = CARTESIAN_POINT('',(32.528091751033,78.529760263459));
#3045 = DIRECTION('',(-1.,0.));
#3046 = ( GEOMETRIC_REPRESENTATION_CONTEXT(2) 
PARAMETRIC_REPRESENTATION_CONTEXT() REPRESENTATION_CONTEXT('2D SPACE',''
  ) );
#3047 = ORIENTED_EDGE('',*,*,#3048,.F.);
#3048 = EDGE_CURVE('',#2033,#3025,#3049,.T.);
#3049 = SEAM_CURVE('',#3050,(#3054,#3061),.PCURVE_S1.);
#3050 = LINE('',#3051,#3052);
#3051 = CARTESIAN_POINT('',(133.5,-78.52976026345,29.328091751033));
#3052 = VECTOR('',#3053,1.);
#3053 = DIRECTION('',(1.,0.,2.22044604925E-16));
#3054 = PCURVE('',#2049,#3055);
#3055 = DEFINITIONAL_REPRESENTATION('',(#3056),#3060);
#3056 = LINE('',#3057,#3058);
#3057 = CARTESIAN_POINT('',(6.28318530718,-0.));
#3058 = VECTOR('',#3059,1.);
#3059 = DIRECTION('',(0.,1.));
#3060 = ( GEOMETRIC_REPRESENTATION_CONTEXT(2) 
PARAMETRIC_REPRESENTATION_CONTEXT() REPRESENTATION_CONTEXT('2D SPACE',''
  ) );
#3061 = PCURVE('',#2049,#3062);
#3062 = DEFINITIONAL_REPRESENTATION('',(#3063),#3067);
#3063 = LINE('',#3064,#3065);
#3064 = CARTESIAN_POINT('',(0.,-0.));
#3065 = VECTOR('',#3066,1.);
#3066 = DIRECTION('',(0.,1.));
#3067 = ( GEOMETRIC_REPRESENTATION_CONTEXT(2) 
PARAMETRIC_REPRESENTATION_CONTEXT() REPRESENTATION_CONTEXT('2D SPACE',''
  ) );
#3068 = ORIENTED_EDGE('',*,*,#2032,.T.);
#3069 = ORIENTED_EDGE('',*,*,#3048,.T.);
#3070 = ADVANCED_FACE('',(#3071),#2080,.F.);
#3071 = FACE_BOUND('',#3072,.F.);
#3072 = EDGE_LOOP('',(#3073,#3097,#3118,#3119));
#3073 = ORIENTED_EDGE('',*,*,#3074,.F.);
#3074 = EDGE_CURVE('',#3075,#3075,#3077,.T.);
#3075 = VERTEX_POINT('',#3076);
#3076 = CARTESIAN_POINT('',(146.5,-32.52809175103,-81.72976026345));
#3077 = SURFACE_CURVE('',#3078,(#3083,#3090),.PCURVE_S1.);
#3078 = CIRCLE('',#3079,3.2);
#3079 = AXIS2_PLACEMENT_3D('',#3080,#3081,#3082);
#3080 = CARTESIAN_POINT('',(146.5,-32.52809175103,-78.52976026345));
#3081 = DIRECTION('',(1.,0.,2.22044604925E-16));
#3082 = DIRECTION('',(2.22044604925E-16,0.,-1.));
#3083 = PCURVE('',#2080,#3084);
#3084 = DEFINITIONAL_REPRESENTATION('',(#3085),#3089);
#3085 = LINE('',#3086,#3087);
#3086 = CARTESIAN_POINT('',(0.,13.));
#3087 = VECTOR('',#3088,1.);
#3088 = DIRECTION('',(1.,0.));
#3089 = ( GEOMETRIC_REPRESENTATION_CONTEXT(2) 
PARAMETRIC_REPRESENTATION_CONTEXT() REPRESENTATION_CONTEXT('2D SPACE',''
  ) );
#3090 = PCURVE('',#2649,#3091);
#3091 = DEFINITIONAL_REPRESENTATION('',(#3092),#3096);
#3092 = CIRCLE('',#3093,3.2);
#3093 = AXIS2_PLACEMENT_2D('',#3094,#3095);
#3094 = CARTESIAN_POINT('',(-78.52976026345,32.528091751033));
#3095 = DIRECTION('',(-1.,0.));
#3096 = ( GEOMETRIC_REPRESENTATION_CONTEXT(2) 
PARAMETRIC_REPRESENTATION_CONTEXT() REPRESENTATION_CONTEXT('2D SPACE',''
  ) );
#3097 = ORIENTED_EDGE('',*,*,#3098,.F.);
#3098 = EDGE_CURVE('',#2064,#3075,#3099,.T.);
#3099 = SEAM_CURVE('',#3100,(#3104,#3111),.PCURVE_S1.);
#3100 = LINE('',#3101,#3102);
#3101 = CARTESIAN_POINT('',(133.5,-32.52809175103,-81.72976026345));
#3102 = VECTOR('',#3103,1.);
#3103 = DIRECTION('',(1.,0.,2.22044604925E-16));
#3104 = PCURVE('',#2080,#3105);
#3105 = DEFINITIONAL_REPRESENTATION('',(#3106),#3110);
#3106 = LINE('',#3107,#3108);
#3107 = CARTESIAN_POINT('',(6.28318530718,-0.));
#3108 = VECTOR('',#3109,1.);
#3109 = DIRECTION('',(0.,1.));
#3110 = ( GEOMETRIC_REPRESENTATION_CONTEXT(2) 
PARAMETRIC_REPRESENTATION_CONTEXT() REPRESENTATION_CONTEXT('2D SPACE',''
  ) );
#3111 = PCURVE('',#2080,#3112);
#3112 = DEFINITIONAL_REPRESENTATION('',(#3113),#3117);
#3113 = LINE('',#3114,#3115);
#3114 = CARTESIAN_POINT('',(0.,-0.));
#3115 = VECTOR('',#3116,1.);
#3116 = DIRECTION('',(0.,1.));
#3117 = ( GEOMETRIC_REPRESENTATION_CONTEXT(2) 
PARAMETRIC_REPRESENTATION_CONTEXT() REPRESENTATION_CONTEXT('2D SPACE',''
  ) );
#3118 = ORIENTED_EDGE('',*,*,#2063,.T.);
#3119 = ORIENTED_EDGE('',*,*,#3098,.T.);
#3120 = ADVANCED_FACE('',(#3121),#2111,.F.);
#3121 = FACE_BOUND('',#3122,.F.);
#3122 = EDGE_LOOP('',(#3123,#3147,#3168,#3169));
#3123 = ORIENTED_EDGE('',*,*,#3124,.F.);
#3124 = EDGE_CURVE('',#3125,#3125,#3127,.T.);
#3125 = VERTEX_POINT('',#3126);
#3126 = CARTESIAN_POINT('',(146.5,-78.52976026345,-35.72809175103));
#3127 = SURFACE_CURVE('',#3128,(#3133,#3140),.PCURVE_S1.);
#3128 = CIRCLE('',#3129,3.2);
#3129 = AXIS2_PLACEMENT_3D('',#3130,#3131,#3132);
#3130 = CARTESIAN_POINT('',(146.5,-78.52976026345,-32.52809175103));
#3131 = DIRECTION('',(1.,0.,2.22044604925E-16));
#3132 = DIRECTION('',(2.22044604925E-16,0.,-1.));
#3133 = PCURVE('',#2111,#3134);
#3134 = DEFINITIONAL_REPRESENTATION('',(#3135),#3139);
#3135 = LINE('',#3136,#3137);
#3136 = CARTESIAN_POINT('',(0.,13.));
#3137 = VECTOR('',#3138,1.);
#3138 = DIRECTION('',(1.,0.));
#3139 = ( GEOMETRIC_REPRESENTATION_CONTEXT(2) 
PARAMETRIC_REPRESENTATION_CONTEXT() REPRESENTATION_CONTEXT('2D SPACE',''
  ) );
#3140 = PCURVE('',#2649,#3141);
#3141 = DEFINITIONAL_REPRESENTATION('',(#3142),#3146);
#3142 = CIRCLE('',#3143,3.2);
#3143 = AXIS2_PLACEMENT_2D('',#3144,#3145);
#3144 = CARTESIAN_POINT('',(-32.52809175103,78.529760263459));
#3145 = DIRECTION('',(-1.,0.));
#3146 = ( GEOMETRIC_REPRESENTATION_CONTEXT(2) 
PARAMETRIC_REPRESENTATION_CONTEXT() REPRESENTATION_CONTEXT('2D SPACE',''
  ) );
#3147 = ORIENTED_EDGE('',*,*,#3148,.F.);
#3148 = EDGE_CURVE('',#2095,#3125,#3149,.T.);
#3149 = SEAM_CURVE('',#3150,(#3154,#3161),.PCURVE_S1.);
#3150 = LINE('',#3151,#3152);
#3151 = CARTESIAN_POINT('',(133.5,-78.52976026345,-35.72809175103));
#3152 = VECTOR('',#3153,1.);
#3153 = DIRECTION('',(1.,0.,2.22044604925E-16));
#3154 = PCURVE('',#2111,#3155);
#3155 = DEFINITIONAL_REPRESENTATION('',(#3156),#3160);
#3156 = LINE('',#3157,#3158);
#3157 = CARTESIAN_POINT('',(6.28318530718,-0.));
#3158 = VECTOR('',#3159,1.);
#3159 = DIRECTION('',(0.,1.));
#3160 = ( GEOMETRIC_REPRESENTATION_CONTEXT(2) 
PARAMETRIC_REPRESENTATION_CONTEXT() REPRESENTATION_CONTEXT('2D SPACE',''
  ) );
#3161 = PCURVE('',#2111,#3162);
#3162 = DEFINITIONAL_REPRESENTATION('',(#3163),#3167);
#3163 = LINE('',#3164,#3165);
#3164 = CARTESIAN_POINT('',(0.,-0.));
#3165 = VECTOR('',#3166,1.);
#3166 = DIRECTION('',(0.,1.));
#3167 = ( GEOMETRIC_REPRESENTATION_CONTEXT(2) 
PARAMETRIC_REPRESENTATION_CONTEXT() REPRESENTATION_CONTEXT('2D SPACE',''
  ) );
#3168 = ORIENTED_EDGE('',*,*,#2094,.T.);
#3169 = ORIENTED_EDGE('',*,*,#3148,.T.);
#3170 = ADVANCED_FACE('',(#3171,#3459,#3462),#2248,.F.);
#3171 = FACE_BOUND('',#3172,.T.);
#3172 = EDGE_LOOP('',(#3173,#3198,#3220,#3221,#3318,#3341,#3368,#3369));
#3173 = ORIENTED_EDGE('',*,*,#3174,.F.);
#3174 = EDGE_CURVE('',#3175,#3177,#3179,.T.);
#3175 = VERTEX_POINT('',#3176);
#3176 = CARTESIAN_POINT('',(146.5,0.,71.396));
#3177 = VERTEX_POINT('',#3178);
#3178 = CARTESIAN_POINT('',(135.,-3.061616997868E-16,71.396));
#3179 = SEAM_CURVE('',#3180,(#3184,#3191),.PCURVE_S1.);
#3180 = LINE('',#3181,#3182);
#3181 = CARTESIAN_POINT('',(146.5,0.,71.396));
#3182 = VECTOR('',#3183,1.);
#3183 = DIRECTION('',(-1.,0.,0.));
#3184 = PCURVE('',#2248,#3185);
#3185 = DEFINITIONAL_REPRESENTATION('',(#3186),#3190);
#3186 = LINE('',#3187,#3188);
#3187 = CARTESIAN_POINT('',(-0.,0.));
#3188 = VECTOR('',#3189,1.);
#3189 = DIRECTION('',(-0.,1.));
#3190 = ( GEOMETRIC_REPRESENTATION_CONTEXT(2) 
PARAMETRIC_REPRESENTATION_CONTEXT() REPRESENTATION_CONTEXT('2D SPACE',''
  ) );
#3191 = PCURVE('',#2248,#3192);
#3192 = DEFINITIONAL_REPRESENTATION('',(#3193),#3197);
#3193 = LINE('',#3194,#3195);
#3194 = CARTESIAN_POINT('',(-6.28318530718,0.));
#3195 = VECTOR('',#3196,1.);
#3196 = DIRECTION('',(-0.,1.));
#3197 = ( GEOMETRIC_REPRESENTATION_CONTEXT(2) 
PARAMETRIC_REPRESENTATION_CONTEXT() REPRESENTATION_CONTEXT('2D SPACE',''
  ) );
#3198 = ORIENTED_EDGE('',*,*,#3199,.T.);
#3199 = EDGE_CURVE('',#3175,#3175,#3200,.T.);
#3200 = SURFACE_CURVE('',#3201,(#3206,#3213),.PCURVE_S1.);
#3201 = CIRCLE('',#3202,71.396);
#3202 = AXIS2_PLACEMENT_3D('',#3203,#3204,#3205);
#3203 = CARTESIAN_POINT('',(146.5,0.,0.));
#3204 = DIRECTION('',(1.,0.,-0.));
#3205 = DIRECTION('',(0.,0.,1.));
#3206 = PCURVE('',#2248,#3207);
#3207 = DEFINITIONAL_REPRESENTATION('',(#3208),#3212);
#3208 = LINE('',#3209,#3210);
#3209 = CARTESIAN_POINT('',(-0.,0.));
#3210 = VECTOR('',#3211,1.);
#3211 = DIRECTION('',(-1.,0.));
#3212 = ( GEOMETRIC_REPRESENTATION_CONTEXT(2) 
PARAMETRIC_REPRESENTATION_CONTEXT() REPRESENTATION_CONTEXT('2D SPACE',''
  ) );
#3213 = PCURVE('',#2649,#3214);
#3214 = DEFINITIONAL_REPRESENTATION('',(#3215),#3219);
#3215 = CIRCLE('',#3216,71.396);
#3216 = AXIS2_PLACEMENT_2D('',#3217,#3218);
#3217 = CARTESIAN_POINT('',(0.,0.));
#3218 = DIRECTION('',(1.,0.));
#3219 = ( GEOMETRIC_REPRESENTATION_CONTEXT(2) 
PARAMETRIC_REPRESENTATION_CONTEXT() REPRESENTATION_CONTEXT('2D SPACE',''
  ) );
#3220 = ORIENTED_EDGE('',*,*,#3174,.T.);
#3221 = ORIENTED_EDGE('',*,*,#3222,.T.);
#3222 = EDGE_CURVE('',#3177,#3223,#3225,.T.);
#3223 = VERTEX_POINT('',#3224);
#3224 = CARTESIAN_POINT('',(130.,0.,71.396));
#3225 = SURFACE_CURVE('',#3226,(#3253,#3283),.PCURVE_S1.);
#3226 = B_SPLINE_CURVE_WITH_KNOTS('',7,(#3227,#3228,#3229,#3230,#3231,
    #3232,#3233,#3234,#3235,#3236,#3237,#3238,#3239,#3240,#3241,#3242,
    #3243,#3244,#3245,#3246,#3247,#3248,#3249,#3250,#3251,#3252),
  .UNSPECIFIED.,.F.,.F.,(8,6,6,6,8),(0.,0.244225387529,0.500008509962,
    0.755807902328,1.),.UNSPECIFIED.);
#3227 = CARTESIAN_POINT('',(135.,7.32710356278E-15,71.396));
#3228 = CARTESIAN_POINT('',(135.,0.333329252655,71.396));
#3229 = CARTESIAN_POINT('',(134.94814997415,0.657369156531,
    71.394184399689));
#3230 = CARTESIAN_POINT('',(134.84964787892,0.962721801827,
    71.390735376387));
#3231 = CARTESIAN_POINT('',(134.7114886045,1.241658240666,
    71.386134147449));
#3232 = CARTESIAN_POINT('',(134.54235420875,1.488407515946,
    71.381028565079));
#3233 = CARTESIAN_POINT('',(134.35243843783,1.699695595625,
    71.375981262831));
#3234 = CARTESIAN_POINT('',(133.94469588861,2.059169007913,
    71.366536124189));
#3235 = CARTESIAN_POINT('',(133.72008969857,2.209082039513,
    71.362044002578));
#3236 = CARTESIAN_POINT('',(133.48492994549,2.326695725803,
    71.358215278184));
#3237 = CARTESIAN_POINT('',(133.24292994705,2.413644359453,
    71.355242335445));
#3238 = CARTESIAN_POINT('',(132.99675500444,2.471186334816,
    71.353226164697));
#3239 = CARTESIAN_POINT('',(132.74848517039,2.5,71.352216615884));
#3240 = CARTESIAN_POINT('',(132.25149902387,2.5,71.352216615884));
#3241 = CARTESIAN_POINT('',(132.00323221495,2.471182733089,
    71.353226289799));
#3242 = CARTESIAN_POINT('',(131.75706621632,2.413641081471,
    71.35524245317));
#3243 = CARTESIAN_POINT('',(131.51507249158,2.326695904915,
    71.358215250053));
#3244 = CARTESIAN_POINT('',(131.27991313779,2.2090842995,71.362043941519
    ));
#3245 = CARTESIAN_POINT('',(131.05530451699,2.059169365504,
    71.366536114793));
#3246 = CARTESIAN_POINT('',(130.6476009875,1.699730353738,
    71.375980349564));
#3247 = CARTESIAN_POINT('',(130.45766808294,1.488444579606,
    71.381027792617));
#3248 = CARTESIAN_POINT('',(130.28849970086,1.241663793149,
    71.386134330288));
#3249 = CARTESIAN_POINT('',(130.15031978154,0.962676474156,
    71.390736506347));
#3250 = CARTESIAN_POINT('',(130.05182475604,0.657281981543,
    71.394185285294));
#3251 = CARTESIAN_POINT('',(130.,0.333248039542,71.396));
#3252 = CARTESIAN_POINT('',(130.,9.202730836873E-15,71.396));
#3253 = PCURVE('',#2248,#3254);
#3254 = DEFINITIONAL_REPRESENTATION('',(#3255),#3282);
#3255 = B_SPLINE_CURVE_WITH_KNOTS('',7,(#3256,#3257,#3258,#3259,#3260,
    #3261,#3262,#3263,#3264,#3265,#3266,#3267,#3268,#3269,#3270,#3271,
    #3272,#3273,#3274,#3275,#3276,#3277,#3278,#3279,#3280,#3281),
  .UNSPECIFIED.,.F.,.F.,(8,6,6,6,8),(0.,0.244225387529,0.500008509962,
    0.755807902328,1.),.UNSPECIFIED.);
#3256 = CARTESIAN_POINT('',(-6.28318530718,11.5));
#3257 = CARTESIAN_POINT('',(-6.278516568698,11.5));
#3258 = CARTESIAN_POINT('',(-6.273977940241,11.551850025849));
#3259 = CARTESIAN_POINT('',(-6.269700887795,11.650352121076));
#3260 = CARTESIAN_POINT('',(-6.265793535896,11.788511395495));
#3261 = CARTESIAN_POINT('',(-6.262336759013,11.957645791242));
#3262 = CARTESIAN_POINT('',(-6.259376540738,12.147561562169));
#3263 = CARTESIAN_POINT('',(-6.254339879355,12.555304111386));
#3264 = CARTESIAN_POINT('',(-6.252239211241,12.779910301427));
#3265 = CARTESIAN_POINT('',(-6.250591000353,13.015070054509));
#3266 = CARTESIAN_POINT('',(-6.24937245311,13.257070052951));
#3267 = CARTESIAN_POINT('',(-6.248566003301,13.50324499556));
#3268 = CARTESIAN_POINT('',(-6.24816218033,13.751514829601));
#3269 = CARTESIAN_POINT('',(-6.24816218033,14.248500976122));
#3270 = CARTESIAN_POINT('',(-6.248566053778,14.496767785041));
#3271 = CARTESIAN_POINT('',(-6.249372499053,14.742933783671));
#3272 = CARTESIAN_POINT('',(-6.250590997831,14.984927508419));
#3273 = CARTESIAN_POINT('',(-6.252239179576,15.2200868622));
#3274 = CARTESIAN_POINT('',(-6.254339874345,15.444695483007));
#3275 = CARTESIAN_POINT('',(-6.259376053734,15.852399012492));
#3276 = CARTESIAN_POINT('',(-6.262336239775,16.042331917059));
#3277 = CARTESIAN_POINT('',(-6.265793458223,16.211500299135));
#3278 = CARTESIAN_POINT('',(-6.2697015228,16.349680218453));
#3279 = CARTESIAN_POINT('',(-6.273979161248,16.448175243959));
#3280 = CARTESIAN_POINT('',(-6.2785177062,16.5));
#3281 = CARTESIAN_POINT('',(-6.28318530718,16.5));
#3282 = ( GEOMETRIC_REPRESENTATION_CONTEXT(2) 
PARAMETRIC_REPRESENTATION_CONTEXT() REPRESENTATION_CONTEXT('2D SPACE',''
  ) );
#3283 = PCURVE('',#3284,#3289);
#3284 = CYLINDRICAL_SURFACE('',#3285,2.5);
#3285 = AXIS2_PLACEMENT_3D('',#3286,#3287,#3288);
#3286 = CARTESIAN_POINT('',(132.5,0.,70.396));
#3287 = DIRECTION('',(0.,0.,1.));
#3288 = DIRECTION('',(1.,0.,-0.));
#3289 = DEFINITIONAL_REPRESENTATION('',(#3290),#3317);
#3290 = B_SPLINE_CURVE_WITH_KNOTS('',7,(#3291,#3292,#3293,#3294,#3295,
    #3296,#3297,#3298,#3299,#3300,#3301,#3302,#3303,#3304,#3305,#3306,
    #3307,#3308,#3309,#3310,#3311,#3312,#3313,#3314,#3315,#3316),
  .UNSPECIFIED.,.F.,.F.,(8,6,6,6,8),(0.,0.244225387529,0.500008509962,
    0.755807902328,1.),.UNSPECIFIED.);
#3291 = CARTESIAN_POINT('',(-8.881784197001E-16,1.));
#3292 = CARTESIAN_POINT('',(0.133331701062,1.));
#3293 = CARTESIAN_POINT('',(0.262947568389,0.998184399689));
#3294 = CARTESIAN_POINT('',(0.388960396659,0.994735376387));
#3295 = CARTESIAN_POINT('',(0.511178558625,0.990134147449));
#3296 = CARTESIAN_POINT('',(0.629153567865,0.985028565079));
#3297 = CARTESIAN_POINT('',(0.742027731189,0.979981262831));
#3298 = CARTESIAN_POINT('',(0.959458224205,0.970536124189));
#3299 = CARTESIAN_POINT('',(1.066505911912,0.966044002578));
#3300 = CARTESIAN_POINT('',(1.170422646732,0.962215278184));
#3301 = CARTESIAN_POINT('',(1.272019840757,0.959242335445));
#3302 = CARTESIAN_POINT('',(1.372094504305,0.957226164697));
#3303 = CARTESIAN_POINT('',(1.471402258635,0.956216615884));
#3304 = CARTESIAN_POINT('',(1.670196717244,0.956216615884));
#3305 = CARTESIAN_POINT('',(1.769503243732,0.957226289799));
#3306 = CARTESIAN_POINT('',(1.869574679369,0.95924245317));
#3307 = CARTESIAN_POINT('',(1.971169179488,0.962215250053));
#3308 = CARTESIAN_POINT('',(2.075085301562,0.966043941519));
#3309 = CARTESIAN_POINT('',(2.182134213092,0.970536114793));
#3310 = CARTESIAN_POINT('',(2.399543898667,0.979980349564));
#3311 = CARTESIAN_POINT('',(2.512422596985,0.985027792617));
#3312 = CARTESIAN_POINT('',(2.630414950708,0.990134330288));
#3313 = CARTESIAN_POINT('',(2.752653178892,0.994736506347));
#3314 = CARTESIAN_POINT('',(2.878679963007,0.998185285294));
#3315 = CARTESIAN_POINT('',(3.008293437773,1.));
#3316 = CARTESIAN_POINT('',(3.14159265359,1.));
#3317 = ( GEOMETRIC_REPRESENTATION_CONTEXT(2) 
PARAMETRIC_REPRESENTATION_CONTEXT() REPRESENTATION_CONTEXT('2D SPACE',''
  ) );
#3318 = ORIENTED_EDGE('',*,*,#3319,.T.);
#3319 = EDGE_CURVE('',#3223,#3320,#3322,.T.);
#3320 = VERTEX_POINT('',#3321);
#3321 = CARTESIAN_POINT('',(-6.6,0.,71.396));
#3322 = SEAM_CURVE('',#3323,(#3327,#3334),.PCURVE_S1.);
#3323 = LINE('',#3324,#3325);
#3324 = CARTESIAN_POINT('',(146.5,0.,71.396));
#3325 = VECTOR('',#3326,1.);
#3326 = DIRECTION('',(-1.,0.,0.));
#3327 = PCURVE('',#2248,#3328);
#3328 = DEFINITIONAL_REPRESENTATION('',(#3329),#3333);
#3329 = LINE('',#3330,#3331);
#3330 = CARTESIAN_POINT('',(-0.,0.));
#3331 = VECTOR('',#3332,1.);
#3332 = DIRECTION('',(-0.,1.));
#3333 = ( GEOMETRIC_REPRESENTATION_CONTEXT(2) 
PARAMETRIC_REPRESENTATION_CONTEXT() REPRESENTATION_CONTEXT('2D SPACE',''
  ) );
#3334 = PCURVE('',#2248,#3335);
#3335 = DEFINITIONAL_REPRESENTATION('',(#3336),#3340);
#3336 = LINE('',#3337,#3338);
#3337 = CARTESIAN_POINT('',(-6.28318530718,0.));
#3338 = VECTOR('',#3339,1.);
#3339 = DIRECTION('',(-0.,1.));
#3340 = ( GEOMETRIC_REPRESENTATION_CONTEXT(2) 
PARAMETRIC_REPRESENTATION_CONTEXT() REPRESENTATION_CONTEXT('2D SPACE',''
  ) );
#3341 = ORIENTED_EDGE('',*,*,#3342,.F.);
#3342 = EDGE_CURVE('',#3320,#3320,#3343,.T.);
#3343 = SURFACE_CURVE('',#3344,(#3349,#3356),.PCURVE_S1.);
#3344 = CIRCLE('',#3345,71.396);
#3345 = AXIS2_PLACEMENT_3D('',#3346,#3347,#3348);
#3346 = CARTESIAN_POINT('',(-6.6,0.,0.));
#3347 = DIRECTION('',(1.,0.,-0.));
#3348 = DIRECTION('',(0.,0.,1.));
#3349 = PCURVE('',#2248,#3350);
#3350 = DEFINITIONAL_REPRESENTATION('',(#3351),#3355);
#3351 = LINE('',#3352,#3353);
#3352 = CARTESIAN_POINT('',(-0.,153.1));
#3353 = VECTOR('',#3354,1.);
#3354 = DIRECTION('',(-1.,0.));
#3355 = ( GEOMETRIC_REPRESENTATION_CONTEXT(2) 
PARAMETRIC_REPRESENTATION_CONTEXT() REPRESENTATION_CONTEXT('2D SPACE',''
  ) );
#3356 = PCURVE('',#3357,#3362);
#3357 = PLANE('',#3358);
#3358 = AXIS2_PLACEMENT_3D('',#3359,#3360,#3361);
#3359 = CARTESIAN_POINT('',(-6.6,0.,0.));
#3360 = DIRECTION('',(1.,0.,0.));
#3361 = DIRECTION('',(0.,0.,1.));
#3362 = DEFINITIONAL_REPRESENTATION('',(#3363),#3367);
#3363 = CIRCLE('',#3364,71.396);
#3364 = AXIS2_PLACEMENT_2D('',#3365,#3366);
#3365 = CARTESIAN_POINT('',(0.,0.));
#3366 = DIRECTION('',(1.,0.));
#3367 = ( GEOMETRIC_REPRESENTATION_CONTEXT(2) 
PARAMETRIC_REPRESENTATION_CONTEXT() REPRESENTATION_CONTEXT('2D SPACE',''
  ) );
#3368 = ORIENTED_EDGE('',*,*,#3319,.F.);
#3369 = ORIENTED_EDGE('',*,*,#3370,.T.);
#3370 = EDGE_CURVE('',#3223,#3177,#3371,.T.);
#3371 = SURFACE_CURVE('',#3372,(#3399,#3429),.PCURVE_S1.);
#3372 = B_SPLINE_CURVE_WITH_KNOTS('',7,(#3373,#3374,#3375,#3376,#3377,
    #3378,#3379,#3380,#3381,#3382,#3383,#3384,#3385,#3386,#3387,#3388,
    #3389,#3390,#3391,#3392,#3393,#3394,#3395,#3396,#3397,#3398),
  .UNSPECIFIED.,.F.,.F.,(8,6,6,6,8),(0.,0.244253404263,0.500056583924,
    0.755858518523,1.),.UNSPECIFIED.);
#3373 = CARTESIAN_POINT('',(130.,4.440892098501E-16,71.396));
#3374 = CARTESIAN_POINT('',(130.,-0.333329249321,71.396));
#3375 = CARTESIAN_POINT('',(130.05185002517,-0.657369164694,
    71.394184399702));
#3376 = CARTESIAN_POINT('',(130.15035212446,-0.96272179507,
    71.39073537631));
#3377 = CARTESIAN_POINT('',(130.28851138915,-1.241658240281,
    71.386134147602));
#3378 = CARTESIAN_POINT('',(130.45764579672,-1.488407519659,
    71.381028564947));
#3379 = CARTESIAN_POINT('',(130.6475615602,-1.699695593891,
    71.375981262877));
#3380 = CARTESIAN_POINT('',(131.05529654236,-2.05916233492,
    71.366536299521));
#3381 = CARTESIAN_POINT('',(131.27990911184,-2.209084443765,
    71.362043979567));
#3382 = CARTESIAN_POINT('',(131.51507807033,-2.326700160263,
    71.358215098888));
#3383 = CARTESIAN_POINT('',(131.7570760457,-2.413643658076,
    71.355242362575));
#3384 = CARTESIAN_POINT('',(132.0032378534,-2.471182423056,
    71.353226300969));
#3385 = CARTESIAN_POINT('',(132.25149781435,-2.5,71.352216615884));
#3386 = CARTESIAN_POINT('',(132.74850097612,-2.5,71.352216615884));
#3387 = CARTESIAN_POINT('',(132.99676778504,-2.471182733089,
    71.353226289799));
#3388 = CARTESIAN_POINT('',(133.24293378367,-2.413641081471,
    71.35524245317));
#3389 = CARTESIAN_POINT('',(133.48492750841,-2.326695904915,
    71.358215250053));
#3390 = CARTESIAN_POINT('',(133.7200868622,-2.209084299501,
    71.362043941519));
#3391 = CARTESIAN_POINT('',(133.944695483,-2.059169365504,
    71.366536114793));
#3392 = CARTESIAN_POINT('',(134.35235576049,-1.699768485505,
    71.375979347655));
#3393 = CARTESIAN_POINT('',(134.54231867194,-1.488475308076,
    71.3810272024));
#3394 = CARTESIAN_POINT('',(134.71152454927,-1.241651066861,
    71.386134938435));
#3395 = CARTESIAN_POINT('',(134.84971822048,-0.962610716527,
    71.390737845554));
#3396 = CARTESIAN_POINT('',(134.94819944105,-0.657186058131,
    71.394186130573));
#3397 = CARTESIAN_POINT('',(135.,-0.333170231776,71.396));
#3398 = CARTESIAN_POINT('',(135.,-1.33226762955E-15,71.396));
#3399 = PCURVE('',#2248,#3400);
#3400 = DEFINITIONAL_REPRESENTATION('',(#3401),#3428);
#3401 = B_SPLINE_CURVE_WITH_KNOTS('',7,(#3402,#3403,#3404,#3405,#3406,
    #3407,#3408,#3409,#3410,#3411,#3412,#3413,#3414,#3415,#3416,#3417,
    #3418,#3419,#3420,#3421,#3422,#3423,#3424,#3425,#3426,#3427),
  .UNSPECIFIED.,.F.,.F.,(8,6,6,6,8),(0.,0.244253404263,0.500056583924,
    0.755858518523,1.),.UNSPECIFIED.);
#3402 = CARTESIAN_POINT('',(0.,16.5));
#3403 = CARTESIAN_POINT('',(-4.668738435225E-03,16.5));
#3404 = CARTESIAN_POINT('',(-9.207367052778E-03,16.448149974822));
#3405 = CARTESIAN_POINT('',(-1.348441929023E-02,16.349647875534));
#3406 = CARTESIAN_POINT('',(-1.739177127791E-02,16.211488610843));
#3407 = CARTESIAN_POINT('',(-2.084854821827E-02,16.042354203278));
#3408 = CARTESIAN_POINT('',(-2.380876641779E-02,15.852438439798));
#3409 = CARTESIAN_POINT('',(-2.884533432768E-02,15.444703457638));
#3410 = CARTESIAN_POINT('',(-3.094612960908E-02,15.220090888159));
#3411 = CARTESIAN_POINT('',(-3.259436898407E-02,14.984921929667));
#3412 = CARTESIAN_POINT('',(-3.381284424019E-02,14.742923954291));
#3413 = CARTESIAN_POINT('',(-3.461924905544E-02,14.496762146593));
#3414 = CARTESIAN_POINT('',(-3.502312684985E-02,14.248502185648));
#3415 = CARTESIAN_POINT('',(-3.502312684985E-02,13.751499023878));
#3416 = CARTESIAN_POINT('',(-3.461925340154E-02,13.503232214958));
#3417 = CARTESIAN_POINT('',(-3.381280812648E-02,13.25706621633));
#3418 = CARTESIAN_POINT('',(-3.259430934848E-02,13.015072491581));
#3419 = CARTESIAN_POINT('',(-3.094612760339E-02,12.7799131378));
#3420 = CARTESIAN_POINT('',(-2.884543283474E-02,12.555304516993));
#3421 = CARTESIAN_POINT('',(-2.38097877183E-02,12.147644239509));
#3422 = CARTESIAN_POINT('',(-2.084949786821E-02,11.957681328055));
#3423 = CARTESIAN_POINT('',(-1.739167055537E-02,11.788475450728));
#3424 = CARTESIAN_POINT('',(-1.348286322213E-02,11.650281779514));
#3425 = CARTESIAN_POINT('',(-9.20480239521E-03,11.551800558942));
#3426 = CARTESIAN_POINT('',(-4.666511173956E-03,11.5));
#3427 = CARTESIAN_POINT('',(0.,11.5));
#3428 = ( GEOMETRIC_REPRESENTATION_CONTEXT(2) 
PARAMETRIC_REPRESENTATION_CONTEXT() REPRESENTATION_CONTEXT('2D SPACE',''
  ) );
#3429 = PCURVE('',#3284,#3430);
#3430 = DEFINITIONAL_REPRESENTATION('',(#3431),#3458);
#3431 = B_SPLINE_CURVE_WITH_KNOTS('',7,(#3432,#3433,#3434,#3435,#3436,
    #3437,#3438,#3439,#3440,#3441,#3442,#3443,#3444,#3445,#3446,#3447,
    #3448,#3449,#3450,#3451,#3452,#3453,#3454,#3455,#3456,#3457),
  .UNSPECIFIED.,.F.,.F.,(8,6,6,6,8),(0.,0.244253404263,0.500056583924,
    0.755858518523,1.),.UNSPECIFIED.);
#3432 = CARTESIAN_POINT('',(3.14159265359,1.));
#3433 = CARTESIAN_POINT('',(3.274924353318,1.));
#3434 = CARTESIAN_POINT('',(3.404540225092,0.998184399702));
#3435 = CARTESIAN_POINT('',(3.53055304816,0.99473537631));
#3436 = CARTESIAN_POINT('',(3.652771210984,0.990134147602));
#3437 = CARTESIAN_POINT('',(3.770746223879,0.985028564947));
#3438 = CARTESIAN_POINT('',(3.88362038373,0.979981262877));
#3439 = CARTESIAN_POINT('',(4.10104684158,0.970536299521));
#3440 = CARTESIAN_POINT('',(4.208098832469,0.966043979567));
#3441 = CARTESIAN_POINT('',(4.312018686079,0.962215098888));
#3442 = CARTESIAN_POINT('',(4.413614568291,0.959242362575));
#3443 = CARTESIAN_POINT('',(4.513684306392,0.957226300969));
#3444 = CARTESIAN_POINT('',(4.612988106125,0.956216615884));
#3445 = CARTESIAN_POINT('',(4.811789370833,0.956216615884));
#3446 = CARTESIAN_POINT('',(4.911095897322,0.957226289799));
#3447 = CARTESIAN_POINT('',(5.011167332959,0.95924245317));
#3448 = CARTESIAN_POINT('',(5.112761833078,0.962215250053));
#3449 = CARTESIAN_POINT('',(5.216677955151,0.966043941519));
#3450 = CARTESIAN_POINT('',(5.323726866682,0.970536114793));
#3451 = CARTESIAN_POINT('',(5.541113487938,0.979979347655));
#3452 = CARTESIAN_POINT('',(5.654003158372,0.9850272024));
#3453 = CARTESIAN_POINT('',(5.772016927018,0.990134938435));
#3454 = CARTESIAN_POINT('',(5.894274814441,0.994737845554));
#3455 = CARTESIAN_POINT('',(6.020310991693,0.998186130573));
#3456 = CARTESIAN_POINT('',(6.149917214469,1.));
#3457 = CARTESIAN_POINT('',(6.28318530718,1.));
#3458 = ( GEOMETRIC_REPRESENTATION_CONTEXT(2) 
PARAMETRIC_REPRESENTATION_CONTEXT() REPRESENTATION_CONTEXT('2D SPACE',''
  ) );
#3459 = FACE_BOUND('',#3460,.T.);
#3460 = EDGE_LOOP('',(#3461));
#3461 = ORIENTED_EDGE('',*,*,#2126,.F.);
#3462 = FACE_BOUND('',#3463,.T.);
#3463 = EDGE_LOOP('',(#3464));
#3464 = ORIENTED_EDGE('',*,*,#2363,.T.);
#3465 = ADVANCED_FACE('',(#3466),#2567,.F.);
#3466 = FACE_BOUND('',#3467,.T.);
#3467 = EDGE_LOOP('',(#3468,#3492,#3513,#3514));
#3468 = ORIENTED_EDGE('',*,*,#3469,.T.);
#3469 = EDGE_CURVE('',#3470,#3470,#3472,.T.);
#3470 = VERTEX_POINT('',#3471);
#3471 = CARTESIAN_POINT('',(-6.6,0.,66.396));
#3472 = SURFACE_CURVE('',#3473,(#3478,#3485),.PCURVE_S1.);
#3473 = CIRCLE('',#3474,66.396);
#3474 = AXIS2_PLACEMENT_3D('',#3475,#3476,#3477);
#3475 = CARTESIAN_POINT('',(-6.6,0.,0.));
#3476 = DIRECTION('',(1.,0.,-0.));
#3477 = DIRECTION('',(0.,0.,1.));
#3478 = PCURVE('',#2567,#3479);
#3479 = DEFINITIONAL_REPRESENTATION('',(#3480),#3484);
#3480 = LINE('',#3481,#3482);
#3481 = CARTESIAN_POINT('',(-0.,0.));
#3482 = VECTOR('',#3483,1.);
#3483 = DIRECTION('',(-1.,0.));
#3484 = ( GEOMETRIC_REPRESENTATION_CONTEXT(2) 
PARAMETRIC_REPRESENTATION_CONTEXT() REPRESENTATION_CONTEXT('2D SPACE',''
  ) );
#3485 = PCURVE('',#3357,#3486);
#3486 = DEFINITIONAL_REPRESENTATION('',(#3487),#3491);
#3487 = CIRCLE('',#3488,66.396);
#3488 = AXIS2_PLACEMENT_2D('',#3489,#3490);
#3489 = CARTESIAN_POINT('',(0.,0.));
#3490 = DIRECTION('',(1.,0.));
#3491 = ( GEOMETRIC_REPRESENTATION_CONTEXT(2) 
PARAMETRIC_REPRESENTATION_CONTEXT() REPRESENTATION_CONTEXT('2D SPACE',''
  ) );
#3492 = ORIENTED_EDGE('',*,*,#3493,.T.);
#3493 = EDGE_CURVE('',#3470,#2551,#3494,.T.);
#3494 = SEAM_CURVE('',#3495,(#3499,#3506),.PCURVE_S1.);
#3495 = LINE('',#3496,#3497);
#3496 = CARTESIAN_POINT('',(-6.6,0.,66.396));
#3497 = VECTOR('',#3498,1.);
#3498 = DIRECTION('',(-1.,0.,0.));
#3499 = PCURVE('',#2567,#3500);
#3500 = DEFINITIONAL_REPRESENTATION('',(#3501),#3505);
#3501 = LINE('',#3502,#3503);
#3502 = CARTESIAN_POINT('',(-0.,0.));
#3503 = VECTOR('',#3504,1.);
#3504 = DIRECTION('',(-0.,1.));
#3505 = ( GEOMETRIC_REPRESENTATION_CONTEXT(2) 
PARAMETRIC_REPRESENTATION_CONTEXT() REPRESENTATION_CONTEXT('2D SPACE',''
  ) );
#3506 = PCURVE('',#2567,#3507);
#3507 = DEFINITIONAL_REPRESENTATION('',(#3508),#3512);
#3508 = LINE('',#3509,#3510);
#3509 = CARTESIAN_POINT('',(-6.28318530718,0.));
#3510 = VECTOR('',#3511,1.);
#3511 = DIRECTION('',(-0.,1.));
#3512 = ( GEOMETRIC_REPRESENTATION_CONTEXT(2) 
PARAMETRIC_REPRESENTATION_CONTEXT() REPRESENTATION_CONTEXT('2D SPACE',''
  ) );
#3513 = ORIENTED_EDGE('',*,*,#2550,.F.);
#3514 = ORIENTED_EDGE('',*,*,#3493,.F.);
#3515 = ADVANCED_FACE('',(#3516,#3519,#3522,#3525,#3528,#3531,#3534,
    #3537,#3540,#3543),#2649,.T.);
#3516 = FACE_BOUND('',#3517,.T.);
#3517 = EDGE_LOOP('',(#3518));
#3518 = ORIENTED_EDGE('',*,*,#2634,.T.);
#3519 = FACE_BOUND('',#3520,.T.);
#3520 = EDGE_LOOP('',(#3521));
#3521 = ORIENTED_EDGE('',*,*,#2765,.F.);
#3522 = FACE_BOUND('',#3523,.T.);
#3523 = EDGE_LOOP('',(#3524));
#3524 = ORIENTED_EDGE('',*,*,#2815,.F.);
#3525 = FACE_BOUND('',#3526,.T.);
#3526 = EDGE_LOOP('',(#3527));
#3527 = ORIENTED_EDGE('',*,*,#2665,.F.);
#3528 = FACE_BOUND('',#3529,.T.);
#3529 = EDGE_LOOP('',(#3530));
#3530 = ORIENTED_EDGE('',*,*,#2715,.F.);
#3531 = FACE_BOUND('',#3532,.T.);
#3532 = EDGE_LOOP('',(#3533));
#3533 = ORIENTED_EDGE('',*,*,#3074,.F.);
#3534 = FACE_BOUND('',#3535,.T.);
#3535 = EDGE_LOOP('',(#3536));
#3536 = ORIENTED_EDGE('',*,*,#3124,.F.);
#3537 = FACE_BOUND('',#3538,.T.);
#3538 = EDGE_LOOP('',(#3539));
#3539 = ORIENTED_EDGE('',*,*,#3199,.F.);
#3540 = FACE_BOUND('',#3541,.T.);
#3541 = EDGE_LOOP('',(#3542));
#3542 = ORIENTED_EDGE('',*,*,#2865,.F.);
#3543 = FACE_BOUND('',#3544,.T.);
#3544 = EDGE_LOOP('',(#3545));
#3545 = ORIENTED_EDGE('',*,*,#3024,.F.);
#3546 = ADVANCED_FACE('',(#3547,#3550),#3003,.T.);
#3547 = FACE_BOUND('',#3548,.T.);
#3548 = EDGE_LOOP('',(#3549));
#3549 = ORIENTED_EDGE('',*,*,#2988,.T.);
#3550 = FACE_BOUND('',#3551,.T.);
#3551 = EDGE_LOOP('',(#3552));
#3552 = ORIENTED_EDGE('',*,*,#3553,.F.);
#3553 = EDGE_CURVE('',#3554,#3554,#3556,.T.);
#3554 = VERTEX_POINT('',#3555);
#3555 = CARTESIAN_POINT('',(135.,-6.123233995737E-16,78.4));
#3556 = SURFACE_CURVE('',#3557,(#3562,#3569),.PCURVE_S1.);
#3557 = CIRCLE('',#3558,2.5);
#3558 = AXIS2_PLACEMENT_3D('',#3559,#3560,#3561);
#3559 = CARTESIAN_POINT('',(132.5,0.,78.4));
#3560 = DIRECTION('',(0.,0.,1.));
#3561 = DIRECTION('',(1.,0.,-0.));
#3562 = PCURVE('',#3003,#3563);
#3563 = DEFINITIONAL_REPRESENTATION('',(#3564),#3568);
#3564 = CIRCLE('',#3565,2.5);
#3565 = AXIS2_PLACEMENT_2D('',#3566,#3567);
#3566 = CARTESIAN_POINT('',(0.,0.));
#3567 = DIRECTION('',(1.,0.));
#3568 = ( GEOMETRIC_REPRESENTATION_CONTEXT(2) 
PARAMETRIC_REPRESENTATION_CONTEXT() REPRESENTATION_CONTEXT('2D SPACE',''
  ) );
#3569 = PCURVE('',#3284,#3570);
#3570 = DEFINITIONAL_REPRESENTATION('',(#3571),#3575);
#3571 = LINE('',#3572,#3573);
#3572 = CARTESIAN_POINT('',(0.,8.004));
#3573 = VECTOR('',#3574,1.);
#3574 = DIRECTION('',(1.,0.));
#3575 = ( GEOMETRIC_REPRESENTATION_CONTEXT(2) 
PARAMETRIC_REPRESENTATION_CONTEXT() REPRESENTATION_CONTEXT('2D SPACE',''
  ) );
#3576 = ADVANCED_FACE('',(#3577),#3284,.F.);
#3577 = FACE_BOUND('',#3578,.F.);
#3578 = EDGE_LOOP('',(#3579,#3580,#3601,#3602,#3603));
#3579 = ORIENTED_EDGE('',*,*,#3553,.F.);
#3580 = ORIENTED_EDGE('',*,*,#3581,.F.);
#3581 = EDGE_CURVE('',#3177,#3554,#3582,.T.);
#3582 = SEAM_CURVE('',#3583,(#3587,#3594),.PCURVE_S1.);
#3583 = LINE('',#3584,#3585);
#3584 = CARTESIAN_POINT('',(135.,-6.123233995737E-16,70.396));
#3585 = VECTOR('',#3586,1.);
#3586 = DIRECTION('',(0.,0.,1.));
#3587 = PCURVE('',#3284,#3588);
#3588 = DEFINITIONAL_REPRESENTATION('',(#3589),#3593);
#3589 = LINE('',#3590,#3591);
#3590 = CARTESIAN_POINT('',(6.28318530718,-0.));
#3591 = VECTOR('',#3592,1.);
#3592 = DIRECTION('',(0.,1.));
#3593 = ( GEOMETRIC_REPRESENTATION_CONTEXT(2) 
PARAMETRIC_REPRESENTATION_CONTEXT() REPRESENTATION_CONTEXT('2D SPACE',''
  ) );
#3594 = PCURVE('',#3284,#3595);
#3595 = DEFINITIONAL_REPRESENTATION('',(#3596),#3600);
#3596 = LINE('',#3597,#3598);
#3597 = CARTESIAN_POINT('',(0.,-0.));
#3598 = VECTOR('',#3599,1.);
#3599 = DIRECTION('',(0.,1.));
#3600 = ( GEOMETRIC_REPRESENTATION_CONTEXT(2) 
PARAMETRIC_REPRESENTATION_CONTEXT() REPRESENTATION_CONTEXT('2D SPACE',''
  ) );
#3601 = ORIENTED_EDGE('',*,*,#3222,.T.);
#3602 = ORIENTED_EDGE('',*,*,#3370,.T.);
#3603 = ORIENTED_EDGE('',*,*,#3581,.T.);
#3604 = ADVANCED_FACE('',(#3605,#3608,#3611),#3357,.T.);
#3605 = FACE_BOUND('',#3606,.T.);
#3606 = EDGE_LOOP('',(#3607));
#3607 = ORIENTED_EDGE('',*,*,#3342,.T.);
#3608 = FACE_BOUND('',#3609,.T.);
#3609 = EDGE_LOOP('',(#3610));
#3610 = ORIENTED_EDGE('',*,*,#3469,.F.);
#3611 = FACE_BOUND('',#3612,.T.);
#3612 = EDGE_LOOP('',(#3613));
#3613 = ORIENTED_EDGE('',*,*,#3614,.F.);
#3614 = EDGE_CURVE('',#3615,#3615,#3617,.T.);
#3615 = VERTEX_POINT('',#3616);
#3616 = CARTESIAN_POINT('',(-6.6,3.728804574044E-15,66.896));
#3617 = SURFACE_CURVE('',#3618,(#3623,#3630),.PCURVE_S1.);
#3618 = CIRCLE('',#3619,2.);
#3619 = AXIS2_PLACEMENT_3D('',#3620,#3621,#3622);
#3620 = CARTESIAN_POINT('',(-6.6,4.218663293703E-15,68.896));
#3621 = DIRECTION('',(1.,0.,2.22044604925E-16));
#3622 = DIRECTION('',(2.22044604925E-16,0.,-1.));
#3623 = PCURVE('',#3357,#3624);
#3624 = DEFINITIONAL_REPRESENTATION('',(#3625),#3629);
#3625 = CIRCLE('',#3626,2.);
#3626 = AXIS2_PLACEMENT_2D('',#3627,#3628);
#3627 = CARTESIAN_POINT('',(68.896,-4.218663293703E-15));
#3628 = DIRECTION('',(-1.,0.));
#3629 = ( GEOMETRIC_REPRESENTATION_CONTEXT(2) 
PARAMETRIC_REPRESENTATION_CONTEXT() REPRESENTATION_CONTEXT('2D SPACE',''
  ) );
#3630 = PCURVE('',#3631,#3636);
#3631 = CYLINDRICAL_SURFACE('',#3632,2.);
#3632 = AXIS2_PLACEMENT_3D('',#3633,#3634,#3635);
#3633 = CARTESIAN_POINT('',(-12.6,4.218663293703E-15,68.896));
#3634 = DIRECTION('',(1.,0.,2.22044604925E-16));
#3635 = DIRECTION('',(2.22044604925E-16,0.,-1.));
#3636 = DEFINITIONAL_REPRESENTATION('',(#3637),#3641);
#3637 = LINE('',#3638,#3639);
#3638 = CARTESIAN_POINT('',(0.,6.));
#3639 = VECTOR('',#3640,1.);
#3640 = DIRECTION('',(1.,0.));
#3641 = ( GEOMETRIC_REPRESENTATION_CONTEXT(2) 
PARAMETRIC_REPRESENTATION_CONTEXT() REPRESENTATION_CONTEXT('2D SPACE',''
  ) );
#3642 = ADVANCED_FACE('',(#3643),#3631,.F.);
#3643 = FACE_BOUND('',#3644,.F.);
#3644 = EDGE_LOOP('',(#3645,#3646,#3669,#3696));
#3645 = ORIENTED_EDGE('',*,*,#3614,.F.);
#3646 = ORIENTED_EDGE('',*,*,#3647,.F.);
#3647 = EDGE_CURVE('',#3648,#3615,#3650,.T.);
#3648 = VERTEX_POINT('',#3649);
#3649 = CARTESIAN_POINT('',(-12.6,3.728804574044E-15,66.896));
#3650 = SEAM_CURVE('',#3651,(#3655,#3662),.PCURVE_S1.);
#3651 = LINE('',#3652,#3653);
#3652 = CARTESIAN_POINT('',(-12.6,3.728804574044E-15,66.896));
#3653 = VECTOR('',#3654,1.);
#3654 = DIRECTION('',(1.,0.,2.22044604925E-16));
#3655 = PCURVE('',#3631,#3656);
#3656 = DEFINITIONAL_REPRESENTATION('',(#3657),#3661);
#3657 = LINE('',#3658,#3659);
#3658 = CARTESIAN_POINT('',(6.28318530718,-0.));
#3659 = VECTOR('',#3660,1.);
#3660 = DIRECTION('',(0.,1.));
#3661 = ( GEOMETRIC_REPRESENTATION_CONTEXT(2) 
PARAMETRIC_REPRESENTATION_CONTEXT() REPRESENTATION_CONTEXT('2D SPACE',''
  ) );
#3662 = PCURVE('',#3631,#3663);
#3663 = DEFINITIONAL_REPRESENTATION('',(#3664),#3668);
#3664 = LINE('',#3665,#3666);
#3665 = CARTESIAN_POINT('',(0.,-0.));
#3666 = VECTOR('',#3667,1.);
#3667 = DIRECTION('',(0.,1.));
#3668 = ( GEOMETRIC_REPRESENTATION_CONTEXT(2) 
PARAMETRIC_REPRESENTATION_CONTEXT() REPRESENTATION_CONTEXT('2D SPACE',''
  ) );
#3669 = ORIENTED_EDGE('',*,*,#3670,.T.);
#3670 = EDGE_CURVE('',#3648,#3648,#3671,.T.);
#3671 = SURFACE_CURVE('',#3672,(#3677,#3684),.PCURVE_S1.);
#3672 = CIRCLE('',#3673,2.);
#3673 = AXIS2_PLACEMENT_3D('',#3674,#3675,#3676);
#3674 = CARTESIAN_POINT('',(-12.6,4.218663293703E-15,68.896));
#3675 = DIRECTION('',(1.,-0.,2.22044604925E-16));
#3676 = DIRECTION('',(2.22044604925E-16,0.,-1.));
#3677 = PCURVE('',#3631,#3678);
#3678 = DEFINITIONAL_REPRESENTATION('',(#3679),#3683);
#3679 = LINE('',#3680,#3681);
#3680 = CARTESIAN_POINT('',(0.,0.));
#3681 = VECTOR('',#3682,1.);
#3682 = DIRECTION('',(1.,0.));
#3683 = ( GEOMETRIC_REPRESENTATION_CONTEXT(2) 
PARAMETRIC_REPRESENTATION_CONTEXT() REPRESENTATION_CONTEXT('2D SPACE',''
  ) );
#3684 = PCURVE('',#3685,#3690);
#3685 = PLANE('',#3686);
#3686 = AXIS2_PLACEMENT_3D('',#3687,#3688,#3689);
#3687 = CARTESIAN_POINT('',(-12.6,4.218663293703E-15,68.896));
#3688 = DIRECTION('',(1.,0.,2.22044604925E-16));
#3689 = DIRECTION('',(2.22044604925E-16,0.,-1.));
#3690 = DEFINITIONAL_REPRESENTATION('',(#3691),#3695);
#3691 = CIRCLE('',#3692,2.);
#3692 = AXIS2_PLACEMENT_2D('',#3693,#3694);
#3693 = CARTESIAN_POINT('',(0.,0.));
#3694 = DIRECTION('',(1.,0.));
#3695 = ( GEOMETRIC_REPRESENTATION_CONTEXT(2) 
PARAMETRIC_REPRESENTATION_CONTEXT() REPRESENTATION_CONTEXT('2D SPACE',''
  ) );
#3696 = ORIENTED_EDGE('',*,*,#3647,.T.);
#3697 = ADVANCED_FACE('',(#3698),#3685,.T.);
#3698 = FACE_BOUND('',#3699,.F.);
#3699 = EDGE_LOOP('',(#3700));
#3700 = ORIENTED_EDGE('',*,*,#3670,.F.);
#3701 = ( GEOMETRIC_REPRESENTATION_CONTEXT(3) 
GLOBAL_UNCERTAINTY_ASSIGNED_CONTEXT((#3705)) 
GLOBAL_UNIT_ASSIGNED_CONTEXT((#3702,#3703,#3704)) REPRESENTATION_CONTEXT
('Context #1','3D Context with UNIT and UNCERTAINTY') );
#3702 = ( LENGTH_UNIT() NAMED_UNIT(*) SI_UNIT(.MILLI.,.METRE.) );
#3703 = ( NAMED_UNIT(*) PLANE_ANGLE_UNIT() SI_UNIT($,.RADIAN.) );
#3704 = ( NAMED_UNIT(*) SI_UNIT($,.STERADIAN.) SOLID_ANGLE_UNIT() );
#3705 = UNCERTAINTY_MEASURE_WITH_UNIT(LENGTH_MEASURE(2.E-07),#3702,
  'distance_accuracy_value','confusion accuracy');
#3706 = PRODUCT_RELATED_PRODUCT_CATEGORY('part',$,(#7));
ENDSEC;
END-ISO-10303-21;
