ISO-10303-21;
HEADER;
FILE_DESCRIPTION(('Open CASCADE Model'),'2;1');
FILE_NAME('Open CASCADE Shape Model','2026-10-01T13:45:03',('Author'),(
    'Open CASCADE'),'Open CASCADE STEP processor 8.0','build123d',
  'Unknown');
FILE_SCHEMA(('AUTOMOTIVE_DESIGN { 1 0 10303 214 1 1 1 1 }'));
ENDSEC;
DATA;
#1 = APPLICATION_PROTOCOL_DEFINITION('international standard',
  'automotive_design',2000,#2);
#2 = APPLICATION_CONTEXT(
  'core data for automotive mechanical design processes');
#3 = SHAPE_DEFINITION_REPRESENTATION(#4,#10);
#4 = PRODUCT_DEFINITION_SHAPE('','',#5);
#5 = PRODUCT_DEFINITION('design','',#6,#9);
#6 = PRODUCT_DEFINITION_FORMATION('','',#7);
#7 = PRODUCT('=>[0:1:1:2]','=>[0:1:1:2]','',(#8));
#8 = PRODUCT_CONTEXT('',#2,'mechanical');
#9 = PRODUCT_DEFINITION_CONTEXT('part definition',#2,'design');
#10 = SHAPE_REPRESENTATION('',(#11,#15),#19);
#11 = AXIS2_PLACEMENT_3D('',#12,#13,#14);
#12 = CARTESIAN_POINT('',(0.,0.,0.));
#13 = DIRECTION('',(0.,0.,1.));
#14 = DIRECTION('',(1.,0.,-0.));
#15 = AXIS2_PLACEMENT_3D('',#16,#17,#18);
#16 = CARTESIAN_POINT('',(-15.49453725308,-15.49453725308,1.E-07));
#17 = DIRECTION('',(0.,-0.,1.));
#18 = DIRECTION('',(0.707106781187,0.707106781187,0.));
#19 = ( GEOMETRIC_REPRESENTATION_CONTEXT(3) 
GLOBAL_UNCERTAINTY_ASSIGNED_CONTEXT((#23)) GLOBAL_UNIT_ASSIGNED_CONTEXT(
(#20,#21,#22)) REPRESENTATION_CONTEXT('Context #1',
  '3D Context with UNIT and UNCERTAINTY') );
#20 = ( LENGTH_UNIT() NAMED_UNIT(*) SI_UNIT(.MILLI.,.METRE.) );
#21 = ( NAMED_UNIT(*) PLANE_ANGLE_UNIT() SI_UNIT($,.RADIAN.) );
#22 = ( NAMED_UNIT(*) SI_UNIT($,.STERADIAN.) SOLID_ANGLE_UNIT() );
#23 = UNCERTAINTY_MEASURE_WITH_UNIT(LENGTH_MEASURE(1.E-07),#20,
  'distance_accuracy_value','confusion accuracy');
#24 = PRODUCT_RELATED_PRODUCT_CATEGORY('part',$,(#7));
#25 = SHAPE_DEFINITION_REPRESENTATION(#26,#32);
#26 = PRODUCT_DEFINITION_SHAPE('','',#27);
#27 = PRODUCT_DEFINITION('design','',#28,#31);
#28 = PRODUCT_DEFINITION_FORMATION('','',#29);
#29 = PRODUCT('COMPOUND','COMPOUND','',(#30));
#30 = PRODUCT_CONTEXT('',#2,'mechanical');
#31 = PRODUCT_DEFINITION_CONTEXT('part definition',#2,'design');
#32 = ADVANCED_BREP_SHAPE_REPRESENTATION('',(#11,#33),#1983);
#33 = MANIFOLD_SOLID_BREP('',#34);
#34 = CLOSED_SHELL('',(#35,#1154,#1317,#1366,#1415,#1613,#1684,#1755,
    #1807,#1834,#1861,#1888,#1915,#1922,#1949,#1976));
#35 = ADVANCED_FACE('',(#36,#260,#707),#51,.T.);
#36 = FACE_BOUND('',#37,.T.);
#37 = EDGE_LOOP('',(#38,#74,#100,#128,#154,#187,#213,#236));
#38 = ORIENTED_EDGE('',*,*,#39,.T.);
#39 = EDGE_CURVE('',#40,#42,#44,.T.);
#40 = VERTEX_POINT('',#41);
#41 = CARTESIAN_POINT('',(17.15,-14.01784576887,7.));
#42 = VERTEX_POINT('',#43);
#43 = CARTESIAN_POINT('',(17.15,14.017845768876,7.));
#44 = SURFACE_CURVE('',#45,(#50,#62),.PCURVE_S1.);
#45 = CIRCLE('',#46,22.15);
#46 = AXIS2_PLACEMENT_3D('',#47,#48,#49);
#47 = CARTESIAN_POINT('',(0.,0.,7.));
#48 = DIRECTION('',(0.,0.,1.));
#49 = DIRECTION('',(0.774266365688,-0.632859854125,0.));
#50 = PCURVE('',#51,#56);
#51 = CYLINDRICAL_SURFACE('',#52,22.15);
#52 = AXIS2_PLACEMENT_3D('',#53,#54,#55);
#53 = CARTESIAN_POINT('',(0.,0.,0.));
#54 = DIRECTION('',(0.,0.,1.));
#55 = DIRECTION('',(1.,0.,-0.));
#56 = DEFINITIONAL_REPRESENTATION('',(#57),#61);
#57 = LINE('',#58,#59);
#58 = CARTESIAN_POINT('',(5.597944015299,7.));
#59 = VECTOR('',#60,1.);
#60 = DIRECTION('',(1.,0.));
#61 = ( GEOMETRIC_REPRESENTATION_CONTEXT(2) 
PARAMETRIC_REPRESENTATION_CONTEXT() REPRESENTATION_CONTEXT('2D SPACE',''
  ) );
#62 = PCURVE('',#63,#68);
#63 = PLANE('',#64);
#64 = AXIS2_PLACEMENT_3D('',#65,#66,#67);
#65 = CARTESIAN_POINT('',(17.15,-18.,7.));
#66 = DIRECTION('',(0.,0.,1.));
#67 = DIRECTION('',(1.,0.,-0.));
#68 = DEFINITIONAL_REPRESENTATION('',(#69),#73);
#69 = CIRCLE('',#70,22.15);
#70 = AXIS2_PLACEMENT_2D('',#71,#72);
#71 = CARTESIAN_POINT('',(-17.15,18.));
#72 = DIRECTION('',(0.774266365688,-0.632859854125));
#73 = ( GEOMETRIC_REPRESENTATION_CONTEXT(2) 
PARAMETRIC_REPRESENTATION_CONTEXT() REPRESENTATION_CONTEXT('2D SPACE',''
  ) );
#74 = ORIENTED_EDGE('',*,*,#75,.F.);
#75 = EDGE_CURVE('',#76,#42,#78,.T.);
#76 = VERTEX_POINT('',#77);
#77 = CARTESIAN_POINT('',(17.15,14.017845768876,0.));
#78 = SURFACE_CURVE('',#79,(#83,#89),.PCURVE_S1.);
#79 = LINE('',#80,#81);
#80 = CARTESIAN_POINT('',(17.15,14.017845768876,0.));
#81 = VECTOR('',#82,1.);
#82 = DIRECTION('',(0.,0.,1.));
#83 = PCURVE('',#51,#84);
#84 = DEFINITIONAL_REPRESENTATION('',(#85),#88);
#85 = B_SPLINE_CURVE_WITH_KNOTS('',1,(#86,#87),.UNSPECIFIED.,.F.,.F.,(2,
    2),(0.,7.),.PIECEWISE_BEZIER_KNOTS.);
#86 = CARTESIAN_POINT('',(6.96842659906,0.));
#87 = CARTESIAN_POINT('',(6.96842659906,7.));
#88 = ( GEOMETRIC_REPRESENTATION_CONTEXT(2) 
PARAMETRIC_REPRESENTATION_CONTEXT() REPRESENTATION_CONTEXT('2D SPACE',''
  ) );
#89 = PCURVE('',#90,#95);
#90 = PLANE('',#91);
#91 = AXIS2_PLACEMENT_3D('',#92,#93,#94);
#92 = CARTESIAN_POINT('',(17.15,-18.,0.));
#93 = DIRECTION('',(1.,0.,-0.));
#94 = DIRECTION('',(0.,0.,1.));
#95 = DEFINITIONAL_REPRESENTATION('',(#96),#99);
#96 = B_SPLINE_CURVE_WITH_KNOTS('',1,(#97,#98),.UNSPECIFIED.,.F.,.F.,(2,
    2),(-2.4E-06,7.7),.PIECEWISE_BEZIER_KNOTS.);
#97 = CARTESIAN_POINT('',(-2.4E-06,-32.01784576887));
#98 = CARTESIAN_POINT('',(7.7,-32.01784576887));
#99 = ( GEOMETRIC_REPRESENTATION_CONTEXT(2) 
PARAMETRIC_REPRESENTATION_CONTEXT() REPRESENTATION_CONTEXT('2D SPACE',''
  ) );
#100 = ORIENTED_EDGE('',*,*,#101,.T.);
#101 = EDGE_CURVE('',#76,#102,#104,.T.);
#102 = VERTEX_POINT('',#103);
#103 = CARTESIAN_POINT('',(-1.,-22.12741512242,0.));
#104 = SURFACE_CURVE('',#105,(#110,#116),.PCURVE_S1.);
#105 = CIRCLE('',#106,22.15);
#106 = AXIS2_PLACEMENT_3D('',#107,#108,#109);
#107 = CARTESIAN_POINT('',(0.,0.,0.));
#108 = DIRECTION('',(0.,0.,1.));
#109 = DIRECTION('',(1.,0.,-0.));
#110 = PCURVE('',#51,#111);
#111 = DEFINITIONAL_REPRESENTATION('',(#112),#115);
#112 = B_SPLINE_CURVE_WITH_KNOTS('',1,(#113,#114),.UNSPECIFIED.,.F.,.F.,
  (2,2),(0.685241291881,4.667226902893),.PIECEWISE_BEZIER_KNOTS.);
#113 = CARTESIAN_POINT('',(6.96842659906,0.));
#114 = CARTESIAN_POINT('',(10.950412210072,0.));
#115 = ( GEOMETRIC_REPRESENTATION_CONTEXT(2) 
PARAMETRIC_REPRESENTATION_CONTEXT() REPRESENTATION_CONTEXT('2D SPACE',''
  ) );
#116 = PCURVE('',#117,#122);
#117 = PLANE('',#118);
#118 = AXIS2_PLACEMENT_3D('',#119,#120,#121);
#119 = CARTESIAN_POINT('',(0.,0.,0.));
#120 = DIRECTION('',(0.,0.,1.));
#121 = DIRECTION('',(1.,0.,-0.));
#122 = DEFINITIONAL_REPRESENTATION('',(#123),#127);
#123 = CIRCLE('',#124,22.15);
#124 = AXIS2_PLACEMENT_2D('',#125,#126);
#125 = CARTESIAN_POINT('',(0.,0.));
#126 = DIRECTION('',(1.,0.));
#127 = ( GEOMETRIC_REPRESENTATION_CONTEXT(2) 
PARAMETRIC_REPRESENTATION_CONTEXT() REPRESENTATION_CONTEXT('2D SPACE',''
  ) );
#128 = ORIENTED_EDGE('',*,*,#129,.T.);
#129 = EDGE_CURVE('',#102,#130,#132,.T.);
#130 = VERTEX_POINT('',#131);
#131 = CARTESIAN_POINT('',(-1.,-22.12741512242,30.));
#132 = SURFACE_CURVE('',#133,(#137,#143),.PCURVE_S1.);
#133 = LINE('',#134,#135);
#134 = CARTESIAN_POINT('',(-1.,-22.12741512242,0.));
#135 = VECTOR('',#136,1.);
#136 = DIRECTION('',(0.,0.,1.));
#137 = PCURVE('',#51,#138);
#138 = DEFINITIONAL_REPRESENTATION('',(#139),#142);
#139 = B_SPLINE_CURVE_WITH_KNOTS('',1,(#140,#141),.UNSPECIFIED.,.F.,.F.,
  (2,2),(0.,30.),.PIECEWISE_BEZIER_KNOTS.);
#140 = CARTESIAN_POINT('',(10.950412210072,0.));
#141 = CARTESIAN_POINT('',(10.950412210072,30.));
#142 = ( GEOMETRIC_REPRESENTATION_CONTEXT(2) 
PARAMETRIC_REPRESENTATION_CONTEXT() REPRESENTATION_CONTEXT('2D SPACE',''
  ) );
#143 = PCURVE('',#144,#149);
#144 = PLANE('',#145);
#145 = AXIS2_PLACEMENT_3D('',#146,#147,#148);
#146 = CARTESIAN_POINT('',(-1.,-23.15,-1.));
#147 = DIRECTION('',(1.,0.,-0.));
#148 = DIRECTION('',(0.,0.,1.));
#149 = DEFINITIONAL_REPRESENTATION('',(#150),#153);
#150 = B_SPLINE_CURVE_WITH_KNOTS('',1,(#151,#152),.UNSPECIFIED.,.F.,.F.,
  (2,2),(-6.E-07,30.0000006),.PIECEWISE_BEZIER_KNOTS.);
#151 = CARTESIAN_POINT('',(0.9999994,-1.022584877578));
#152 = CARTESIAN_POINT('',(31.0000006,-1.022584877578));
#153 = ( GEOMETRIC_REPRESENTATION_CONTEXT(2) 
PARAMETRIC_REPRESENTATION_CONTEXT() REPRESENTATION_CONTEXT('2D SPACE',''
  ) );
#154 = ORIENTED_EDGE('',*,*,#155,.T.);
#155 = EDGE_CURVE('',#130,#156,#158,.T.);
#156 = VERTEX_POINT('',#157);
#157 = CARTESIAN_POINT('',(1.,-22.12741512242,30.));
#158 = SURFACE_CURVE('',#159,(#164,#171),.PCURVE_S1.);
#159 = CIRCLE('',#160,22.15);
#160 = AXIS2_PLACEMENT_3D('',#161,#162,#163);
#161 = CARTESIAN_POINT('',(0.,0.,30.));
#162 = DIRECTION('',(-0.,0.,-1.));
#163 = DIRECTION('',(-4.51467268623E-02,-0.998980366701,0.));
#164 = PCURVE('',#51,#165);
#165 = DEFINITIONAL_REPRESENTATION('',(#166),#170);
#166 = LINE('',#167,#168);
#167 = CARTESIAN_POINT('',(10.950412210072,30.));
#168 = VECTOR('',#169,1.);
#169 = DIRECTION('',(-1.,-0.));
#170 = ( GEOMETRIC_REPRESENTATION_CONTEXT(2) 
PARAMETRIC_REPRESENTATION_CONTEXT() REPRESENTATION_CONTEXT('2D SPACE',''
  ) );
#171 = PCURVE('',#172,#177);
#172 = PLANE('',#173);
#173 = AXIS2_PLACEMENT_3D('',#174,#175,#176);
#174 = CARTESIAN_POINT('',(0.,0.,30.));
#175 = DIRECTION('',(0.,0.,1.));
#176 = DIRECTION('',(1.,0.,-0.));
#177 = DEFINITIONAL_REPRESENTATION('',(#178),#186);
#178 = ( BOUNDED_CURVE() B_SPLINE_CURVE(2,(#179,#180,#181,#182,#183,#184
,#185),.UNSPECIFIED.,.T.,.F.) B_SPLINE_CURVE_WITH_KNOTS((1,2,2,2,2,1),(
    -2.094395102393,0.,2.094395102393,4.188790204786,6.28318530718,
8.377580409573),.UNSPECIFIED.) CURVE() GEOMETRIC_REPRESENTATION_ITEM() 
RATIONAL_B_SPLINE_CURVE((1.,0.5,1.,0.5,1.,0.5,1.)) REPRESENTATION_ITEM(
  '') );
#179 = CARTESIAN_POINT('',(-1.,-22.12741512242));
#180 = CARTESIAN_POINT('',(-39.3258072322,-20.39536431485));
#181 = CARTESIAN_POINT('',(-18.6629036161,11.929732964996));
#182 = CARTESIAN_POINT('',(2.,44.254830244844));
#183 = CARTESIAN_POINT('',(19.662903616102,10.197682157427));
#184 = CARTESIAN_POINT('',(37.325807232203,-23.85946592999));
#185 = CARTESIAN_POINT('',(-1.,-22.12741512242));
#186 = ( GEOMETRIC_REPRESENTATION_CONTEXT(2) 
PARAMETRIC_REPRESENTATION_CONTEXT() REPRESENTATION_CONTEXT('2D SPACE',''
  ) );
#187 = ORIENTED_EDGE('',*,*,#188,.F.);
#188 = EDGE_CURVE('',#189,#156,#191,.T.);
#189 = VERTEX_POINT('',#190);
#190 = CARTESIAN_POINT('',(1.,-22.12741512242,0.));
#191 = SURFACE_CURVE('',#192,(#196,#202),.PCURVE_S1.);
#192 = LINE('',#193,#194);
#193 = CARTESIAN_POINT('',(1.,-22.12741512242,0.));
#194 = VECTOR('',#195,1.);
#195 = DIRECTION('',(0.,0.,1.));
#196 = PCURVE('',#51,#197);
#197 = DEFINITIONAL_REPRESENTATION('',(#198),#201);
#198 = B_SPLINE_CURVE_WITH_KNOTS('',1,(#199,#200),.UNSPECIFIED.,.F.,.F.,
  (2,2),(0.,30.),.PIECEWISE_BEZIER_KNOTS.);
#199 = CARTESIAN_POINT('',(4.757551057877,0.));
#200 = CARTESIAN_POINT('',(4.757551057877,30.));
#201 = ( GEOMETRIC_REPRESENTATION_CONTEXT(2) 
PARAMETRIC_REPRESENTATION_CONTEXT() REPRESENTATION_CONTEXT('2D SPACE',''
  ) );
#202 = PCURVE('',#203,#208);
#203 = PLANE('',#204);
#204 = AXIS2_PLACEMENT_3D('',#205,#206,#207);
#205 = CARTESIAN_POINT('',(1.,-23.15,-1.));
#206 = DIRECTION('',(1.,0.,-0.));
#207 = DIRECTION('',(0.,0.,1.));
#208 = DEFINITIONAL_REPRESENTATION('',(#209),#212);
#209 = B_SPLINE_CURVE_WITH_KNOTS('',1,(#210,#211),.UNSPECIFIED.,.F.,.F.,
  (2,2),(-6.E-07,30.0000006),.PIECEWISE_BEZIER_KNOTS.);
#210 = CARTESIAN_POINT('',(0.9999994,-1.022584877578));
#211 = CARTESIAN_POINT('',(31.0000006,-1.022584877578));
#212 = ( GEOMETRIC_REPRESENTATION_CONTEXT(2) 
PARAMETRIC_REPRESENTATION_CONTEXT() REPRESENTATION_CONTEXT('2D SPACE',''
  ) );
#213 = ORIENTED_EDGE('',*,*,#214,.T.);
#214 = EDGE_CURVE('',#189,#215,#217,.T.);
#215 = VERTEX_POINT('',#216);
#216 = CARTESIAN_POINT('',(17.15,-14.01784576887,0.));
#217 = SURFACE_CURVE('',#218,(#223,#229),.PCURVE_S1.);
#218 = CIRCLE('',#219,22.15);
#219 = AXIS2_PLACEMENT_3D('',#220,#221,#222);
#220 = CARTESIAN_POINT('',(0.,0.,0.));
#221 = DIRECTION('',(0.,0.,1.));
#222 = DIRECTION('',(1.,0.,-0.));
#223 = PCURVE('',#51,#224);
#224 = DEFINITIONAL_REPRESENTATION('',(#225),#228);
#225 = B_SPLINE_CURVE_WITH_KNOTS('',1,(#226,#227),.UNSPECIFIED.,.F.,.F.,
  (2,2),(4.757551057877,5.597944015299),.PIECEWISE_BEZIER_KNOTS.);
#226 = CARTESIAN_POINT('',(4.757551057877,0.));
#227 = CARTESIAN_POINT('',(5.597944015299,0.));
#228 = ( GEOMETRIC_REPRESENTATION_CONTEXT(2) 
PARAMETRIC_REPRESENTATION_CONTEXT() REPRESENTATION_CONTEXT('2D SPACE',''
  ) );
#229 = PCURVE('',#117,#230);
#230 = DEFINITIONAL_REPRESENTATION('',(#231),#235);
#231 = CIRCLE('',#232,22.15);
#232 = AXIS2_PLACEMENT_2D('',#233,#234);
#233 = CARTESIAN_POINT('',(0.,0.));
#234 = DIRECTION('',(1.,0.));
#235 = ( GEOMETRIC_REPRESENTATION_CONTEXT(2) 
PARAMETRIC_REPRESENTATION_CONTEXT() REPRESENTATION_CONTEXT('2D SPACE',''
  ) );
#236 = ORIENTED_EDGE('',*,*,#237,.T.);
#237 = EDGE_CURVE('',#215,#40,#238,.T.);
#238 = SURFACE_CURVE('',#239,(#243,#249),.PCURVE_S1.);
#239 = LINE('',#240,#241);
#240 = CARTESIAN_POINT('',(17.15,-14.01784576887,0.));
#241 = VECTOR('',#242,1.);
#242 = DIRECTION('',(0.,0.,1.));
#243 = PCURVE('',#51,#244);
#244 = DEFINITIONAL_REPRESENTATION('',(#245),#248);
#245 = B_SPLINE_CURVE_WITH_KNOTS('',1,(#246,#247),.UNSPECIFIED.,.F.,.F.,
  (2,2),(0.,7.),.PIECEWISE_BEZIER_KNOTS.);
#246 = CARTESIAN_POINT('',(5.597944015299,0.));
#247 = CARTESIAN_POINT('',(5.597944015299,7.));
#248 = ( GEOMETRIC_REPRESENTATION_CONTEXT(2) 
PARAMETRIC_REPRESENTATION_CONTEXT() REPRESENTATION_CONTEXT('2D SPACE',''
  ) );
#249 = PCURVE('',#250,#255);
#250 = PLANE('',#251);
#251 = AXIS2_PLACEMENT_3D('',#252,#253,#254);
#252 = CARTESIAN_POINT('',(17.15,-18.,0.));
#253 = DIRECTION('',(1.,0.,-0.));
#254 = DIRECTION('',(0.,0.,1.));
#255 = DEFINITIONAL_REPRESENTATION('',(#256),#259);
#256 = B_SPLINE_CURVE_WITH_KNOTS('',1,(#257,#258),.UNSPECIFIED.,.F.,.F.,
  (2,2),(-2.4E-06,7.7),.PIECEWISE_BEZIER_KNOTS.);
#257 = CARTESIAN_POINT('',(-2.4E-06,-3.982154231124));
#258 = CARTESIAN_POINT('',(7.7,-3.982154231124));
#259 = ( GEOMETRIC_REPRESENTATION_CONTEXT(2) 
PARAMETRIC_REPRESENTATION_CONTEXT() REPRESENTATION_CONTEXT('2D SPACE',''
  ) );
#260 = FACE_BOUND('',#261,.T.);
#261 = EDGE_LOOP('',(#262));
#262 = ORIENTED_EDGE('',*,*,#263,.T.);
#263 = EDGE_CURVE('',#264,#264,#266,.T.);
#264 = VERTEX_POINT('',#265);
#265 = CARTESIAN_POINT('',(-11.13103768747,-19.15,12.3));
#266 = SURFACE_CURVE('',#267,(#410,#556),.PCURVE_S1.);
#267 = B_SPLINE_CURVE_WITH_KNOTS('',8,(#268,#269,#270,#271,#272,#273,
    #274,#275,#276,#277,#278,#279,#280,#281,#282,#283,#284,#285,#286,
    #287,#288,#289,#290,#291,#292,#293,#294,#295,#296,#297,#298,#299,
    #300,#301,#302,#303,#304,#305,#306,#307,#308,#309,#310,#311,#312,
    #313,#314,#315,#316,#317,#318,#319,#320,#321,#322,#323,#324,#325,
    #326,#327,#328,#329,#330,#331,#332,#333,#334,#335,#336,#337,#338,
    #339,#340,#341,#342,#343,#344,#345,#346,#347,#348,#349,#350,#351,
    #352,#353,#354,#355,#356,#357,#358,#359,#360,#361,#362,#363,#364,
    #365,#366,#367,#368,#369,#370,#371,#372,#373,#374,#375,#376,#377,
    #378,#379,#380,#381,#382,#383,#384,#385,#386,#387,#388,#389,#390,
    #391,#392,#393,#394,#395,#396,#397,#398,#399,#400,#401,#402,#403,
    #404,#405,#406,#407,#408,#409),.UNSPECIFIED.,.T.,.F.,(9,7,7,7,7,7,7,
    7,7,7,7,7,7,7,7,7,7,7,7,7,9),(0.,0.107936879921,0.139968683605,
    0.157545664708,0.1692059439,0.195364544482,0.224025114513,
    0.256305384876,0.294549220842,0.34816540665,0.455039278892,
    0.544809812745,0.598728879994,0.643310439135,0.686689993632,
    0.699076739367,0.714147253048,0.73877787638,0.806217864369,
    0.842569410858,1.),.UNSPECIFIED.);
#268 = CARTESIAN_POINT('',(-11.13103768747,-19.15,12.3));
#269 = CARTESIAN_POINT('',(-11.48643223492,-18.94342505996,12.3));
#270 = CARTESIAN_POINT('',(-11.83944679104,-18.72814898654,
    12.318063325191));
#271 = CARTESIAN_POINT('',(-12.18894212135,-18.50463559016,
    12.356848798069));
#272 = CARTESIAN_POINT('',(-12.53299631005,-18.27394414508,
    12.419638794349));
#273 = CARTESIAN_POINT('',(-12.86872857548,-18.03805784202,
    12.51028478976));
#274 = CARTESIAN_POINT('',(-13.19231848514,-17.80015907266,12.6332122055
    ));
#275 = CARTESIAN_POINT('',(-13.49873364488,-17.56520379806,
    12.793305211358));
#276 = CARTESIAN_POINT('',(-13.86435021071,-17.27465528739,
    13.055493992804));
#277 = CARTESIAN_POINT('',(-13.94579583496,-17.20917937418,
    13.119152092965));
#278 = CARTESIAN_POINT('',(-14.02473633033,-17.14499972328,
    13.18651723464));
#279 = CARTESIAN_POINT('',(-14.10089698836,-17.08240707321,
    13.257619998799));
#280 = CARTESIAN_POINT('',(-14.17400712239,-17.02170114329,
    13.332470490292));
#281 = CARTESIAN_POINT('',(-14.24379931846,-16.96318908621,
    13.411058069374));
#282 = CARTESIAN_POINT('',(-14.31000868628,-16.90718394052,
    13.493351083235));
#283 = CARTESIAN_POINT('',(-14.4065931217,-16.82482086991,
    13.626457934289));
#284 = CARTESIAN_POINT('',(-14.43964690053,-16.7964968669,
    13.674706585156));
#285 = CARTESIAN_POINT('',(-14.47148060877,-16.769091554,13.724018658911
    ));
#286 = CARTESIAN_POINT('',(-14.50204375803,-16.74266407103,
    13.774366988193));
#287 = CARTESIAN_POINT('',(-14.53128813132,-16.71727201807,
    13.825721133024));
#288 = CARTESIAN_POINT('',(-14.55916770497,-16.69297125589,
    13.878047384348));
#289 = CARTESIAN_POINT('',(-14.58563857045,-16.66981570638,
    13.931308767559));
#290 = CARTESIAN_POINT('',(-14.62725690106,-16.63329021093,
    14.021391427443));
#291 = CARTESIAN_POINT('',(-14.6432153533,-16.61925107828,
    14.057708859906));
#292 = CARTESIAN_POINT('',(-14.65852131569,-16.60575554604,
    14.094403885149));
#293 = CARTESIAN_POINT('',(-14.67316244148,-16.59281878665,
    14.131462055358));
#294 = CARTESIAN_POINT('',(-14.68712693447,-16.58045535398,
    14.168867933184));
#295 = CARTESIAN_POINT('',(-14.70040354905,-16.56867918326,
    14.206605091736));
#296 = CARTESIAN_POINT('',(-14.71298159016,-16.55750359115,
    14.244656114588));
#297 = CARTESIAN_POINT('',(-14.7514784819,-16.52324584029,
    14.369028862256));
#298 = CARTESIAN_POINT('',(-14.77454459533,-16.5026317667,14.45655877689
    ));
#299 = CARTESIAN_POINT('',(-14.79392899906,-16.48524717198,
    14.545370450132));
#300 = CARTESIAN_POINT('',(-14.80953500674,-16.47121337394,
    14.635226599825));
#301 = CARTESIAN_POINT('',(-14.82128958814,-16.4606235602,
    14.725877915869));
#302 = CARTESIAN_POINT('',(-14.82914345695,-16.45354145734,
    14.817066424889));
#303 = CARTESIAN_POINT('',(-14.83307115873,-16.45,14.908528854906));
#304 = CARTESIAN_POINT('',(-14.83307115873,-16.45,15.100220008013));
#305 = CARTESIAN_POINT('',(-14.82835615145,-16.45425125655,
    15.200426290718));
#306 = CARTESIAN_POINT('',(-14.81892879119,-16.46275233655,
    15.300271146528));
#307 = CARTESIAN_POINT('',(-14.80482575995,-16.4754556633,
    15.399410052326));
#308 = CARTESIAN_POINT('',(-14.78611762924,-16.49226976778,
    15.497506812198));
#309 = CARTESIAN_POINT('',(-14.76290872178,-16.51306153993,
    15.594238706171));
#310 = CARTESIAN_POINT('',(-14.73533697331,-16.5376584799,
    15.689301638953));
#311 = CARTESIAN_POINT('',(-14.66779906948,-16.5976040001,
    15.887288771079));
#312 = CARTESIAN_POINT('',(-14.62672037559,-16.63390688119,
    15.989650877558));
#313 = CARTESIAN_POINT('',(-14.58056035712,-16.67448140042,
    16.08919260347));
#314 = CARTESIAN_POINT('',(-14.5295652642,-16.71901811136,
    16.185641927788));
#315 = CARTESIAN_POINT('',(-14.47400657389,-16.76718060035,
    16.278764007601));
#316 = CARTESIAN_POINT('',(-14.41418261138,-16.81860977373,
    16.368361372625));
#317 = CARTESIAN_POINT('',(-14.35042017119,-16.87292814493,
    16.454274119716));
#318 = CARTESIAN_POINT('',(-14.2032907429,-16.99705647265,
    16.633654631072));
#319 = CARTESIAN_POINT('',(-14.11848408417,-17.06786975412,
    16.725579102764));
#320 = CARTESIAN_POINT('',(-14.02909359448,-17.14166377729,
    16.812143880088));
#321 = CARTESIAN_POINT('',(-13.93554385707,-17.21794475059,
    16.893377114796));
#322 = CARTESIAN_POINT('',(-13.83825146951,-17.29624419691,
    16.969340913592));
#323 = CARTESIAN_POINT('',(-13.73762990697,-17.37611787101,
    17.040127498962));
#324 = CARTESIAN_POINT('',(-13.63409438548,-17.45714467687,
    17.105855369997));
#325 = CARTESIAN_POINT('',(-13.37942058156,-17.65357884246,
    17.251918555005));
#326 = CARTESIAN_POINT('',(-13.22578974362,-17.76978060226,
    17.327555750906));
#327 = CARTESIAN_POINT('',(-13.06793982443,-17.88673050388,
    17.394166488945));
#328 = CARTESIAN_POINT('',(-12.90653763058,-18.00377173853,
    17.45232769961));
#329 = CARTESIAN_POINT('',(-12.74216402119,-18.12036920587,
    17.502598331757));
#330 = CARTESIAN_POINT('',(-12.57532644505,-18.23608916077,
    17.545514263685));
#331 = CARTESIAN_POINT('',(-12.40647115604,-18.35058034993,
    17.581583599399));
#332 = CARTESIAN_POINT('',(-11.89618287962,-18.68875381106,
    17.67048127352));
#333 = CARTESIAN_POINT('',(-11.5491650896,-18.90843967741,
    17.704502662735));
#334 = CARTESIAN_POINT('',(-11.19754810412,-19.1206248694,
    17.717004574153));
#335 = CARTESIAN_POINT('',(-10.84316606802,-19.32427129138,
    17.711051492072));
#336 = CARTESIAN_POINT('',(-10.48720754044,-19.51895457214,
    17.689164230695));
#337 = CARTESIAN_POINT('',(-10.13030977037,-19.70463987045,
    17.653354058747));
#338 = CARTESIAN_POINT('',(-9.772621685199,-19.88153589506,
    17.60514487219));
#339 = CARTESIAN_POINT('',(-9.112469064263,-20.19148958225,
    17.495560790967));
#340 = CARTESIAN_POINT('',(-8.810898233125,-20.32676499388,
    17.437621863128));
#341 = CARTESIAN_POINT('',(-8.50934741838,-20.45587429951,17.37251175997
    ));
#342 = CARTESIAN_POINT('',(-8.207965172116,-20.5789235601,
    17.300805611372));
#343 = CARTESIAN_POINT('',(-7.906839643926,-20.69603457581,
    17.22292956863));
#344 = CARTESIAN_POINT('',(-7.606065827521,-20.80731383739,
    17.139179145149));
#345 = CARTESIAN_POINT('',(-7.30586576349,-20.9128246862,17.04973870335)
  );
#346 = CARTESIAN_POINT('',(-6.827110185424,-21.07246852868,
    16.897620042695));
#347 = CARTESIAN_POINT('',(-6.648145147568,-21.13019486944,
    16.838611360615));
#348 = CARTESIAN_POINT('',(-6.469647834639,-21.18586304021,
    16.777603129266));
#349 = CARTESIAN_POINT('',(-6.291458972845,-21.23955882724,
    16.714493083889));
#350 = CARTESIAN_POINT('',(-6.113534396127,-21.29132079189,
    16.649167978845));
#351 = CARTESIAN_POINT('',(-5.936002610737,-21.34113529252,
    16.581519493119));
#352 = CARTESIAN_POINT('',(-5.759224292864,-21.38893820445,
    16.51145766977));
#353 = CARTESIAN_POINT('',(-5.438853184326,-21.47239688612,
    16.378947591685));
#354 = CARTESIAN_POINT('',(-5.296169157415,-21.50836943596,
    16.317842062522));
#355 = CARTESIAN_POINT('',(-5.154531975953,-21.54294897583,
    16.254960800079));
#356 = CARTESIAN_POINT('',(-5.013169194605,-21.57634762376,
    16.189705466728));
#357 = CARTESIAN_POINT('',(-4.871960999548,-21.60859051477,
    16.121591789171));
#358 = CARTESIAN_POINT('',(-4.731529294643,-21.63954138978,
    16.050283614125));
#359 = CARTESIAN_POINT('',(-4.593260459551,-21.66894488626,
    15.975593119475));
#360 = CARTESIAN_POINT('',(-4.328875962368,-21.72328362614,
    15.821408207214));
#361 = CARTESIAN_POINT('',(-4.210865138498,-21.7466052242,
    15.746957069234));
#362 = CARTESIAN_POINT('',(-4.095687951905,-21.76872413747,
    15.668588861904));
#363 = CARTESIAN_POINT('',(-3.979568413007,-21.79031009194,
    15.581866431764));
#364 = CARTESIAN_POINT('',(-3.865149954569,-21.81079378538,
    15.484209027876));
#365 = CARTESIAN_POINT('',(-3.761260866026,-21.82855597298,
    15.374401790998));
#366 = CARTESIAN_POINT('',(-3.682333214998,-21.84179859849,
    15.251505967436));
#367 = CARTESIAN_POINT('',(-3.637611985685,-21.84926498683,
    15.074300376219));
#368 = CARTESIAN_POINT('',(-3.631374538709,-21.85030102859,
    15.034104910752));
#369 = CARTESIAN_POINT('',(-3.629260905155,-21.85065023851,
    14.993487290794));
#370 = CARTESIAN_POINT('',(-3.631458309662,-21.85028589658,
    14.952826622279));
#371 = CARTESIAN_POINT('',(-3.637911914688,-21.84921607303,
    14.91249281317));
#372 = CARTESIAN_POINT('',(-3.648323593491,-21.84748367339,
    14.872871233533));
#373 = CARTESIAN_POINT('',(-3.662150929907,-21.84516946675,
    14.834387728403));
#374 = CARTESIAN_POINT('',(-3.698627285795,-21.83902626959,
    14.752695340651));
#375 = CARTESIAN_POINT('',(-3.722742985374,-21.83494327286,
    14.709812119253));
#376 = CARTESIAN_POINT('',(-3.750155174207,-21.83026793536,
    14.66878095943));
#377 = CARTESIAN_POINT('',(-3.780183067162,-21.82510014743,
    14.629496554478));
#378 = CARTESIAN_POINT('',(-3.812268872736,-21.81952212735,
    14.591844259105));
#379 = CARTESIAN_POINT('',(-3.845982933033,-21.81359803676,
    14.555692882307));
#380 = CARTESIAN_POINT('',(-3.881028594447,-21.80737194527,
    14.520887664825));
#381 = CARTESIAN_POINT('',(-3.976440358805,-21.79022806386,
    14.432256715623));
#382 = CARTESIAN_POINT('',(-4.039239941195,-21.77875452006,
    14.379931906537));
#383 = CARTESIAN_POINT('',(-4.104406015726,-21.76662497933,
    14.330133497801));
#384 = CARTESIAN_POINT('',(-4.171039732657,-21.75397964966,
    14.282669824535));
#385 = CARTESIAN_POINT('',(-4.238596278881,-21.74090844944,
    14.237282259509));
#386 = CARTESIAN_POINT('',(-4.306897577775,-21.72743919499,
    14.193634748624));
#387 = CARTESIAN_POINT('',(-4.376144343004,-21.71352300684,
    14.151303695472));
#388 = CARTESIAN_POINT('',(-4.640735587231,-21.65929851915,
    13.996041732683));
#389 = CARTESIAN_POINT('',(-4.845398304722,-21.61529517729,
    13.888672930387));
#390 = CARTESIAN_POINT('',(-5.054494149979,-21.56789750089,
    13.78774308166));
#391 = CARTESIAN_POINT('',(-5.26388094957,-21.5178950779,13.693034743551
    ));
#392 = CARTESIAN_POINT('',(-5.472047079441,-21.4657244441,
    13.603806522185));
#393 = CARTESIAN_POINT('',(-5.679826599821,-21.41126891021,
    13.51885547635));
#394 = CARTESIAN_POINT('',(-5.889792443561,-21.35376470642,
    13.436748194103));
#395 = CARTESIAN_POINT('',(-6.221989077544,-21.25850422159,
    13.312631415992));
#396 = CARTESIAN_POINT('',(-6.338634438469,-21.22426874162,
    13.27011272221));
#397 = CARTESIAN_POINT('',(-6.455507220008,-21.18916971306,
    13.228527004236));
#398 = CARTESIAN_POINT('',(-6.572557707261,-21.15321175904,
    13.18785769958));
#399 = CARTESIAN_POINT('',(-6.689756757735,-21.11639476091,
    13.148089758781));
#400 = CARTESIAN_POINT('',(-6.807095415425,-21.07871275993,
    13.109209209135));
#401 = CARTESIAN_POINT('',(-6.924584524903,-21.04015285913,
    13.071202718427));
#402 = CARTESIAN_POINT('',(-7.551856575697,-20.82980698679,
    12.873187871819));
#403 = CARTESIAN_POINT('',(-8.063649423587,-20.64246350195,
    12.728846491517));
#404 = CARTESIAN_POINT('',(-8.575981218702,-20.43846925995,
    12.60116843468));
#405 = CARTESIAN_POINT('',(-9.089202181648,-20.21713152826,
    12.491373961664));
#406 = CARTESIAN_POINT('',(-9.603120823434,-19.9775855505,
    12.401831774553));
#407 = CARTESIAN_POINT('',(-10.11655587922,-19.71940658796,
    12.336300358392));
#408 = CARTESIAN_POINT('',(-10.62722332348,-19.44284473488,12.3));
#409 = CARTESIAN_POINT('',(-11.13103768747,-19.15,12.3));
#410 = PCURVE('',#51,#411);
#411 = DEFINITIONAL_REPRESENTATION('',(#412),#555);
#412 = B_SPLINE_CURVE_WITH_KNOTS('',8,(#413,#414,#415,#416,#417,#418,
    #419,#420,#421,#422,#423,#424,#425,#426,#427,#428,#429,#430,#431,
    #432,#433,#434,#435,#436,#437,#438,#439,#440,#441,#442,#443,#444,
    #445,#446,#447,#448,#449,#450,#451,#452,#453,#454,#455,#456,#457,
    #458,#459,#460,#461,#462,#463,#464,#465,#466,#467,#468,#469,#470,
    #471,#472,#473,#474,#475,#476,#477,#478,#479,#480,#481,#482,#483,
    #484,#485,#486,#487,#488,#489,#490,#491,#492,#493,#494,#495,#496,
    #497,#498,#499,#500,#501,#502,#503,#504,#505,#506,#507,#508,#509,
    #510,#511,#512,#513,#514,#515,#516,#517,#518,#519,#520,#521,#522,
    #523,#524,#525,#526,#527,#528,#529,#530,#531,#532,#533,#534,#535,
    #536,#537,#538,#539,#540,#541,#542,#543,#544,#545,#546,#547,#548,
    #549,#550,#551,#552,#553,#554),.UNSPECIFIED.,.T.,.F.,(9,7,7,7,7,7,7,
    7,7,7,7,7,7,7,7,7,7,7,7,7,9),(0.,0.107936879921,0.139968683605,
    0.157545664708,0.1692059439,0.195364544482,0.224025114513,
    0.256305384876,0.294549220842,0.34816540665,0.455039278892,
    0.544809812745,0.598728879994,0.643310439135,0.686689993632,
    0.699076739367,0.714147253048,0.73877787638,0.806217864369,
    0.842569410858,1.),.UNSPECIFIED.);
#413 = CARTESIAN_POINT('',(10.46905174221,12.3));
#414 = CARTESIAN_POINT('',(10.450493280202,12.3));
#415 = CARTESIAN_POINT('',(10.431830312261,12.318063325191));
#416 = CARTESIAN_POINT('',(10.413108054975,12.356848798069));
#417 = CARTESIAN_POINT('',(10.394415434293,12.419638794349));
#418 = CARTESIAN_POINT('',(10.375899629848,12.51028478976));
#419 = CARTESIAN_POINT('',(10.357773622631,12.6332122055));
#420 = CARTESIAN_POINT('',(10.340343854714,12.793305211358));
#421 = CARTESIAN_POINT('',(10.319260095923,13.055493992804));
#422 = CARTESIAN_POINT('',(10.314542288402,13.119152092965));
#423 = CARTESIAN_POINT('',(10.309949261078,13.18651723464));
#424 = CARTESIAN_POINT('',(10.305498753301,13.257619998799));
#425 = CARTESIAN_POINT('',(10.301208655918,13.332470490292));
#426 = CARTESIAN_POINT('',(10.297096997394,13.411058069374));
#427 = CARTESIAN_POINT('',(10.293181929933,13.493351083235));
#428 = CARTESIAN_POINT('',(10.287451277402,13.626457934289));
#429 = CARTESIAN_POINT('',(10.285486076904,13.674706585156));
#430 = CARTESIAN_POINT('',(10.283589688022,13.724018658911));
#431 = CARTESIAN_POINT('',(10.281765568391,13.774366988193));
#432 = CARTESIAN_POINT('',(10.280017055896,13.825721133024));
#433 = CARTESIAN_POINT('',(10.278347365202,13.878047384348));
#434 = CARTESIAN_POINT('',(10.276759584291,13.931308767559));
#435 = CARTESIAN_POINT('',(10.274259663116,14.021391427443));
#436 = CARTESIAN_POINT('',(10.273300075978,14.057708859906));
#437 = CARTESIAN_POINT('',(10.272378816078,14.094403885149));
#438 = CARTESIAN_POINT('',(10.271496753172,14.131462055358));
#439 = CARTESIAN_POINT('',(10.270654720274,14.168867933184));
#440 = CARTESIAN_POINT('',(10.269853513653,14.206605091736));
#441 = CARTESIAN_POINT('',(10.26909389284,14.244656114588));
#442 = CARTESIAN_POINT('',(10.26676736668,14.369028862256));
#443 = CARTESIAN_POINT('',(10.265370747272,14.45655877689));
#444 = CARTESIAN_POINT('',(10.264195217911,14.545370450132));
#445 = CARTESIAN_POINT('',(10.26324768085,14.635226599825));
#446 = CARTESIAN_POINT('',(10.262533399668,14.725877915869));
#447 = CARTESIAN_POINT('',(10.262055953855,14.817066424889));
#448 = CARTESIAN_POINT('',(10.261817193405,14.908528854906));
#449 = CARTESIAN_POINT('',(10.261817193405,15.100220008013));
#450 = CARTESIAN_POINT('',(10.262103810606,15.200426290718));
#451 = CARTESIAN_POINT('',(10.262676914155,15.300271146528));
#452 = CARTESIAN_POINT('',(10.263533834395,15.399410052326));
#453 = CARTESIAN_POINT('',(10.264669439285,15.497506812198));
#454 = CARTESIAN_POINT('',(10.266076210808,15.594238706171));
#455 = CARTESIAN_POINT('',(10.267744321388,15.689301638953));
#456 = CARTESIAN_POINT('',(10.271821256767,15.887288771079));
#457 = CARTESIAN_POINT('',(10.274296247699,15.989650877558));
#458 = CARTESIAN_POINT('',(10.277070839709,16.08919260347));
#459 = CARTESIAN_POINT('',(10.280127481052,16.185641927788));
#460 = CARTESIAN_POINT('',(10.283446988731,16.278764007601));
#461 = CARTESIAN_POINT('',(10.287008625621,16.368361372625));
#462 = CARTESIAN_POINT('',(10.290790177573,16.454274119716));
#463 = CARTESIAN_POINT('',(10.299480765407,16.633654631072));
#464 = CARTESIAN_POINT('',(10.304468689043,16.725579102764));
#465 = CARTESIAN_POINT('',(10.309701715809,16.812143880088));
#466 = CARTESIAN_POINT('',(10.315151063051,16.893377114796));
#467 = CARTESIAN_POINT('',(10.320789034364,16.969340913592));
#468 = CARTESIAN_POINT('',(10.326588802877,17.040127498962));
#469 = CARTESIAN_POINT('',(10.332524194529,17.105855369997));
#470 = CARTESIAN_POINT('',(10.347044685119,17.251918555005));
#471 = CARTESIAN_POINT('',(10.355740790685,17.327555750906));
#472 = CARTESIAN_POINT('',(10.364609277088,17.394166488945));
#473 = CARTESIAN_POINT('',(10.373609329143,17.45232769961));
#474 = CARTESIAN_POINT('',(10.382706670561,17.502598331757));
#475 = CARTESIAN_POINT('',(10.391872479572,17.545514263685));
#476 = CARTESIAN_POINT('',(10.401082377033,17.581583599399));
#477 = CARTESIAN_POINT('',(10.428719970721,17.67048127352));
#478 = CARTESIAN_POINT('',(10.447258169522,17.704502662735));
#479 = CARTESIAN_POINT('',(10.46579188769,17.717004574153));
#480 = CARTESIAN_POINT('',(10.484236280779,17.711051492072));
#481 = CARTESIAN_POINT('',(10.50254521131,17.689164230695));
#482 = CARTESIAN_POINT('',(10.520701921548,17.653354058747));
#483 = CARTESIAN_POINT('',(10.53871355765,17.60514487219));
#484 = CARTESIAN_POINT('',(10.57163888854,17.495560790967));
#485 = CARTESIAN_POINT('',(10.586558608051,17.437621863128));
#486 = CARTESIAN_POINT('',(10.601364394812,17.37251175997));
#487 = CARTESIAN_POINT('',(10.61605701987,17.300805611372));
#488 = CARTESIAN_POINT('',(10.630639751886,17.22292956863));
#489 = CARTESIAN_POINT('',(10.645115033084,17.139179145149));
#490 = CARTESIAN_POINT('',(10.659478947708,17.04973870335));
#491 = CARTESIAN_POINT('',(10.682263202313,16.897620042695));
#492 = CARTESIAN_POINT('',(10.690752393753,16.838611360615));
#493 = CARTESIAN_POINT('',(10.699193115524,16.777603129266));
#494 = CARTESIAN_POINT('',(10.707594302524,16.714493083889));
#495 = CARTESIAN_POINT('',(10.715959269933,16.649167978845));
#496 = CARTESIAN_POINT('',(10.724283173613,16.581519493119));
#497 = CARTESIAN_POINT('',(10.732550427318,16.51145766977));
#498 = CARTESIAN_POINT('',(10.747496857843,16.378947591685));
#499 = CARTESIAN_POINT('',(10.754139937001,16.317842062522));
#500 = CARTESIAN_POINT('',(10.760721896965,16.254960800079));
#501 = CARTESIAN_POINT('',(10.767279301741,16.189705466728));
#502 = CARTESIAN_POINT('',(10.773818096458,16.121591789171));
#503 = CARTESIAN_POINT('',(10.780309988666,16.050283614125));
#504 = CARTESIAN_POINT('',(10.786691811071,15.975593119475));
#505 = CARTESIAN_POINT('',(10.798877401996,15.821408207214));
#506 = CARTESIAN_POINT('',(10.804308090725,15.746957069234));
#507 = CARTESIAN_POINT('',(10.809602855625,15.668588861905));
#508 = CARTESIAN_POINT('',(10.814934897202,15.581866431764));
#509 = CARTESIAN_POINT('',(10.820182344111,15.484209027877));
#510 = CARTESIAN_POINT('',(10.824940626306,15.374401790998));
#511 = CARTESIAN_POINT('',(10.82855375734,15.251505967436));
#512 = CARTESIAN_POINT('',(10.830600719747,15.074300376219));
#513 = CARTESIAN_POINT('',(10.830886178142,15.034104910752));
#514 = CARTESIAN_POINT('',(10.830982895354,14.993487290794));
#515 = CARTESIAN_POINT('',(10.830882335322,14.952826622279));
#516 = CARTESIAN_POINT('',(10.830587000038,14.91249281317));
#517 = CARTESIAN_POINT('',(10.83011048451,14.872871233533));
#518 = CARTESIAN_POINT('',(10.82947754326,14.834387728403));
#519 = CARTESIAN_POINT('',(10.827807563814,14.752695340651));
#520 = CARTESIAN_POINT('',(10.826703324866,14.709812119253));
#521 = CARTESIAN_POINT('',(10.825447884727,14.66878095943));
#522 = CARTESIAN_POINT('',(10.824072297172,14.629496554478));
#523 = CARTESIAN_POINT('',(10.822602005548,14.591844259105));
#524 = CARTESIAN_POINT('',(10.821056611444,14.555692882307));
#525 = CARTESIAN_POINT('',(10.819449643004,14.520887664825));
#526 = CARTESIAN_POINT('',(10.815073130049,14.432256715623));
#527 = CARTESIAN_POINT('',(10.812191016033,14.379931906537));
#528 = CARTESIAN_POINT('',(10.809198479461,14.330133497801));
#529 = CARTESIAN_POINT('',(10.806136531809,14.282669824535));
#530 = CARTESIAN_POINT('',(10.803030048862,14.237282259509));
#531 = CARTESIAN_POINT('',(10.799887116242,14.193634748624));
#532 = CARTESIAN_POINT('',(10.796698368993,14.151303695472));
#533 = CARTESIAN_POINT('',(10.784504671692,13.996041732683));
#534 = CARTESIAN_POINT('',(10.775054105059,13.888672930387));
#535 = CARTESIAN_POINT('',(10.765375635325,13.78774308166));
#536 = CARTESIAN_POINT('',(10.755657944012,13.693034743551));
#537 = CARTESIAN_POINT('',(10.745970436229,13.603806522185));
#538 = CARTESIAN_POINT('',(10.736274008073,13.51885547635));
#539 = CARTESIAN_POINT('',(10.726446364239,13.436748194103));
#540 = CARTESIAN_POINT('',(10.710844321442,13.312631415992));
#541 = CARTESIAN_POINT('',(10.705356136663,13.27011272221));
#542 = CARTESIAN_POINT('',(10.699847085995,13.228527004236));
#543 = CARTESIAN_POINT('',(10.694319128035,13.18785769958));
#544 = CARTESIAN_POINT('',(10.6887732627,13.148089758781));
#545 = CARTESIAN_POINT('',(10.68320953357,13.109209209135));
#546 = CARTESIAN_POINT('',(10.677627030237,13.071202718427));
#547 = CARTESIAN_POINT('',(10.647757919861,12.873187871819));
#548 = CARTESIAN_POINT('',(10.623161976136,12.728846491517));
#549 = CARTESIAN_POINT('',(10.598282158614,12.60116843468));
#550 = CARTESIAN_POINT('',(10.573069416256,12.491373961664));
#551 = CARTESIAN_POINT('',(10.547493151233,12.401831774553));
#552 = CARTESIAN_POINT('',(10.521567495735,12.336300358392));
#553 = CARTESIAN_POINT('',(10.495360586282,12.3));
#554 = CARTESIAN_POINT('',(10.46905174221,12.3));
#555 = ( GEOMETRIC_REPRESENTATION_CONTEXT(2) 
PARAMETRIC_REPRESENTATION_CONTEXT() REPRESENTATION_CONTEXT('2D SPACE',''
  ) );
#556 = PCURVE('',#557,#562);
#557 = CYLINDRICAL_SURFACE('',#558,2.7);
#558 = AXIS2_PLACEMENT_3D('',#559,#560,#561);
#559 = CARTESIAN_POINT('',(-23.15,-19.15,15.));
#560 = DIRECTION('',(1.,0.,2.22044604925E-16));
#561 = DIRECTION('',(2.22044604925E-16,0.,-1.));
#562 = DEFINITIONAL_REPRESENTATION('',(#563),#706);
#563 = B_SPLINE_CURVE_WITH_KNOTS('',8,(#564,#565,#566,#567,#568,#569,
    #570,#571,#572,#573,#574,#575,#576,#577,#578,#579,#580,#581,#582,
    #583,#584,#585,#586,#587,#588,#589,#590,#591,#592,#593,#594,#595,
    #596,#597,#598,#599,#600,#601,#602,#603,#604,#605,#606,#607,#608,
    #609,#610,#611,#612,#613,#614,#615,#616,#617,#618,#619,#620,#621,
    #622,#623,#624,#625,#626,#627,#628,#629,#630,#631,#632,#633,#634,
    #635,#636,#637,#638,#639,#640,#641,#642,#643,#644,#645,#646,#647,
    #648,#649,#650,#651,#652,#653,#654,#655,#656,#657,#658,#659,#660,
    #661,#662,#663,#664,#665,#666,#667,#668,#669,#670,#671,#672,#673,
    #674,#675,#676,#677,#678,#679,#680,#681,#682,#683,#684,#685,#686,
    #687,#688,#689,#690,#691,#692,#693,#694,#695,#696,#697,#698,#699,
    #700,#701,#702,#703,#704,#705),.UNSPECIFIED.,.F.,.F.,(9,7,7,7,7,7,7,
    7,7,7,7,7,7,7,7,7,7,7,7,7,9),(0.,0.107936879921,0.139968683605,
    0.157545664708,0.1692059439,0.195364544482,0.224025114513,
    0.256305384876,0.294549220842,0.34816540665,0.455039278892,
    0.544809812745,0.598728879994,0.643310439135,0.686689993632,
    0.699076739367,0.714147253048,0.73877787638,0.806217864369,
    0.842569410858,1.),.UNSPECIFIED.);
#564 = CARTESIAN_POINT('',(0.,12.018962312524));
#565 = CARTESIAN_POINT('',(7.650923704926E-02,11.663567765071));
#566 = CARTESIAN_POINT('',(0.156240277008,11.310553208955));
#567 = CARTESIAN_POINT('',(0.239708632052,10.961057878643));
#568 = CARTESIAN_POINT('',(0.327433979684,10.617003689941));
#569 = CARTESIAN_POINT('',(0.419990030953,10.281271424515));
#570 = CARTESIAN_POINT('',(0.518029616592,9.957681514861));
#571 = CARTESIAN_POINT('',(0.622358987289,9.651266355117));
#572 = CARTESIAN_POINT('',(0.767306541388,9.285649789287));
#573 = CARTESIAN_POINT('',(0.801105587168,9.204204165034));
#574 = CARTESIAN_POINT('',(0.835523655589,9.125263669669));
#575 = CARTESIAN_POINT('',(0.870552854752,9.049103011634));
#576 = CARTESIAN_POINT('',(0.906186769151,8.975992877604));
#577 = CARTESIAN_POINT('',(0.942421021979,8.906200681536));
#578 = CARTESIAN_POINT('',(0.979253837425,8.839991313719));
#579 = CARTESIAN_POINT('',(1.037227282458,8.743406878292));
#580 = CARTESIAN_POINT('',(1.0579431641,8.710353099461));
#581 = CARTESIAN_POINT('',(1.078828135924,8.678519391226));
#582 = CARTESIAN_POINT('',(1.099876273589,8.647956241969));
#583 = CARTESIAN_POINT('',(1.121081801794,8.618711868673));
#584 = CARTESIAN_POINT('',(1.142439055685,8.59083229503));
#585 = CARTESIAN_POINT('',(1.163942442259,8.56436142955));
#586 = CARTESIAN_POINT('',(1.199944647325,8.522743098932));
#587 = CARTESIAN_POINT('',(1.214363639534,8.506784646697));
#588 = CARTESIAN_POINT('',(1.228841109925,8.491478684305));
#589 = CARTESIAN_POINT('',(1.243374660936,8.476837558517));
#590 = CARTESIAN_POINT('',(1.257961765925,8.462873065525));
#591 = CARTESIAN_POINT('',(1.272599769163,8.44959645095));
#592 = CARTESIAN_POINT('',(1.287285885836,8.43701840984));
#593 = CARTESIAN_POINT('',(1.335065348706,8.398521518093));
#594 = CARTESIAN_POINT('',(1.368347361234,8.375455404662));
#595 = CARTESIAN_POINT('',(1.401824384433,8.356071000936));
#596 = CARTESIAN_POINT('',(1.435458082601,8.340464993252));
#597 = CARTESIAN_POINT('',(1.469210375845,8.32871041186));
#598 = CARTESIAN_POINT('',(1.503043176393,8.320856543047));
#599 = CARTESIAN_POINT('',(1.536918124908,8.316928841268));
#600 = CARTESIAN_POINT('',(1.607914848281,8.316928841268));
#601 = CARTESIAN_POINT('',(1.645028239128,8.321643848546));
#602 = CARTESIAN_POINT('',(1.682085797291,8.33107120881));
#603 = CARTESIAN_POINT('',(1.719037660687,8.345174240045));
#604 = CARTESIAN_POINT('',(1.755834388705,8.363882370758));
#605 = CARTESIAN_POINT('',(1.792426543728,8.387091278215));
#606 = CARTESIAN_POINT('',(1.828764272644,8.414663026689));
#607 = CARTESIAN_POINT('',(1.905380260438,8.482200930516));
#608 = CARTESIAN_POINT('',(1.945561641066,8.523279624401));
#609 = CARTESIAN_POINT('',(1.985303764526,8.569439642876));
#610 = CARTESIAN_POINT('',(2.024570134796,8.620434735793));
#611 = CARTESIAN_POINT('',(2.063324071999,8.675993426101));
#612 = CARTESIAN_POINT('',(2.101527758837,8.73581738862));
#613 = CARTESIAN_POINT('',(2.139141287036,8.799579828804));
#614 = CARTESIAN_POINT('',(2.219934006965,8.946709257099));
#615 = CARTESIAN_POINT('',(2.26285479411,9.031515915825));
#616 = CARTESIAN_POINT('',(2.304899389147,9.120906405514));
#617 = CARTESIAN_POINT('',(2.346078763776,9.214456142925));
#618 = CARTESIAN_POINT('',(2.386399648613,9.311748530483));
#619 = CARTESIAN_POINT('',(2.425864644337,9.412370093023));
#620 = CARTESIAN_POINT('',(2.464472332835,9.515905614512));
#621 = CARTESIAN_POINT('',(2.555134305772,9.770579418439));
#622 = CARTESIAN_POINT('',(2.606386417881,9.924210256377));
#623 = CARTESIAN_POINT('',(2.656091628152,10.082060175568));
#624 = CARTESIAN_POINT('',(2.704348917176,10.243462369413));
#625 = CARTESIAN_POINT('',(2.751245430933,10.407835978804));
#626 = CARTESIAN_POINT('',(2.796860694577,10.574673554947));
#627 = CARTESIAN_POINT('',(2.841267951715,10.743528843958));
#628 = CARTESIAN_POINT('',(2.970772699116,11.253817120377));
#629 = CARTESIAN_POINT('',(3.052668004967,11.600834910392));
#630 = CARTESIAN_POINT('',(3.130826661156,11.952451895876));
#631 = CARTESIAN_POINT('',(3.205732710737,12.30683393198));
#632 = CARTESIAN_POINT('',(3.277826533341,12.662792459555));
#633 = CARTESIAN_POINT('',(3.347529036879,13.019690229625));
#634 = CARTESIAN_POINT('',(3.415250686024,13.377378314801));
#635 = CARTESIAN_POINT('',(3.537011858554,14.037530935737));
#636 = CARTESIAN_POINT('',(3.591401496999,14.339101766875));
#637 = CARTESIAN_POINT('',(3.64478476202,14.64065258162));
#638 = CARTESIAN_POINT('',(3.697342705578,14.942034827884));
#639 = CARTESIAN_POINT('',(3.749252519978,15.243160356074));
#640 = CARTESIAN_POINT('',(3.800690478678,15.543934172479));
#641 = CARTESIAN_POINT('',(3.851833303294,15.84413423651));
#642 = CARTESIAN_POINT('',(3.933505003284,16.322889814576));
#643 = CARTESIAN_POINT('',(3.964059887742,16.501854852432));
#644 = CARTESIAN_POINT('',(3.994617675149,16.680352165361));
#645 = CARTESIAN_POINT('',(4.025270178741,16.858541027155));
#646 = CARTESIAN_POINT('',(4.056101114318,17.036465603873));
#647 = CARTESIAN_POINT('',(4.087182906504,17.213997389263));
#648 = CARTESIAN_POINT('',(4.11857514698,17.390775707136));
#649 = CARTESIAN_POINT('',(4.176575989343,17.711146815674));
#650 = CARTESIAN_POINT('',(4.202826314637,17.853830842585));
#651 = CARTESIAN_POINT('',(4.229385718354,17.995468024047));
#652 = CARTESIAN_POINT('',(4.256511213418,18.136830805395));
#653 = CARTESIAN_POINT('',(4.284393775279,18.278039000452));
#654 = CARTESIAN_POINT('',(4.313156934533,18.418470705357));
#655 = CARTESIAN_POINT('',(4.342866974738,18.556739540449));
#656 = CARTESIAN_POINT('',(4.403415095043,18.821124037632));
#657 = CARTESIAN_POINT('',(4.432293041597,18.939134861502));
#658 = CARTESIAN_POINT('',(4.462430297721,19.054312048095));
#659 = CARTESIAN_POINT('',(4.49549516601,19.170431586993));
#660 = CARTESIAN_POINT('',(4.53238543172,19.284850045431));
#661 = CARTESIAN_POINT('',(4.573497561411,19.388739133974));
#662 = CARTESIAN_POINT('',(4.619180881547,19.467666785002));
#663 = CARTESIAN_POINT('',(4.684870813413,19.512388014315));
#664 = CARTESIAN_POINT('',(4.699760979814,19.518625461291));
#665 = CARTESIAN_POINT('',(4.714801385075,19.520739094845));
#666 = CARTESIAN_POINT('',(4.729856875715,19.518541690339));
#667 = CARTESIAN_POINT('',(4.744796119039,19.512088085312));
#668 = CARTESIAN_POINT('',(4.759481482614,19.501676406509));
#669 = CARTESIAN_POINT('',(4.773758775245,19.487849070093));
#670 = CARTESIAN_POINT('',(4.804100643279,19.451372714205));
#671 = CARTESIAN_POINT('',(4.820052001501,19.427257014626));
#672 = CARTESIAN_POINT('',(4.835342816378,19.399844825793));
#673 = CARTESIAN_POINT('',(4.850013786915,19.369816932838));
#674 = CARTESIAN_POINT('',(4.864107820372,19.337731127264));
#675 = CARTESIAN_POINT('',(4.877673339673,19.304017066967));
#676 = CARTESIAN_POINT('',(4.890767496694,19.268971405553));
#677 = CARTESIAN_POINT('',(4.924202235096,19.173559641195));
#678 = CARTESIAN_POINT('',(4.944036136997,19.110760058805));
#679 = CARTESIAN_POINT('',(4.963011081619,19.045593984274));
#680 = CARTESIAN_POINT('',(4.981195538517,18.978960267343));
#681 = CARTESIAN_POINT('',(4.998682440799,18.911403721119));
#682 = CARTESIAN_POINT('',(5.015595599965,18.843102422225));
#683 = CARTESIAN_POINT('',(5.032096457122,18.773855656996));
#684 = CARTESIAN_POINT('',(5.093006983324,18.509264412769));
#685 = CARTESIAN_POINT('',(5.135923032076,18.304601695279));
#686 = CARTESIAN_POINT('',(5.177137481408,18.09550585002));
#687 = CARTESIAN_POINT('',(5.216722191316,17.88611905043));
#688 = CARTESIAN_POINT('',(5.254936611046,17.67795292056));
#689 = CARTESIAN_POINT('',(5.292257167448,17.470173400178));
#690 = CARTESIAN_POINT('',(5.329348223731,17.260207556439));
#691 = CARTESIAN_POINT('',(5.387296138686,16.928010922456));
#692 = CARTESIAN_POINT('',(5.407508623989,16.811365561531));
#693 = CARTESIAN_POINT('',(5.427654477237,16.694492779992));
#694 = CARTESIAN_POINT('',(5.447749812149,16.577442292739));
#695 = CARTESIAN_POINT('',(5.467811125475,16.460243242265));
#696 = CARTESIAN_POINT('',(5.48785590305,16.342904584575));
#697 = CARTESIAN_POINT('',(5.507903225852,16.225415475097));
#698 = CARTESIAN_POINT('',(5.61489813329,15.598143424303));
#699 = CARTESIAN_POINT('',(5.702063930591,15.086350576413));
#700 = CARTESIAN_POINT('',(5.79049020481,14.574018781298));
#701 = CARTESIAN_POINT('',(5.881080099574,14.06079781835));
#702 = CARTESIAN_POINT('',(5.974728853615,13.546879176567));
#703 = CARTESIAN_POINT('',(6.072293774092,13.033444120774));
#704 = CARTESIAN_POINT('',(6.174724294258,12.522776676517));
#705 = CARTESIAN_POINT('',(6.28318530718,12.018962312524));
#706 = ( GEOMETRIC_REPRESENTATION_CONTEXT(2) 
PARAMETRIC_REPRESENTATION_CONTEXT() REPRESENTATION_CONTEXT('2D SPACE',''
  ) );
#707 = FACE_BOUND('',#708,.T.);
#708 = EDGE_LOOP('',(#709));
#709 = ORIENTED_EDGE('',*,*,#710,.F.);
#710 = EDGE_CURVE('',#711,#711,#713,.T.);
#711 = VERTEX_POINT('',#712);
#712 = CARTESIAN_POINT('',(11.131037687476,-19.15,12.3));
#713 = SURFACE_CURVE('',#714,(#857,#1003),.PCURVE_S1.);
#714 = B_SPLINE_CURVE_WITH_KNOTS('',8,(#715,#716,#717,#718,#719,#720,
    #721,#722,#723,#724,#725,#726,#727,#728,#729,#730,#731,#732,#733,
    #734,#735,#736,#737,#738,#739,#740,#741,#742,#743,#744,#745,#746,
    #747,#748,#749,#750,#751,#752,#753,#754,#755,#756,#757,#758,#759,
    #760,#761,#762,#763,#764,#765,#766,#767,#768,#769,#770,#771,#772,
    #773,#774,#775,#776,#777,#778,#779,#780,#781,#782,#783,#784,#785,
    #786,#787,#788,#789,#790,#791,#792,#793,#794,#795,#796,#797,#798,
    #799,#800,#801,#802,#803,#804,#805,#806,#807,#808,#809,#810,#811,
    #812,#813,#814,#815,#816,#817,#818,#819,#820,#821,#822,#823,#824,
    #825,#826,#827,#828,#829,#830,#831,#832,#833,#834,#835,#836,#837,
    #838,#839,#840,#841,#842,#843,#844,#845,#846,#847,#848,#849,#850,
    #851,#852,#853,#854,#855,#856),.UNSPECIFIED.,.T.,.F.,(9,7,7,7,7,7,7,
    7,7,7,7,7,7,7,7,7,7,7,7,7,9),(0.,0.107936877137,0.139968680715,
    0.157545661755,0.169205940905,0.195364541392,0.224025111321,
    0.256305381568,0.294549219215,0.348165405151,0.455039277662,
    0.544809811742,0.598728879125,0.643310438377,0.686689992971,
    0.699076738732,0.714147252444,0.738777875827,0.806217863959,
    0.842569410525,1.),.UNSPECIFIED.);
#715 = CARTESIAN_POINT('',(11.131037687476,-19.15,12.3));
#716 = CARTESIAN_POINT('',(11.486432224923,-18.94342506578,12.3));
#717 = CARTESIAN_POINT('',(11.839446819908,-18.72814896829,
    12.318063329612));
#718 = CARTESIAN_POINT('',(12.188942092565,-18.50463560993,
    12.356848788734));
#719 = CARTESIAN_POINT('',(12.532996307163,-18.27394414581,
    12.419638797576));
#720 = CARTESIAN_POINT('',(12.868728604242,-18.03805782231,
    12.51028479895));
#721 = CARTESIAN_POINT('',(13.192318462421,-17.80015908943,
    12.633212194033));
#722 = CARTESIAN_POINT('',(13.498733651293,-17.56520379297,
    12.793305215955));
#723 = CARTESIAN_POINT('',(13.864350210691,-17.27465528741,
    13.055493992788));
#724 = CARTESIAN_POINT('',(13.945795834959,-17.20917937419,
    13.119152092957));
#725 = CARTESIAN_POINT('',(14.024736330343,-17.14499972328,
    13.186517234648));
#726 = CARTESIAN_POINT('',(14.100896988383,-17.08240707319,
    13.257619998817));
#727 = CARTESIAN_POINT('',(14.174007122404,-17.02170114328,
    13.332470490304));
#728 = CARTESIAN_POINT('',(14.243799318456,-16.96318908622,
    13.411058069368));
#729 = CARTESIAN_POINT('',(14.310008686265,-16.90718394054,
    13.493351083213));
#730 = CARTESIAN_POINT('',(14.406593121708,-16.82482086991,
    13.626457934289));
#731 = CARTESIAN_POINT('',(14.439646900539,-16.7964968669,
    13.674706585156));
#732 = CARTESIAN_POINT('',(14.471480608774,-16.769091554,13.724018658911
    ));
#733 = CARTESIAN_POINT('',(14.502043758031,-16.74266407103,
    13.774366988193));
#734 = CARTESIAN_POINT('',(14.531288131327,-16.71727201807,
    13.825721133024));
#735 = CARTESIAN_POINT('',(14.55916770497,-16.69297125589,
    13.878047384348));
#736 = CARTESIAN_POINT('',(14.58563857045,-16.66981570638,
    13.931308767559));
#737 = CARTESIAN_POINT('',(14.627256901068,-16.63329021093,
    14.021391427443));
#738 = CARTESIAN_POINT('',(14.643215353303,-16.61925107828,
    14.057708859906));
#739 = CARTESIAN_POINT('',(14.658521315695,-16.60575554604,
    14.094403885149));
#740 = CARTESIAN_POINT('',(14.673162441483,-16.59281878665,
    14.131462055359));
#741 = CARTESIAN_POINT('',(14.687126934475,-16.58045535398,
    14.168867933184));
#742 = CARTESIAN_POINT('',(14.70040354905,-16.56867918326,
    14.206605091736));
#743 = CARTESIAN_POINT('',(14.71298159016,-16.55750359115,
    14.244656114588));
#744 = CARTESIAN_POINT('',(14.751478481906,-16.52324584029,
    14.369028862254));
#745 = CARTESIAN_POINT('',(14.774544595338,-16.5026317667,
    14.456558776892));
#746 = CARTESIAN_POINT('',(14.793928999065,-16.48524717198,
    14.545370450134));
#747 = CARTESIAN_POINT('',(14.809535006749,-16.47121337394,
    14.635226599825));
#748 = CARTESIAN_POINT('',(14.82128958814,-16.4606235602,14.725877915867
    ));
#749 = CARTESIAN_POINT('',(14.829143456952,-16.45354145734,
    14.817066424888));
#750 = CARTESIAN_POINT('',(14.833071158732,-16.45,14.908528854908));
#751 = CARTESIAN_POINT('',(14.833071158732,-16.45,15.100220008013));
#752 = CARTESIAN_POINT('',(14.828356151454,-16.45425125655,
    15.200426290718));
#753 = CARTESIAN_POINT('',(14.81892879119,-16.46275233655,
    15.300271146528));
#754 = CARTESIAN_POINT('',(14.804825759954,-16.4754556633,
    15.399410052326));
#755 = CARTESIAN_POINT('',(14.786117629242,-16.49226976778,
    15.497506812198));
#756 = CARTESIAN_POINT('',(14.762908721785,-16.51306153993,
    15.594238706171));
#757 = CARTESIAN_POINT('',(14.735336973311,-16.5376584799,
    15.689301638953));
#758 = CARTESIAN_POINT('',(14.667799069484,-16.5976040001,
    15.887288771079));
#759 = CARTESIAN_POINT('',(14.626720375599,-16.63390688119,
    15.989650877558));
#760 = CARTESIAN_POINT('',(14.580560357124,-16.67448140042,
    16.08919260347));
#761 = CARTESIAN_POINT('',(14.529565264207,-16.71901811136,
    16.185641927788));
#762 = CARTESIAN_POINT('',(14.474006573899,-16.76718060035,
    16.278764007601));
#763 = CARTESIAN_POINT('',(14.41418261138,-16.81860977373,
    16.368361372625));
#764 = CARTESIAN_POINT('',(14.350420171196,-16.87292814493,
    16.454274119716));
#765 = CARTESIAN_POINT('',(14.203290739107,-16.99705647585,
    16.633654635698));
#766 = CARTESIAN_POINT('',(14.118484086912,-17.06786975197,
    16.725579100939));
#767 = CARTESIAN_POINT('',(14.029093598685,-17.14166377384,
    16.81214387583));
#768 = CARTESIAN_POINT('',(13.935543856752,-17.21794475073,
    16.893377113957));
#769 = CARTESIAN_POINT('',(13.838251464922,-17.29624420055,
    16.969340916954));
#770 = CARTESIAN_POINT('',(13.737629904431,-17.37611787313,
    17.040127501693));
#771 = CARTESIAN_POINT('',(13.634094389884,-17.45714467348,
    17.105855367476));
#772 = CARTESIAN_POINT('',(13.379420581577,-17.65357884245,
    17.251918554995));
#773 = CARTESIAN_POINT('',(13.225789743613,-17.76978060227,
    17.327555750913));
#774 = CARTESIAN_POINT('',(13.067939824414,-17.8867305039,
    17.394166488952));
#775 = CARTESIAN_POINT('',(12.906537630587,-18.00377173853,
    17.452327699607));
#776 = CARTESIAN_POINT('',(12.742164021216,-18.12036920586,
    17.50259833175));
#777 = CARTESIAN_POINT('',(12.575326445065,-18.23608916076,
    17.545514263685));
#778 = CARTESIAN_POINT('',(12.40647115602,-18.35058034995,
    17.581583599403));
#779 = CARTESIAN_POINT('',(11.896182879624,-18.68875381106,
    17.67048127352));
#780 = CARTESIAN_POINT('',(11.549165089607,-18.90843967741,
    17.704502662735));
#781 = CARTESIAN_POINT('',(11.197548104124,-19.1206248694,
    17.717004574153));
#782 = CARTESIAN_POINT('',(10.84316606802,-19.32427129138,
    17.711051492072));
#783 = CARTESIAN_POINT('',(10.487207540445,-19.51895457214,
    17.689164230695));
#784 = CARTESIAN_POINT('',(10.130309770376,-19.70463987045,
    17.653354058747));
#785 = CARTESIAN_POINT('',(9.772621685198,-19.88153589506,17.60514487219
    ));
#786 = CARTESIAN_POINT('',(9.112469064266,-20.19148958225,
    17.495560790968));
#787 = CARTESIAN_POINT('',(8.810898233124,-20.32676499388,
    17.437621863128));
#788 = CARTESIAN_POINT('',(8.509347418377,-20.45587429951,17.37251175997
    ));
#789 = CARTESIAN_POINT('',(8.207965172115,-20.5789235601,17.300805611371
    ));
#790 = CARTESIAN_POINT('',(7.906839643928,-20.69603457581,
    17.222929568631));
#791 = CARTESIAN_POINT('',(7.606065827523,-20.80731383739,17.13917914515
    ));
#792 = CARTESIAN_POINT('',(7.305865763487,-20.9128246862,17.049738703349
    ));
#793 = CARTESIAN_POINT('',(6.827110185426,-21.07246852868,
    16.897620042696));
#794 = CARTESIAN_POINT('',(6.648145147567,-21.13019486944,
    16.838611360615));
#795 = CARTESIAN_POINT('',(6.469647834636,-21.18586304021,
    16.777603129265));
#796 = CARTESIAN_POINT('',(6.291458972842,-21.23955882724,
    16.714493083888));
#797 = CARTESIAN_POINT('',(6.113534396126,-21.29132079189,
    16.649167978844));
#798 = CARTESIAN_POINT('',(5.936002610739,-21.34113529252,16.58151949312
    ));
#799 = CARTESIAN_POINT('',(5.759224292867,-21.38893820445,
    16.511457669771));
#800 = CARTESIAN_POINT('',(5.438853184326,-21.47239688612,
    16.378947591685));
#801 = CARTESIAN_POINT('',(5.296169157418,-21.50836943596,
    16.317842062523));
#802 = CARTESIAN_POINT('',(5.154531975952,-21.54294897583,
    16.254960800079));
#803 = CARTESIAN_POINT('',(5.013169194601,-21.57634762376,
    16.189705466726));
#804 = CARTESIAN_POINT('',(4.871960999546,-21.60859051477,16.12159178917
    ));
#805 = CARTESIAN_POINT('',(4.731529294645,-21.63954138978,
    16.050283614126));
#806 = CARTESIAN_POINT('',(4.593260459553,-21.66894488626,
    15.975593119476));
#807 = CARTESIAN_POINT('',(4.328875962401,-21.72328362613,
    15.821408207234));
#808 = CARTESIAN_POINT('',(4.210865138423,-21.74660522422,
    15.746957069194));
#809 = CARTESIAN_POINT('',(4.095687951946,-21.76872413746,
    15.668588861914));
#810 = CARTESIAN_POINT('',(3.979568413045,-21.79031009193,
    15.581866431802));
#811 = CARTESIAN_POINT('',(3.865149954521,-21.81079378538,
    15.484209027855));
#812 = CARTESIAN_POINT('',(3.761260866034,-21.82855597298,
    15.374401790977));
#813 = CARTESIAN_POINT('',(3.682333215002,-21.84179859849,
    15.251505967455));
#814 = CARTESIAN_POINT('',(3.637611985685,-21.84926498683,
    15.074300376218));
#815 = CARTESIAN_POINT('',(3.631374538709,-21.85030102859,
    15.034104910753));
#816 = CARTESIAN_POINT('',(3.629260905155,-21.85065023851,
    14.993487290794));
#817 = CARTESIAN_POINT('',(3.631458309661,-21.85028589658,
    14.952826622279));
#818 = CARTESIAN_POINT('',(3.637911914688,-21.84921607303,14.91249281317
    ));
#819 = CARTESIAN_POINT('',(3.648323593491,-21.84748367339,
    14.872871233533));
#820 = CARTESIAN_POINT('',(3.662150929907,-21.84516946675,
    14.834387728403));
#821 = CARTESIAN_POINT('',(3.698627285795,-21.83902626959,
    14.752695340651));
#822 = CARTESIAN_POINT('',(3.722742985374,-21.83494327286,
    14.709812119253));
#823 = CARTESIAN_POINT('',(3.750155174207,-21.83026793536,14.66878095943
    ));
#824 = CARTESIAN_POINT('',(3.780183067162,-21.82510014743,
    14.629496554478));
#825 = CARTESIAN_POINT('',(3.812268872736,-21.81952212735,
    14.591844259105));
#826 = CARTESIAN_POINT('',(3.845982933033,-21.81359803676,
    14.555692882307));
#827 = CARTESIAN_POINT('',(3.881028594447,-21.80737194527,
    14.520887664825));
#828 = CARTESIAN_POINT('',(3.976440358804,-21.79022806386,
    14.432256715624));
#829 = CARTESIAN_POINT('',(4.039239941195,-21.77875452006,
    14.379931906537));
#830 = CARTESIAN_POINT('',(4.104406015726,-21.76662497933,
    14.330133497801));
#831 = CARTESIAN_POINT('',(4.171039732657,-21.75397964966,
    14.282669824535));
#832 = CARTESIAN_POINT('',(4.238596278881,-21.74090844944,
    14.237282259509));
#833 = CARTESIAN_POINT('',(4.306897577775,-21.72743919499,
    14.193634748624));
#834 = CARTESIAN_POINT('',(4.376144343004,-21.71352300684,
    14.151303695472));
#835 = CARTESIAN_POINT('',(4.640735587236,-21.65929851915,13.99604173268
    ));
#836 = CARTESIAN_POINT('',(4.845398304718,-21.61529517729,13.88867293039
    ));
#837 = CARTESIAN_POINT('',(5.054494149973,-21.56789750089,
    13.787743081662));
#838 = CARTESIAN_POINT('',(5.263880949573,-21.5178950779,13.69303474355)
  );
#839 = CARTESIAN_POINT('',(5.472047079445,-21.4657244441,13.603806522184
    ));
#840 = CARTESIAN_POINT('',(5.679826599816,-21.41126891021,
    13.518855476352));
#841 = CARTESIAN_POINT('',(5.889792443563,-21.35376470642,
    13.436748194102));
#842 = CARTESIAN_POINT('',(6.221989077544,-21.25850422159,
    13.312631415992));
#843 = CARTESIAN_POINT('',(6.338634438468,-21.22426874162,13.27011272221
    ));
#844 = CARTESIAN_POINT('',(6.455507220007,-21.18916971306,
    13.228527004237));
#845 = CARTESIAN_POINT('',(6.572557707261,-21.15321175904,
    13.187857699581));
#846 = CARTESIAN_POINT('',(6.689756757735,-21.11639476091,
    13.148089758781));
#847 = CARTESIAN_POINT('',(6.807095415426,-21.07871275993,
    13.109209209135));
#848 = CARTESIAN_POINT('',(6.924584524904,-21.04015285913,
    13.071202718427));
#849 = CARTESIAN_POINT('',(7.551856575696,-20.82980698679,
    12.873187871819));
#850 = CARTESIAN_POINT('',(8.06364942359,-20.64246350195,12.728846491516
    ));
#851 = CARTESIAN_POINT('',(8.575981218696,-20.43846925995,
    12.601168434681));
#852 = CARTESIAN_POINT('',(9.089202181657,-20.21713152825,
    12.491373961663));
#853 = CARTESIAN_POINT('',(9.603120823426,-19.97758555051,
    12.401831774553));
#854 = CARTESIAN_POINT('',(10.11655587923,-19.71940658796,
    12.336300358392));
#855 = CARTESIAN_POINT('',(10.627223323482,-19.44284473488,12.3));
#856 = CARTESIAN_POINT('',(11.131037687476,-19.15,12.3));
#857 = PCURVE('',#51,#858);
#858 = DEFINITIONAL_REPRESENTATION('',(#859),#1002);
#859 = B_SPLINE_CURVE_WITH_KNOTS('',8,(#860,#861,#862,#863,#864,#865,
    #866,#867,#868,#869,#870,#871,#872,#873,#874,#875,#876,#877,#878,
    #879,#880,#881,#882,#883,#884,#885,#886,#887,#888,#889,#890,#891,
    #892,#893,#894,#895,#896,#897,#898,#899,#900,#901,#902,#903,#904,
    #905,#906,#907,#908,#909,#910,#911,#912,#913,#914,#915,#916,#917,
    #918,#919,#920,#921,#922,#923,#924,#925,#926,#927,#928,#929,#930,
    #931,#932,#933,#934,#935,#936,#937,#938,#939,#940,#941,#942,#943,
    #944,#945,#946,#947,#948,#949,#950,#951,#952,#953,#954,#955,#956,
    #957,#958,#959,#960,#961,#962,#963,#964,#965,#966,#967,#968,#969,
    #970,#971,#972,#973,#974,#975,#976,#977,#978,#979,#980,#981,#982,
    #983,#984,#985,#986,#987,#988,#989,#990,#991,#992,#993,#994,#995,
    #996,#997,#998,#999,#1000,#1001),.UNSPECIFIED.,.T.,.F.,(9,7,7,7,7,7,
    7,7,7,7,7,7,7,7,7,7,7,7,7,7,9),(0.,0.107936877137,0.139968680715,
    0.157545661755,0.169205940905,0.195364541392,0.224025111321,
    0.256305381568,0.294549219215,0.348165405151,0.455039277662,
    0.544809811742,0.598728879125,0.643310438377,0.686689992971,
    0.699076738732,0.714147252444,0.738777875827,0.806217863959,
    0.842569410525,1.),.UNSPECIFIED.);
#860 = CARTESIAN_POINT('',(5.238911525739,12.3));
#861 = CARTESIAN_POINT('',(5.257469987225,12.3));
#862 = CARTESIAN_POINT('',(5.276132957232,12.318063329612));
#863 = CARTESIAN_POINT('',(5.294855211394,12.356848788734));
#864 = CARTESIAN_POINT('',(5.313547833529,12.419638797576));
#865 = CARTESIAN_POINT('',(5.332063639678,12.51028479895));
#866 = CARTESIAN_POINT('',(5.350189644041,12.633212194033));
#867 = CARTESIAN_POINT('',(5.367619413605,12.793305215955));
#868 = CARTESIAN_POINT('',(5.388703172025,13.055493992788));
#869 = CARTESIAN_POINT('',(5.393420979546,13.119152092957));
#870 = CARTESIAN_POINT('',(5.398014006871,13.186517234648));
#871 = CARTESIAN_POINT('',(5.402464514649,13.257619998817));
#872 = CARTESIAN_POINT('',(5.406754612031,13.332470490304));
#873 = CARTESIAN_POINT('',(5.410866270554,13.411058069368));
#874 = CARTESIAN_POINT('',(5.414781338015,13.493351083213));
#875 = CARTESIAN_POINT('',(5.420511990547,13.626457934289));
#876 = CARTESIAN_POINT('',(5.422477191045,13.674706585156));
#877 = CARTESIAN_POINT('',(5.424373579927,13.724018658911));
#878 = CARTESIAN_POINT('',(5.426197699558,13.774366988193));
#879 = CARTESIAN_POINT('',(5.427946212053,13.825721133024));
#880 = CARTESIAN_POINT('',(5.429615902747,13.878047384348));
#881 = CARTESIAN_POINT('',(5.431203683658,13.931308767559));
#882 = CARTESIAN_POINT('',(5.433703604833,14.021391427443));
#883 = CARTESIAN_POINT('',(5.434663191971,14.057708859906));
#884 = CARTESIAN_POINT('',(5.435584451871,14.094403885149));
#885 = CARTESIAN_POINT('',(5.436466514777,14.131462055359));
#886 = CARTESIAN_POINT('',(5.437308547675,14.168867933184));
#887 = CARTESIAN_POINT('',(5.438109754296,14.206605091736));
#888 = CARTESIAN_POINT('',(5.438869375108,14.244656114588));
#889 = CARTESIAN_POINT('',(5.441195901269,14.369028862254));
#890 = CARTESIAN_POINT('',(5.442592520677,14.456558776892));
#891 = CARTESIAN_POINT('',(5.443768050038,14.545370450134));
#892 = CARTESIAN_POINT('',(5.444715587099,14.635226599825));
#893 = CARTESIAN_POINT('',(5.445429868281,14.725877915867));
#894 = CARTESIAN_POINT('',(5.445907314094,14.817066424888));
#895 = CARTESIAN_POINT('',(5.446146074544,14.908528854908));
#896 = CARTESIAN_POINT('',(5.446146074544,15.100220008013));
#897 = CARTESIAN_POINT('',(5.445859457343,15.200426290718));
#898 = CARTESIAN_POINT('',(5.445286353794,15.300271146528));
#899 = CARTESIAN_POINT('',(5.444429433554,15.399410052326));
#900 = CARTESIAN_POINT('',(5.443293828664,15.497506812198));
#901 = CARTESIAN_POINT('',(5.441887057141,15.594238706171));
#902 = CARTESIAN_POINT('',(5.440218946561,15.689301638953));
#903 = CARTESIAN_POINT('',(5.436142011182,15.887288771079));
#904 = CARTESIAN_POINT('',(5.43366702025,15.989650877558));
#905 = CARTESIAN_POINT('',(5.43089242824,16.08919260347));
#906 = CARTESIAN_POINT('',(5.427835786897,16.185641927788));
#907 = CARTESIAN_POINT('',(5.424516279218,16.278764007601));
#908 = CARTESIAN_POINT('',(5.420954642328,16.368361372625));
#909 = CARTESIAN_POINT('',(5.417173090376,16.454274119716));
#910 = CARTESIAN_POINT('',(5.408482502318,16.633654635698));
#911 = CARTESIAN_POINT('',(5.403494579063,16.725579100939));
#912 = CARTESIAN_POINT('',(5.398261552385,16.81214387583));
#913 = CARTESIAN_POINT('',(5.392812204883,16.893377113957));
#914 = CARTESIAN_POINT('',(5.387174233321,16.969340916954));
#915 = CARTESIAN_POINT('',(5.381374464923,17.040127501693));
#916 = CARTESIAN_POINT('',(5.375439073671,17.105855367476));
#917 = CARTESIAN_POINT('',(5.360918582831,17.251918554995));
#918 = CARTESIAN_POINT('',(5.352222477263,17.327555750913));
#919 = CARTESIAN_POINT('',(5.34335399086,17.394166488952));
#920 = CARTESIAN_POINT('',(5.334353938806,17.452327699607));
#921 = CARTESIAN_POINT('',(5.325256597389,17.50259833175));
#922 = CARTESIAN_POINT('',(5.316090788377,17.545514263685));
#923 = CARTESIAN_POINT('',(5.306880890915,17.581583599403));
#924 = CARTESIAN_POINT('',(5.279243297228,17.67048127352));
#925 = CARTESIAN_POINT('',(5.260705098427,17.704502662735));
#926 = CARTESIAN_POINT('',(5.242171380259,17.717004574153));
#927 = CARTESIAN_POINT('',(5.22372698717,17.711051492072));
#928 = CARTESIAN_POINT('',(5.205418056639,17.689164230695));
#929 = CARTESIAN_POINT('',(5.187261346401,17.653354058747));
#930 = CARTESIAN_POINT('',(5.169249710298,17.60514487219));
#931 = CARTESIAN_POINT('',(5.136324379409,17.495560790968));
#932 = CARTESIAN_POINT('',(5.121404659898,17.437621863128));
#933 = CARTESIAN_POINT('',(5.106598873137,17.37251175997));
#934 = CARTESIAN_POINT('',(5.091906248079,17.300805611371));
#935 = CARTESIAN_POINT('',(5.077323516063,17.222929568631));
#936 = CARTESIAN_POINT('',(5.062848234865,17.13917914515));
#937 = CARTESIAN_POINT('',(5.048484320241,17.049738703349));
#938 = CARTESIAN_POINT('',(5.025700065636,16.897620042696));
#939 = CARTESIAN_POINT('',(5.017210874196,16.838611360615));
#940 = CARTESIAN_POINT('',(5.008770152425,16.777603129265));
#941 = CARTESIAN_POINT('',(5.000368965425,16.714493083888));
#942 = CARTESIAN_POINT('',(4.992003998016,16.649167978844));
#943 = CARTESIAN_POINT('',(4.983680094336,16.58151949312));
#944 = CARTESIAN_POINT('',(4.975412840631,16.511457669771));
#945 = CARTESIAN_POINT('',(4.960466410106,16.378947591685));
#946 = CARTESIAN_POINT('',(4.953823330948,16.317842062523));
#947 = CARTESIAN_POINT('',(4.947241370984,16.254960800079));
#948 = CARTESIAN_POINT('',(4.940683966208,16.189705466726));
#949 = CARTESIAN_POINT('',(4.934145171491,16.12159178917));
#950 = CARTESIAN_POINT('',(4.927653279283,16.050283614126));
#951 = CARTESIAN_POINT('',(4.921271456878,15.975593119476));
#952 = CARTESIAN_POINT('',(4.909085865955,15.821408207234));
#953 = CARTESIAN_POINT('',(4.903655177221,15.746957069194));
#954 = CARTESIAN_POINT('',(4.898360412326,15.668588861914));
#955 = CARTESIAN_POINT('',(4.893028370748,15.581866431802));
#956 = CARTESIAN_POINT('',(4.887780923836,15.484209027855));
#957 = CARTESIAN_POINT('',(4.883022641643,15.374401790977));
#958 = CARTESIAN_POINT('',(4.879409510609,15.251505967455));
#959 = CARTESIAN_POINT('',(4.877362548202,15.074300376218));
#960 = CARTESIAN_POINT('',(4.877077089807,15.034104910753));
#961 = CARTESIAN_POINT('',(4.876980372595,14.993487290794));
#962 = CARTESIAN_POINT('',(4.877080932627,14.952826622279));
#963 = CARTESIAN_POINT('',(4.877376267911,14.91249281317));
#964 = CARTESIAN_POINT('',(4.877852783439,14.872871233533));
#965 = CARTESIAN_POINT('',(4.878485724689,14.834387728403));
#966 = CARTESIAN_POINT('',(4.880155704135,14.752695340651));
#967 = CARTESIAN_POINT('',(4.881259943083,14.709812119253));
#968 = CARTESIAN_POINT('',(4.882515383222,14.66878095943));
#969 = CARTESIAN_POINT('',(4.883890970777,14.629496554478));
#970 = CARTESIAN_POINT('',(4.885361262401,14.591844259105));
#971 = CARTESIAN_POINT('',(4.886906656505,14.555692882307));
#972 = CARTESIAN_POINT('',(4.888513624945,14.520887664825));
#973 = CARTESIAN_POINT('',(4.8928901379,14.432256715624));
#974 = CARTESIAN_POINT('',(4.895772251916,14.379931906537));
#975 = CARTESIAN_POINT('',(4.898764788488,14.330133497801));
#976 = CARTESIAN_POINT('',(4.90182673614,14.282669824535));
#977 = CARTESIAN_POINT('',(4.904933219087,14.237282259509));
#978 = CARTESIAN_POINT('',(4.908076151707,14.193634748624));
#979 = CARTESIAN_POINT('',(4.911264898956,14.151303695472));
#980 = CARTESIAN_POINT('',(4.923458596257,13.99604173268));
#981 = CARTESIAN_POINT('',(4.93290916289,13.88867293039));
#982 = CARTESIAN_POINT('',(4.942587632624,13.787743081662));
#983 = CARTESIAN_POINT('',(4.952305323937,13.69303474355));
#984 = CARTESIAN_POINT('',(4.961992831721,13.603806522184));
#985 = CARTESIAN_POINT('',(4.971689259876,13.518855476352));
#986 = CARTESIAN_POINT('',(4.98151690371,13.436748194102));
#987 = CARTESIAN_POINT('',(4.997118946507,13.312631415992));
#988 = CARTESIAN_POINT('',(5.002607131286,13.27011272221));
#989 = CARTESIAN_POINT('',(5.008116181954,13.228527004237));
#990 = CARTESIAN_POINT('',(5.013644139914,13.187857699581));
#991 = CARTESIAN_POINT('',(5.019190005249,13.148089758781));
#992 = CARTESIAN_POINT('',(5.024753734379,13.109209209135));
#993 = CARTESIAN_POINT('',(5.030336237712,13.071202718427));
#994 = CARTESIAN_POINT('',(5.060205348088,12.873187871819));
#995 = CARTESIAN_POINT('',(5.084801291813,12.728846491516));
#996 = CARTESIAN_POINT('',(5.109681109335,12.601168434681));
#997 = CARTESIAN_POINT('',(5.134893851693,12.491373961663));
#998 = CARTESIAN_POINT('',(5.160470116716,12.401831774553));
#999 = CARTESIAN_POINT('',(5.186395772214,12.336300358392));
#1000 = CARTESIAN_POINT('',(5.212602681667,12.3));
#1001 = CARTESIAN_POINT('',(5.238911525739,12.3));
#1002 = ( GEOMETRIC_REPRESENTATION_CONTEXT(2) 
PARAMETRIC_REPRESENTATION_CONTEXT() REPRESENTATION_CONTEXT('2D SPACE',''
  ) );
#1003 = PCURVE('',#1004,#1009);
#1004 = CYLINDRICAL_SURFACE('',#1005,2.7);
#1005 = AXIS2_PLACEMENT_3D('',#1006,#1007,#1008);
#1006 = CARTESIAN_POINT('',(-23.15,-19.15,15.));
#1007 = DIRECTION('',(1.,0.,2.22044604925E-16));
#1008 = DIRECTION('',(2.22044604925E-16,0.,-1.));
#1009 = DEFINITIONAL_REPRESENTATION('',(#1010),#1153);
#1010 = B_SPLINE_CURVE_WITH_KNOTS('',8,(#1011,#1012,#1013,#1014,#1015,
    #1016,#1017,#1018,#1019,#1020,#1021,#1022,#1023,#1024,#1025,#1026,
    #1027,#1028,#1029,#1030,#1031,#1032,#1033,#1034,#1035,#1036,#1037,
    #1038,#1039,#1040,#1041,#1042,#1043,#1044,#1045,#1046,#1047,#1048,
    #1049,#1050,#1051,#1052,#1053,#1054,#1055,#1056,#1057,#1058,#1059,
    #1060,#1061,#1062,#1063,#1064,#1065,#1066,#1067,#1068,#1069,#1070,
    #1071,#1072,#1073,#1074,#1075,#1076,#1077,#1078,#1079,#1080,#1081,
    #1082,#1083,#1084,#1085,#1086,#1087,#1088,#1089,#1090,#1091,#1092,
    #1093,#1094,#1095,#1096,#1097,#1098,#1099,#1100,#1101,#1102,#1103,
    #1104,#1105,#1106,#1107,#1108,#1109,#1110,#1111,#1112,#1113,#1114,
    #1115,#1116,#1117,#1118,#1119,#1120,#1121,#1122,#1123,#1124,#1125,
    #1126,#1127,#1128,#1129,#1130,#1131,#1132,#1133,#1134,#1135,#1136,
    #1137,#1138,#1139,#1140,#1141,#1142,#1143,#1144,#1145,#1146,#1147,
    #1148,#1149,#1150,#1151,#1152),.UNSPECIFIED.,.F.,.F.,(9,7,7,7,7,7,7,
    7,7,7,7,7,7,7,7,7,7,7,7,7,9),(0.,0.107936877137,0.139968680715,
    0.157545661755,0.169205940905,0.195364541392,0.224025111321,
    0.256305381568,0.294549219215,0.348165405151,0.455039277662,
    0.544809811742,0.598728879125,0.643310438377,0.686689992971,
    0.699076738732,0.714147252444,0.738777875827,0.806217863959,
    0.842569410525,1.),.UNSPECIFIED.);
#1011 = CARTESIAN_POINT('',(0.,34.281037687476));
#1012 = CARTESIAN_POINT('',(7.650923489507E-02,34.636432224923));
#1013 = CARTESIAN_POINT('',(0.15624028431,34.989446819908));
#1014 = CARTESIAN_POINT('',(0.239708623545,35.338942092565));
#1015 = CARTESIAN_POINT('',(0.327433979876,35.682996307163));
#1016 = CARTESIAN_POINT('',(0.419990039415,36.018728604243));
#1017 = CARTESIAN_POINT('',(0.518029608834,36.342318462421));
#1018 = CARTESIAN_POINT('',(0.62235898983,36.648733651293));
#1019 = CARTESIAN_POINT('',(0.767306541379,37.014350210691));
#1020 = CARTESIAN_POINT('',(0.801105587165,37.095795834959));
#1021 = CARTESIAN_POINT('',(0.835523655594,37.174736330343));
#1022 = CARTESIAN_POINT('',(0.87055285476,37.250896988383));
#1023 = CARTESIAN_POINT('',(0.906186769156,37.324007122404));
#1024 = CARTESIAN_POINT('',(0.942421021976,37.393799318456));
#1025 = CARTESIAN_POINT('',(0.979253837416,37.460008686265));
#1026 = CARTESIAN_POINT('',(1.037227282458,37.556593121708));
#1027 = CARTESIAN_POINT('',(1.0579431641,37.589646900539));
#1028 = CARTESIAN_POINT('',(1.078828135924,37.621480608774));
#1029 = CARTESIAN_POINT('',(1.099876273589,37.652043758031));
#1030 = CARTESIAN_POINT('',(1.121081801794,37.681288131327));
#1031 = CARTESIAN_POINT('',(1.142439055685,37.70916770497));
#1032 = CARTESIAN_POINT('',(1.163942442259,37.73563857045));
#1033 = CARTESIAN_POINT('',(1.199944647325,37.777256901068));
#1034 = CARTESIAN_POINT('',(1.214363639534,37.793215353303));
#1035 = CARTESIAN_POINT('',(1.228841109925,37.808521315695));
#1036 = CARTESIAN_POINT('',(1.243374660936,37.823162441483));
#1037 = CARTESIAN_POINT('',(1.257961765925,37.837126934475));
#1038 = CARTESIAN_POINT('',(1.272599769163,37.85040354905));
#1039 = CARTESIAN_POINT('',(1.287285885836,37.86298159016));
#1040 = CARTESIAN_POINT('',(1.335065348705,37.901478481906));
#1041 = CARTESIAN_POINT('',(1.368347361235,37.924544595338));
#1042 = CARTESIAN_POINT('',(1.401824384434,37.943928999065));
#1043 = CARTESIAN_POINT('',(1.435458082601,37.959535006749));
#1044 = CARTESIAN_POINT('',(1.469210375844,37.97128958814));
#1045 = CARTESIAN_POINT('',(1.503043176393,37.979143456952));
#1046 = CARTESIAN_POINT('',(1.536918124909,37.983071158732));
#1047 = CARTESIAN_POINT('',(1.607914848281,37.983071158732));
#1048 = CARTESIAN_POINT('',(1.645028239128,37.978356151454));
#1049 = CARTESIAN_POINT('',(1.682085797291,37.96892879119));
#1050 = CARTESIAN_POINT('',(1.719037660687,37.954825759954));
#1051 = CARTESIAN_POINT('',(1.755834388705,37.936117629242));
#1052 = CARTESIAN_POINT('',(1.792426543728,37.912908721785));
#1053 = CARTESIAN_POINT('',(1.828764272644,37.885336973311));
#1054 = CARTESIAN_POINT('',(1.905380260438,37.817799069484));
#1055 = CARTESIAN_POINT('',(1.945561641066,37.776720375599));
#1056 = CARTESIAN_POINT('',(1.985303764526,37.730560357124));
#1057 = CARTESIAN_POINT('',(2.024570134796,37.679565264207));
#1058 = CARTESIAN_POINT('',(2.063324071999,37.624006573899));
#1059 = CARTESIAN_POINT('',(2.101527758837,37.56418261138));
#1060 = CARTESIAN_POINT('',(2.139141287036,37.500420171196));
#1061 = CARTESIAN_POINT('',(2.219934009049,37.353290739107));
#1062 = CARTESIAN_POINT('',(2.262854793063,37.268484086912));
#1063 = CARTESIAN_POINT('',(2.304899387102,37.179093598685));
#1064 = CARTESIAN_POINT('',(2.346078763585,37.085543856752));
#1065 = CARTESIAN_POINT('',(2.386399650463,36.988251464922));
#1066 = CARTESIAN_POINT('',(2.42586464562,36.887629904431));
#1067 = CARTESIAN_POINT('',(2.46447233127,36.784094389884));
#1068 = CARTESIAN_POINT('',(2.555134305767,36.529420581577));
#1069 = CARTESIAN_POINT('',(2.606386417885,36.375789743613));
#1070 = CARTESIAN_POINT('',(2.656091628158,36.217939824414));
#1071 = CARTESIAN_POINT('',(2.704348917175,36.056537630587));
#1072 = CARTESIAN_POINT('',(2.751245430927,35.892164021216));
#1073 = CARTESIAN_POINT('',(2.796860694574,35.725326445065));
#1074 = CARTESIAN_POINT('',(2.841267951721,35.55647115602));
#1075 = CARTESIAN_POINT('',(2.970772699115,35.046182879624));
#1076 = CARTESIAN_POINT('',(3.052668004968,34.699165089607));
#1077 = CARTESIAN_POINT('',(3.130826661156,34.347548104124));
#1078 = CARTESIAN_POINT('',(3.205732710737,33.99316606802));
#1079 = CARTESIAN_POINT('',(3.277826533341,33.637207540445));
#1080 = CARTESIAN_POINT('',(3.347529036879,33.280309770376));
#1081 = CARTESIAN_POINT('',(3.415250686024,32.922621685198));
#1082 = CARTESIAN_POINT('',(3.537011858553,32.262469064266));
#1083 = CARTESIAN_POINT('',(3.591401497,31.960898233124));
#1084 = CARTESIAN_POINT('',(3.644784762021,31.659347418377));
#1085 = CARTESIAN_POINT('',(3.697342705578,31.357965172115));
#1086 = CARTESIAN_POINT('',(3.749252519977,31.056839643928));
#1087 = CARTESIAN_POINT('',(3.800690478678,30.756065827523));
#1088 = CARTESIAN_POINT('',(3.851833303294,30.455865763487));
#1089 = CARTESIAN_POINT('',(3.933505003283,29.977110185426));
#1090 = CARTESIAN_POINT('',(3.964059887742,29.798145147567));
#1091 = CARTESIAN_POINT('',(3.994617675149,29.619647834636));
#1092 = CARTESIAN_POINT('',(4.025270178742,29.441458972842));
#1093 = CARTESIAN_POINT('',(4.056101114318,29.263534396126));
#1094 = CARTESIAN_POINT('',(4.087182906504,29.086002610739));
#1095 = CARTESIAN_POINT('',(4.11857514698,28.909224292867));
#1096 = CARTESIAN_POINT('',(4.176575989343,28.588853184326));
#1097 = CARTESIAN_POINT('',(4.202826314637,28.446169157418));
#1098 = CARTESIAN_POINT('',(4.229385718354,28.304531975952));
#1099 = CARTESIAN_POINT('',(4.256511213418,28.163169194601));
#1100 = CARTESIAN_POINT('',(4.284393775279,28.021960999546));
#1101 = CARTESIAN_POINT('',(4.313156934533,27.881529294645));
#1102 = CARTESIAN_POINT('',(4.342866974737,27.743260459553));
#1103 = CARTESIAN_POINT('',(4.403415095035,27.478875962401));
#1104 = CARTESIAN_POINT('',(4.432293041614,27.360865138423));
#1105 = CARTESIAN_POINT('',(4.462430297716,27.245687951946));
#1106 = CARTESIAN_POINT('',(4.495495165997,27.129568413045));
#1107 = CARTESIAN_POINT('',(4.532385431727,27.015149954521));
#1108 = CARTESIAN_POINT('',(4.573497561419,26.911260866034));
#1109 = CARTESIAN_POINT('',(4.61918088154,26.832333215002));
#1110 = CARTESIAN_POINT('',(4.684870813413,26.787611985685));
#1111 = CARTESIAN_POINT('',(4.699760979814,26.781374538709));
#1112 = CARTESIAN_POINT('',(4.714801385075,26.779260905155));
#1113 = CARTESIAN_POINT('',(4.729856875715,26.781458309661));
#1114 = CARTESIAN_POINT('',(4.744796119039,26.787911914688));
#1115 = CARTESIAN_POINT('',(4.759481482614,26.798323593491));
#1116 = CARTESIAN_POINT('',(4.773758775245,26.812150929907));
#1117 = CARTESIAN_POINT('',(4.80410064328,26.848627285795));
#1118 = CARTESIAN_POINT('',(4.820052001501,26.872742985374));
#1119 = CARTESIAN_POINT('',(4.835342816378,26.900155174207));
#1120 = CARTESIAN_POINT('',(4.850013786915,26.930183067162));
#1121 = CARTESIAN_POINT('',(4.864107820372,26.962268872736));
#1122 = CARTESIAN_POINT('',(4.877673339673,26.995982933033));
#1123 = CARTESIAN_POINT('',(4.890767496694,27.031028594447));
#1124 = CARTESIAN_POINT('',(4.924202235096,27.126440358804));
#1125 = CARTESIAN_POINT('',(4.944036136997,27.189239941195));
#1126 = CARTESIAN_POINT('',(4.963011081619,27.254406015726));
#1127 = CARTESIAN_POINT('',(4.981195538517,27.321039732657));
#1128 = CARTESIAN_POINT('',(4.998682440799,27.388596278881));
#1129 = CARTESIAN_POINT('',(5.015595599965,27.456897577775));
#1130 = CARTESIAN_POINT('',(5.032096457121,27.526144343004));
#1131 = CARTESIAN_POINT('',(5.093006983325,27.790735587236));
#1132 = CARTESIAN_POINT('',(5.135923032075,27.995398304718));
#1133 = CARTESIAN_POINT('',(5.177137481407,28.204494149973));
#1134 = CARTESIAN_POINT('',(5.216722191317,28.413880949573));
#1135 = CARTESIAN_POINT('',(5.254936611047,28.622047079445));
#1136 = CARTESIAN_POINT('',(5.292257167447,28.829826599816));
#1137 = CARTESIAN_POINT('',(5.329348223732,29.039792443563));
#1138 = CARTESIAN_POINT('',(5.387296138685,29.371989077544));
#1139 = CARTESIAN_POINT('',(5.407508623988,29.488634438468));
#1140 = CARTESIAN_POINT('',(5.427654477237,29.605507220007));
#1141 = CARTESIAN_POINT('',(5.447749812149,29.722557707261));
#1142 = CARTESIAN_POINT('',(5.467811125475,29.839756757735));
#1143 = CARTESIAN_POINT('',(5.48785590305,29.957095415426));
#1144 = CARTESIAN_POINT('',(5.507903225852,30.074584524904));
#1145 = CARTESIAN_POINT('',(5.61489813329,30.701856575696));
#1146 = CARTESIAN_POINT('',(5.702063930593,31.213649423589));
#1147 = CARTESIAN_POINT('',(5.790490204805,31.725981218697));
#1148 = CARTESIAN_POINT('',(5.881080099583,32.239202181655));
#1149 = CARTESIAN_POINT('',(5.974728853608,32.753120823428));
#1150 = CARTESIAN_POINT('',(6.072293774095,33.266555879229));
#1151 = CARTESIAN_POINT('',(6.174724294258,33.777223323482));
#1152 = CARTESIAN_POINT('',(6.28318530718,34.281037687476));
#1153 = ( GEOMETRIC_REPRESENTATION_CONTEXT(2) 
PARAMETRIC_REPRESENTATION_CONTEXT() REPRESENTATION_CONTEXT('2D SPACE',''
  ) );
#1154 = ADVANCED_FACE('',(#1155,#1286),#63,.T.);
#1155 = FACE_BOUND('',#1156,.T.);
#1156 = EDGE_LOOP('',(#1157,#1180,#1208,#1236,#1264,#1285));
#1157 = ORIENTED_EDGE('',*,*,#1158,.F.);
#1158 = EDGE_CURVE('',#1159,#40,#1161,.T.);
#1159 = VERTEX_POINT('',#1160);
#1160 = CARTESIAN_POINT('',(17.15,-18.,7.));
#1161 = SURFACE_CURVE('',#1162,(#1166,#1173),.PCURVE_S1.);
#1162 = LINE('',#1163,#1164);
#1163 = CARTESIAN_POINT('',(17.15,-18.,7.));
#1164 = VECTOR('',#1165,1.);
#1165 = DIRECTION('',(-0.,1.,0.));
#1166 = PCURVE('',#63,#1167);
#1167 = DEFINITIONAL_REPRESENTATION('',(#1168),#1172);
#1168 = LINE('',#1169,#1170);
#1169 = CARTESIAN_POINT('',(0.,0.));
#1170 = VECTOR('',#1171,1.);
#1171 = DIRECTION('',(0.,1.));
#1172 = ( GEOMETRIC_REPRESENTATION_CONTEXT(2) 
PARAMETRIC_REPRESENTATION_CONTEXT() REPRESENTATION_CONTEXT('2D SPACE',''
  ) );
#1173 = PCURVE('',#250,#1174);
#1174 = DEFINITIONAL_REPRESENTATION('',(#1175),#1179);
#1175 = LINE('',#1176,#1177);
#1176 = CARTESIAN_POINT('',(7.,0.));
#1177 = VECTOR('',#1178,1.);
#1178 = DIRECTION('',(0.,-1.));
#1179 = ( GEOMETRIC_REPRESENTATION_CONTEXT(2) 
PARAMETRIC_REPRESENTATION_CONTEXT() REPRESENTATION_CONTEXT('2D SPACE',''
  ) );
#1180 = ORIENTED_EDGE('',*,*,#1181,.T.);
#1181 = EDGE_CURVE('',#1159,#1182,#1184,.T.);
#1182 = VERTEX_POINT('',#1183);
#1183 = CARTESIAN_POINT('',(57.15,-18.,7.));
#1184 = SURFACE_CURVE('',#1185,(#1189,#1196),.PCURVE_S1.);
#1185 = LINE('',#1186,#1187);
#1186 = CARTESIAN_POINT('',(17.15,-18.,7.));
#1187 = VECTOR('',#1188,1.);
#1188 = DIRECTION('',(1.,0.,-0.));
#1189 = PCURVE('',#63,#1190);
#1190 = DEFINITIONAL_REPRESENTATION('',(#1191),#1195);
#1191 = LINE('',#1192,#1193);
#1192 = CARTESIAN_POINT('',(0.,0.));
#1193 = VECTOR('',#1194,1.);
#1194 = DIRECTION('',(1.,0.));
#1195 = ( GEOMETRIC_REPRESENTATION_CONTEXT(2) 
PARAMETRIC_REPRESENTATION_CONTEXT() REPRESENTATION_CONTEXT('2D SPACE',''
  ) );
#1196 = PCURVE('',#1197,#1202);
#1197 = PLANE('',#1198);
#1198 = AXIS2_PLACEMENT_3D('',#1199,#1200,#1201);
#1199 = CARTESIAN_POINT('',(17.15,-18.,0.));
#1200 = DIRECTION('',(-0.,1.,0.));
#1201 = DIRECTION('',(0.,0.,1.));
#1202 = DEFINITIONAL_REPRESENTATION('',(#1203),#1207);
#1203 = LINE('',#1204,#1205);
#1204 = CARTESIAN_POINT('',(7.,0.));
#1205 = VECTOR('',#1206,1.);
#1206 = DIRECTION('',(0.,1.));
#1207 = ( GEOMETRIC_REPRESENTATION_CONTEXT(2) 
PARAMETRIC_REPRESENTATION_CONTEXT() REPRESENTATION_CONTEXT('2D SPACE',''
  ) );
#1208 = ORIENTED_EDGE('',*,*,#1209,.T.);
#1209 = EDGE_CURVE('',#1182,#1210,#1212,.T.);
#1210 = VERTEX_POINT('',#1211);
#1211 = CARTESIAN_POINT('',(57.15,18.,7.));
#1212 = SURFACE_CURVE('',#1213,(#1217,#1224),.PCURVE_S1.);
#1213 = LINE('',#1214,#1215);
#1214 = CARTESIAN_POINT('',(57.15,-18.,7.));
#1215 = VECTOR('',#1216,1.);
#1216 = DIRECTION('',(-0.,1.,0.));
#1217 = PCURVE('',#63,#1218);
#1218 = DEFINITIONAL_REPRESENTATION('',(#1219),#1223);
#1219 = LINE('',#1220,#1221);
#1220 = CARTESIAN_POINT('',(40.,0.));
#1221 = VECTOR('',#1222,1.);
#1222 = DIRECTION('',(0.,1.));
#1223 = ( GEOMETRIC_REPRESENTATION_CONTEXT(2) 
PARAMETRIC_REPRESENTATION_CONTEXT() REPRESENTATION_CONTEXT('2D SPACE',''
  ) );
#1224 = PCURVE('',#1225,#1230);
#1225 = PLANE('',#1226);
#1226 = AXIS2_PLACEMENT_3D('',#1227,#1228,#1229);
#1227 = CARTESIAN_POINT('',(57.15,-18.,0.));
#1228 = DIRECTION('',(1.,0.,-0.));
#1229 = DIRECTION('',(0.,0.,1.));
#1230 = DEFINITIONAL_REPRESENTATION('',(#1231),#1235);
#1231 = LINE('',#1232,#1233);
#1232 = CARTESIAN_POINT('',(7.,0.));
#1233 = VECTOR('',#1234,1.);
#1234 = DIRECTION('',(0.,-1.));
#1235 = ( GEOMETRIC_REPRESENTATION_CONTEXT(2) 
PARAMETRIC_REPRESENTATION_CONTEXT() REPRESENTATION_CONTEXT('2D SPACE',''
  ) );
#1236 = ORIENTED_EDGE('',*,*,#1237,.F.);
#1237 = EDGE_CURVE('',#1238,#1210,#1240,.T.);
#1238 = VERTEX_POINT('',#1239);
#1239 = CARTESIAN_POINT('',(17.15,18.,7.));
#1240 = SURFACE_CURVE('',#1241,(#1245,#1252),.PCURVE_S1.);
#1241 = LINE('',#1242,#1243);
#1242 = CARTESIAN_POINT('',(17.15,18.,7.));
#1243 = VECTOR('',#1244,1.);
#1244 = DIRECTION('',(1.,0.,-0.));
#1245 = PCURVE('',#63,#1246);
#1246 = DEFINITIONAL_REPRESENTATION('',(#1247),#1251);
#1247 = LINE('',#1248,#1249);
#1248 = CARTESIAN_POINT('',(0.,36.));
#1249 = VECTOR('',#1250,1.);
#1250 = DIRECTION('',(1.,0.));
#1251 = ( GEOMETRIC_REPRESENTATION_CONTEXT(2) 
PARAMETRIC_REPRESENTATION_CONTEXT() REPRESENTATION_CONTEXT('2D SPACE',''
  ) );
#1252 = PCURVE('',#1253,#1258);
#1253 = PLANE('',#1254);
#1254 = AXIS2_PLACEMENT_3D('',#1255,#1256,#1257);
#1255 = CARTESIAN_POINT('',(17.15,18.,0.));
#1256 = DIRECTION('',(-0.,1.,0.));
#1257 = DIRECTION('',(0.,0.,1.));
#1258 = DEFINITIONAL_REPRESENTATION('',(#1259),#1263);
#1259 = LINE('',#1260,#1261);
#1260 = CARTESIAN_POINT('',(7.,0.));
#1261 = VECTOR('',#1262,1.);
#1262 = DIRECTION('',(0.,1.));
#1263 = ( GEOMETRIC_REPRESENTATION_CONTEXT(2) 
PARAMETRIC_REPRESENTATION_CONTEXT() REPRESENTATION_CONTEXT('2D SPACE',''
  ) );
#1264 = ORIENTED_EDGE('',*,*,#1265,.F.);
#1265 = EDGE_CURVE('',#42,#1238,#1266,.T.);
#1266 = SURFACE_CURVE('',#1267,(#1271,#1278),.PCURVE_S1.);
#1267 = LINE('',#1268,#1269);
#1268 = CARTESIAN_POINT('',(17.15,-18.,7.));
#1269 = VECTOR('',#1270,1.);
#1270 = DIRECTION('',(-0.,1.,0.));
#1271 = PCURVE('',#63,#1272);
#1272 = DEFINITIONAL_REPRESENTATION('',(#1273),#1277);
#1273 = LINE('',#1274,#1275);
#1274 = CARTESIAN_POINT('',(0.,0.));
#1275 = VECTOR('',#1276,1.);
#1276 = DIRECTION('',(0.,1.));
#1277 = ( GEOMETRIC_REPRESENTATION_CONTEXT(2) 
PARAMETRIC_REPRESENTATION_CONTEXT() REPRESENTATION_CONTEXT('2D SPACE',''
  ) );
#1278 = PCURVE('',#90,#1279);
#1279 = DEFINITIONAL_REPRESENTATION('',(#1280),#1284);
#1280 = LINE('',#1281,#1282);
#1281 = CARTESIAN_POINT('',(7.,0.));
#1282 = VECTOR('',#1283,1.);
#1283 = DIRECTION('',(0.,-1.));
#1284 = ( GEOMETRIC_REPRESENTATION_CONTEXT(2) 
PARAMETRIC_REPRESENTATION_CONTEXT() REPRESENTATION_CONTEXT('2D SPACE',''
  ) );
#1285 = ORIENTED_EDGE('',*,*,#39,.F.);
#1286 = FACE_BOUND('',#1287,.T.);
#1287 = EDGE_LOOP('',(#1288));
#1288 = ORIENTED_EDGE('',*,*,#1289,.F.);
#1289 = EDGE_CURVE('',#1290,#1290,#1292,.T.);
#1290 = VERTEX_POINT('',#1291);
#1291 = CARTESIAN_POINT('',(48.25,-2.718715894107E-15,7.));
#1292 = SURFACE_CURVE('',#1293,(#1298,#1305),.PCURVE_S1.);
#1293 = CIRCLE('',#1294,11.1);
#1294 = AXIS2_PLACEMENT_3D('',#1295,#1296,#1297);
#1295 = CARTESIAN_POINT('',(37.15,0.,7.));
#1296 = DIRECTION('',(0.,0.,1.));
#1297 = DIRECTION('',(1.,0.,-0.));
#1298 = PCURVE('',#63,#1299);
#1299 = DEFINITIONAL_REPRESENTATION('',(#1300),#1304);
#1300 = CIRCLE('',#1301,11.1);
#1301 = AXIS2_PLACEMENT_2D('',#1302,#1303);
#1302 = CARTESIAN_POINT('',(20.,18.));
#1303 = DIRECTION('',(1.,0.));
#1304 = ( GEOMETRIC_REPRESENTATION_CONTEXT(2) 
PARAMETRIC_REPRESENTATION_CONTEXT() REPRESENTATION_CONTEXT('2D SPACE',''
  ) );
#1305 = PCURVE('',#1306,#1311);
#1306 = CYLINDRICAL_SURFACE('',#1307,11.1);
#1307 = AXIS2_PLACEMENT_3D('',#1308,#1309,#1310);
#1308 = CARTESIAN_POINT('',(37.15,0.,-1.));
#1309 = DIRECTION('',(0.,0.,1.));
#1310 = DIRECTION('',(1.,0.,-0.));
#1311 = DEFINITIONAL_REPRESENTATION('',(#1312),#1316);
#1312 = LINE('',#1313,#1314);
#1313 = CARTESIAN_POINT('',(0.,8.));
#1314 = VECTOR('',#1315,1.);
#1315 = DIRECTION('',(1.,0.));
#1316 = ( GEOMETRIC_REPRESENTATION_CONTEXT(2) 
PARAMETRIC_REPRESENTATION_CONTEXT() REPRESENTATION_CONTEXT('2D SPACE',''
  ) );
#1317 = ADVANCED_FACE('',(#1318),#250,.F.);
#1318 = FACE_BOUND('',#1319,.F.);
#1319 = EDGE_LOOP('',(#1320,#1321,#1344,#1365));
#1320 = ORIENTED_EDGE('',*,*,#1158,.F.);
#1321 = ORIENTED_EDGE('',*,*,#1322,.F.);
#1322 = EDGE_CURVE('',#1323,#1159,#1325,.T.);
#1323 = VERTEX_POINT('',#1324);
#1324 = CARTESIAN_POINT('',(17.15,-18.,0.));
#1325 = SURFACE_CURVE('',#1326,(#1330,#1337),.PCURVE_S1.);
#1326 = LINE('',#1327,#1328);
#1327 = CARTESIAN_POINT('',(17.15,-18.,0.));
#1328 = VECTOR('',#1329,1.);
#1329 = DIRECTION('',(0.,0.,1.));
#1330 = PCURVE('',#250,#1331);
#1331 = DEFINITIONAL_REPRESENTATION('',(#1332),#1336);
#1332 = LINE('',#1333,#1334);
#1333 = CARTESIAN_POINT('',(0.,0.));
#1334 = VECTOR('',#1335,1.);
#1335 = DIRECTION('',(1.,0.));
#1336 = ( GEOMETRIC_REPRESENTATION_CONTEXT(2) 
PARAMETRIC_REPRESENTATION_CONTEXT() REPRESENTATION_CONTEXT('2D SPACE',''
  ) );
#1337 = PCURVE('',#1197,#1338);
#1338 = DEFINITIONAL_REPRESENTATION('',(#1339),#1343);
#1339 = LINE('',#1340,#1341);
#1340 = CARTESIAN_POINT('',(0.,0.));
#1341 = VECTOR('',#1342,1.);
#1342 = DIRECTION('',(1.,0.));
#1343 = ( GEOMETRIC_REPRESENTATION_CONTEXT(2) 
PARAMETRIC_REPRESENTATION_CONTEXT() REPRESENTATION_CONTEXT('2D SPACE',''
  ) );
#1344 = ORIENTED_EDGE('',*,*,#1345,.T.);
#1345 = EDGE_CURVE('',#1323,#215,#1346,.T.);
#1346 = SURFACE_CURVE('',#1347,(#1351,#1358),.PCURVE_S1.);
#1347 = LINE('',#1348,#1349);
#1348 = CARTESIAN_POINT('',(17.15,-18.,0.));
#1349 = VECTOR('',#1350,1.);
#1350 = DIRECTION('',(-0.,1.,0.));
#1351 = PCURVE('',#250,#1352);
#1352 = DEFINITIONAL_REPRESENTATION('',(#1353),#1357);
#1353 = LINE('',#1354,#1355);
#1354 = CARTESIAN_POINT('',(0.,0.));
#1355 = VECTOR('',#1356,1.);
#1356 = DIRECTION('',(0.,-1.));
#1357 = ( GEOMETRIC_REPRESENTATION_CONTEXT(2) 
PARAMETRIC_REPRESENTATION_CONTEXT() REPRESENTATION_CONTEXT('2D SPACE',''
  ) );
#1358 = PCURVE('',#117,#1359);
#1359 = DEFINITIONAL_REPRESENTATION('',(#1360),#1364);
#1360 = LINE('',#1361,#1362);
#1361 = CARTESIAN_POINT('',(17.15,-18.));
#1362 = VECTOR('',#1363,1.);
#1363 = DIRECTION('',(0.,1.));
#1364 = ( GEOMETRIC_REPRESENTATION_CONTEXT(2) 
PARAMETRIC_REPRESENTATION_CONTEXT() REPRESENTATION_CONTEXT('2D SPACE',''
  ) );
#1365 = ORIENTED_EDGE('',*,*,#237,.T.);
#1366 = ADVANCED_FACE('',(#1367),#90,.F.);
#1367 = FACE_BOUND('',#1368,.F.);
#1368 = EDGE_LOOP('',(#1369,#1370,#1371,#1394));
#1369 = ORIENTED_EDGE('',*,*,#1265,.F.);
#1370 = ORIENTED_EDGE('',*,*,#75,.F.);
#1371 = ORIENTED_EDGE('',*,*,#1372,.T.);
#1372 = EDGE_CURVE('',#76,#1373,#1375,.T.);
#1373 = VERTEX_POINT('',#1374);
#1374 = CARTESIAN_POINT('',(17.15,18.,0.));
#1375 = SURFACE_CURVE('',#1376,(#1380,#1387),.PCURVE_S1.);
#1376 = LINE('',#1377,#1378);
#1377 = CARTESIAN_POINT('',(17.15,-18.,0.));
#1378 = VECTOR('',#1379,1.);
#1379 = DIRECTION('',(-0.,1.,0.));
#1380 = PCURVE('',#90,#1381);
#1381 = DEFINITIONAL_REPRESENTATION('',(#1382),#1386);
#1382 = LINE('',#1383,#1384);
#1383 = CARTESIAN_POINT('',(0.,0.));
#1384 = VECTOR('',#1385,1.);
#1385 = DIRECTION('',(0.,-1.));
#1386 = ( GEOMETRIC_REPRESENTATION_CONTEXT(2) 
PARAMETRIC_REPRESENTATION_CONTEXT() REPRESENTATION_CONTEXT('2D SPACE',''
  ) );
#1387 = PCURVE('',#117,#1388);
#1388 = DEFINITIONAL_REPRESENTATION('',(#1389),#1393);
#1389 = LINE('',#1390,#1391);
#1390 = CARTESIAN_POINT('',(17.15,-18.));
#1391 = VECTOR('',#1392,1.);
#1392 = DIRECTION('',(0.,1.));
#1393 = ( GEOMETRIC_REPRESENTATION_CONTEXT(2) 
PARAMETRIC_REPRESENTATION_CONTEXT() REPRESENTATION_CONTEXT('2D SPACE',''
  ) );
#1394 = ORIENTED_EDGE('',*,*,#1395,.T.);
#1395 = EDGE_CURVE('',#1373,#1238,#1396,.T.);
#1396 = SURFACE_CURVE('',#1397,(#1401,#1408),.PCURVE_S1.);
#1397 = LINE('',#1398,#1399);
#1398 = CARTESIAN_POINT('',(17.15,18.,0.));
#1399 = VECTOR('',#1400,1.);
#1400 = DIRECTION('',(0.,0.,1.));
#1401 = PCURVE('',#90,#1402);
#1402 = DEFINITIONAL_REPRESENTATION('',(#1403),#1407);
#1403 = LINE('',#1404,#1405);
#1404 = CARTESIAN_POINT('',(0.,-36.));
#1405 = VECTOR('',#1406,1.);
#1406 = DIRECTION('',(1.,0.));
#1407 = ( GEOMETRIC_REPRESENTATION_CONTEXT(2) 
PARAMETRIC_REPRESENTATION_CONTEXT() REPRESENTATION_CONTEXT('2D SPACE',''
  ) );
#1408 = PCURVE('',#1253,#1409);
#1409 = DEFINITIONAL_REPRESENTATION('',(#1410),#1414);
#1410 = LINE('',#1411,#1412);
#1411 = CARTESIAN_POINT('',(0.,0.));
#1412 = VECTOR('',#1413,1.);
#1413 = DIRECTION('',(1.,0.));
#1414 = ( GEOMETRIC_REPRESENTATION_CONTEXT(2) 
PARAMETRIC_REPRESENTATION_CONTEXT() REPRESENTATION_CONTEXT('2D SPACE',''
  ) );
#1415 = ADVANCED_FACE('',(#1416,#1587),#117,.F.);
#1416 = FACE_BOUND('',#1417,.F.);
#1417 = EDGE_LOOP('',(#1418,#1419,#1420,#1441,#1470,#1499,#1518,#1519,
    #1520,#1543,#1566));
#1418 = ORIENTED_EDGE('',*,*,#1372,.F.);
#1419 = ORIENTED_EDGE('',*,*,#101,.T.);
#1420 = ORIENTED_EDGE('',*,*,#1421,.T.);
#1421 = EDGE_CURVE('',#102,#1422,#1424,.T.);
#1422 = VERTEX_POINT('',#1423);
#1423 = CARTESIAN_POINT('',(-1.,-15.11696067336,0.));
#1424 = SURFACE_CURVE('',#1425,(#1429,#1435),.PCURVE_S1.);
#1425 = LINE('',#1426,#1427);
#1426 = CARTESIAN_POINT('',(-1.,-11.575,0.));
#1427 = VECTOR('',#1428,1.);
#1428 = DIRECTION('',(-0.,1.,0.));
#1429 = PCURVE('',#117,#1430);
#1430 = DEFINITIONAL_REPRESENTATION('',(#1431),#1434);
#1431 = B_SPLINE_CURVE_WITH_KNOTS('',1,(#1432,#1433),.UNSPECIFIED.,.F.,
  .F.,(2,2),(-10.575,-2.575),.PIECEWISE_BEZIER_KNOTS.);
#1432 = CARTESIAN_POINT('',(-1.,-22.15));
#1433 = CARTESIAN_POINT('',(-1.,-14.15));
#1434 = ( GEOMETRIC_REPRESENTATION_CONTEXT(2) 
PARAMETRIC_REPRESENTATION_CONTEXT() REPRESENTATION_CONTEXT('2D SPACE',''
  ) );
#1435 = PCURVE('',#144,#1436);
#1436 = DEFINITIONAL_REPRESENTATION('',(#1437),#1440);
#1437 = B_SPLINE_CURVE_WITH_KNOTS('',1,(#1438,#1439),.UNSPECIFIED.,.F.,
  .F.,(2,2),(-10.575,-2.575),.PIECEWISE_BEZIER_KNOTS.);
#1438 = CARTESIAN_POINT('',(1.,-1.));
#1439 = CARTESIAN_POINT('',(1.,-9.));
#1440 = ( GEOMETRIC_REPRESENTATION_CONTEXT(2) 
PARAMETRIC_REPRESENTATION_CONTEXT() REPRESENTATION_CONTEXT('2D SPACE',''
  ) );
#1441 = ORIENTED_EDGE('',*,*,#1442,.F.);
#1442 = EDGE_CURVE('',#1443,#1422,#1445,.T.);
#1443 = VERTEX_POINT('',#1444);
#1444 = CARTESIAN_POINT('',(15.15,-3.710679801416E-15,0.));
#1445 = SURFACE_CURVE('',#1446,(#1451,#1458),.PCURVE_S1.);
#1446 = CIRCLE('',#1447,15.15);
#1447 = AXIS2_PLACEMENT_3D('',#1448,#1449,#1450);
#1448 = CARTESIAN_POINT('',(0.,0.,0.));
#1449 = DIRECTION('',(0.,0.,1.));
#1450 = DIRECTION('',(1.,0.,-0.));
#1451 = PCURVE('',#117,#1452);
#1452 = DEFINITIONAL_REPRESENTATION('',(#1453),#1457);
#1453 = CIRCLE('',#1454,15.15);
#1454 = AXIS2_PLACEMENT_2D('',#1455,#1456);
#1455 = CARTESIAN_POINT('',(0.,0.));
#1456 = DIRECTION('',(1.,0.));
#1457 = ( GEOMETRIC_REPRESENTATION_CONTEXT(2) 
PARAMETRIC_REPRESENTATION_CONTEXT() REPRESENTATION_CONTEXT('2D SPACE',''
  ) );
#1458 = PCURVE('',#1459,#1464);
#1459 = CYLINDRICAL_SURFACE('',#1460,15.15);
#1460 = AXIS2_PLACEMENT_3D('',#1461,#1462,#1463);
#1461 = CARTESIAN_POINT('',(0.,0.,-1.));
#1462 = DIRECTION('',(0.,0.,1.));
#1463 = DIRECTION('',(1.,0.,-0.));
#1464 = DEFINITIONAL_REPRESENTATION('',(#1465),#1469);
#1465 = LINE('',#1466,#1467);
#1466 = CARTESIAN_POINT('',(0.,1.));
#1467 = VECTOR('',#1468,1.);
#1468 = DIRECTION('',(1.,0.));
#1469 = ( GEOMETRIC_REPRESENTATION_CONTEXT(2) 
PARAMETRIC_REPRESENTATION_CONTEXT() REPRESENTATION_CONTEXT('2D SPACE',''
  ) );
#1470 = ORIENTED_EDGE('',*,*,#1471,.F.);
#1471 = EDGE_CURVE('',#1472,#1443,#1474,.T.);
#1472 = VERTEX_POINT('',#1473);
#1473 = CARTESIAN_POINT('',(1.,-15.11696067336,0.));
#1474 = SURFACE_CURVE('',#1475,(#1480,#1487),.PCURVE_S1.);
#1475 = CIRCLE('',#1476,15.15);
#1476 = AXIS2_PLACEMENT_3D('',#1477,#1478,#1479);
#1477 = CARTESIAN_POINT('',(0.,0.,0.));
#1478 = DIRECTION('',(0.,0.,1.));
#1479 = DIRECTION('',(1.,0.,-0.));
#1480 = PCURVE('',#117,#1481);
#1481 = DEFINITIONAL_REPRESENTATION('',(#1482),#1486);
#1482 = CIRCLE('',#1483,15.15);
#1483 = AXIS2_PLACEMENT_2D('',#1484,#1485);
#1484 = CARTESIAN_POINT('',(0.,0.));
#1485 = DIRECTION('',(1.,0.));
#1486 = ( GEOMETRIC_REPRESENTATION_CONTEXT(2) 
PARAMETRIC_REPRESENTATION_CONTEXT() REPRESENTATION_CONTEXT('2D SPACE',''
  ) );
#1487 = PCURVE('',#1488,#1493);
#1488 = CYLINDRICAL_SURFACE('',#1489,15.15);
#1489 = AXIS2_PLACEMENT_3D('',#1490,#1491,#1492);
#1490 = CARTESIAN_POINT('',(0.,0.,-1.));
#1491 = DIRECTION('',(0.,0.,1.));
#1492 = DIRECTION('',(1.,0.,-0.));
#1493 = DEFINITIONAL_REPRESENTATION('',(#1494),#1498);
#1494 = LINE('',#1495,#1496);
#1495 = CARTESIAN_POINT('',(0.,1.));
#1496 = VECTOR('',#1497,1.);
#1497 = DIRECTION('',(1.,0.));
#1498 = ( GEOMETRIC_REPRESENTATION_CONTEXT(2) 
PARAMETRIC_REPRESENTATION_CONTEXT() REPRESENTATION_CONTEXT('2D SPACE',''
  ) );
#1499 = ORIENTED_EDGE('',*,*,#1500,.F.);
#1500 = EDGE_CURVE('',#189,#1472,#1501,.T.);
#1501 = SURFACE_CURVE('',#1502,(#1506,#1512),.PCURVE_S1.);
#1502 = LINE('',#1503,#1504);
#1503 = CARTESIAN_POINT('',(1.,-11.575,0.));
#1504 = VECTOR('',#1505,1.);
#1505 = DIRECTION('',(-0.,1.,0.));
#1506 = PCURVE('',#117,#1507);
#1507 = DEFINITIONAL_REPRESENTATION('',(#1508),#1511);
#1508 = B_SPLINE_CURVE_WITH_KNOTS('',1,(#1509,#1510),.UNSPECIFIED.,.F.,
  .F.,(2,2),(-10.575,-2.575),.PIECEWISE_BEZIER_KNOTS.);
#1509 = CARTESIAN_POINT('',(1.,-22.15));
#1510 = CARTESIAN_POINT('',(1.,-14.15));
#1511 = ( GEOMETRIC_REPRESENTATION_CONTEXT(2) 
PARAMETRIC_REPRESENTATION_CONTEXT() REPRESENTATION_CONTEXT('2D SPACE',''
  ) );
#1512 = PCURVE('',#203,#1513);
#1513 = DEFINITIONAL_REPRESENTATION('',(#1514),#1517);
#1514 = B_SPLINE_CURVE_WITH_KNOTS('',1,(#1515,#1516),.UNSPECIFIED.,.F.,
  .F.,(2,2),(-10.575,-2.575),.PIECEWISE_BEZIER_KNOTS.);
#1515 = CARTESIAN_POINT('',(1.,-1.));
#1516 = CARTESIAN_POINT('',(1.,-9.));
#1517 = ( GEOMETRIC_REPRESENTATION_CONTEXT(2) 
PARAMETRIC_REPRESENTATION_CONTEXT() REPRESENTATION_CONTEXT('2D SPACE',''
  ) );
#1518 = ORIENTED_EDGE('',*,*,#214,.T.);
#1519 = ORIENTED_EDGE('',*,*,#1345,.F.);
#1520 = ORIENTED_EDGE('',*,*,#1521,.T.);
#1521 = EDGE_CURVE('',#1323,#1522,#1524,.T.);
#1522 = VERTEX_POINT('',#1523);
#1523 = CARTESIAN_POINT('',(57.15,-18.,0.));
#1524 = SURFACE_CURVE('',#1525,(#1529,#1536),.PCURVE_S1.);
#1525 = LINE('',#1526,#1527);
#1526 = CARTESIAN_POINT('',(17.15,-18.,0.));
#1527 = VECTOR('',#1528,1.);
#1528 = DIRECTION('',(1.,0.,-0.));
#1529 = PCURVE('',#117,#1530);
#1530 = DEFINITIONAL_REPRESENTATION('',(#1531),#1535);
#1531 = LINE('',#1532,#1533);
#1532 = CARTESIAN_POINT('',(17.15,-18.));
#1533 = VECTOR('',#1534,1.);
#1534 = DIRECTION('',(1.,0.));
#1535 = ( GEOMETRIC_REPRESENTATION_CONTEXT(2) 
PARAMETRIC_REPRESENTATION_CONTEXT() REPRESENTATION_CONTEXT('2D SPACE',''
  ) );
#1536 = PCURVE('',#1197,#1537);
#1537 = DEFINITIONAL_REPRESENTATION('',(#1538),#1542);
#1538 = LINE('',#1539,#1540);
#1539 = CARTESIAN_POINT('',(0.,0.));
#1540 = VECTOR('',#1541,1.);
#1541 = DIRECTION('',(0.,1.));
#1542 = ( GEOMETRIC_REPRESENTATION_CONTEXT(2) 
PARAMETRIC_REPRESENTATION_CONTEXT() REPRESENTATION_CONTEXT('2D SPACE',''
  ) );
#1543 = ORIENTED_EDGE('',*,*,#1544,.T.);
#1544 = EDGE_CURVE('',#1522,#1545,#1547,.T.);
#1545 = VERTEX_POINT('',#1546);
#1546 = CARTESIAN_POINT('',(57.15,18.,0.));
#1547 = SURFACE_CURVE('',#1548,(#1552,#1559),.PCURVE_S1.);
#1548 = LINE('',#1549,#1550);
#1549 = CARTESIAN_POINT('',(57.15,-18.,0.));
#1550 = VECTOR('',#1551,1.);
#1551 = DIRECTION('',(-0.,1.,0.));
#1552 = PCURVE('',#117,#1553);
#1553 = DEFINITIONAL_REPRESENTATION('',(#1554),#1558);
#1554 = LINE('',#1555,#1556);
#1555 = CARTESIAN_POINT('',(57.15,-18.));
#1556 = VECTOR('',#1557,1.);
#1557 = DIRECTION('',(0.,1.));
#1558 = ( GEOMETRIC_REPRESENTATION_CONTEXT(2) 
PARAMETRIC_REPRESENTATION_CONTEXT() REPRESENTATION_CONTEXT('2D SPACE',''
  ) );
#1559 = PCURVE('',#1225,#1560);
#1560 = DEFINITIONAL_REPRESENTATION('',(#1561),#1565);
#1561 = LINE('',#1562,#1563);
#1562 = CARTESIAN_POINT('',(0.,0.));
#1563 = VECTOR('',#1564,1.);
#1564 = DIRECTION('',(0.,-1.));
#1565 = ( GEOMETRIC_REPRESENTATION_CONTEXT(2) 
PARAMETRIC_REPRESENTATION_CONTEXT() REPRESENTATION_CONTEXT('2D SPACE',''
  ) );
#1566 = ORIENTED_EDGE('',*,*,#1567,.F.);
#1567 = EDGE_CURVE('',#1373,#1545,#1568,.T.);
#1568 = SURFACE_CURVE('',#1569,(#1573,#1580),.PCURVE_S1.);
#1569 = LINE('',#1570,#1571);
#1570 = CARTESIAN_POINT('',(17.15,18.,0.));
#1571 = VECTOR('',#1572,1.);
#1572 = DIRECTION('',(1.,0.,-0.));
#1573 = PCURVE('',#117,#1574);
#1574 = DEFINITIONAL_REPRESENTATION('',(#1575),#1579);
#1575 = LINE('',#1576,#1577);
#1576 = CARTESIAN_POINT('',(17.15,18.));
#1577 = VECTOR('',#1578,1.);
#1578 = DIRECTION('',(1.,0.));
#1579 = ( GEOMETRIC_REPRESENTATION_CONTEXT(2) 
PARAMETRIC_REPRESENTATION_CONTEXT() REPRESENTATION_CONTEXT('2D SPACE',''
  ) );
#1580 = PCURVE('',#1253,#1581);
#1581 = DEFINITIONAL_REPRESENTATION('',(#1582),#1586);
#1582 = LINE('',#1583,#1584);
#1583 = CARTESIAN_POINT('',(0.,0.));
#1584 = VECTOR('',#1585,1.);
#1585 = DIRECTION('',(0.,1.));
#1586 = ( GEOMETRIC_REPRESENTATION_CONTEXT(2) 
PARAMETRIC_REPRESENTATION_CONTEXT() REPRESENTATION_CONTEXT('2D SPACE',''
  ) );
#1587 = FACE_BOUND('',#1588,.F.);
#1588 = EDGE_LOOP('',(#1589));
#1589 = ORIENTED_EDGE('',*,*,#1590,.F.);
#1590 = EDGE_CURVE('',#1591,#1591,#1593,.T.);
#1591 = VERTEX_POINT('',#1592);
#1592 = CARTESIAN_POINT('',(48.25,-2.718715894107E-15,0.));
#1593 = SURFACE_CURVE('',#1594,(#1599,#1606),.PCURVE_S1.);
#1594 = CIRCLE('',#1595,11.1);
#1595 = AXIS2_PLACEMENT_3D('',#1596,#1597,#1598);
#1596 = CARTESIAN_POINT('',(37.15,0.,0.));
#1597 = DIRECTION('',(0.,0.,1.));
#1598 = DIRECTION('',(1.,0.,-0.));
#1599 = PCURVE('',#117,#1600);
#1600 = DEFINITIONAL_REPRESENTATION('',(#1601),#1605);
#1601 = CIRCLE('',#1602,11.1);
#1602 = AXIS2_PLACEMENT_2D('',#1603,#1604);
#1603 = CARTESIAN_POINT('',(37.15,0.));
#1604 = DIRECTION('',(1.,0.));
#1605 = ( GEOMETRIC_REPRESENTATION_CONTEXT(2) 
PARAMETRIC_REPRESENTATION_CONTEXT() REPRESENTATION_CONTEXT('2D SPACE',''
  ) );
#1606 = PCURVE('',#1306,#1607);
#1607 = DEFINITIONAL_REPRESENTATION('',(#1608),#1612);
#1608 = LINE('',#1609,#1610);
#1609 = CARTESIAN_POINT('',(0.,1.));
#1610 = VECTOR('',#1611,1.);
#1611 = DIRECTION('',(1.,0.));
#1612 = ( GEOMETRIC_REPRESENTATION_CONTEXT(2) 
PARAMETRIC_REPRESENTATION_CONTEXT() REPRESENTATION_CONTEXT('2D SPACE',''
  ) );
#1613 = ADVANCED_FACE('',(#1614,#1658),#203,.F.);
#1614 = FACE_BOUND('',#1615,.F.);
#1615 = EDGE_LOOP('',(#1616,#1617,#1618,#1639));
#1616 = ORIENTED_EDGE('',*,*,#188,.F.);
#1617 = ORIENTED_EDGE('',*,*,#1500,.T.);
#1618 = ORIENTED_EDGE('',*,*,#1619,.T.);
#1619 = EDGE_CURVE('',#1472,#1620,#1622,.T.);
#1620 = VERTEX_POINT('',#1621);
#1621 = CARTESIAN_POINT('',(1.,-15.11696067336,30.));
#1622 = SURFACE_CURVE('',#1623,(#1627,#1633),.PCURVE_S1.);
#1623 = LINE('',#1624,#1625);
#1624 = CARTESIAN_POINT('',(1.,-15.11696067336,-1.));
#1625 = VECTOR('',#1626,1.);
#1626 = DIRECTION('',(0.,0.,1.));
#1627 = PCURVE('',#203,#1628);
#1628 = DEFINITIONAL_REPRESENTATION('',(#1629),#1632);
#1629 = B_SPLINE_CURVE_WITH_KNOTS('',1,(#1630,#1631),.UNSPECIFIED.,.F.,
  .F.,(2,2),(0.9999994,31.0000006),.PIECEWISE_BEZIER_KNOTS.);
#1630 = CARTESIAN_POINT('',(0.9999994,-8.033039326637));
#1631 = CARTESIAN_POINT('',(31.0000006,-8.033039326637));
#1632 = ( GEOMETRIC_REPRESENTATION_CONTEXT(2) 
PARAMETRIC_REPRESENTATION_CONTEXT() REPRESENTATION_CONTEXT('2D SPACE',''
  ) );
#1633 = PCURVE('',#1488,#1634);
#1634 = DEFINITIONAL_REPRESENTATION('',(#1635),#1638);
#1635 = B_SPLINE_CURVE_WITH_KNOTS('',1,(#1636,#1637),.UNSPECIFIED.,.F.,
  .F.,(2,2),(0.9999994,31.0000006),.PIECEWISE_BEZIER_KNOTS.);
#1636 = CARTESIAN_POINT('',(4.778443605639,0.9999994));
#1637 = CARTESIAN_POINT('',(4.778443605639,31.0000006));
#1638 = ( GEOMETRIC_REPRESENTATION_CONTEXT(2) 
PARAMETRIC_REPRESENTATION_CONTEXT() REPRESENTATION_CONTEXT('2D SPACE',''
  ) );
#1639 = ORIENTED_EDGE('',*,*,#1640,.F.);
#1640 = EDGE_CURVE('',#156,#1620,#1641,.T.);
#1641 = SURFACE_CURVE('',#1642,(#1646,#1652),.PCURVE_S1.);
#1642 = LINE('',#1643,#1644);
#1643 = CARTESIAN_POINT('',(1.,-11.575,30.));
#1644 = VECTOR('',#1645,1.);
#1645 = DIRECTION('',(-0.,1.,0.));
#1646 = PCURVE('',#203,#1647);
#1647 = DEFINITIONAL_REPRESENTATION('',(#1648),#1651);
#1648 = B_SPLINE_CURVE_WITH_KNOTS('',1,(#1649,#1650),.UNSPECIFIED.,.F.,
  .F.,(2,2),(-10.575,-2.575),.PIECEWISE_BEZIER_KNOTS.);
#1649 = CARTESIAN_POINT('',(31.,-1.));
#1650 = CARTESIAN_POINT('',(31.,-9.));
#1651 = ( GEOMETRIC_REPRESENTATION_CONTEXT(2) 
PARAMETRIC_REPRESENTATION_CONTEXT() REPRESENTATION_CONTEXT('2D SPACE',''
  ) );
#1652 = PCURVE('',#172,#1653);
#1653 = DEFINITIONAL_REPRESENTATION('',(#1654),#1657);
#1654 = B_SPLINE_CURVE_WITH_KNOTS('',1,(#1655,#1656),.UNSPECIFIED.,.F.,
  .F.,(2,2),(-10.575,-2.575),.PIECEWISE_BEZIER_KNOTS.);
#1655 = CARTESIAN_POINT('',(1.,-22.15));
#1656 = CARTESIAN_POINT('',(1.,-14.15));
#1657 = ( GEOMETRIC_REPRESENTATION_CONTEXT(2) 
PARAMETRIC_REPRESENTATION_CONTEXT() REPRESENTATION_CONTEXT('2D SPACE',''
  ) );
#1658 = FACE_BOUND('',#1659,.F.);
#1659 = EDGE_LOOP('',(#1660));
#1660 = ORIENTED_EDGE('',*,*,#1661,.F.);
#1661 = EDGE_CURVE('',#1662,#1662,#1664,.T.);
#1662 = VERTEX_POINT('',#1663);
#1663 = CARTESIAN_POINT('',(1.,-19.15,12.3));
#1664 = SURFACE_CURVE('',#1665,(#1670,#1677),.PCURVE_S1.);
#1665 = CIRCLE('',#1666,2.7);
#1666 = AXIS2_PLACEMENT_3D('',#1667,#1668,#1669);
#1667 = CARTESIAN_POINT('',(1.,-19.15,15.));
#1668 = DIRECTION('',(1.,0.,2.22044604925E-16));
#1669 = DIRECTION('',(2.22044604925E-16,0.,-1.));
#1670 = PCURVE('',#203,#1671);
#1671 = DEFINITIONAL_REPRESENTATION('',(#1672),#1676);
#1672 = CIRCLE('',#1673,2.7);
#1673 = AXIS2_PLACEMENT_2D('',#1674,#1675);
#1674 = CARTESIAN_POINT('',(16.,-4.));
#1675 = DIRECTION('',(-1.,0.));
#1676 = ( GEOMETRIC_REPRESENTATION_CONTEXT(2) 
PARAMETRIC_REPRESENTATION_CONTEXT() REPRESENTATION_CONTEXT('2D SPACE',''
  ) );
#1677 = PCURVE('',#1004,#1678);
#1678 = DEFINITIONAL_REPRESENTATION('',(#1679),#1683);
#1679 = LINE('',#1680,#1681);
#1680 = CARTESIAN_POINT('',(0.,24.15));
#1681 = VECTOR('',#1682,1.);
#1682 = DIRECTION('',(1.,0.));
#1683 = ( GEOMETRIC_REPRESENTATION_CONTEXT(2) 
PARAMETRIC_REPRESENTATION_CONTEXT() REPRESENTATION_CONTEXT('2D SPACE',''
  ) );
#1684 = ADVANCED_FACE('',(#1685,#1729),#144,.T.);
#1685 = FACE_BOUND('',#1686,.T.);
#1686 = EDGE_LOOP('',(#1687,#1688,#1689,#1710));
#1687 = ORIENTED_EDGE('',*,*,#129,.F.);
#1688 = ORIENTED_EDGE('',*,*,#1421,.T.);
#1689 = ORIENTED_EDGE('',*,*,#1690,.T.);
#1690 = EDGE_CURVE('',#1422,#1691,#1693,.T.);
#1691 = VERTEX_POINT('',#1692);
#1692 = CARTESIAN_POINT('',(-1.,-15.11696067336,30.));
#1693 = SURFACE_CURVE('',#1694,(#1698,#1704),.PCURVE_S1.);
#1694 = LINE('',#1695,#1696);
#1695 = CARTESIAN_POINT('',(-1.,-15.11696067336,-1.));
#1696 = VECTOR('',#1697,1.);
#1697 = DIRECTION('',(0.,0.,1.));
#1698 = PCURVE('',#144,#1699);
#1699 = DEFINITIONAL_REPRESENTATION('',(#1700),#1703);
#1700 = B_SPLINE_CURVE_WITH_KNOTS('',1,(#1701,#1702),.UNSPECIFIED.,.F.,
  .F.,(2,2),(0.9999994,31.0000006),.PIECEWISE_BEZIER_KNOTS.);
#1701 = CARTESIAN_POINT('',(0.9999994,-8.033039326637));
#1702 = CARTESIAN_POINT('',(31.0000006,-8.033039326637));
#1703 = ( GEOMETRIC_REPRESENTATION_CONTEXT(2) 
PARAMETRIC_REPRESENTATION_CONTEXT() REPRESENTATION_CONTEXT('2D SPACE',''
  ) );
#1704 = PCURVE('',#1459,#1705);
#1705 = DEFINITIONAL_REPRESENTATION('',(#1706),#1709);
#1706 = B_SPLINE_CURVE_WITH_KNOTS('',1,(#1707,#1708),.UNSPECIFIED.,.F.,
  .F.,(2,2),(0.9999994,31.0000006),.PIECEWISE_BEZIER_KNOTS.);
#1707 = CARTESIAN_POINT('',(4.646334355131,0.9999994));
#1708 = CARTESIAN_POINT('',(4.646334355131,31.0000006));
#1709 = ( GEOMETRIC_REPRESENTATION_CONTEXT(2) 
PARAMETRIC_REPRESENTATION_CONTEXT() REPRESENTATION_CONTEXT('2D SPACE',''
  ) );
#1710 = ORIENTED_EDGE('',*,*,#1711,.F.);
#1711 = EDGE_CURVE('',#130,#1691,#1712,.T.);
#1712 = SURFACE_CURVE('',#1713,(#1717,#1723),.PCURVE_S1.);
#1713 = LINE('',#1714,#1715);
#1714 = CARTESIAN_POINT('',(-1.,-11.575,30.));
#1715 = VECTOR('',#1716,1.);
#1716 = DIRECTION('',(-0.,1.,0.));
#1717 = PCURVE('',#144,#1718);
#1718 = DEFINITIONAL_REPRESENTATION('',(#1719),#1722);
#1719 = B_SPLINE_CURVE_WITH_KNOTS('',1,(#1720,#1721),.UNSPECIFIED.,.F.,
  .F.,(2,2),(-10.575,-2.575),.PIECEWISE_BEZIER_KNOTS.);
#1720 = CARTESIAN_POINT('',(31.,-1.));
#1721 = CARTESIAN_POINT('',(31.,-9.));
#1722 = ( GEOMETRIC_REPRESENTATION_CONTEXT(2) 
PARAMETRIC_REPRESENTATION_CONTEXT() REPRESENTATION_CONTEXT('2D SPACE',''
  ) );
#1723 = PCURVE('',#172,#1724);
#1724 = DEFINITIONAL_REPRESENTATION('',(#1725),#1728);
#1725 = B_SPLINE_CURVE_WITH_KNOTS('',1,(#1726,#1727),.UNSPECIFIED.,.F.,
  .F.,(2,2),(-10.575,-2.575),.PIECEWISE_BEZIER_KNOTS.);
#1726 = CARTESIAN_POINT('',(-1.,-22.15));
#1727 = CARTESIAN_POINT('',(-1.,-14.15));
#1728 = ( GEOMETRIC_REPRESENTATION_CONTEXT(2) 
PARAMETRIC_REPRESENTATION_CONTEXT() REPRESENTATION_CONTEXT('2D SPACE',''
  ) );
#1729 = FACE_BOUND('',#1730,.T.);
#1730 = EDGE_LOOP('',(#1731));
#1731 = ORIENTED_EDGE('',*,*,#1732,.F.);
#1732 = EDGE_CURVE('',#1733,#1733,#1735,.T.);
#1733 = VERTEX_POINT('',#1734);
#1734 = CARTESIAN_POINT('',(-1.,-19.15,12.3));
#1735 = SURFACE_CURVE('',#1736,(#1741,#1748),.PCURVE_S1.);
#1736 = CIRCLE('',#1737,2.7);
#1737 = AXIS2_PLACEMENT_3D('',#1738,#1739,#1740);
#1738 = CARTESIAN_POINT('',(-1.,-19.15,15.));
#1739 = DIRECTION('',(1.,0.,2.22044604925E-16));
#1740 = DIRECTION('',(2.22044604925E-16,0.,-1.));
#1741 = PCURVE('',#144,#1742);
#1742 = DEFINITIONAL_REPRESENTATION('',(#1743),#1747);
#1743 = CIRCLE('',#1744,2.7);
#1744 = AXIS2_PLACEMENT_2D('',#1745,#1746);
#1745 = CARTESIAN_POINT('',(16.,-4.));
#1746 = DIRECTION('',(-1.,0.));
#1747 = ( GEOMETRIC_REPRESENTATION_CONTEXT(2) 
PARAMETRIC_REPRESENTATION_CONTEXT() REPRESENTATION_CONTEXT('2D SPACE',''
  ) );
#1748 = PCURVE('',#557,#1749);
#1749 = DEFINITIONAL_REPRESENTATION('',(#1750),#1754);
#1750 = LINE('',#1751,#1752);
#1751 = CARTESIAN_POINT('',(0.,22.15));
#1752 = VECTOR('',#1753,1.);
#1753 = DIRECTION('',(1.,0.));
#1754 = ( GEOMETRIC_REPRESENTATION_CONTEXT(2) 
PARAMETRIC_REPRESENTATION_CONTEXT() REPRESENTATION_CONTEXT('2D SPACE',''
  ) );
#1755 = ADVANCED_FACE('',(#1756),#172,.T.);
#1756 = FACE_BOUND('',#1757,.T.);
#1757 = EDGE_LOOP('',(#1758,#1759,#1760,#1761,#1785));
#1758 = ORIENTED_EDGE('',*,*,#1640,.F.);
#1759 = ORIENTED_EDGE('',*,*,#155,.F.);
#1760 = ORIENTED_EDGE('',*,*,#1711,.T.);
#1761 = ORIENTED_EDGE('',*,*,#1762,.F.);
#1762 = EDGE_CURVE('',#1763,#1691,#1765,.T.);
#1763 = VERTEX_POINT('',#1764);
#1764 = CARTESIAN_POINT('',(15.15,-3.710679801416E-15,30.));
#1765 = SURFACE_CURVE('',#1766,(#1771,#1778),.PCURVE_S1.);
#1766 = CIRCLE('',#1767,15.15);
#1767 = AXIS2_PLACEMENT_3D('',#1768,#1769,#1770);
#1768 = CARTESIAN_POINT('',(0.,0.,30.));
#1769 = DIRECTION('',(0.,0.,1.));
#1770 = DIRECTION('',(1.,0.,-0.));
#1771 = PCURVE('',#172,#1772);
#1772 = DEFINITIONAL_REPRESENTATION('',(#1773),#1777);
#1773 = CIRCLE('',#1774,15.15);
#1774 = AXIS2_PLACEMENT_2D('',#1775,#1776);
#1775 = CARTESIAN_POINT('',(0.,0.));
#1776 = DIRECTION('',(1.,0.));
#1777 = ( GEOMETRIC_REPRESENTATION_CONTEXT(2) 
PARAMETRIC_REPRESENTATION_CONTEXT() REPRESENTATION_CONTEXT('2D SPACE',''
  ) );
#1778 = PCURVE('',#1459,#1779);
#1779 = DEFINITIONAL_REPRESENTATION('',(#1780),#1784);
#1780 = LINE('',#1781,#1782);
#1781 = CARTESIAN_POINT('',(0.,31.));
#1782 = VECTOR('',#1783,1.);
#1783 = DIRECTION('',(1.,0.));
#1784 = ( GEOMETRIC_REPRESENTATION_CONTEXT(2) 
PARAMETRIC_REPRESENTATION_CONTEXT() REPRESENTATION_CONTEXT('2D SPACE',''
  ) );
#1785 = ORIENTED_EDGE('',*,*,#1786,.F.);
#1786 = EDGE_CURVE('',#1620,#1763,#1787,.T.);
#1787 = SURFACE_CURVE('',#1788,(#1793,#1800),.PCURVE_S1.);
#1788 = CIRCLE('',#1789,15.15);
#1789 = AXIS2_PLACEMENT_3D('',#1790,#1791,#1792);
#1790 = CARTESIAN_POINT('',(0.,0.,30.));
#1791 = DIRECTION('',(0.,0.,1.));
#1792 = DIRECTION('',(1.,0.,-0.));
#1793 = PCURVE('',#172,#1794);
#1794 = DEFINITIONAL_REPRESENTATION('',(#1795),#1799);
#1795 = CIRCLE('',#1796,15.15);
#1796 = AXIS2_PLACEMENT_2D('',#1797,#1798);
#1797 = CARTESIAN_POINT('',(0.,0.));
#1798 = DIRECTION('',(1.,0.));
#1799 = ( GEOMETRIC_REPRESENTATION_CONTEXT(2) 
PARAMETRIC_REPRESENTATION_CONTEXT() REPRESENTATION_CONTEXT('2D SPACE',''
  ) );
#1800 = PCURVE('',#1488,#1801);
#1801 = DEFINITIONAL_REPRESENTATION('',(#1802),#1806);
#1802 = LINE('',#1803,#1804);
#1803 = CARTESIAN_POINT('',(0.,31.));
#1804 = VECTOR('',#1805,1.);
#1805 = DIRECTION('',(1.,0.));
#1806 = ( GEOMETRIC_REPRESENTATION_CONTEXT(2) 
PARAMETRIC_REPRESENTATION_CONTEXT() REPRESENTATION_CONTEXT('2D SPACE',''
  ) );
#1807 = ADVANCED_FACE('',(#1808),#557,.F.);
#1808 = FACE_BOUND('',#1809,.F.);
#1809 = EDGE_LOOP('',(#1810,#1811,#1832,#1833));
#1810 = ORIENTED_EDGE('',*,*,#1732,.F.);
#1811 = ORIENTED_EDGE('',*,*,#1812,.F.);
#1812 = EDGE_CURVE('',#264,#1733,#1813,.T.);
#1813 = SEAM_CURVE('',#1814,(#1818,#1825),.PCURVE_S1.);
#1814 = LINE('',#1815,#1816);
#1815 = CARTESIAN_POINT('',(-23.15,-19.15,12.3));
#1816 = VECTOR('',#1817,1.);
#1817 = DIRECTION('',(1.,0.,2.22044604925E-16));
#1818 = PCURVE('',#557,#1819);
#1819 = DEFINITIONAL_REPRESENTATION('',(#1820),#1824);
#1820 = LINE('',#1821,#1822);
#1821 = CARTESIAN_POINT('',(6.28318530718,-0.));
#1822 = VECTOR('',#1823,1.);
#1823 = DIRECTION('',(0.,1.));
#1824 = ( GEOMETRIC_REPRESENTATION_CONTEXT(2) 
PARAMETRIC_REPRESENTATION_CONTEXT() REPRESENTATION_CONTEXT('2D SPACE',''
  ) );
#1825 = PCURVE('',#557,#1826);
#1826 = DEFINITIONAL_REPRESENTATION('',(#1827),#1831);
#1827 = LINE('',#1828,#1829);
#1828 = CARTESIAN_POINT('',(0.,-0.));
#1829 = VECTOR('',#1830,1.);
#1830 = DIRECTION('',(0.,1.));
#1831 = ( GEOMETRIC_REPRESENTATION_CONTEXT(2) 
PARAMETRIC_REPRESENTATION_CONTEXT() REPRESENTATION_CONTEXT('2D SPACE',''
  ) );
#1832 = ORIENTED_EDGE('',*,*,#263,.T.);
#1833 = ORIENTED_EDGE('',*,*,#1812,.T.);
#1834 = ADVANCED_FACE('',(#1835),#1004,.F.);
#1835 = FACE_BOUND('',#1836,.F.);
#1836 = EDGE_LOOP('',(#1837,#1838,#1859,#1860));
#1837 = ORIENTED_EDGE('',*,*,#710,.F.);
#1838 = ORIENTED_EDGE('',*,*,#1839,.F.);
#1839 = EDGE_CURVE('',#1662,#711,#1840,.T.);
#1840 = SEAM_CURVE('',#1841,(#1845,#1852),.PCURVE_S1.);
#1841 = LINE('',#1842,#1843);
#1842 = CARTESIAN_POINT('',(-23.15,-19.15,12.3));
#1843 = VECTOR('',#1844,1.);
#1844 = DIRECTION('',(1.,0.,2.22044604925E-16));
#1845 = PCURVE('',#1004,#1846);
#1846 = DEFINITIONAL_REPRESENTATION('',(#1847),#1851);
#1847 = LINE('',#1848,#1849);
#1848 = CARTESIAN_POINT('',(6.28318530718,-0.));
#1849 = VECTOR('',#1850,1.);
#1850 = DIRECTION('',(0.,1.));
#1851 = ( GEOMETRIC_REPRESENTATION_CONTEXT(2) 
PARAMETRIC_REPRESENTATION_CONTEXT() REPRESENTATION_CONTEXT('2D SPACE',''
  ) );
#1852 = PCURVE('',#1004,#1853);
#1853 = DEFINITIONAL_REPRESENTATION('',(#1854),#1858);
#1854 = LINE('',#1855,#1856);
#1855 = CARTESIAN_POINT('',(0.,-0.));
#1856 = VECTOR('',#1857,1.);
#1857 = DIRECTION('',(0.,1.));
#1858 = ( GEOMETRIC_REPRESENTATION_CONTEXT(2) 
PARAMETRIC_REPRESENTATION_CONTEXT() REPRESENTATION_CONTEXT('2D SPACE',''
  ) );
#1859 = ORIENTED_EDGE('',*,*,#1661,.T.);
#1860 = ORIENTED_EDGE('',*,*,#1839,.T.);
#1861 = ADVANCED_FACE('',(#1862),#1197,.F.);
#1862 = FACE_BOUND('',#1863,.F.);
#1863 = EDGE_LOOP('',(#1864,#1865,#1866,#1867));
#1864 = ORIENTED_EDGE('',*,*,#1521,.F.);
#1865 = ORIENTED_EDGE('',*,*,#1322,.T.);
#1866 = ORIENTED_EDGE('',*,*,#1181,.T.);
#1867 = ORIENTED_EDGE('',*,*,#1868,.F.);
#1868 = EDGE_CURVE('',#1522,#1182,#1869,.T.);
#1869 = SURFACE_CURVE('',#1870,(#1874,#1881),.PCURVE_S1.);
#1870 = LINE('',#1871,#1872);
#1871 = CARTESIAN_POINT('',(57.15,-18.,0.));
#1872 = VECTOR('',#1873,1.);
#1873 = DIRECTION('',(0.,0.,1.));
#1874 = PCURVE('',#1197,#1875);
#1875 = DEFINITIONAL_REPRESENTATION('',(#1876),#1880);
#1876 = LINE('',#1877,#1878);
#1877 = CARTESIAN_POINT('',(0.,40.));
#1878 = VECTOR('',#1879,1.);
#1879 = DIRECTION('',(1.,0.));
#1880 = ( GEOMETRIC_REPRESENTATION_CONTEXT(2) 
PARAMETRIC_REPRESENTATION_CONTEXT() REPRESENTATION_CONTEXT('2D SPACE',''
  ) );
#1881 = PCURVE('',#1225,#1882);
#1882 = DEFINITIONAL_REPRESENTATION('',(#1883),#1887);
#1883 = LINE('',#1884,#1885);
#1884 = CARTESIAN_POINT('',(0.,0.));
#1885 = VECTOR('',#1886,1.);
#1886 = DIRECTION('',(1.,0.));
#1887 = ( GEOMETRIC_REPRESENTATION_CONTEXT(2) 
PARAMETRIC_REPRESENTATION_CONTEXT() REPRESENTATION_CONTEXT('2D SPACE',''
  ) );
#1888 = ADVANCED_FACE('',(#1889),#1225,.T.);
#1889 = FACE_BOUND('',#1890,.T.);
#1890 = EDGE_LOOP('',(#1891,#1892,#1893,#1914));
#1891 = ORIENTED_EDGE('',*,*,#1868,.F.);
#1892 = ORIENTED_EDGE('',*,*,#1544,.T.);
#1893 = ORIENTED_EDGE('',*,*,#1894,.T.);
#1894 = EDGE_CURVE('',#1545,#1210,#1895,.T.);
#1895 = SURFACE_CURVE('',#1896,(#1900,#1907),.PCURVE_S1.);
#1896 = LINE('',#1897,#1898);
#1897 = CARTESIAN_POINT('',(57.15,18.,0.));
#1898 = VECTOR('',#1899,1.);
#1899 = DIRECTION('',(0.,0.,1.));
#1900 = PCURVE('',#1225,#1901);
#1901 = DEFINITIONAL_REPRESENTATION('',(#1902),#1906);
#1902 = LINE('',#1903,#1904);
#1903 = CARTESIAN_POINT('',(0.,-36.));
#1904 = VECTOR('',#1905,1.);
#1905 = DIRECTION('',(1.,0.));
#1906 = ( GEOMETRIC_REPRESENTATION_CONTEXT(2) 
PARAMETRIC_REPRESENTATION_CONTEXT() REPRESENTATION_CONTEXT('2D SPACE',''
  ) );
#1907 = PCURVE('',#1253,#1908);
#1908 = DEFINITIONAL_REPRESENTATION('',(#1909),#1913);
#1909 = LINE('',#1910,#1911);
#1910 = CARTESIAN_POINT('',(0.,40.));
#1911 = VECTOR('',#1912,1.);
#1912 = DIRECTION('',(1.,0.));
#1913 = ( GEOMETRIC_REPRESENTATION_CONTEXT(2) 
PARAMETRIC_REPRESENTATION_CONTEXT() REPRESENTATION_CONTEXT('2D SPACE',''
  ) );
#1914 = ORIENTED_EDGE('',*,*,#1209,.F.);
#1915 = ADVANCED_FACE('',(#1916),#1253,.T.);
#1916 = FACE_BOUND('',#1917,.T.);
#1917 = EDGE_LOOP('',(#1918,#1919,#1920,#1921));
#1918 = ORIENTED_EDGE('',*,*,#1567,.F.);
#1919 = ORIENTED_EDGE('',*,*,#1395,.T.);
#1920 = ORIENTED_EDGE('',*,*,#1237,.T.);
#1921 = ORIENTED_EDGE('',*,*,#1894,.F.);
#1922 = ADVANCED_FACE('',(#1923),#1306,.F.);
#1923 = FACE_BOUND('',#1924,.F.);
#1924 = EDGE_LOOP('',(#1925,#1926,#1947,#1948));
#1925 = ORIENTED_EDGE('',*,*,#1289,.F.);
#1926 = ORIENTED_EDGE('',*,*,#1927,.F.);
#1927 = EDGE_CURVE('',#1591,#1290,#1928,.T.);
#1928 = SEAM_CURVE('',#1929,(#1933,#1940),.PCURVE_S1.);
#1929 = LINE('',#1930,#1931);
#1930 = CARTESIAN_POINT('',(48.25,-2.718715894107E-15,-1.));
#1931 = VECTOR('',#1932,1.);
#1932 = DIRECTION('',(0.,0.,1.));
#1933 = PCURVE('',#1306,#1934);
#1934 = DEFINITIONAL_REPRESENTATION('',(#1935),#1939);
#1935 = LINE('',#1936,#1937);
#1936 = CARTESIAN_POINT('',(6.28318530718,-0.));
#1937 = VECTOR('',#1938,1.);
#1938 = DIRECTION('',(0.,1.));
#1939 = ( GEOMETRIC_REPRESENTATION_CONTEXT(2) 
PARAMETRIC_REPRESENTATION_CONTEXT() REPRESENTATION_CONTEXT('2D SPACE',''
  ) );
#1940 = PCURVE('',#1306,#1941);
#1941 = DEFINITIONAL_REPRESENTATION('',(#1942),#1946);
#1942 = LINE('',#1943,#1944);
#1943 = CARTESIAN_POINT('',(0.,-0.));
#1944 = VECTOR('',#1945,1.);
#1945 = DIRECTION('',(0.,1.));
#1946 = ( GEOMETRIC_REPRESENTATION_CONTEXT(2) 
PARAMETRIC_REPRESENTATION_CONTEXT() REPRESENTATION_CONTEXT('2D SPACE',''
  ) );
#1947 = ORIENTED_EDGE('',*,*,#1590,.T.);
#1948 = ORIENTED_EDGE('',*,*,#1927,.T.);
#1949 = ADVANCED_FACE('',(#1950),#1488,.F.);
#1950 = FACE_BOUND('',#1951,.F.);
#1951 = EDGE_LOOP('',(#1952,#1953,#1974,#1975));
#1952 = ORIENTED_EDGE('',*,*,#1471,.T.);
#1953 = ORIENTED_EDGE('',*,*,#1954,.T.);
#1954 = EDGE_CURVE('',#1443,#1763,#1955,.T.);
#1955 = SURFACE_CURVE('',#1956,(#1960,#1967),.PCURVE_S1.);
#1956 = LINE('',#1957,#1958);
#1957 = CARTESIAN_POINT('',(15.15,-3.710679801416E-15,-1.));
#1958 = VECTOR('',#1959,1.);
#1959 = DIRECTION('',(0.,0.,1.));
#1960 = PCURVE('',#1488,#1961);
#1961 = DEFINITIONAL_REPRESENTATION('',(#1962),#1966);
#1962 = LINE('',#1963,#1964);
#1963 = CARTESIAN_POINT('',(6.28318530718,-0.));
#1964 = VECTOR('',#1965,1.);
#1965 = DIRECTION('',(0.,1.));
#1966 = ( GEOMETRIC_REPRESENTATION_CONTEXT(2) 
PARAMETRIC_REPRESENTATION_CONTEXT() REPRESENTATION_CONTEXT('2D SPACE',''
  ) );
#1967 = PCURVE('',#1459,#1968);
#1968 = DEFINITIONAL_REPRESENTATION('',(#1969),#1973);
#1969 = LINE('',#1970,#1971);
#1970 = CARTESIAN_POINT('',(0.,-0.));
#1971 = VECTOR('',#1972,1.);
#1972 = DIRECTION('',(0.,1.));
#1973 = ( GEOMETRIC_REPRESENTATION_CONTEXT(2) 
PARAMETRIC_REPRESENTATION_CONTEXT() REPRESENTATION_CONTEXT('2D SPACE',''
  ) );
#1974 = ORIENTED_EDGE('',*,*,#1786,.F.);
#1975 = ORIENTED_EDGE('',*,*,#1619,.F.);
#1976 = ADVANCED_FACE('',(#1977),#1459,.F.);
#1977 = FACE_BOUND('',#1978,.F.);
#1978 = EDGE_LOOP('',(#1979,#1980,#1981,#1982));
#1979 = ORIENTED_EDGE('',*,*,#1762,.F.);
#1980 = ORIENTED_EDGE('',*,*,#1954,.F.);
#1981 = ORIENTED_EDGE('',*,*,#1442,.T.);
#1982 = ORIENTED_EDGE('',*,*,#1690,.T.);
#1983 = ( GEOMETRIC_REPRESENTATION_CONTEXT(3) 
GLOBAL_UNCERTAINTY_ASSIGNED_CONTEXT((#1987)) 
GLOBAL_UNIT_ASSIGNED_CONTEXT((#1984,#1985,#1986)) REPRESENTATION_CONTEXT
('Context #1','3D Context with UNIT and UNCERTAINTY') );
#1984 = ( LENGTH_UNIT() NAMED_UNIT(*) SI_UNIT(.MILLI.,.METRE.) );
#1985 = ( NAMED_UNIT(*) PLANE_ANGLE_UNIT() SI_UNIT($,.RADIAN.) );
#1986 = ( NAMED_UNIT(*) SI_UNIT($,.STERADIAN.) SOLID_ANGLE_UNIT() );
#1987 = UNCERTAINTY_MEASURE_WITH_UNIT(LENGTH_MEASURE(1.E-07),#1984,
  'distance_accuracy_value','confusion accuracy');
#1988 = CONTEXT_DEPENDENT_SHAPE_REPRESENTATION(#1989,#1991);
#1989 = ( REPRESENTATION_RELATIONSHIP('','',#32,#10) 
REPRESENTATION_RELATIONSHIP_WITH_TRANSFORMATION(#1990) 
SHAPE_REPRESENTATION_RELATIONSHIP() );
#1990 = ITEM_DEFINED_TRANSFORMATION('','',#11,#15);
#1991 = PRODUCT_DEFINITION_SHAPE('Placement','Placement of an item',
  #1992);
#1992 = NEXT_ASSEMBLY_USAGE_OCCURRENCE('19','=>[0:1:1:2]','',#5,#27,$);
#1993 = PRODUCT_RELATED_PRODUCT_CATEGORY('part',$,(#29));
ENDSEC;
END-ISO-10303-21;
