ISO-10303-21;
HEADER;
FILE_DESCRIPTION(('Open CASCADE Model'),'2;1');
FILE_NAME('Open CASCADE Shape Model','2026-10-02T12:30:56',('Author'),(
    'Open CASCADE'),'Open CASCADE STEP processor 8.0','build123d',
  'Unknown');
FILE_SCHEMA(('AUTOMOTIVE_DESIGN { 1 0 10303 214 1 1 1 1 }'));
ENDSEC;
DATA;
#1 = APPLICATION_PROTOCOL_DEFINITION('international standard',
  'automotive_design',2000,#2);
#2 = APPLICATION_CONTEXT(
  'core data for automotive mechanical design processes');
#3 = SHAPE_DEFINITION_REPRESENTATION(#4,#10);
#4 = PRODUCT_DEFINITION_SHAPE('','',#5);
#5 = PRODUCT_DEFINITION('design','',#6,#9);
#6 = PRODUCT_DEFINITION_FORMATION('','',#7);
#7 = PRODUCT('=>[0:1:1:2]','=>[0:1:1:2]','',(#8));
#8 = PRODUCT_CONTEXT('',#2,'mechanical');
#9 = PRODUCT_DEFINITION_CONTEXT('part definition',#2,'design');
#10 = SHAPE_REPRESENTATION('',(#11,#15),#19);
#11 = AXIS2_PLACEMENT_3D('',#12,#13,#14);
#12 = CARTESIAN_POINT('',(0.,0.,0.));
#13 = DIRECTION('',(0.,0.,1.));
#14 = DIRECTION('',(1.,0.,-0.));
#15 = AXIS2_PLACEMENT_3D('',#16,#17,#18);
#16 = CARTESIAN_POINT('',(83.49999995,55.5,-27.4999999));
#17 = DIRECTION('',(0.,0.,1.));
#18 = DIRECTION('',(1.,0.,0.));
#19 = ( GEOMETRIC_REPRESENTATION_CONTEXT(3) 
GLOBAL_UNCERTAINTY_ASSIGNED_CONTEXT((#23)) GLOBAL_UNIT_ASSIGNED_CONTEXT(
(#20,#21,#22)) REPRESENTATION_CONTEXT('Context #1',
  '3D Context with UNIT and UNCERTAINTY') );
#20 = ( LENGTH_UNIT() NAMED_UNIT(*) SI_UNIT(.MILLI.,.METRE.) );
#21 = ( NAMED_UNIT(*) PLANE_ANGLE_UNIT() SI_UNIT($,.RADIAN.) );
#22 = ( NAMED_UNIT(*) SI_UNIT($,.STERADIAN.) SOLID_ANGLE_UNIT() );
#23 = UNCERTAINTY_MEASURE_WITH_UNIT(LENGTH_MEASURE(1.E-06),#20,
  'distance_accuracy_value','confusion accuracy');
#24 = PRODUCT_RELATED_PRODUCT_CATEGORY('part',$,(#7));
#25 = SHAPE_DEFINITION_REPRESENTATION(#26,#32);
#26 = PRODUCT_DEFINITION_SHAPE('','',#27);
#27 = PRODUCT_DEFINITION('design','',#28,#31);
#28 = PRODUCT_DEFINITION_FORMATION('','',#29);
#29 = PRODUCT('COMPOUND','COMPOUND','',(#30));
#30 = PRODUCT_CONTEXT('',#2,'mechanical');
#31 = PRODUCT_DEFINITION_CONTEXT('part definition',#2,'design');
#32 = ADVANCED_BREP_SHAPE_REPRESENTATION('',(#11,#33),#3557);
#33 = MANIFOLD_SOLID_BREP('',#34);
#34 = CLOSED_SHELL('',(#35,#186,#262,#342,#1645,#1698,#1753,#1760,#1787,
    #1863,#1912,#1961,#2010,#2059,#2108,#2157,#2206,#2255,#2304,#2353,
    #2402,#2451,#2500,#2549,#2598,#2647,#2696,#2745,#2794,#2843,#2870,
    #2946,#2995,#3044,#3093,#3142,#3191,#3240,#3289,#3338,#3387,#3436,
    #3485,#3512,#3516,#3541));
#35 = ADVANCED_FACE('',(#36,#155),#50,.T.);
#36 = FACE_BOUND('',#37,.T.);
#37 = EDGE_LOOP('',(#38,#73,#101,#129));
#38 = ORIENTED_EDGE('',*,*,#39,.T.);
#39 = EDGE_CURVE('',#40,#42,#44,.T.);
#40 = VERTEX_POINT('',#41);
#41 = CARTESIAN_POINT('',(-93.8,-47.9,60.));
#42 = VERTEX_POINT('',#43);
#43 = CARTESIAN_POINT('',(-93.8,-63.1,60.));
#44 = SURFACE_CURVE('',#45,(#49,#61),.PCURVE_S1.);
#45 = LINE('',#46,#47);
#46 = CARTESIAN_POINT('',(-93.8,-47.9,60.));
#47 = VECTOR('',#48,1.);
#48 = DIRECTION('',(0.,-1.,0.));
#49 = PCURVE('',#50,#55);
#50 = PLANE('',#51);
#51 = AXIS2_PLACEMENT_3D('',#52,#53,#54);
#52 = CARTESIAN_POINT('',(-103.8,-51.1,60.));
#53 = DIRECTION('',(0.,0.,1.));
#54 = DIRECTION('',(1.,0.,-0.));
#55 = DEFINITIONAL_REPRESENTATION('',(#56),#60);
#56 = LINE('',#57,#58);
#57 = CARTESIAN_POINT('',(10.,3.2));
#58 = VECTOR('',#59,1.);
#59 = DIRECTION('',(0.,-1.));
#60 = ( GEOMETRIC_REPRESENTATION_CONTEXT(2) 
PARAMETRIC_REPRESENTATION_CONTEXT() REPRESENTATION_CONTEXT('2D SPACE',''
  ) );
#61 = PCURVE('',#62,#67);
#62 = PLANE('',#63);
#63 = AXIS2_PLACEMENT_3D('',#64,#65,#66);
#64 = CARTESIAN_POINT('',(-93.8,-63.1,27.5));
#65 = DIRECTION('',(1.,0.,-0.));
#66 = DIRECTION('',(0.,0.,1.));
#67 = DEFINITIONAL_REPRESENTATION('',(#68),#72);
#68 = LINE('',#69,#70);
#69 = CARTESIAN_POINT('',(32.5,-15.2));
#70 = VECTOR('',#71,1.);
#71 = DIRECTION('',(0.,1.));
#72 = ( GEOMETRIC_REPRESENTATION_CONTEXT(2) 
PARAMETRIC_REPRESENTATION_CONTEXT() REPRESENTATION_CONTEXT('2D SPACE',''
  ) );
#73 = ORIENTED_EDGE('',*,*,#74,.T.);
#74 = EDGE_CURVE('',#42,#75,#77,.T.);
#75 = VERTEX_POINT('',#76);
#76 = CARTESIAN_POINT('',(-73.8,-63.1,60.));
#77 = SURFACE_CURVE('',#78,(#82,#89),.PCURVE_S1.);
#78 = LINE('',#79,#80);
#79 = CARTESIAN_POINT('',(-93.8,-63.1,60.));
#80 = VECTOR('',#81,1.);
#81 = DIRECTION('',(1.,0.,-0.));
#82 = PCURVE('',#50,#83);
#83 = DEFINITIONAL_REPRESENTATION('',(#84),#88);
#84 = LINE('',#85,#86);
#85 = CARTESIAN_POINT('',(10.,-12.));
#86 = VECTOR('',#87,1.);
#87 = DIRECTION('',(1.,0.));
#88 = ( GEOMETRIC_REPRESENTATION_CONTEXT(2) 
PARAMETRIC_REPRESENTATION_CONTEXT() REPRESENTATION_CONTEXT('2D SPACE',''
  ) );
#89 = PCURVE('',#90,#95);
#90 = PLANE('',#91);
#91 = AXIS2_PLACEMENT_3D('',#92,#93,#94);
#92 = CARTESIAN_POINT('',(-93.8,-63.1,0.));
#93 = DIRECTION('',(-0.,1.,0.));
#94 = DIRECTION('',(0.,0.,1.));
#95 = DEFINITIONAL_REPRESENTATION('',(#96),#100);
#96 = LINE('',#97,#98);
#97 = CARTESIAN_POINT('',(60.,0.));
#98 = VECTOR('',#99,1.);
#99 = DIRECTION('',(0.,1.));
#100 = ( GEOMETRIC_REPRESENTATION_CONTEXT(2) 
PARAMETRIC_REPRESENTATION_CONTEXT() REPRESENTATION_CONTEXT('2D SPACE',''
  ) );
#101 = ORIENTED_EDGE('',*,*,#102,.T.);
#102 = EDGE_CURVE('',#75,#103,#105,.T.);
#103 = VERTEX_POINT('',#104);
#104 = CARTESIAN_POINT('',(-73.8,-47.9,60.));
#105 = SURFACE_CURVE('',#106,(#110,#117),.PCURVE_S1.);
#106 = LINE('',#107,#108);
#107 = CARTESIAN_POINT('',(-73.8,-63.1,60.));
#108 = VECTOR('',#109,1.);
#109 = DIRECTION('',(0.,1.,0.));
#110 = PCURVE('',#50,#111);
#111 = DEFINITIONAL_REPRESENTATION('',(#112),#116);
#112 = LINE('',#113,#114);
#113 = CARTESIAN_POINT('',(30.,-12.));
#114 = VECTOR('',#115,1.);
#115 = DIRECTION('',(0.,1.));
#116 = ( GEOMETRIC_REPRESENTATION_CONTEXT(2) 
PARAMETRIC_REPRESENTATION_CONTEXT() REPRESENTATION_CONTEXT('2D SPACE',''
  ) );
#117 = PCURVE('',#118,#123);
#118 = PLANE('',#119);
#119 = AXIS2_PLACEMENT_3D('',#120,#121,#122);
#120 = CARTESIAN_POINT('',(-73.8,-63.1,27.5));
#121 = DIRECTION('',(1.,0.,-0.));
#122 = DIRECTION('',(0.,0.,1.));
#123 = DEFINITIONAL_REPRESENTATION('',(#124),#128);
#124 = LINE('',#125,#126);
#125 = CARTESIAN_POINT('',(32.5,0.));
#126 = VECTOR('',#127,1.);
#127 = DIRECTION('',(0.,-1.));
#128 = ( GEOMETRIC_REPRESENTATION_CONTEXT(2) 
PARAMETRIC_REPRESENTATION_CONTEXT() REPRESENTATION_CONTEXT('2D SPACE',''
  ) );
#129 = ORIENTED_EDGE('',*,*,#130,.F.);
#130 = EDGE_CURVE('',#40,#103,#131,.T.);
#131 = SURFACE_CURVE('',#132,(#136,#143),.PCURVE_S1.);
#132 = LINE('',#133,#134);
#133 = CARTESIAN_POINT('',(-93.8,-47.9,60.));
#134 = VECTOR('',#135,1.);
#135 = DIRECTION('',(1.,0.,-0.));
#136 = PCURVE('',#50,#137);
#137 = DEFINITIONAL_REPRESENTATION('',(#138),#142);
#138 = LINE('',#139,#140);
#139 = CARTESIAN_POINT('',(10.,3.2));
#140 = VECTOR('',#141,1.);
#141 = DIRECTION('',(1.,0.));
#142 = ( GEOMETRIC_REPRESENTATION_CONTEXT(2) 
PARAMETRIC_REPRESENTATION_CONTEXT() REPRESENTATION_CONTEXT('2D SPACE',''
  ) );
#143 = PCURVE('',#144,#149);
#144 = PLANE('',#145);
#145 = AXIS2_PLACEMENT_3D('',#146,#147,#148);
#146 = CARTESIAN_POINT('',(-93.8,-47.9,27.5));
#147 = DIRECTION('',(-0.,1.,0.));
#148 = DIRECTION('',(0.,0.,1.));
#149 = DEFINITIONAL_REPRESENTATION('',(#150),#154);
#150 = LINE('',#151,#152);
#151 = CARTESIAN_POINT('',(32.5,0.));
#152 = VECTOR('',#153,1.);
#153 = DIRECTION('',(0.,1.));
#154 = ( GEOMETRIC_REPRESENTATION_CONTEXT(2) 
PARAMETRIC_REPRESENTATION_CONTEXT() REPRESENTATION_CONTEXT('2D SPACE',''
  ) );
#155 = FACE_BOUND('',#156,.T.);
#156 = EDGE_LOOP('',(#157));
#157 = ORIENTED_EDGE('',*,*,#158,.F.);
#158 = EDGE_CURVE('',#159,#159,#161,.T.);
#159 = VERTEX_POINT('',#160);
#160 = CARTESIAN_POINT('',(-80.6,-57.1,60.));
#161 = SURFACE_CURVE('',#162,(#167,#174),.PCURVE_S1.);
#162 = CIRCLE('',#163,3.2);
#163 = AXIS2_PLACEMENT_3D('',#164,#165,#166);
#164 = CARTESIAN_POINT('',(-83.8,-57.1,60.));
#165 = DIRECTION('',(0.,0.,1.));
#166 = DIRECTION('',(1.,0.,-0.));
#167 = PCURVE('',#50,#168);
#168 = DEFINITIONAL_REPRESENTATION('',(#169),#173);
#169 = CIRCLE('',#170,3.2);
#170 = AXIS2_PLACEMENT_2D('',#171,#172);
#171 = CARTESIAN_POINT('',(20.,-6.));
#172 = DIRECTION('',(1.,0.));
#173 = ( GEOMETRIC_REPRESENTATION_CONTEXT(2) 
PARAMETRIC_REPRESENTATION_CONTEXT() REPRESENTATION_CONTEXT('2D SPACE',''
  ) );
#174 = PCURVE('',#175,#180);
#175 = CYLINDRICAL_SURFACE('',#176,3.2);
#176 = AXIS2_PLACEMENT_3D('',#177,#178,#179);
#177 = CARTESIAN_POINT('',(-83.8,-57.1,49.5));
#178 = DIRECTION('',(0.,0.,1.));
#179 = DIRECTION('',(1.,0.,-0.));
#180 = DEFINITIONAL_REPRESENTATION('',(#181),#185);
#181 = LINE('',#182,#183);
#182 = CARTESIAN_POINT('',(0.,10.5));
#183 = VECTOR('',#184,1.);
#184 = DIRECTION('',(1.,0.));
#185 = ( GEOMETRIC_REPRESENTATION_CONTEXT(2) 
PARAMETRIC_REPRESENTATION_CONTEXT() REPRESENTATION_CONTEXT('2D SPACE',''
  ) );
#186 = ADVANCED_FACE('',(#187),#62,.F.);
#187 = FACE_BOUND('',#188,.F.);
#188 = EDGE_LOOP('',(#189,#190,#213,#241));
#189 = ORIENTED_EDGE('',*,*,#39,.T.);
#190 = ORIENTED_EDGE('',*,*,#191,.F.);
#191 = EDGE_CURVE('',#192,#42,#194,.T.);
#192 = VERTEX_POINT('',#193);
#193 = CARTESIAN_POINT('',(-93.8,-63.1,27.5));
#194 = SURFACE_CURVE('',#195,(#199,#206),.PCURVE_S1.);
#195 = LINE('',#196,#197);
#196 = CARTESIAN_POINT('',(-93.8,-63.1,0.));
#197 = VECTOR('',#198,1.);
#198 = DIRECTION('',(0.,0.,1.));
#199 = PCURVE('',#62,#200);
#200 = DEFINITIONAL_REPRESENTATION('',(#201),#205);
#201 = LINE('',#202,#203);
#202 = CARTESIAN_POINT('',(-27.5,0.));
#203 = VECTOR('',#204,1.);
#204 = DIRECTION('',(1.,0.));
#205 = ( GEOMETRIC_REPRESENTATION_CONTEXT(2) 
PARAMETRIC_REPRESENTATION_CONTEXT() REPRESENTATION_CONTEXT('2D SPACE',''
  ) );
#206 = PCURVE('',#90,#207);
#207 = DEFINITIONAL_REPRESENTATION('',(#208),#212);
#208 = LINE('',#209,#210);
#209 = CARTESIAN_POINT('',(0.,0.));
#210 = VECTOR('',#211,1.);
#211 = DIRECTION('',(1.,0.));
#212 = ( GEOMETRIC_REPRESENTATION_CONTEXT(2) 
PARAMETRIC_REPRESENTATION_CONTEXT() REPRESENTATION_CONTEXT('2D SPACE',''
  ) );
#213 = ORIENTED_EDGE('',*,*,#214,.F.);
#214 = EDGE_CURVE('',#215,#192,#217,.T.);
#215 = VERTEX_POINT('',#216);
#216 = CARTESIAN_POINT('',(-93.8,-47.9,27.5));
#217 = SURFACE_CURVE('',#218,(#222,#229),.PCURVE_S1.);
#218 = LINE('',#219,#220);
#219 = CARTESIAN_POINT('',(-93.8,-47.9,27.5));
#220 = VECTOR('',#221,1.);
#221 = DIRECTION('',(0.,-1.,0.));
#222 = PCURVE('',#62,#223);
#223 = DEFINITIONAL_REPRESENTATION('',(#224),#228);
#224 = LINE('',#225,#226);
#225 = CARTESIAN_POINT('',(0.,-15.2));
#226 = VECTOR('',#227,1.);
#227 = DIRECTION('',(0.,1.));
#228 = ( GEOMETRIC_REPRESENTATION_CONTEXT(2) 
PARAMETRIC_REPRESENTATION_CONTEXT() REPRESENTATION_CONTEXT('2D SPACE',''
  ) );
#229 = PCURVE('',#230,#235);
#230 = PLANE('',#231);
#231 = AXIS2_PLACEMENT_3D('',#232,#233,#234);
#232 = CARTESIAN_POINT('',(-93.8,-63.1,27.5));
#233 = DIRECTION('',(0.,0.,1.));
#234 = DIRECTION('',(1.,0.,-0.));
#235 = DEFINITIONAL_REPRESENTATION('',(#236),#240);
#236 = LINE('',#237,#238);
#237 = CARTESIAN_POINT('',(0.,15.2));
#238 = VECTOR('',#239,1.);
#239 = DIRECTION('',(0.,-1.));
#240 = ( GEOMETRIC_REPRESENTATION_CONTEXT(2) 
PARAMETRIC_REPRESENTATION_CONTEXT() REPRESENTATION_CONTEXT('2D SPACE',''
  ) );
#241 = ORIENTED_EDGE('',*,*,#242,.F.);
#242 = EDGE_CURVE('',#40,#215,#243,.T.);
#243 = SURFACE_CURVE('',#244,(#248,#255),.PCURVE_S1.);
#244 = LINE('',#245,#246);
#245 = CARTESIAN_POINT('',(-93.8,-47.9,60.));
#246 = VECTOR('',#247,1.);
#247 = DIRECTION('',(0.,0.,-1.));
#248 = PCURVE('',#62,#249);
#249 = DEFINITIONAL_REPRESENTATION('',(#250),#254);
#250 = LINE('',#251,#252);
#251 = CARTESIAN_POINT('',(32.5,-15.2));
#252 = VECTOR('',#253,1.);
#253 = DIRECTION('',(-1.,0.));
#254 = ( GEOMETRIC_REPRESENTATION_CONTEXT(2) 
PARAMETRIC_REPRESENTATION_CONTEXT() REPRESENTATION_CONTEXT('2D SPACE',''
  ) );
#255 = PCURVE('',#144,#256);
#256 = DEFINITIONAL_REPRESENTATION('',(#257),#261);
#257 = LINE('',#258,#259);
#258 = CARTESIAN_POINT('',(32.5,0.));
#259 = VECTOR('',#260,1.);
#260 = DIRECTION('',(-1.,0.));
#261 = ( GEOMETRIC_REPRESENTATION_CONTEXT(2) 
PARAMETRIC_REPRESENTATION_CONTEXT() REPRESENTATION_CONTEXT('2D SPACE',''
  ) );
#262 = ADVANCED_FACE('',(#263,#311),#90,.F.);
#263 = FACE_BOUND('',#264,.F.);
#264 = EDGE_LOOP('',(#265,#288,#309,#310));
#265 = ORIENTED_EDGE('',*,*,#266,.F.);
#266 = EDGE_CURVE('',#267,#75,#269,.T.);
#267 = VERTEX_POINT('',#268);
#268 = CARTESIAN_POINT('',(-73.8,-63.1,27.5));
#269 = SURFACE_CURVE('',#270,(#274,#281),.PCURVE_S1.);
#270 = LINE('',#271,#272);
#271 = CARTESIAN_POINT('',(-73.8,-63.1,0.));
#272 = VECTOR('',#273,1.);
#273 = DIRECTION('',(0.,0.,1.));
#274 = PCURVE('',#90,#275);
#275 = DEFINITIONAL_REPRESENTATION('',(#276),#280);
#276 = LINE('',#277,#278);
#277 = CARTESIAN_POINT('',(0.,20.));
#278 = VECTOR('',#279,1.);
#279 = DIRECTION('',(1.,0.));
#280 = ( GEOMETRIC_REPRESENTATION_CONTEXT(2) 
PARAMETRIC_REPRESENTATION_CONTEXT() REPRESENTATION_CONTEXT('2D SPACE',''
  ) );
#281 = PCURVE('',#118,#282);
#282 = DEFINITIONAL_REPRESENTATION('',(#283),#287);
#283 = LINE('',#284,#285);
#284 = CARTESIAN_POINT('',(-27.5,0.));
#285 = VECTOR('',#286,1.);
#286 = DIRECTION('',(1.,0.));
#287 = ( GEOMETRIC_REPRESENTATION_CONTEXT(2) 
PARAMETRIC_REPRESENTATION_CONTEXT() REPRESENTATION_CONTEXT('2D SPACE',''
  ) );
#288 = ORIENTED_EDGE('',*,*,#289,.F.);
#289 = EDGE_CURVE('',#192,#267,#290,.T.);
#290 = SURFACE_CURVE('',#291,(#295,#302),.PCURVE_S1.);
#291 = LINE('',#292,#293);
#292 = CARTESIAN_POINT('',(-93.8,-63.1,27.5));
#293 = VECTOR('',#294,1.);
#294 = DIRECTION('',(1.,0.,-0.));
#295 = PCURVE('',#90,#296);
#296 = DEFINITIONAL_REPRESENTATION('',(#297),#301);
#297 = LINE('',#298,#299);
#298 = CARTESIAN_POINT('',(27.5,0.));
#299 = VECTOR('',#300,1.);
#300 = DIRECTION('',(0.,1.));
#301 = ( GEOMETRIC_REPRESENTATION_CONTEXT(2) 
PARAMETRIC_REPRESENTATION_CONTEXT() REPRESENTATION_CONTEXT('2D SPACE',''
  ) );
#302 = PCURVE('',#230,#303);
#303 = DEFINITIONAL_REPRESENTATION('',(#304),#308);
#304 = LINE('',#305,#306);
#305 = CARTESIAN_POINT('',(0.,0.));
#306 = VECTOR('',#307,1.);
#307 = DIRECTION('',(1.,0.));
#308 = ( GEOMETRIC_REPRESENTATION_CONTEXT(2) 
PARAMETRIC_REPRESENTATION_CONTEXT() REPRESENTATION_CONTEXT('2D SPACE',''
  ) );
#309 = ORIENTED_EDGE('',*,*,#191,.T.);
#310 = ORIENTED_EDGE('',*,*,#74,.T.);
#311 = FACE_BOUND('',#312,.F.);
#312 = EDGE_LOOP('',(#313));
#313 = ORIENTED_EDGE('',*,*,#314,.F.);
#314 = EDGE_CURVE('',#315,#315,#317,.T.);
#315 = VERTEX_POINT('',#316);
#316 = CARTESIAN_POINT('',(-79.6,-63.1,35.5));
#317 = SURFACE_CURVE('',#318,(#323,#330),.PCURVE_S1.);
#318 = CIRCLE('',#319,4.2);
#319 = AXIS2_PLACEMENT_3D('',#320,#321,#322);
#320 = CARTESIAN_POINT('',(-83.8,-63.1,35.5));
#321 = DIRECTION('',(0.,1.,2.22044604925E-16));
#322 = DIRECTION('',(1.,0.,-0.));
#323 = PCURVE('',#90,#324);
#324 = DEFINITIONAL_REPRESENTATION('',(#325),#329);
#325 = CIRCLE('',#326,4.2);
#326 = AXIS2_PLACEMENT_2D('',#327,#328);
#327 = CARTESIAN_POINT('',(35.5,10.));
#328 = DIRECTION('',(0.,1.));
#329 = ( GEOMETRIC_REPRESENTATION_CONTEXT(2) 
PARAMETRIC_REPRESENTATION_CONTEXT() REPRESENTATION_CONTEXT('2D SPACE',''
  ) );
#330 = PCURVE('',#331,#336);
#331 = CYLINDRICAL_SURFACE('',#332,4.2);
#332 = AXIS2_PLACEMENT_3D('',#333,#334,#335);
#333 = CARTESIAN_POINT('',(-83.8,-64.1,35.5));
#334 = DIRECTION('',(0.,1.,2.22044604925E-16));
#335 = DIRECTION('',(1.,0.,-0.));
#336 = DEFINITIONAL_REPRESENTATION('',(#337),#341);
#337 = LINE('',#338,#339);
#338 = CARTESIAN_POINT('',(0.,1.));
#339 = VECTOR('',#340,1.);
#340 = DIRECTION('',(1.,0.));
#341 = ( GEOMETRIC_REPRESENTATION_CONTEXT(2) 
PARAMETRIC_REPRESENTATION_CONTEXT() REPRESENTATION_CONTEXT('2D SPACE',''
  ) );
#342 = ADVANCED_FACE('',(#343,#391,#1305),#118,.T.);
#343 = FACE_BOUND('',#344,.T.);
#344 = EDGE_LOOP('',(#345,#346,#347,#370));
#345 = ORIENTED_EDGE('',*,*,#102,.F.);
#346 = ORIENTED_EDGE('',*,*,#266,.F.);
#347 = ORIENTED_EDGE('',*,*,#348,.T.);
#348 = EDGE_CURVE('',#267,#349,#351,.T.);
#349 = VERTEX_POINT('',#350);
#350 = CARTESIAN_POINT('',(-73.8,-47.9,27.5));
#351 = SURFACE_CURVE('',#352,(#356,#363),.PCURVE_S1.);
#352 = LINE('',#353,#354);
#353 = CARTESIAN_POINT('',(-73.8,-63.1,27.5));
#354 = VECTOR('',#355,1.);
#355 = DIRECTION('',(0.,1.,0.));
#356 = PCURVE('',#118,#357);
#357 = DEFINITIONAL_REPRESENTATION('',(#358),#362);
#358 = LINE('',#359,#360);
#359 = CARTESIAN_POINT('',(0.,0.));
#360 = VECTOR('',#361,1.);
#361 = DIRECTION('',(0.,-1.));
#362 = ( GEOMETRIC_REPRESENTATION_CONTEXT(2) 
PARAMETRIC_REPRESENTATION_CONTEXT() REPRESENTATION_CONTEXT('2D SPACE',''
  ) );
#363 = PCURVE('',#230,#364);
#364 = DEFINITIONAL_REPRESENTATION('',(#365),#369);
#365 = LINE('',#366,#367);
#366 = CARTESIAN_POINT('',(20.,0.));
#367 = VECTOR('',#368,1.);
#368 = DIRECTION('',(0.,1.));
#369 = ( GEOMETRIC_REPRESENTATION_CONTEXT(2) 
PARAMETRIC_REPRESENTATION_CONTEXT() REPRESENTATION_CONTEXT('2D SPACE',''
  ) );
#370 = ORIENTED_EDGE('',*,*,#371,.F.);
#371 = EDGE_CURVE('',#103,#349,#372,.T.);
#372 = SURFACE_CURVE('',#373,(#377,#384),.PCURVE_S1.);
#373 = LINE('',#374,#375);
#374 = CARTESIAN_POINT('',(-73.8,-47.9,60.));
#375 = VECTOR('',#376,1.);
#376 = DIRECTION('',(0.,0.,-1.));
#377 = PCURVE('',#118,#378);
#378 = DEFINITIONAL_REPRESENTATION('',(#379),#383);
#379 = LINE('',#380,#381);
#380 = CARTESIAN_POINT('',(32.5,-15.2));
#381 = VECTOR('',#382,1.);
#382 = DIRECTION('',(-1.,0.));
#383 = ( GEOMETRIC_REPRESENTATION_CONTEXT(2) 
PARAMETRIC_REPRESENTATION_CONTEXT() REPRESENTATION_CONTEXT('2D SPACE',''
  ) );
#384 = PCURVE('',#144,#385);
#385 = DEFINITIONAL_REPRESENTATION('',(#386),#390);
#386 = LINE('',#387,#388);
#387 = CARTESIAN_POINT('',(32.5,20.));
#388 = VECTOR('',#389,1.);
#389 = DIRECTION('',(-1.,0.));
#390 = ( GEOMETRIC_REPRESENTATION_CONTEXT(2) 
PARAMETRIC_REPRESENTATION_CONTEXT() REPRESENTATION_CONTEXT('2D SPACE',''
  ) );
#391 = FACE_BOUND('',#392,.T.);
#392 = EDGE_LOOP('',(#393,#421,#447,#473,#499,#525,#561,#597,#654,#717,
    #780,#837,#882,#921,#947,#986,#1025,#1076,#1127,#1178,#1229,#1268));
#393 = ORIENTED_EDGE('',*,*,#394,.F.);
#394 = EDGE_CURVE('',#395,#397,#399,.T.);
#395 = VERTEX_POINT('',#396);
#396 = CARTESIAN_POINT('',(-73.8,-54.27685551875,47.35791015625));
#397 = VERTEX_POINT('',#398);
#398 = CARTESIAN_POINT('',(-73.8,-54.27685551875,45.30712890625));
#399 = SURFACE_CURVE('',#400,(#404,#410),.PCURVE_S1.);
#400 = LINE('',#401,#402);
#401 = CARTESIAN_POINT('',(-73.8,-54.27685551875,36.403564453125));
#402 = VECTOR('',#403,1.);
#403 = DIRECTION('',(0.,-0.,-1.));
#404 = PCURVE('',#118,#405);
#405 = DEFINITIONAL_REPRESENTATION('',(#406),#409);
#406 = B_SPLINE_CURVE_WITH_KNOTS('',1,(#407,#408),.UNSPECIFIED.,.F.,.F.,
  (2,2),(-10.95434570312,-8.903564453125),.PIECEWISE_BEZIER_KNOTS.);
#407 = CARTESIAN_POINT('',(19.85791015625,-8.82314448125));
#408 = CARTESIAN_POINT('',(17.80712890625,-8.82314448125));
#409 = ( GEOMETRIC_REPRESENTATION_CONTEXT(2) 
PARAMETRIC_REPRESENTATION_CONTEXT() REPRESENTATION_CONTEXT('2D SPACE',''
  ) );
#410 = PCURVE('',#411,#416);
#411 = PLANE('',#412);
#412 = AXIS2_PLACEMENT_3D('',#413,#414,#415);
#413 = CARTESIAN_POINT('',(-73.85,-54.27685551875,45.30712890625));
#414 = DIRECTION('',(0.,-1.,0.));
#415 = DIRECTION('',(0.,0.,1.));
#416 = DEFINITIONAL_REPRESENTATION('',(#417),#420);
#417 = B_SPLINE_CURVE_WITH_KNOTS('',1,(#418,#419),.UNSPECIFIED.,.F.,.F.,
  (2,2),(-10.95434570312,-8.903564453125),.PIECEWISE_BEZIER_KNOTS.);
#418 = CARTESIAN_POINT('',(2.05078125,-5.E-02));
#419 = CARTESIAN_POINT('',(0.,-5.E-02));
#420 = ( GEOMETRIC_REPRESENTATION_CONTEXT(2) 
PARAMETRIC_REPRESENTATION_CONTEXT() REPRESENTATION_CONTEXT('2D SPACE',''
  ) );
#421 = ORIENTED_EDGE('',*,*,#422,.F.);
#422 = EDGE_CURVE('',#423,#395,#425,.T.);
#423 = VERTEX_POINT('',#424);
#424 = CARTESIAN_POINT('',(-73.8,-51.9404297375,47.35791015625));
#425 = SURFACE_CURVE('',#426,(#430,#436),.PCURVE_S1.);
#426 = LINE('',#427,#428);
#427 = CARTESIAN_POINT('',(-73.8,-58.68842775937,47.35791015625));
#428 = VECTOR('',#429,1.);
#429 = DIRECTION('',(0.,-1.,0.));
#430 = PCURVE('',#118,#431);
#431 = DEFINITIONAL_REPRESENTATION('',(#432),#435);
#432 = B_SPLINE_CURVE_WITH_KNOTS('',1,(#433,#434),.UNSPECIFIED.,.F.,.F.,
  (2,2),(-6.747998021875,-4.411572240625),.PIECEWISE_BEZIER_KNOTS.);
#433 = CARTESIAN_POINT('',(19.85791015625,-11.1595702625));
#434 = CARTESIAN_POINT('',(19.85791015625,-8.82314448125));
#435 = ( GEOMETRIC_REPRESENTATION_CONTEXT(2) 
PARAMETRIC_REPRESENTATION_CONTEXT() REPRESENTATION_CONTEXT('2D SPACE',''
  ) );
#436 = PCURVE('',#437,#442);
#437 = PLANE('',#438);
#438 = AXIS2_PLACEMENT_3D('',#439,#440,#441);
#439 = CARTESIAN_POINT('',(-73.85,-54.27685551875,47.35791015625));
#440 = DIRECTION('',(0.,0.,1.));
#441 = DIRECTION('',(0.,1.,0.));
#442 = DEFINITIONAL_REPRESENTATION('',(#443),#446);
#443 = B_SPLINE_CURVE_WITH_KNOTS('',1,(#444,#445),.UNSPECIFIED.,.F.,.F.,
  (2,2),(-6.747998021875,-4.411572240625),.PIECEWISE_BEZIER_KNOTS.);
#444 = CARTESIAN_POINT('',(2.33642578125,-5.E-02));
#445 = CARTESIAN_POINT('',(0.,-5.E-02));
#446 = ( GEOMETRIC_REPRESENTATION_CONTEXT(2) 
PARAMETRIC_REPRESENTATION_CONTEXT() REPRESENTATION_CONTEXT('2D SPACE',''
  ) );
#447 = ORIENTED_EDGE('',*,*,#448,.F.);
#448 = EDGE_CURVE('',#449,#423,#451,.T.);
#449 = VERTEX_POINT('',#450);
#450 = CARTESIAN_POINT('',(-73.8,-51.9404297375,46.6669921875));
#451 = SURFACE_CURVE('',#452,(#456,#462),.PCURVE_S1.);
#452 = LINE('',#453,#454);
#453 = CARTESIAN_POINT('',(-73.8,-51.9404297375,37.428955078125));
#454 = VECTOR('',#455,1.);
#455 = DIRECTION('',(0.,0.,1.));
#456 = PCURVE('',#118,#457);
#457 = DEFINITIONAL_REPRESENTATION('',(#458),#461);
#458 = B_SPLINE_CURVE_WITH_KNOTS('',1,(#459,#460),.UNSPECIFIED.,.F.,.F.,
  (2,2),(9.238037109375,9.928955078125),.PIECEWISE_BEZIER_KNOTS.);
#459 = CARTESIAN_POINT('',(19.1669921875,-11.1595702625));
#460 = CARTESIAN_POINT('',(19.85791015625,-11.1595702625));
#461 = ( GEOMETRIC_REPRESENTATION_CONTEXT(2) 
PARAMETRIC_REPRESENTATION_CONTEXT() REPRESENTATION_CONTEXT('2D SPACE',''
  ) );
#462 = PCURVE('',#463,#468);
#463 = PLANE('',#464);
#464 = AXIS2_PLACEMENT_3D('',#465,#466,#467);
#465 = CARTESIAN_POINT('',(-73.85,-51.9404297375,47.35791015625));
#466 = DIRECTION('',(-0.,1.,0.));
#467 = DIRECTION('',(0.,0.,-1.));
#468 = DEFINITIONAL_REPRESENTATION('',(#469),#472);
#469 = B_SPLINE_CURVE_WITH_KNOTS('',1,(#470,#471),.UNSPECIFIED.,.F.,.F.,
  (2,2),(9.238037109375,9.928955078125),.PIECEWISE_BEZIER_KNOTS.);
#470 = CARTESIAN_POINT('',(0.69091796875,-5.E-02));
#471 = CARTESIAN_POINT('',(0.,-5.E-02));
#472 = ( GEOMETRIC_REPRESENTATION_CONTEXT(2) 
PARAMETRIC_REPRESENTATION_CONTEXT() REPRESENTATION_CONTEXT('2D SPACE',''
  ) );
#473 = ORIENTED_EDGE('',*,*,#474,.F.);
#474 = EDGE_CURVE('',#475,#449,#477,.T.);
#475 = VERTEX_POINT('',#476);
#476 = CARTESIAN_POINT('',(-73.8,-53.5273438,46.6669921875));
#477 = SURFACE_CURVE('',#478,(#482,#488),.PCURVE_S1.);
#478 = LINE('',#479,#480);
#479 = CARTESIAN_POINT('',(-73.8,-57.52021486875,46.6669921875));
#480 = VECTOR('',#481,1.);
#481 = DIRECTION('',(0.,1.,0.));
#482 = PCURVE('',#118,#483);
#483 = DEFINITIONAL_REPRESENTATION('',(#484),#487);
#484 = B_SPLINE_CURVE_WITH_KNOTS('',1,(#485,#486),.UNSPECIFIED.,.F.,.F.,
  (2,2),(3.99287106875,5.57978513125),.PIECEWISE_BEZIER_KNOTS.);
#485 = CARTESIAN_POINT('',(19.1669921875,-9.5726562));
#486 = CARTESIAN_POINT('',(19.1669921875,-11.1595702625));
#487 = ( GEOMETRIC_REPRESENTATION_CONTEXT(2) 
PARAMETRIC_REPRESENTATION_CONTEXT() REPRESENTATION_CONTEXT('2D SPACE',''
  ) );
#488 = PCURVE('',#489,#494);
#489 = PLANE('',#490);
#490 = AXIS2_PLACEMENT_3D('',#491,#492,#493);
#491 = CARTESIAN_POINT('',(-73.85,-51.9404297375,46.6669921875));
#492 = DIRECTION('',(0.,0.,-1.));
#493 = DIRECTION('',(0.,-1.,0.));
#494 = DEFINITIONAL_REPRESENTATION('',(#495),#498);
#495 = B_SPLINE_CURVE_WITH_KNOTS('',1,(#496,#497),.UNSPECIFIED.,.F.,.F.,
  (2,2),(3.99287106875,5.57978513125),.PIECEWISE_BEZIER_KNOTS.);
#496 = CARTESIAN_POINT('',(1.5869140625,-5.E-02));
#497 = CARTESIAN_POINT('',(0.,-5.E-02));
#498 = ( GEOMETRIC_REPRESENTATION_CONTEXT(2) 
PARAMETRIC_REPRESENTATION_CONTEXT() REPRESENTATION_CONTEXT('2D SPACE',''
  ) );
#499 = ORIENTED_EDGE('',*,*,#500,.F.);
#500 = EDGE_CURVE('',#501,#475,#503,.T.);
#501 = VERTEX_POINT('',#502);
#502 = CARTESIAN_POINT('',(-73.8,-53.5273438,46.10302734375));
#503 = SURFACE_CURVE('',#504,(#508,#514),.PCURVE_S1.);
#504 = LINE('',#505,#506);
#505 = CARTESIAN_POINT('',(-73.8,-53.5273438,37.08349609375));
#506 = VECTOR('',#507,1.);
#507 = DIRECTION('',(0.,0.,1.));
#508 = PCURVE('',#118,#509);
#509 = DEFINITIONAL_REPRESENTATION('',(#510),#513);
#510 = B_SPLINE_CURVE_WITH_KNOTS('',1,(#511,#512),.UNSPECIFIED.,.F.,.F.,
  (2,2),(9.01953125,9.58349609375),.PIECEWISE_BEZIER_KNOTS.);
#511 = CARTESIAN_POINT('',(18.60302734375,-9.5726562));
#512 = CARTESIAN_POINT('',(19.1669921875,-9.5726562));
#513 = ( GEOMETRIC_REPRESENTATION_CONTEXT(2) 
PARAMETRIC_REPRESENTATION_CONTEXT() REPRESENTATION_CONTEXT('2D SPACE',''
  ) );
#514 = PCURVE('',#515,#520);
#515 = PLANE('',#516);
#516 = AXIS2_PLACEMENT_3D('',#517,#518,#519);
#517 = CARTESIAN_POINT('',(-73.85,-53.5273438,46.6669921875));
#518 = DIRECTION('',(-0.,1.,0.));
#519 = DIRECTION('',(0.,0.,-1.));
#520 = DEFINITIONAL_REPRESENTATION('',(#521),#524);
#521 = B_SPLINE_CURVE_WITH_KNOTS('',1,(#522,#523),.UNSPECIFIED.,.F.,.F.,
  (2,2),(9.01953125,9.58349609375),.PIECEWISE_BEZIER_KNOTS.);
#522 = CARTESIAN_POINT('',(0.56396484375,-5.E-02));
#523 = CARTESIAN_POINT('',(0.,-5.E-02));
#524 = ( GEOMETRIC_REPRESENTATION_CONTEXT(2) 
PARAMETRIC_REPRESENTATION_CONTEXT() REPRESENTATION_CONTEXT('2D SPACE',''
  ) );
#525 = ORIENTED_EDGE('',*,*,#526,.F.);
#526 = EDGE_CURVE('',#527,#501,#529,.T.);
#527 = VERTEX_POINT('',#528);
#528 = CARTESIAN_POINT('',(-73.8,-53.31127934687,46.148193359375));
#529 = SURFACE_CURVE('',#530,(#536,#545),.PCURVE_S1.);
#530 = B_SPLINE_CURVE_WITH_KNOTS('',4,(#531,#532,#533,#534,#535),
  .UNSPECIFIED.,.F.,.F.,(5,5),(0.,1.),.PIECEWISE_BEZIER_KNOTS.);
#531 = CARTESIAN_POINT('',(-73.8,-53.31127934687,46.148193359375));
#532 = CARTESIAN_POINT('',(-73.8,-53.36561525333,46.140256653936));
#533 = CARTESIAN_POINT('',(-73.8,-53.41974203817,46.130081599911));
#534 = CARTESIAN_POINT('',(-73.8,-53.47365350709,46.117670150905));
#535 = CARTESIAN_POINT('',(-73.8,-53.5273438,46.10302734375));
#536 = PCURVE('',#118,#537);
#537 = DEFINITIONAL_REPRESENTATION('',(#538),#544);
#538 = B_SPLINE_CURVE_WITH_KNOTS('',4,(#539,#540,#541,#542,#543),
  .UNSPECIFIED.,.F.,.F.,(5,5),(0.,1.),.PIECEWISE_BEZIER_KNOTS.);
#539 = CARTESIAN_POINT('',(18.648193359375,-9.788720653125));
#540 = CARTESIAN_POINT('',(18.640256653936,-9.734384746661));
#541 = CARTESIAN_POINT('',(18.630081599911,-9.680257961823));
#542 = CARTESIAN_POINT('',(18.617670150905,-9.626346492903));
#543 = CARTESIAN_POINT('',(18.60302734375,-9.5726562));
#544 = ( GEOMETRIC_REPRESENTATION_CONTEXT(2) 
PARAMETRIC_REPRESENTATION_CONTEXT() REPRESENTATION_CONTEXT('2D SPACE',''
  ) );
#545 = PCURVE('',#546,#553);
#546 = SURFACE_OF_LINEAR_EXTRUSION('',#547,#551);
#547 = B_SPLINE_CURVE_WITH_KNOTS('',2,(#548,#549,#550),.UNSPECIFIED.,.F.
  ,.F.,(3,3),(0.,1.),.PIECEWISE_BEZIER_KNOTS.);
#548 = CARTESIAN_POINT('',(-73.85,-53.5273438,46.10302734375));
#549 = CARTESIAN_POINT('',(-73.85,-53.419921925,46.13232421875));
#550 = CARTESIAN_POINT('',(-73.85,-53.31127934687,46.148193359375));
#551 = VECTOR('',#552,1.);
#552 = DIRECTION('',(-1.,-0.,-0.));
#553 = DEFINITIONAL_REPRESENTATION('',(#554),#560);
#554 = B_SPLINE_CURVE_WITH_KNOTS('',4,(#555,#556,#557,#558,#559),
  .UNSPECIFIED.,.F.,.F.,(5,5),(0.,1.),.PIECEWISE_BEZIER_KNOTS.);
#555 = CARTESIAN_POINT('',(1.,-5.E-02));
#556 = CARTESIAN_POINT('',(0.749932727103,-5.E-02));
#557 = CARTESIAN_POINT('',(0.499891049791,-5.E-02));
#558 = CARTESIAN_POINT('',(0.249903908785,-5.E-02));
#559 = CARTESIAN_POINT('',(0.,-5.E-02));
#560 = ( GEOMETRIC_REPRESENTATION_CONTEXT(2) 
PARAMETRIC_REPRESENTATION_CONTEXT() REPRESENTATION_CONTEXT('2D SPACE',''
  ) );
#561 = ORIENTED_EDGE('',*,*,#562,.F.);
#562 = EDGE_CURVE('',#563,#527,#565,.T.);
#563 = VERTEX_POINT('',#564);
#564 = CARTESIAN_POINT('',(-73.8,-53.08544926875,46.1640625));
#565 = SURFACE_CURVE('',#566,(#572,#581),.PCURVE_S1.);
#566 = B_SPLINE_CURVE_WITH_KNOTS('',4,(#567,#568,#569,#570,#571),
  .UNSPECIFIED.,.F.,.F.,(5,5),(0.,1.),.PIECEWISE_BEZIER_KNOTS.);
#567 = CARTESIAN_POINT('',(-73.8,-53.08544926875,46.1640625));
#568 = CARTESIAN_POINT('',(-73.8,-53.1439437012,46.1640625));
#569 = CARTESIAN_POINT('',(-73.8,-53.20109271812,46.1614266082));
#570 = CARTESIAN_POINT('',(-73.8,-53.25687680254,46.156139798435));
#571 = CARTESIAN_POINT('',(-73.8,-53.31127934687,46.148193359375));
#572 = PCURVE('',#118,#573);
#573 = DEFINITIONAL_REPRESENTATION('',(#574),#580);
#574 = B_SPLINE_CURVE_WITH_KNOTS('',4,(#575,#576,#577,#578,#579),
  .UNSPECIFIED.,.F.,.F.,(5,5),(0.,1.),.PIECEWISE_BEZIER_KNOTS.);
#575 = CARTESIAN_POINT('',(18.6640625,-10.01455073125));
#576 = CARTESIAN_POINT('',(18.6640625,-9.956056298798));
#577 = CARTESIAN_POINT('',(18.6614266082,-9.898907281879));
#578 = CARTESIAN_POINT('',(18.656139798435,-9.843123197456));
#579 = CARTESIAN_POINT('',(18.648193359375,-9.788720653125));
#580 = ( GEOMETRIC_REPRESENTATION_CONTEXT(2) 
PARAMETRIC_REPRESENTATION_CONTEXT() REPRESENTATION_CONTEXT('2D SPACE',''
  ) );
#581 = PCURVE('',#582,#589);
#582 = SURFACE_OF_LINEAR_EXTRUSION('',#583,#587);
#583 = B_SPLINE_CURVE_WITH_KNOTS('',2,(#584,#585,#586),.UNSPECIFIED.,.F.
  ,.F.,(3,3),(0.,1.),.PIECEWISE_BEZIER_KNOTS.);
#584 = CARTESIAN_POINT('',(-73.85,-53.31127934687,46.148193359375));
#585 = CARTESIAN_POINT('',(-73.85,-53.20263676875,46.1640625));
#586 = CARTESIAN_POINT('',(-73.85,-53.08544926875,46.1640625));
#587 = VECTOR('',#588,1.);
#588 = DIRECTION('',(-1.,-0.,-0.));
#589 = DEFINITIONAL_REPRESENTATION('',(#590),#596);
#590 = B_SPLINE_CURVE_WITH_KNOTS('',4,(#591,#592,#593,#594,#595),
  .UNSPECIFIED.,.F.,.F.,(5,5),(0.,1.),.PIECEWISE_BEZIER_KNOTS.);
#591 = CARTESIAN_POINT('',(1.,-5.E-02));
#592 = CARTESIAN_POINT('',(0.75042375487,-5.E-02));
#593 = CARTESIAN_POINT('',(0.500532156908,-5.E-02));
#594 = CARTESIAN_POINT('',(0.250373956831,-5.E-02));
#595 = CARTESIAN_POINT('',(0.,-5.E-02));
#596 = ( GEOMETRIC_REPRESENTATION_CONTEXT(2) 
PARAMETRIC_REPRESENTATION_CONTEXT() REPRESENTATION_CONTEXT('2D SPACE',''
  ) );
#597 = ORIENTED_EDGE('',*,*,#598,.F.);
#598 = EDGE_CURVE('',#599,#563,#601,.T.);
#599 = VERTEX_POINT('',#600);
#600 = CARTESIAN_POINT('',(-73.8,-52.0478516125,45.830810546875));
#601 = SURFACE_CURVE('',#602,(#615,#631),.PCURVE_S1.);
#602 = B_SPLINE_CURVE_WITH_KNOTS('',6,(#603,#604,#605,#606,#607,#608,
    #609,#610,#611,#612,#613,#614),.UNSPECIFIED.,.F.,.F.,(7,5,7),(0.,
    0.482317289736,1.),.UNSPECIFIED.);
#603 = CARTESIAN_POINT('',(-73.8,-52.0478516125,45.830810546875));
#604 = CARTESIAN_POINT('',(-73.8,-52.11118277422,45.887683596711));
#605 = CARTESIAN_POINT('',(-73.8,-52.17970812265,45.938761439192));
#606 = CARTESIAN_POINT('',(-73.8,-52.25307165958,45.983705679217));
#607 = CARTESIAN_POINT('',(-73.8,-52.33078323515,46.022457413097));
#608 = CARTESIAN_POINT('',(-73.8,-52.41227419357,46.055159225682));
#609 = CARTESIAN_POINT('',(-73.8,-52.58784083192,46.110968881257));
#610 = CARTESIAN_POINT('',(-73.8,-52.68241958148,46.133203489837));
#611 = CARTESIAN_POINT('',(-73.8,-52.78002616132,46.149127991012));
#612 = CARTESIAN_POINT('',(-73.8,-52.88004633802,46.159243540505));
#613 = CARTESIAN_POINT('',(-73.8,-52.98197768622,46.1640625));
#614 = CARTESIAN_POINT('',(-73.8,-53.08544926875,46.1640625));
#615 = PCURVE('',#118,#616);
#616 = DEFINITIONAL_REPRESENTATION('',(#617),#630);
#617 = B_SPLINE_CURVE_WITH_KNOTS('',6,(#618,#619,#620,#621,#622,#623,
    #624,#625,#626,#627,#628,#629),.UNSPECIFIED.,.F.,.F.,(7,5,7),(0.,
    0.482317289736,1.),.UNSPECIFIED.);
#618 = CARTESIAN_POINT('',(18.330810546875,-11.0521483875));
#619 = CARTESIAN_POINT('',(18.387683596711,-10.98881722577));
#620 = CARTESIAN_POINT('',(18.438761439192,-10.92029187734));
#621 = CARTESIAN_POINT('',(18.483705679217,-10.84692834042));
#622 = CARTESIAN_POINT('',(18.522457413097,-10.76921676484));
#623 = CARTESIAN_POINT('',(18.555159225682,-10.68772580642));
#624 = CARTESIAN_POINT('',(18.610968881257,-10.51215916807));
#625 = CARTESIAN_POINT('',(18.633203489837,-10.41758041852));
#626 = CARTESIAN_POINT('',(18.649127991012,-10.31997383868));
#627 = CARTESIAN_POINT('',(18.659243540505,-10.21995366198));
#628 = CARTESIAN_POINT('',(18.6640625,-10.11802231377));
#629 = CARTESIAN_POINT('',(18.6640625,-10.01455073125));
#630 = ( GEOMETRIC_REPRESENTATION_CONTEXT(2) 
PARAMETRIC_REPRESENTATION_CONTEXT() REPRESENTATION_CONTEXT('2D SPACE',''
  ) );
#631 = PCURVE('',#632,#639);
#632 = SURFACE_OF_LINEAR_EXTRUSION('',#633,#637);
#633 = B_SPLINE_CURVE_WITH_KNOTS('',2,(#634,#635,#636),.UNSPECIFIED.,.F.
  ,.F.,(3,3),(0.,1.),.PIECEWISE_BEZIER_KNOTS.);
#634 = CARTESIAN_POINT('',(-73.85,-53.08544926875,46.1640625));
#635 = CARTESIAN_POINT('',(-73.85,-52.4189453625,46.1640625));
#636 = CARTESIAN_POINT('',(-73.85,-52.0478516125,45.830810546875));
#637 = VECTOR('',#638,1.);
#638 = DIRECTION('',(-1.,-0.,-0.));
#639 = DEFINITIONAL_REPRESENTATION('',(#640),#653);
#640 = B_SPLINE_CURVE_WITH_KNOTS('',6,(#641,#642,#643,#644,#645,#646,
    #647,#648,#649,#650,#651,#652),.UNSPECIFIED.,.F.,.F.,(7,5,7),(0.,
    0.482317289736,1.),.UNSPECIFIED.);
#641 = CARTESIAN_POINT('',(1.,-5.E-02));
#642 = CARTESIAN_POINT('',(0.914669592626,-5.E-02));
#643 = CARTESIAN_POINT('',(0.829296392411,-5.E-02));
#644 = CARTESIAN_POINT('',(0.744372495118,-5.E-02));
#645 = CARTESIAN_POINT('',(0.66030477371,-5.E-02));
#646 = CARTESIAN_POINT('',(0.577425005617,-5.E-02));
#647 = CARTESIAN_POINT('',(0.408604589368,-5.E-02));
#648 = CARTESIAN_POINT('',(0.322867245572,-5.E-02));
#649 = CARTESIAN_POINT('',(0.239054680276,-5.E-02));
#650 = CARTESIAN_POINT('',(0.157294413735,-5.E-02));
#651 = CARTESIAN_POINT('',(7.762263773622E-02,-5.E-02));
#652 = CARTESIAN_POINT('',(0.,-5.E-02));
#653 = ( GEOMETRIC_REPRESENTATION_CONTEXT(2) 
PARAMETRIC_REPRESENTATION_CONTEXT() REPRESENTATION_CONTEXT('2D SPACE',''
  ) );
#654 = ORIENTED_EDGE('',*,*,#655,.F.);
#655 = EDGE_CURVE('',#656,#599,#658,.T.);
#656 = VERTEX_POINT('',#657);
#657 = CARTESIAN_POINT('',(-73.8,-51.6767578625,44.90185546875));
#658 = SURFACE_CURVE('',#659,(#674,#692),.PCURVE_S1.);
#659 = B_SPLINE_CURVE_WITH_KNOTS('',5,(#660,#661,#662,#663,#664,#665,
    #666,#667,#668,#669,#670,#671,#672,#673),.UNSPECIFIED.,.F.,.F.,(6,4,
    4,6),(0.,0.272753086252,0.762272921157,1.),.UNSPECIFIED.);
#660 = CARTESIAN_POINT('',(-73.8,-51.6767578625,44.90185546875));
#661 = CARTESIAN_POINT('',(-73.8,-51.6767578625,44.961928144774));
#662 = CARTESIAN_POINT('',(-73.8,-51.67911653771,45.021311397525));
#663 = CARTESIAN_POINT('',(-73.8,-51.68398724098,45.079873339802));
#664 = CARTESIAN_POINT('',(-73.8,-51.69152254689,45.137454628983));
#665 = CARTESIAN_POINT('',(-73.8,-51.72036772648,45.295146963289));
#666 = CARTESIAN_POINT('',(-73.8,-51.74787250565,45.392726611672));
#667 = CARTESIAN_POINT('',(-73.8,-51.78505097346,45.4855060107));
#668 = CARTESIAN_POINT('',(-73.8,-51.83223432871,45.572381472103));
#669 = CARTESIAN_POINT('',(-73.8,-51.91634638035,45.691494829832));
#670 = CARTESIAN_POINT('',(-73.8,-51.94607037756,45.728857515339));
#671 = CARTESIAN_POINT('',(-73.8,-51.97796337457,45.764560616527));
#672 = CARTESIAN_POINT('',(-73.8,-52.01193084399,45.798552751476));
#673 = CARTESIAN_POINT('',(-73.8,-52.0478516125,45.830810546875));
#674 = PCURVE('',#118,#675);
#675 = DEFINITIONAL_REPRESENTATION('',(#676),#691);
#676 = B_SPLINE_CURVE_WITH_KNOTS('',5,(#677,#678,#679,#680,#681,#682,
    #683,#684,#685,#686,#687,#688,#689,#690),.UNSPECIFIED.,.F.,.F.,(6,4,
    4,6),(0.,0.272753086252,0.762272921157,1.),.UNSPECIFIED.);
#677 = CARTESIAN_POINT('',(17.40185546875,-11.4232421375));
#678 = CARTESIAN_POINT('',(17.461928144774,-11.4232421375));
#679 = CARTESIAN_POINT('',(17.521311397525,-11.42088346228));
#680 = CARTESIAN_POINT('',(17.579873339802,-11.41601275901));
#681 = CARTESIAN_POINT('',(17.637454628983,-11.40847745311));
#682 = CARTESIAN_POINT('',(17.795146963289,-11.37963227351));
#683 = CARTESIAN_POINT('',(17.892726611672,-11.35212749434));
#684 = CARTESIAN_POINT('',(17.9855060107,-11.31494902654));
#685 = CARTESIAN_POINT('',(18.072381472103,-11.26776567128));
#686 = CARTESIAN_POINT('',(18.191494829832,-11.18365361964));
#687 = CARTESIAN_POINT('',(18.228857515339,-11.15392962243));
#688 = CARTESIAN_POINT('',(18.264560616527,-11.12203662542));
#689 = CARTESIAN_POINT('',(18.298552751476,-11.088069156));
#690 = CARTESIAN_POINT('',(18.330810546875,-11.0521483875));
#691 = ( GEOMETRIC_REPRESENTATION_CONTEXT(2) 
PARAMETRIC_REPRESENTATION_CONTEXT() REPRESENTATION_CONTEXT('2D SPACE',''
  ) );
#692 = PCURVE('',#693,#700);
#693 = SURFACE_OF_LINEAR_EXTRUSION('',#694,#698);
#694 = B_SPLINE_CURVE_WITH_KNOTS('',2,(#695,#696,#697),.UNSPECIFIED.,.F.
  ,.F.,(3,3),(0.,1.),.PIECEWISE_BEZIER_KNOTS.);
#695 = CARTESIAN_POINT('',(-73.85,-52.0478516125,45.830810546875));
#696 = CARTESIAN_POINT('',(-73.85,-51.6767578625,45.49755859375));
#697 = CARTESIAN_POINT('',(-73.85,-51.6767578625,44.90185546875));
#698 = VECTOR('',#699,1.);
#699 = DIRECTION('',(-1.,-0.,-0.));
#700 = DEFINITIONAL_REPRESENTATION('',(#701),#716);
#701 = B_SPLINE_CURVE_WITH_KNOTS('',5,(#702,#703,#704,#705,#706,#707,
    #708,#709,#710,#711,#712,#713,#714,#715),.UNSPECIFIED.,.F.,.F.,(6,4,
    4,6),(0.,0.272753086252,0.762272921157,1.),.UNSPECIFIED.);
#702 = CARTESIAN_POINT('',(1.,-5.E-02));
#703 = CARTESIAN_POINT('',(0.949578344059,-5.E-02));
#704 = CARTESIAN_POINT('',(0.898335206161,-5.E-02));
#705 = CARTESIAN_POINT('',(0.846290252495,-5.E-02));
#706 = CARTESIAN_POINT('',(0.793486655794,-5.E-02));
#707 = CARTESIAN_POINT('',(0.644005563149,-5.E-02));
#708 = CARTESIAN_POINT('',(0.545775390571,-5.E-02));
#709 = CARTESIAN_POINT('',(0.445831831277,-5.E-02));
#710 = CARTESIAN_POINT('',(0.344904655031,-5.E-02));
#711 = CARTESIAN_POINT('',(0.194997350522,-5.E-02));
#712 = CARTESIAN_POINT('',(0.145992578699,-5.E-02));
#713 = CARTESIAN_POINT('',(9.709321823483E-02,-5.E-02));
#714 = CARTESIAN_POINT('',(4.839850914032E-02,-5.E-02));
#715 = CARTESIAN_POINT('',(0.,-5.E-02));
#716 = ( GEOMETRIC_REPRESENTATION_CONTEXT(2) 
PARAMETRIC_REPRESENTATION_CONTEXT() REPRESENTATION_CONTEXT('2D SPACE',''
  ) );
#717 = ORIENTED_EDGE('',*,*,#718,.F.);
#718 = EDGE_CURVE('',#719,#656,#721,.T.);
#719 = VERTEX_POINT('',#720);
#720 = CARTESIAN_POINT('',(-73.8,-52.08081059687,43.9765625));
#721 = SURFACE_CURVE('',#722,(#737,#755),.PCURVE_S1.);
#722 = B_SPLINE_CURVE_WITH_KNOTS('',5,(#723,#724,#725,#726,#727,#728,
    #729,#730,#731,#732,#733,#734,#735,#736),.UNSPECIFIED.,.F.,.F.,(6,4,
    4,6),(0.,0.332803221424,0.768543000673,1.),.UNSPECIFIED.);
#723 = CARTESIAN_POINT('',(-73.8,-52.08081059687,43.9765625));
#724 = CARTESIAN_POINT('',(-73.8,-52.02710259101,44.021021695182));
#725 = CARTESIAN_POINT('',(-73.8,-51.9771922517,44.068861549486));
#726 = CARTESIAN_POINT('',(-73.8,-51.93148698422,44.120067589513));
#727 = CARTESIAN_POINT('',(-73.8,-51.89030972168,44.17452190727));
#728 = CARTESIAN_POINT('',(-73.8,-51.8060706204,44.307145765939));
#729 = CARTESIAN_POINT('',(-73.8,-51.76634987956,44.387465375052));
#730 = CARTESIAN_POINT('',(-73.8,-51.73507528906,44.472287410264));
#731 = CARTESIAN_POINT('',(-73.8,-51.71202124752,44.560798428081));
#732 = CARTESIAN_POINT('',(-73.8,-51.68851753168,44.700697386123));
#733 = CARTESIAN_POINT('',(-73.8,-51.68253633726,44.750042637313));
#734 = CARTESIAN_POINT('',(-73.8,-51.67864957567,44.80008553995));
#735 = CARTESIAN_POINT('',(-73.8,-51.6767578625,44.850720143385));
#736 = CARTESIAN_POINT('',(-73.8,-51.6767578625,44.90185546875));
#737 = PCURVE('',#118,#738);
#738 = DEFINITIONAL_REPRESENTATION('',(#739),#754);
#739 = B_SPLINE_CURVE_WITH_KNOTS('',5,(#740,#741,#742,#743,#744,#745,
    #746,#747,#748,#749,#750,#751,#752,#753),.UNSPECIFIED.,.F.,.F.,(6,4,
    4,6),(0.,0.332803221424,0.768543000673,1.),.UNSPECIFIED.);
#740 = CARTESIAN_POINT('',(16.4765625,-11.01918940312));
#741 = CARTESIAN_POINT('',(16.521021695182,-11.07289740898));
#742 = CARTESIAN_POINT('',(16.568861549486,-11.12280774829));
#743 = CARTESIAN_POINT('',(16.620067589513,-11.16851301577));
#744 = CARTESIAN_POINT('',(16.67452190727,-11.20969027831));
#745 = CARTESIAN_POINT('',(16.807145765939,-11.29392937959));
#746 = CARTESIAN_POINT('',(16.887465375052,-11.33365012043));
#747 = CARTESIAN_POINT('',(16.972287410264,-11.36492471093));
#748 = CARTESIAN_POINT('',(17.060798428081,-11.38797875247));
#749 = CARTESIAN_POINT('',(17.200697386123,-11.41148246831));
#750 = CARTESIAN_POINT('',(17.250042637313,-11.41746366273));
#751 = CARTESIAN_POINT('',(17.30008553995,-11.42135042432));
#752 = CARTESIAN_POINT('',(17.350720143385,-11.4232421375));
#753 = CARTESIAN_POINT('',(17.40185546875,-11.4232421375));
#754 = ( GEOMETRIC_REPRESENTATION_CONTEXT(2) 
PARAMETRIC_REPRESENTATION_CONTEXT() REPRESENTATION_CONTEXT('2D SPACE',''
  ) );
#755 = PCURVE('',#756,#763);
#756 = SURFACE_OF_LINEAR_EXTRUSION('',#757,#761);
#757 = B_SPLINE_CURVE_WITH_KNOTS('',2,(#758,#759,#760),.UNSPECIFIED.,.F.
  ,.F.,(3,3),(0.,1.),.PIECEWISE_BEZIER_KNOTS.);
#758 = CARTESIAN_POINT('',(-73.85,-51.6767578625,44.90185546875));
#759 = CARTESIAN_POINT('',(-73.85,-51.6767578625,44.31103515625));
#760 = CARTESIAN_POINT('',(-73.85,-52.08081059687,43.9765625));
#761 = VECTOR('',#762,1.);
#762 = DIRECTION('',(-1.,-0.,-0.));
#763 = DEFINITIONAL_REPRESENTATION('',(#764),#779);
#764 = B_SPLINE_CURVE_WITH_KNOTS('',5,(#765,#766,#767,#768,#769,#770,
    #771,#772,#773,#774,#775,#776,#777,#778),.UNSPECIFIED.,.F.,.F.,(6,4,
    4,6),(0.,0.332803221424,0.768543000673,1.),.UNSPECIFIED.);
#765 = CARTESIAN_POINT('',(1.,-5.E-02));
#766 = CARTESIAN_POINT('',(0.933538370998,-5.E-02));
#767 = CARTESIAN_POINT('',(0.86625478022,-5.E-02));
#768 = CARTESIAN_POINT('',(0.79838021841,-5.E-02));
#769 = CARTESIAN_POINT('',(0.730187856636,-5.E-02));
#770 = CARTESIAN_POINT('',(0.572721532469,-5.E-02));
#771 = CARTESIAN_POINT('',(0.483421895253,-5.E-02));
#772 = CARTESIAN_POINT('',(0.394846808881,-5.E-02));
#773 = CARTESIAN_POINT('',(0.307563546248,-5.E-02));
#774 = CARTESIAN_POINT('',(0.17655020953,-5.E-02));
#775 = CARTESIAN_POINT('',(0.131578865827,-5.E-02));
#776 = CARTESIAN_POINT('',(8.71416462724E-02,-5.E-02));
#777 = CARTESIAN_POINT('',(4.32748538623E-02,-5.E-02));
#778 = CARTESIAN_POINT('',(0.,-5.E-02));
#779 = ( GEOMETRIC_REPRESENTATION_CONTEXT(2) 
PARAMETRIC_REPRESENTATION_CONTEXT() REPRESENTATION_CONTEXT('2D SPACE',''
  ) );
#780 = ORIENTED_EDGE('',*,*,#781,.F.);
#781 = EDGE_CURVE('',#782,#719,#784,.T.);
#782 = VERTEX_POINT('',#783);
#783 = CARTESIAN_POINT('',(-73.8,-53.20263676875,43.64208984375));
#784 = SURFACE_CURVE('',#785,(#798,#814),.PCURVE_S1.);
#785 = B_SPLINE_CURVE_WITH_KNOTS('',6,(#786,#787,#788,#789,#790,#791,
    #792,#793,#794,#795,#796,#797),.UNSPECIFIED.,.F.,.F.,(7,5,7),(0.,
    0.524553732747,1.),.UNSPECIFIED.);
#786 = CARTESIAN_POINT('',(-73.8,-53.20263676875,43.64208984375));
#787 = CARTESIAN_POINT('',(-73.8,-53.09076221559,43.64208984375));
#788 = CARTESIAN_POINT('',(-73.8,-52.9803878996,43.646965027674));
#789 = CARTESIAN_POINT('',(-73.8,-52.87187773002,43.657218162732));
#790 = CARTESIAN_POINT('',(-73.8,-52.7657464288,43.67340328928));
#791 = CARTESIAN_POINT('',(-73.8,-52.66264350586,43.696086789444));
#792 = CARTESIAN_POINT('',(-73.8,-52.47324441739,43.752556158585));
#793 = CARTESIAN_POINT('',(-73.8,-52.38626744111,43.785107057536));
#794 = CARTESIAN_POINT('',(-73.8,-52.30295668994,43.823673833959));
#795 = CARTESIAN_POINT('',(-73.8,-52.2239196953,43.868467338547));
#796 = CARTESIAN_POINT('',(-73.8,-52.14972228204,43.919517781761));
#797 = CARTESIAN_POINT('',(-73.8,-52.08081059687,43.9765625));
#798 = PCURVE('',#118,#799);
#799 = DEFINITIONAL_REPRESENTATION('',(#800),#813);
#800 = B_SPLINE_CURVE_WITH_KNOTS('',6,(#801,#802,#803,#804,#805,#806,
    #807,#808,#809,#810,#811,#812),.UNSPECIFIED.,.F.,.F.,(7,5,7),(0.,
    0.524553732747,1.),.UNSPECIFIED.);
#801 = CARTESIAN_POINT('',(16.14208984375,-9.89736323125));
#802 = CARTESIAN_POINT('',(16.14208984375,-10.00923778441));
#803 = CARTESIAN_POINT('',(16.146965027674,-10.11961210039));
#804 = CARTESIAN_POINT('',(16.157218162732,-10.22812226997));
#805 = CARTESIAN_POINT('',(16.17340328928,-10.33425357119));
#806 = CARTESIAN_POINT('',(16.196086789444,-10.43735649413));
#807 = CARTESIAN_POINT('',(16.252556158585,-10.6267555826));
#808 = CARTESIAN_POINT('',(16.285107057536,-10.71373255889));
#809 = CARTESIAN_POINT('',(16.323673833959,-10.79704331005));
#810 = CARTESIAN_POINT('',(16.368467338547,-10.87608030469));
#811 = CARTESIAN_POINT('',(16.419517781761,-10.95027771795));
#812 = CARTESIAN_POINT('',(16.4765625,-11.01918940312));
#813 = ( GEOMETRIC_REPRESENTATION_CONTEXT(2) 
PARAMETRIC_REPRESENTATION_CONTEXT() REPRESENTATION_CONTEXT('2D SPACE',''
  ) );
#814 = PCURVE('',#815,#822);
#815 = SURFACE_OF_LINEAR_EXTRUSION('',#816,#820);
#816 = B_SPLINE_CURVE_WITH_KNOTS('',2,(#817,#818,#819),.UNSPECIFIED.,.F.
  ,.F.,(3,3),(0.,1.),.PIECEWISE_BEZIER_KNOTS.);
#817 = CARTESIAN_POINT('',(-73.85,-52.08081059687,43.9765625));
#818 = CARTESIAN_POINT('',(-73.85,-52.48486333125,43.64208984375));
#819 = CARTESIAN_POINT('',(-73.85,-53.20263676875,43.64208984375));
#820 = VECTOR('',#821,1.);
#821 = DIRECTION('',(-1.,-0.,-0.));
#822 = DEFINITIONAL_REPRESENTATION('',(#823),#836);
#823 = B_SPLINE_CURVE_WITH_KNOTS('',6,(#824,#825,#826,#827,#828,#829,
    #830,#831,#832,#833,#834,#835),.UNSPECIFIED.,.F.,.F.,(7,5,7),(0.,
    0.524553732747,1.),.UNSPECIFIED.);
#824 = CARTESIAN_POINT('',(1.,-5.E-02));
#825 = CARTESIAN_POINT('',(0.922068338479,-5.E-02));
#826 = CARTESIAN_POINT('',(0.841996397257,-5.E-02));
#827 = CARTESIAN_POINT('',(0.759709177469,-5.E-02));
#828 = CARTESIAN_POINT('',(0.675203235382,-5.E-02));
#829 = CARTESIAN_POINT('',(0.588560956525,-5.E-02));
#830 = CARTESIAN_POINT('',(0.419729908348,-5.E-02));
#831 = CARTESIAN_POINT('',(0.337873790681,-5.E-02));
#832 = CARTESIAN_POINT('',(0.254640912343,-5.E-02));
#833 = CARTESIAN_POINT('',(0.170316713469,-5.E-02));
#834 = CARTESIAN_POINT('',(8.52756079951E-02,-5.E-02));
#835 = CARTESIAN_POINT('',(0.,-5.E-02));
#836 = ( GEOMETRIC_REPRESENTATION_CONTEXT(2) 
PARAMETRIC_REPRESENTATION_CONTEXT() REPRESENTATION_CONTEXT('2D SPACE',''
  ) );
#837 = ORIENTED_EDGE('',*,*,#838,.F.);
#838 = EDGE_CURVE('',#839,#782,#841,.T.);
#839 = VERTEX_POINT('',#840);
#840 = CARTESIAN_POINT('',(-73.8,-53.81665044062,43.701904296875));
#841 = SURFACE_CURVE('',#842,(#851,#863),.PCURVE_S1.);
#842 = B_SPLINE_CURVE_WITH_KNOTS('',4,(#843,#844,#845,#846,#847,#848,
    #849,#850),.UNSPECIFIED.,.F.,.F.,(5,3,5),(0.,0.475979790022,1.),
  .UNSPECIFIED.);
#843 = CARTESIAN_POINT('',(-73.8,-53.81665044062,43.701904296875));
#844 = CARTESIAN_POINT('',(-73.8,-53.74436634314,43.687679715442));
#845 = CARTESIAN_POINT('',(-73.8,-53.67179504373,43.675699079021));
#846 = CARTESIAN_POINT('',(-73.8,-53.59896402378,43.6659759955));
#847 = CARTESIAN_POINT('',(-73.8,-53.44546648203,43.650297728008));
#848 = CARTESIAN_POINT('',(-73.8,-53.36475097784,43.644821879105));
#849 = CARTESIAN_POINT('',(-73.8,-53.28379453028,43.64208984375));
#850 = CARTESIAN_POINT('',(-73.8,-53.20263676875,43.64208984375));
#851 = PCURVE('',#118,#852);
#852 = DEFINITIONAL_REPRESENTATION('',(#853),#862);
#853 = B_SPLINE_CURVE_WITH_KNOTS('',4,(#854,#855,#856,#857,#858,#859,
    #860,#861),.UNSPECIFIED.,.F.,.F.,(5,3,5),(0.,0.475979790022,1.),
  .UNSPECIFIED.);
#854 = CARTESIAN_POINT('',(16.201904296875,-9.283349559375));
#855 = CARTESIAN_POINT('',(16.187679715442,-9.355633656859));
#856 = CARTESIAN_POINT('',(16.175699079021,-9.42820495627));
#857 = CARTESIAN_POINT('',(16.1659759955,-9.501035976214));
#858 = CARTESIAN_POINT('',(16.150297728008,-9.654533517966));
#859 = CARTESIAN_POINT('',(16.144821879105,-9.735249022154));
#860 = CARTESIAN_POINT('',(16.14208984375,-9.816205469717));
#861 = CARTESIAN_POINT('',(16.14208984375,-9.89736323125));
#862 = ( GEOMETRIC_REPRESENTATION_CONTEXT(2) 
PARAMETRIC_REPRESENTATION_CONTEXT() REPRESENTATION_CONTEXT('2D SPACE',''
  ) );
#863 = PCURVE('',#864,#871);
#864 = SURFACE_OF_LINEAR_EXTRUSION('',#865,#869);
#865 = B_SPLINE_CURVE_WITH_KNOTS('',2,(#866,#867,#868),.UNSPECIFIED.,.F.
  ,.F.,(3,3),(0.,1.),.PIECEWISE_BEZIER_KNOTS.);
#866 = CARTESIAN_POINT('',(-73.85,-53.20263676875,43.64208984375));
#867 = CARTESIAN_POINT('',(-73.85,-53.5126953625,43.64208984375));
#868 = CARTESIAN_POINT('',(-73.85,-53.81665044062,43.701904296875));
#869 = VECTOR('',#870,1.);
#870 = DIRECTION('',(-1.,-0.,-0.));
#871 = DEFINITIONAL_REPRESENTATION('',(#872),#881);
#872 = B_SPLINE_CURVE_WITH_KNOTS('',4,(#873,#874,#875,#876,#877,#878,
    #879,#880),.UNSPECIFIED.,.F.,.F.,(5,3,5),(0.,0.475979790022,1.),
  .UNSPECIFIED.);
#873 = CARTESIAN_POINT('',(1.,-5.E-02));
#874 = CARTESIAN_POINT('',(0.881094111127,-5.E-02));
#875 = CARTESIAN_POINT('',(0.762094323958,-5.E-02));
#876 = CARTESIAN_POINT('',(0.643047194139,-5.E-02));
#877 = CARTESIAN_POINT('',(0.392937427643,-5.E-02));
#878 = CARTESIAN_POINT('',(0.261874677056,-5.E-02));
#879 = CARTESIAN_POINT('',(0.130874878441,-5.E-02));
#880 = CARTESIAN_POINT('',(0.,-5.E-02));
#881 = ( GEOMETRIC_REPRESENTATION_CONTEXT(2) 
PARAMETRIC_REPRESENTATION_CONTEXT() REPRESENTATION_CONTEXT('2D SPACE',''
  ) );
#882 = ORIENTED_EDGE('',*,*,#883,.F.);
#883 = EDGE_CURVE('',#884,#839,#886,.T.);
#884 = VERTEX_POINT('',#885);
#885 = CARTESIAN_POINT('',(-73.8,-54.4208984875,43.8837890625));
#886 = SURFACE_CURVE('',#887,(#894,#904),.PCURVE_S1.);
#887 = B_SPLINE_CURVE_WITH_KNOTS('',5,(#888,#889,#890,#891,#892,#893),
  .UNSPECIFIED.,.F.,.F.,(6,6),(0.,1.),.PIECEWISE_BEZIER_KNOTS.);
#888 = CARTESIAN_POINT('',(-73.8,-54.4208984875,43.8837890625));
#889 = CARTESIAN_POINT('',(-73.8,-54.30166565814,43.835320432682));
#890 = CARTESIAN_POINT('',(-73.8,-54.18152980721,43.792765655765));
#891 = CARTESIAN_POINT('',(-73.8,-54.06057996117,43.756275162333));
#892 = CARTESIAN_POINT('',(-73.8,-53.93891609357,43.72596460609));
#893 = CARTESIAN_POINT('',(-73.8,-53.81665044062,43.701904296875));
#894 = PCURVE('',#118,#895);
#895 = DEFINITIONAL_REPRESENTATION('',(#896),#903);
#896 = B_SPLINE_CURVE_WITH_KNOTS('',5,(#897,#898,#899,#900,#901,#902),
  .UNSPECIFIED.,.F.,.F.,(6,6),(0.,1.),.PIECEWISE_BEZIER_KNOTS.);
#897 = CARTESIAN_POINT('',(16.3837890625,-8.6791015125));
#898 = CARTESIAN_POINT('',(16.335320432682,-8.798334341853));
#899 = CARTESIAN_POINT('',(16.292765655765,-8.918470192782));
#900 = CARTESIAN_POINT('',(16.256275162333,-9.03942003883));
#901 = CARTESIAN_POINT('',(16.22596460609,-9.161083906428));
#902 = CARTESIAN_POINT('',(16.201904296875,-9.283349559375));
#903 = ( GEOMETRIC_REPRESENTATION_CONTEXT(2) 
PARAMETRIC_REPRESENTATION_CONTEXT() REPRESENTATION_CONTEXT('2D SPACE',''
  ) );
#904 = PCURVE('',#905,#912);
#905 = SURFACE_OF_LINEAR_EXTRUSION('',#906,#910);
#906 = B_SPLINE_CURVE_WITH_KNOTS('',2,(#907,#908,#909),.UNSPECIFIED.,.F.
  ,.F.,(3,3),(0.,1.),.PIECEWISE_BEZIER_KNOTS.);
#907 = CARTESIAN_POINT('',(-73.85,-53.81665044062,43.701904296875));
#908 = CARTESIAN_POINT('',(-73.85,-54.12060551875,43.76171875));
#909 = CARTESIAN_POINT('',(-73.85,-54.4208984875,43.8837890625));
#910 = VECTOR('',#911,1.);
#911 = DIRECTION('',(-1.,-0.,-0.));
#912 = DEFINITIONAL_REPRESENTATION('',(#913),#920);
#913 = B_SPLINE_CURVE_WITH_KNOTS('',5,(#914,#915,#916,#917,#918,#919),
  .UNSPECIFIED.,.F.,.F.,(6,6),(0.,1.),.PIECEWISE_BEZIER_KNOTS.);
#914 = CARTESIAN_POINT('',(1.,-5.E-02));
#915 = CARTESIAN_POINT('',(0.801472492265,-5.E-02));
#916 = CARTESIAN_POINT('',(0.602042227479,-5.E-02));
#917 = CARTESIAN_POINT('',(0.401868366173,-5.E-02));
#918 = CARTESIAN_POINT('',(0.201124543965,-5.E-02));
#919 = CARTESIAN_POINT('',(0.,-5.E-02));
#920 = ( GEOMETRIC_REPRESENTATION_CONTEXT(2) 
PARAMETRIC_REPRESENTATION_CONTEXT() REPRESENTATION_CONTEXT('2D SPACE',''
  ) );
#921 = ORIENTED_EDGE('',*,*,#922,.F.);
#922 = EDGE_CURVE('',#923,#884,#925,.T.);
#923 = VERTEX_POINT('',#924);
#924 = CARTESIAN_POINT('',(-73.8,-54.4208984875,44.62353515625));
#925 = SURFACE_CURVE('',#926,(#930,#936),.PCURVE_S1.);
#926 = LINE('',#927,#928);
#927 = CARTESIAN_POINT('',(-73.8,-54.4208984875,35.69189453125));
#928 = VECTOR('',#929,1.);
#929 = DIRECTION('',(0.,-0.,-1.));
#930 = PCURVE('',#118,#931);
#931 = DEFINITIONAL_REPRESENTATION('',(#932),#935);
#932 = B_SPLINE_CURVE_WITH_KNOTS('',1,(#933,#934),.UNSPECIFIED.,.F.,.F.,
  (2,2),(-8.931640625,-8.19189453125),.PIECEWISE_BEZIER_KNOTS.);
#933 = CARTESIAN_POINT('',(17.12353515625,-8.6791015125));
#934 = CARTESIAN_POINT('',(16.3837890625,-8.6791015125));
#935 = ( GEOMETRIC_REPRESENTATION_CONTEXT(2) 
PARAMETRIC_REPRESENTATION_CONTEXT() REPRESENTATION_CONTEXT('2D SPACE',''
  ) );
#936 = PCURVE('',#937,#942);
#937 = PLANE('',#938);
#938 = AXIS2_PLACEMENT_3D('',#939,#940,#941);
#939 = CARTESIAN_POINT('',(-73.85,-54.4208984875,43.8837890625));
#940 = DIRECTION('',(0.,-1.,0.));
#941 = DIRECTION('',(0.,0.,1.));
#942 = DEFINITIONAL_REPRESENTATION('',(#943),#946);
#943 = B_SPLINE_CURVE_WITH_KNOTS('',1,(#944,#945),.UNSPECIFIED.,.F.,.F.,
  (2,2),(-8.931640625,-8.19189453125),.PIECEWISE_BEZIER_KNOTS.);
#944 = CARTESIAN_POINT('',(0.73974609375,-5.E-02));
#945 = CARTESIAN_POINT('',(0.,-5.E-02));
#946 = ( GEOMETRIC_REPRESENTATION_CONTEXT(2) 
PARAMETRIC_REPRESENTATION_CONTEXT() REPRESENTATION_CONTEXT('2D SPACE',''
  ) );
#947 = ORIENTED_EDGE('',*,*,#948,.F.);
#948 = EDGE_CURVE('',#949,#923,#951,.T.);
#949 = VERTEX_POINT('',#950);
#950 = CARTESIAN_POINT('',(-73.8,-53.85571294062,44.3671875));
#951 = SURFACE_CURVE('',#952,(#959,#969),.PCURVE_S1.);
#952 = B_SPLINE_CURVE_WITH_KNOTS('',5,(#953,#954,#955,#956,#957,#958),
  .UNSPECIFIED.,.F.,.F.,(6,6),(0.,1.),.PIECEWISE_BEZIER_KNOTS.);
#953 = CARTESIAN_POINT('',(-73.8,-53.85571294062,44.3671875));
#954 = CARTESIAN_POINT('',(-73.8,-53.96555273312,44.402296109475));
#955 = CARTESIAN_POINT('',(-73.8,-54.07728569464,44.445996495832));
#956 = CARTESIAN_POINT('',(-73.8,-54.19059986301,44.497802106242));
#957 = CARTESIAN_POINT('',(-73.8,-54.3052148469,44.557159296895));
#958 = CARTESIAN_POINT('',(-73.8,-54.4208984875,44.62353515625));
#959 = PCURVE('',#118,#960);
#960 = DEFINITIONAL_REPRESENTATION('',(#961),#968);
#961 = B_SPLINE_CURVE_WITH_KNOTS('',5,(#962,#963,#964,#965,#966,#967),
  .UNSPECIFIED.,.F.,.F.,(6,6),(0.,1.),.PIECEWISE_BEZIER_KNOTS.);
#962 = CARTESIAN_POINT('',(16.8671875,-9.244287059375));
#963 = CARTESIAN_POINT('',(16.902296109475,-9.134447266874));
#964 = CARTESIAN_POINT('',(16.945996495832,-9.02271430536));
#965 = CARTESIAN_POINT('',(16.997802106242,-8.909400136986));
#966 = CARTESIAN_POINT('',(17.057159296895,-8.794785153091));
#967 = CARTESIAN_POINT('',(17.12353515625,-8.6791015125));
#968 = ( GEOMETRIC_REPRESENTATION_CONTEXT(2) 
PARAMETRIC_REPRESENTATION_CONTEXT() REPRESENTATION_CONTEXT('2D SPACE',''
  ) );
#969 = PCURVE('',#970,#977);
#970 = SURFACE_OF_LINEAR_EXTRUSION('',#971,#975);
#971 = B_SPLINE_CURVE_WITH_KNOTS('',2,(#972,#973,#974),.UNSPECIFIED.,.F.
  ,.F.,(3,3),(0.,1.),.PIECEWISE_BEZIER_KNOTS.);
#972 = CARTESIAN_POINT('',(-73.85,-54.4208984875,44.62353515625));
#973 = CARTESIAN_POINT('',(-73.85,-54.123046925,44.45263671875));
#974 = CARTESIAN_POINT('',(-73.85,-53.85571294062,44.3671875));
#975 = VECTOR('',#976,1.);
#976 = DIRECTION('',(-1.,-0.,-0.));
#977 = DEFINITIONAL_REPRESENTATION('',(#978),#985);
#978 = B_SPLINE_CURVE_WITH_KNOTS('',5,(#979,#980,#981,#982,#983,#984),
  .UNSPECIFIED.,.F.,.F.,(6,6),(0.,1.),.PIECEWISE_BEZIER_KNOTS.);
#979 = CARTESIAN_POINT('',(1.,-5.E-02));
#980 = CARTESIAN_POINT('',(0.794564479414,-5.E-02));
#981 = CARTESIAN_POINT('',(0.591610464963,-5.E-02));
#982 = CARTESIAN_POINT('',(0.391429729688,-5.E-02));
#983 = CARTESIAN_POINT('',(0.194196799942,-5.E-02));
#984 = CARTESIAN_POINT('',(0.,-5.E-02));
#985 = ( GEOMETRIC_REPRESENTATION_CONTEXT(2) 
PARAMETRIC_REPRESENTATION_CONTEXT() REPRESENTATION_CONTEXT('2D SPACE',''
  ) );
#986 = ORIENTED_EDGE('',*,*,#987,.F.);
#987 = EDGE_CURVE('',#988,#949,#990,.T.);
#988 = VERTEX_POINT('',#989);
#989 = CARTESIAN_POINT('',(-73.8,-53.35156255,44.28173828125));
#990 = SURFACE_CURVE('',#991,(#998,#1008),.PCURVE_S1.);
#991 = B_SPLINE_CURVE_WITH_KNOTS('',5,(#992,#993,#994,#995,#996,#997),
  .UNSPECIFIED.,.F.,.F.,(6,6),(0.,1.),.PIECEWISE_BEZIER_KNOTS.);
#992 = CARTESIAN_POINT('',(-73.8,-53.35156255,44.28173828125));
#993 = CARTESIAN_POINT('',(-73.8,-53.44781431735,44.28173828125));
#994 = CARTESIAN_POINT('',(-73.8,-53.54664088035,44.290560656642));
#995 = CARTESIAN_POINT('',(-73.8,-53.64775780186,44.307993745026));
#996 = CARTESIAN_POINT('',(-73.8,-53.75087384084,44.333677285458));
#997 = CARTESIAN_POINT('',(-73.8,-53.85571294062,44.3671875));
#998 = PCURVE('',#118,#999);
#999 = DEFINITIONAL_REPRESENTATION('',(#1000),#1007);
#1000 = B_SPLINE_CURVE_WITH_KNOTS('',5,(#1001,#1002,#1003,#1004,#1005,
    #1006),.UNSPECIFIED.,.F.,.F.,(6,6),(0.,1.),
  .PIECEWISE_BEZIER_KNOTS.);
#1001 = CARTESIAN_POINT('',(16.78173828125,-9.74843745));
#1002 = CARTESIAN_POINT('',(16.78173828125,-9.652185682649));
#1003 = CARTESIAN_POINT('',(16.790560656642,-9.553359119647));
#1004 = CARTESIAN_POINT('',(16.807993745026,-9.452242198132));
#1005 = CARTESIAN_POINT('',(16.833677285458,-9.349126159155));
#1006 = CARTESIAN_POINT('',(16.8671875,-9.244287059375));
#1007 = ( GEOMETRIC_REPRESENTATION_CONTEXT(2) 
PARAMETRIC_REPRESENTATION_CONTEXT() REPRESENTATION_CONTEXT('2D SPACE',''
  ) );
#1008 = PCURVE('',#1009,#1016);
#1009 = SURFACE_OF_LINEAR_EXTRUSION('',#1010,#1014);
#1010 = B_SPLINE_CURVE_WITH_KNOTS('',2,(#1011,#1012,#1013),
  .UNSPECIFIED.,.F.,.F.,(3,3),(0.,1.),.PIECEWISE_BEZIER_KNOTS.);
#1011 = CARTESIAN_POINT('',(-73.85,-53.85571294062,44.3671875));
#1012 = CARTESIAN_POINT('',(-73.85,-53.58837895625,44.28173828125));
#1013 = CARTESIAN_POINT('',(-73.85,-53.35156255,44.28173828125));
#1014 = VECTOR('',#1015,1.);
#1015 = DIRECTION('',(-1.,-0.,-0.));
#1016 = DEFINITIONAL_REPRESENTATION('',(#1017),#1024);
#1017 = B_SPLINE_CURVE_WITH_KNOTS('',5,(#1018,#1019,#1020,#1021,#1022,
    #1023),.UNSPECIFIED.,.F.,.F.,(6,6),(0.,1.),
  .PIECEWISE_BEZIER_KNOTS.);
#1018 = CARTESIAN_POINT('',(1.,-5.E-02));
#1019 = CARTESIAN_POINT('',(0.796779773675,-5.E-02));
#1020 = CARTESIAN_POINT('',(0.594775790584,-5.E-02));
#1021 = CARTESIAN_POINT('',(0.394428990244,-5.E-02));
#1022 = CARTESIAN_POINT('',(0.196082626804,-5.E-02));
#1023 = CARTESIAN_POINT('',(0.,-5.E-02));
#1024 = ( GEOMETRIC_REPRESENTATION_CONTEXT(2) 
PARAMETRIC_REPRESENTATION_CONTEXT() REPRESENTATION_CONTEXT('2D SPACE',''
  ) );
#1025 = ORIENTED_EDGE('',*,*,#1026,.F.);
#1026 = EDGE_CURVE('',#1027,#988,#1029,.T.);
#1027 = VERTEX_POINT('',#1028);
#1028 = CARTESIAN_POINT('',(-73.8,-52.81323247187,44.448974609375));
#1029 = SURFACE_CURVE('',#1030,(#1041,#1055),.PCURVE_S1.);
#1030 = B_SPLINE_CURVE_WITH_KNOTS('',5,(#1031,#1032,#1033,#1034,#1035,
    #1036,#1037,#1038,#1039,#1040),.UNSPECIFIED.,.F.,.F.,(6,4,6),(0.,
    0.49259476387,1.),.UNSPECIFIED.);
#1031 = CARTESIAN_POINT('',(-73.8,-52.81323247187,44.448974609375));
#1032 = CARTESIAN_POINT('',(-73.8,-52.8529693515,44.415161239756));
#1033 = CARTESIAN_POINT('',(-73.8,-52.89641055853,44.385626911054));
#1034 = CARTESIAN_POINT('',(-73.8,-52.9434159916,44.360485606407));
#1035 = CARTESIAN_POINT('',(-73.8,-52.99375917766,44.339718397729));
#1036 = CARTESIAN_POINT('',(-73.8,-53.10216401757,44.306212482991));
#1037 = CARTESIAN_POINT('',(-73.8,-53.16041616592,44.293732878784));
#1038 = CARTESIAN_POINT('',(-73.8,-53.22161457046,44.285651224836));
#1039 = CARTESIAN_POINT('',(-73.8,-53.28543113593,44.28173828125));
#1040 = CARTESIAN_POINT('',(-73.8,-53.35156255,44.28173828125));
#1041 = PCURVE('',#118,#1042);
#1042 = DEFINITIONAL_REPRESENTATION('',(#1043),#1054);
#1043 = B_SPLINE_CURVE_WITH_KNOTS('',5,(#1044,#1045,#1046,#1047,#1048,
    #1049,#1050,#1051,#1052,#1053),.UNSPECIFIED.,.F.,.F.,(6,4,6),(0.,
    0.49259476387,1.),.UNSPECIFIED.);
#1044 = CARTESIAN_POINT('',(16.948974609375,-10.28676752812));
#1045 = CARTESIAN_POINT('',(16.915161239756,-10.2470306485));
#1046 = CARTESIAN_POINT('',(16.885626911054,-10.20358944146));
#1047 = CARTESIAN_POINT('',(16.860485606407,-10.15658400839));
#1048 = CARTESIAN_POINT('',(16.839718397729,-10.10624082233));
#1049 = CARTESIAN_POINT('',(16.806212482991,-9.99783598243));
#1050 = CARTESIAN_POINT('',(16.793732878784,-9.939583834078));
#1051 = CARTESIAN_POINT('',(16.785651224836,-9.878385429532));
#1052 = CARTESIAN_POINT('',(16.78173828125,-9.814568864068));
#1053 = CARTESIAN_POINT('',(16.78173828125,-9.74843745));
#1054 = ( GEOMETRIC_REPRESENTATION_CONTEXT(2) 
PARAMETRIC_REPRESENTATION_CONTEXT() REPRESENTATION_CONTEXT('2D SPACE',''
  ) );
#1055 = PCURVE('',#1056,#1063);
#1056 = SURFACE_OF_LINEAR_EXTRUSION('',#1057,#1061);
#1057 = B_SPLINE_CURVE_WITH_KNOTS('',2,(#1058,#1059,#1060),
  .UNSPECIFIED.,.F.,.F.,(3,3),(0.,1.),.PIECEWISE_BEZIER_KNOTS.);
#1058 = CARTESIAN_POINT('',(-73.85,-53.35156255,44.28173828125));
#1059 = CARTESIAN_POINT('',(-73.85,-53.009765675,44.28173828125));
#1060 = CARTESIAN_POINT('',(-73.85,-52.81323247187,44.448974609375));
#1061 = VECTOR('',#1062,1.);
#1062 = DIRECTION('',(-1.,-0.,-0.));
#1063 = DEFINITIONAL_REPRESENTATION('',(#1064),#1075);
#1064 = B_SPLINE_CURVE_WITH_KNOTS('',5,(#1065,#1066,#1067,#1068,#1069,
    #1070,#1071,#1072,#1073,#1074),.UNSPECIFIED.,.F.,.F.,(6,4,6),(0.,
    0.49259476387,1.),.UNSPECIFIED.);
#1065 = CARTESIAN_POINT('',(1.,-5.E-02));
#1066 = CARTESIAN_POINT('',(0.898905429227,-5.E-02));
#1067 = CARTESIAN_POINT('',(0.797829149653,-5.E-02));
#1068 = CARTESIAN_POINT('',(0.697120943044,-5.E-02));
#1069 = CARTESIAN_POINT('',(0.597088056017,-5.E-02));
#1070 = CARTESIAN_POINT('',(0.395932738737,-5.E-02));
#1071 = CARTESIAN_POINT('',(0.294860871811,-5.E-02));
#1072 = CARTESIAN_POINT('',(0.19506733896,-5.E-02));
#1073 = CARTESIAN_POINT('',(9.674081143718E-02,-5.E-02));
#1074 = CARTESIAN_POINT('',(0.,-5.E-02));
#1075 = ( GEOMETRIC_REPRESENTATION_CONTEXT(2) 
PARAMETRIC_REPRESENTATION_CONTEXT() REPRESENTATION_CONTEXT('2D SPACE',''
  ) );
#1076 = ORIENTED_EDGE('',*,*,#1077,.F.);
#1077 = EDGE_CURVE('',#1078,#1027,#1080,.T.);
#1078 = VERTEX_POINT('',#1079);
#1079 = CARTESIAN_POINT('',(-73.8,-52.61669926875,44.90185546875));
#1080 = SURFACE_CURVE('',#1081,(#1092,#1106),.PCURVE_S1.);
#1081 = B_SPLINE_CURVE_WITH_KNOTS('',5,(#1082,#1083,#1084,#1085,#1086,
    #1087,#1088,#1089,#1090,#1091),.UNSPECIFIED.,.F.,.F.,(6,4,6),(0.,
    0.643811347496,1.),.UNSPECIFIED.);
#1082 = CARTESIAN_POINT('',(-73.8,-52.61669926875,44.90185546875));
#1083 = CARTESIAN_POINT('',(-73.8,-52.61669926875,44.830128577247));
#1084 = CARTESIAN_POINT('',(-73.8,-52.62444444223,44.76190686079));
#1085 = CARTESIAN_POINT('',(-73.8,-52.64043593665,44.697799957335));
#1086 = CARTESIAN_POINT('',(-73.8,-52.66492739247,44.638345300804));
#1087 = CARTESIAN_POINT('',(-73.8,-52.71583638551,44.553764915948));
#1088 = CARTESIAN_POINT('',(-73.8,-52.73650704531,44.525166116675));
#1089 = CARTESIAN_POINT('',(-73.8,-52.75968134228,44.498151905996));
#1090 = CARTESIAN_POINT('',(-73.8,-52.78528944662,44.472752214714));
#1091 = CARTESIAN_POINT('',(-73.8,-52.81323247187,44.448974609375));
#1092 = PCURVE('',#118,#1093);
#1093 = DEFINITIONAL_REPRESENTATION('',(#1094),#1105);
#1094 = B_SPLINE_CURVE_WITH_KNOTS('',5,(#1095,#1096,#1097,#1098,#1099,
    #1100,#1101,#1102,#1103,#1104),.UNSPECIFIED.,.F.,.F.,(6,4,6),(0.,
    0.643811347496,1.),.UNSPECIFIED.);
#1095 = CARTESIAN_POINT('',(17.40185546875,-10.48330073125));
#1096 = CARTESIAN_POINT('',(17.330128577247,-10.48330073125));
#1097 = CARTESIAN_POINT('',(17.26190686079,-10.47555555776));
#1098 = CARTESIAN_POINT('',(17.197799957335,-10.45956406334));
#1099 = CARTESIAN_POINT('',(17.138345300804,-10.43507260752));
#1100 = CARTESIAN_POINT('',(17.053764915948,-10.38416361448));
#1101 = CARTESIAN_POINT('',(17.025166116675,-10.36349295468));
#1102 = CARTESIAN_POINT('',(16.998151905996,-10.34031865771));
#1103 = CARTESIAN_POINT('',(16.972752214714,-10.31471055337));
#1104 = CARTESIAN_POINT('',(16.948974609375,-10.28676752812));
#1105 = ( GEOMETRIC_REPRESENTATION_CONTEXT(2) 
PARAMETRIC_REPRESENTATION_CONTEXT() REPRESENTATION_CONTEXT('2D SPACE',''
  ) );
#1106 = PCURVE('',#1107,#1114);
#1107 = SURFACE_OF_LINEAR_EXTRUSION('',#1108,#1112);
#1108 = B_SPLINE_CURVE_WITH_KNOTS('',2,(#1109,#1110,#1111),
  .UNSPECIFIED.,.F.,.F.,(3,3),(0.,1.),.PIECEWISE_BEZIER_KNOTS.);
#1109 = CARTESIAN_POINT('',(-73.85,-52.81323247187,44.448974609375));
#1110 = CARTESIAN_POINT('',(-73.85,-52.61669926875,44.6162109375));
#1111 = CARTESIAN_POINT('',(-73.85,-52.61669926875,44.90185546875));
#1112 = VECTOR('',#1113,1.);
#1113 = DIRECTION('',(-1.,-0.,-0.));
#1114 = DEFINITIONAL_REPRESENTATION('',(#1115),#1126);
#1115 = B_SPLINE_CURVE_WITH_KNOTS('',5,(#1116,#1117,#1118,#1119,#1120,
    #1121,#1122,#1123,#1124,#1125),.UNSPECIFIED.,.F.,.F.,(6,4,6),(0.,
    0.643811347496,1.),.UNSPECIFIED.);
#1116 = CARTESIAN_POINT('',(1.,-5.E-02));
#1117 = CARTESIAN_POINT('',(0.874447287352,-5.E-02));
#1118 = CARTESIAN_POINT('',(0.746862027978,-5.E-02));
#1119 = CARTESIAN_POINT('',(0.617782836078,-5.E-02));
#1120 = CARTESIAN_POINT('',(0.487882960118,-5.E-02));
#1121 = CARTESIAN_POINT('',(0.286142247372,-5.E-02));
#1122 = CARTESIAN_POINT('',(0.214282739598,-5.E-02));
#1123 = CARTESIAN_POINT('',(0.142556590008,-5.E-02));
#1124 = CARTESIAN_POINT('',(7.108983319015E-02,-5.E-02));
#1125 = CARTESIAN_POINT('',(0.,-5.E-02));
#1126 = ( GEOMETRIC_REPRESENTATION_CONTEXT(2) 
PARAMETRIC_REPRESENTATION_CONTEXT() REPRESENTATION_CONTEXT('2D SPACE',''
  ) );
#1127 = ORIENTED_EDGE('',*,*,#1128,.F.);
#1128 = EDGE_CURVE('',#1129,#1078,#1131,.T.);
#1129 = VERTEX_POINT('',#1130);
#1130 = CARTESIAN_POINT('',(-73.8,-52.81323247187,45.35595703125));
#1131 = SURFACE_CURVE('',#1132,(#1143,#1157),.PCURVE_S1.);
#1132 = B_SPLINE_CURVE_WITH_KNOTS('',5,(#1133,#1134,#1135,#1136,#1137,
    #1138,#1139,#1140,#1141,#1142),.UNSPECIFIED.,.F.,.F.,(6,4,6),(0.,
    0.34200617135,1.),.UNSPECIFIED.);
#1133 = CARTESIAN_POINT('',(-73.8,-52.81323247187,45.35595703125));
#1134 = CARTESIAN_POINT('',(-73.8,-52.78637013744,45.33326586676));
#1135 = CARTESIAN_POINT('',(-73.8,-52.76166852952,45.309036635801));
#1136 = CARTESIAN_POINT('',(-73.8,-52.73921647262,45.28327567154));
#1137 = CARTESIAN_POINT('',(-73.8,-52.7190744455,45.256011125737));
#1138 = CARTESIAN_POINT('',(-73.8,-52.66702899795,45.1720414217));
#1139 = CARTESIAN_POINT('',(-73.8,-52.64144558014,45.111399799405));
#1140 = CARTESIAN_POINT('',(-73.8,-52.62476419259,45.045745506335));
#1141 = CARTESIAN_POINT('',(-73.8,-52.61669926875,44.975673424699));
#1142 = CARTESIAN_POINT('',(-73.8,-52.61669926875,44.90185546875));
#1143 = PCURVE('',#118,#1144);
#1144 = DEFINITIONAL_REPRESENTATION('',(#1145),#1156);
#1145 = B_SPLINE_CURVE_WITH_KNOTS('',5,(#1146,#1147,#1148,#1149,#1150,
    #1151,#1152,#1153,#1154,#1155),.UNSPECIFIED.,.F.,.F.,(6,4,6),(0.,
    0.34200617135,1.),.UNSPECIFIED.);
#1146 = CARTESIAN_POINT('',(17.85595703125,-10.28676752812));
#1147 = CARTESIAN_POINT('',(17.83326586676,-10.31362986255));
#1148 = CARTESIAN_POINT('',(17.809036635801,-10.33833147047));
#1149 = CARTESIAN_POINT('',(17.78327567154,-10.36078352737));
#1150 = CARTESIAN_POINT('',(17.756011125737,-10.38092555449));
#1151 = CARTESIAN_POINT('',(17.6720414217,-10.43297100204));
#1152 = CARTESIAN_POINT('',(17.611399799405,-10.45855441985));
#1153 = CARTESIAN_POINT('',(17.545745506335,-10.4752358074));
#1154 = CARTESIAN_POINT('',(17.475673424699,-10.48330073125));
#1155 = CARTESIAN_POINT('',(17.40185546875,-10.48330073125));
#1156 = ( GEOMETRIC_REPRESENTATION_CONTEXT(2) 
PARAMETRIC_REPRESENTATION_CONTEXT() REPRESENTATION_CONTEXT('2D SPACE',''
  ) );
#1157 = PCURVE('',#1158,#1165);
#1158 = SURFACE_OF_LINEAR_EXTRUSION('',#1159,#1163);
#1159 = B_SPLINE_CURVE_WITH_KNOTS('',2,(#1160,#1161,#1162),
  .UNSPECIFIED.,.F.,.F.,(3,3),(0.,1.),.PIECEWISE_BEZIER_KNOTS.);
#1160 = CARTESIAN_POINT('',(-73.85,-52.61669926875,44.90185546875));
#1161 = CARTESIAN_POINT('',(-73.85,-52.61669926875,45.18994140625));
#1162 = CARTESIAN_POINT('',(-73.85,-52.81323247187,45.35595703125));
#1163 = VECTOR('',#1164,1.);
#1164 = DIRECTION('',(-1.,-0.,-0.));
#1165 = DEFINITIONAL_REPRESENTATION('',(#1166),#1177);
#1166 = B_SPLINE_CURVE_WITH_KNOTS('',5,(#1167,#1168,#1169,#1170,#1171,
    #1172,#1173,#1174,#1175,#1176),.UNSPECIFIED.,.F.,.F.,(6,4,6),(0.,
    0.34200617135,1.),.UNSPECIFIED.);
#1167 = CARTESIAN_POINT('',(1.,-5.E-02));
#1168 = CARTESIAN_POINT('',(0.931659551653,-5.E-02));
#1169 = CARTESIAN_POINT('',(0.862978926503,-5.E-02));
#1170 = CARTESIAN_POINT('',(0.794064869872,-5.E-02));
#1171 = CARTESIAN_POINT('',(0.725031438392,-5.E-02));
#1172 = CARTESIAN_POINT('',(0.523188769532,-5.E-02));
#1173 = CARTESIAN_POINT('',(0.390360446529,-5.E-02));
#1174 = CARTESIAN_POINT('',(0.258428627838,-5.E-02));
#1175 = CARTESIAN_POINT('',(0.128117943885,-5.E-02));
#1176 = CARTESIAN_POINT('',(0.,-5.E-02));
#1177 = ( GEOMETRIC_REPRESENTATION_CONTEXT(2) 
PARAMETRIC_REPRESENTATION_CONTEXT() REPRESENTATION_CONTEXT('2D SPACE',''
  ) );
#1178 = ORIENTED_EDGE('',*,*,#1179,.F.);
#1179 = EDGE_CURVE('',#1180,#1129,#1182,.T.);
#1180 = VERTEX_POINT('',#1181);
#1181 = CARTESIAN_POINT('',(-73.8,-53.35156255,45.52197265625));
#1182 = SURFACE_CURVE('',#1183,(#1194,#1208),.PCURVE_S1.);
#1183 = B_SPLINE_CURVE_WITH_KNOTS('',5,(#1184,#1185,#1186,#1187,#1188,
    #1189,#1190,#1191,#1192,#1193),.UNSPECIFIED.,.F.,.F.,(6,4,6),(0.,
    0.510467783042,1.),.UNSPECIFIED.);
#1184 = CARTESIAN_POINT('',(-73.8,-53.35156255,45.52197265625));
#1185 = CARTESIAN_POINT('',(-73.8,-53.28504574478,45.52197265625));
#1186 = CARTESIAN_POINT('',(-73.8,-53.2208708644,45.518042866484));
#1187 = CARTESIAN_POINT('',(-73.8,-53.15934502054,45.50992493536));
#1188 = CARTESIAN_POINT('',(-73.8,-53.10080088024,45.497386723156));
#1189 = CARTESIAN_POINT('',(-73.8,-52.9925521838,45.463919077666));
#1190 = CARTESIAN_POINT('',(-73.8,-52.94258003252,45.443353934122));
#1191 = CARTESIAN_POINT('',(-73.8,-52.8959017035,45.418497580365));
#1192 = CARTESIAN_POINT('',(-73.8,-52.8527395233,45.389329447367));
#1193 = CARTESIAN_POINT('',(-73.8,-52.81323247187,45.35595703125));
#1194 = PCURVE('',#118,#1195);
#1195 = DEFINITIONAL_REPRESENTATION('',(#1196),#1207);
#1196 = B_SPLINE_CURVE_WITH_KNOTS('',5,(#1197,#1198,#1199,#1200,#1201,
    #1202,#1203,#1204,#1205,#1206),.UNSPECIFIED.,.F.,.F.,(6,4,6),(0.,
    0.510467783042,1.),.UNSPECIFIED.);
#1197 = CARTESIAN_POINT('',(18.02197265625,-9.74843745));
#1198 = CARTESIAN_POINT('',(18.02197265625,-9.814954255213));
#1199 = CARTESIAN_POINT('',(18.018042866484,-9.879129135596));
#1200 = CARTESIAN_POINT('',(18.00992493536,-9.940654979451));
#1201 = CARTESIAN_POINT('',(17.997386723156,-9.999199119756));
#1202 = CARTESIAN_POINT('',(17.963919077666,-10.10744781619));
#1203 = CARTESIAN_POINT('',(17.943353934122,-10.15741996747));
#1204 = CARTESIAN_POINT('',(17.918497580365,-10.20409829649));
#1205 = CARTESIAN_POINT('',(17.889329447367,-10.24726047669));
#1206 = CARTESIAN_POINT('',(17.85595703125,-10.28676752812));
#1207 = ( GEOMETRIC_REPRESENTATION_CONTEXT(2) 
PARAMETRIC_REPRESENTATION_CONTEXT() REPRESENTATION_CONTEXT('2D SPACE',''
  ) );
#1208 = PCURVE('',#1209,#1216);
#1209 = SURFACE_OF_LINEAR_EXTRUSION('',#1210,#1214);
#1210 = B_SPLINE_CURVE_WITH_KNOTS('',2,(#1211,#1212,#1213),
  .UNSPECIFIED.,.F.,.F.,(3,3),(0.,1.),.PIECEWISE_BEZIER_KNOTS.);
#1211 = CARTESIAN_POINT('',(-73.85,-52.81323247187,45.35595703125));
#1212 = CARTESIAN_POINT('',(-73.85,-53.009765675,45.52197265625));
#1213 = CARTESIAN_POINT('',(-73.85,-53.35156255,45.52197265625));
#1214 = VECTOR('',#1215,1.);
#1215 = DIRECTION('',(-1.,-0.,-0.));
#1216 = DEFINITIONAL_REPRESENTATION('',(#1217),#1228);
#1217 = B_SPLINE_CURVE_WITH_KNOTS('',5,(#1218,#1219,#1220,#1221,#1222,
    #1223,#1224,#1225,#1226,#1227),.UNSPECIFIED.,.F.,.F.,(6,4,6),(0.,
    0.510467783042,1.),.UNSPECIFIED.);
#1218 = CARTESIAN_POINT('',(1.,-5.E-02));
#1219 = CARTESIAN_POINT('',(0.902695416373,-5.E-02));
#1220 = CARTESIAN_POINT('',(0.803786603313,-5.E-02));
#1221 = CARTESIAN_POINT('',(0.70339213132,-5.E-02));
#1222 = CARTESIAN_POINT('',(0.601701505883,-5.E-02));
#1223 = CARTESIAN_POINT('',(0.400510540861,-5.E-02));
#1224 = CARTESIAN_POINT('',(0.301085038684,-5.E-02));
#1225 = CARTESIAN_POINT('',(0.200985178856,-5.E-02));
#1226 = CARTESIAN_POINT('',(0.100509865012,-5.E-02));
#1227 = CARTESIAN_POINT('',(0.,-5.E-02));
#1228 = ( GEOMETRIC_REPRESENTATION_CONTEXT(2) 
PARAMETRIC_REPRESENTATION_CONTEXT() REPRESENTATION_CONTEXT('2D SPACE',''
  ) );
#1229 = ORIENTED_EDGE('',*,*,#1230,.F.);
#1230 = EDGE_CURVE('',#1231,#1180,#1233,.T.);
#1231 = VERTEX_POINT('',#1232);
#1232 = CARTESIAN_POINT('',(-73.8,-53.78369145625,45.469482421875));
#1233 = SURFACE_CURVE('',#1234,(#1241,#1251),.PCURVE_S1.);
#1234 = B_SPLINE_CURVE_WITH_KNOTS('',5,(#1235,#1236,#1237,#1238,#1239,
    #1240),.UNSPECIFIED.,.F.,.F.,(6,6),(0.,1.),
  .PIECEWISE_BEZIER_KNOTS.);
#1235 = CARTESIAN_POINT('',(-73.8,-53.78369145625,45.469482421875));
#1236 = CARTESIAN_POINT('',(-73.8,-53.69307046493,45.490209563505));
#1237 = CARTESIAN_POINT('',(-73.8,-53.60441326678,45.505970733663));
#1238 = CARTESIAN_POINT('',(-73.8,-53.51785482334,45.516604852399));
#1239 = CARTESIAN_POINT('',(-73.8,-53.43352913232,45.52197265625));
#1240 = CARTESIAN_POINT('',(-73.8,-53.35156255,45.52197265625));
#1241 = PCURVE('',#118,#1242);
#1242 = DEFINITIONAL_REPRESENTATION('',(#1243),#1250);
#1243 = B_SPLINE_CURVE_WITH_KNOTS('',5,(#1244,#1245,#1246,#1247,#1248,
    #1249),.UNSPECIFIED.,.F.,.F.,(6,6),(0.,1.),
  .PIECEWISE_BEZIER_KNOTS.);
#1244 = CARTESIAN_POINT('',(17.969482421875,-9.31630854375));
#1245 = CARTESIAN_POINT('',(17.990209563505,-9.406929535064));
#1246 = CARTESIAN_POINT('',(18.005970733663,-9.49558673322));
#1247 = CARTESIAN_POINT('',(18.016604852399,-9.582145176658));
#1248 = CARTESIAN_POINT('',(18.02197265625,-9.666470867677));
#1249 = CARTESIAN_POINT('',(18.02197265625,-9.74843745));
#1250 = ( GEOMETRIC_REPRESENTATION_CONTEXT(2) 
PARAMETRIC_REPRESENTATION_CONTEXT() REPRESENTATION_CONTEXT('2D SPACE',''
  ) );
#1251 = PCURVE('',#1252,#1259);
#1252 = SURFACE_OF_LINEAR_EXTRUSION('',#1253,#1257);
#1253 = B_SPLINE_CURVE_WITH_KNOTS('',2,(#1254,#1255,#1256),
  .UNSPECIFIED.,.F.,.F.,(3,3),(0.,1.),.PIECEWISE_BEZIER_KNOTS.);
#1254 = CARTESIAN_POINT('',(-73.85,-53.35156255,45.52197265625));
#1255 = CARTESIAN_POINT('',(-73.85,-53.55419926875,45.52197265625));
#1256 = CARTESIAN_POINT('',(-73.85,-53.78369145625,45.469482421875));
#1257 = VECTOR('',#1258,1.);
#1258 = DIRECTION('',(-1.,-0.,-0.));
#1259 = DEFINITIONAL_REPRESENTATION('',(#1260),#1267);
#1260 = B_SPLINE_CURVE_WITH_KNOTS('',5,(#1261,#1262,#1263,#1264,#1265,
    #1266),.UNSPECIFIED.,.F.,.F.,(6,6),(0.,1.),
  .PIECEWISE_BEZIER_KNOTS.);
#1261 = CARTESIAN_POINT('',(1.,-5.E-02));
#1262 = CARTESIAN_POINT('',(0.802561925307,-5.E-02));
#1263 = CARTESIAN_POINT('',(0.603700277344,-5.E-02));
#1264 = CARTESIAN_POINT('',(0.403544718108,-5.E-02));
#1265 = CARTESIAN_POINT('',(0.202250073008,-5.E-02));
#1266 = CARTESIAN_POINT('',(0.,-5.E-02));
#1267 = ( GEOMETRIC_REPRESENTATION_CONTEXT(2) 
PARAMETRIC_REPRESENTATION_CONTEXT() REPRESENTATION_CONTEXT('2D SPACE',''
  ) );
#1268 = ORIENTED_EDGE('',*,*,#1269,.F.);
#1269 = EDGE_CURVE('',#397,#1231,#1270,.T.);
#1270 = SURFACE_CURVE('',#1271,(#1278,#1288),.PCURVE_S1.);
#1271 = B_SPLINE_CURVE_WITH_KNOTS('',5,(#1272,#1273,#1274,#1275,#1276,
    #1277),.UNSPECIFIED.,.F.,.F.,(6,6),(0.,1.),
  .PIECEWISE_BEZIER_KNOTS.);
#1272 = CARTESIAN_POINT('',(-73.8,-54.27685551875,45.30712890625));
#1273 = CARTESIAN_POINT('',(-73.8,-54.17361677664,45.350145048793));
#1274 = CARTESIAN_POINT('',(-73.8,-54.07248600538,45.388150155112));
#1275 = CARTESIAN_POINT('',(-73.8,-53.97365185766,45.420878937643));
#1276 = CARTESIAN_POINT('',(-73.8,-53.87731812656,45.448067811113));
#1277 = CARTESIAN_POINT('',(-73.8,-53.78369145625,45.469482421875));
#1278 = PCURVE('',#118,#1279);
#1279 = DEFINITIONAL_REPRESENTATION('',(#1280),#1287);
#1280 = B_SPLINE_CURVE_WITH_KNOTS('',5,(#1281,#1282,#1283,#1284,#1285,
    #1286),.UNSPECIFIED.,.F.,.F.,(6,6),(0.,1.),
  .PIECEWISE_BEZIER_KNOTS.);
#1281 = CARTESIAN_POINT('',(17.80712890625,-8.82314448125));
#1282 = CARTESIAN_POINT('',(17.850145048793,-8.926383223352));
#1283 = CARTESIAN_POINT('',(17.888150155112,-9.027513994616));
#1284 = CARTESIAN_POINT('',(17.920878937643,-9.126348142336));
#1285 = CARTESIAN_POINT('',(17.948067811113,-9.22268187344));
#1286 = CARTESIAN_POINT('',(17.969482421875,-9.31630854375));
#1287 = ( GEOMETRIC_REPRESENTATION_CONTEXT(2) 
PARAMETRIC_REPRESENTATION_CONTEXT() REPRESENTATION_CONTEXT('2D SPACE',''
  ) );
#1288 = PCURVE('',#1289,#1296);
#1289 = SURFACE_OF_LINEAR_EXTRUSION('',#1290,#1294);
#1290 = B_SPLINE_CURVE_WITH_KNOTS('',2,(#1291,#1292,#1293),
  .UNSPECIFIED.,.F.,.F.,(3,3),(0.,1.),.PIECEWISE_BEZIER_KNOTS.);
#1291 = CARTESIAN_POINT('',(-73.85,-53.78369145625,45.469482421875));
#1292 = CARTESIAN_POINT('',(-73.85,-54.01318364375,45.4169921875));
#1293 = CARTESIAN_POINT('',(-73.85,-54.27685551875,45.30712890625));
#1294 = VECTOR('',#1295,1.);
#1295 = DIRECTION('',(-1.,-0.,-0.));
#1296 = DEFINITIONAL_REPRESENTATION('',(#1297),#1304);
#1297 = B_SPLINE_CURVE_WITH_KNOTS('',5,(#1298,#1299,#1300,#1301,#1302,
    #1303),.UNSPECIFIED.,.F.,.F.,(6,6),(0.,1.),
  .PIECEWISE_BEZIER_KNOTS.);
#1298 = CARTESIAN_POINT('',(1.,-5.E-02));
#1299 = CARTESIAN_POINT('',(0.804228755717,-5.E-02));
#1300 = CARTESIAN_POINT('',(0.606244513002,-5.E-02));
#1301 = CARTESIAN_POINT('',(0.406124481099,-5.E-02));
#1302 = CARTESIAN_POINT('',(0.203986617866,-5.E-02));
#1303 = CARTESIAN_POINT('',(0.,-5.E-02));
#1304 = ( GEOMETRIC_REPRESENTATION_CONTEXT(2) 
PARAMETRIC_REPRESENTATION_CONTEXT() REPRESENTATION_CONTEXT('2D SPACE',''
  ) );
#1305 = FACE_BOUND('',#1306,.T.);
#1306 = EDGE_LOOP('',(#1307,#1335,#1361,#1387,#1413,#1439,#1465,#1491,
    #1517,#1543,#1569,#1595,#1621));
#1307 = ORIENTED_EDGE('',*,*,#1308,.F.);
#1308 = EDGE_CURVE('',#1309,#1311,#1313,.T.);
#1309 = VERTEX_POINT('',#1310);
#1310 = CARTESIAN_POINT('',(-73.8,-59.3232422375,47.35791015625));
#1311 = VERTEX_POINT('',#1312);
#1312 = CARTESIAN_POINT('',(-73.8,-59.3232422375,43.712890625));
#1313 = SURFACE_CURVE('',#1314,(#1318,#1324),.PCURVE_S1.);
#1314 = LINE('',#1315,#1316);
#1315 = CARTESIAN_POINT('',(-73.8,-59.3232422375,35.6064453125));
#1316 = VECTOR('',#1317,1.);
#1317 = DIRECTION('',(0.,-0.,-1.));
#1318 = PCURVE('',#118,#1319);
#1319 = DEFINITIONAL_REPRESENTATION('',(#1320),#1323);
#1320 = B_SPLINE_CURVE_WITH_KNOTS('',1,(#1321,#1322),.UNSPECIFIED.,.F.,
  .F.,(2,2),(-11.75146484375,-8.1064453125),.PIECEWISE_BEZIER_KNOTS.);
#1321 = CARTESIAN_POINT('',(19.85791015625,-3.7767577625));
#1322 = CARTESIAN_POINT('',(16.212890625,-3.7767577625));
#1323 = ( GEOMETRIC_REPRESENTATION_CONTEXT(2) 
PARAMETRIC_REPRESENTATION_CONTEXT() REPRESENTATION_CONTEXT('2D SPACE',''
  ) );
#1324 = PCURVE('',#1325,#1330);
#1325 = PLANE('',#1326);
#1326 = AXIS2_PLACEMENT_3D('',#1327,#1328,#1329);
#1327 = CARTESIAN_POINT('',(-73.85,-59.3232422375,43.712890625));
#1328 = DIRECTION('',(0.,-1.,0.));
#1329 = DIRECTION('',(0.,0.,1.));
#1330 = DEFINITIONAL_REPRESENTATION('',(#1331),#1334);
#1331 = B_SPLINE_CURVE_WITH_KNOTS('',1,(#1332,#1333),.UNSPECIFIED.,.F.,
  .F.,(2,2),(-11.75146484375,-8.1064453125),.PIECEWISE_BEZIER_KNOTS.);
#1332 = CARTESIAN_POINT('',(3.64501953125,-5.E-02));
#1333 = CARTESIAN_POINT('',(0.,-5.E-02));
#1334 = ( GEOMETRIC_REPRESENTATION_CONTEXT(2) 
PARAMETRIC_REPRESENTATION_CONTEXT() REPRESENTATION_CONTEXT('2D SPACE',''
  ) );
#1335 = ORIENTED_EDGE('',*,*,#1336,.F.);
#1336 = EDGE_CURVE('',#1337,#1309,#1339,.T.);
#1337 = VERTEX_POINT('',#1338);
#1338 = CARTESIAN_POINT('',(-73.8,-58.126953175,47.35791015625));
#1339 = SURFACE_CURVE('',#1340,(#1344,#1350),.PCURVE_S1.);
#1340 = LINE('',#1341,#1342);
#1341 = CARTESIAN_POINT('',(-73.8,-61.21162111875,47.35791015625));
#1342 = VECTOR('',#1343,1.);
#1343 = DIRECTION('',(0.,-1.,0.));
#1344 = PCURVE('',#118,#1345);
#1345 = DEFINITIONAL_REPRESENTATION('',(#1346),#1349);
#1346 = B_SPLINE_CURVE_WITH_KNOTS('',1,(#1347,#1348),.UNSPECIFIED.,.F.,
  .F.,(2,2),(-3.08466794375,-1.88837888125),.PIECEWISE_BEZIER_KNOTS.);
#1347 = CARTESIAN_POINT('',(19.85791015625,-4.973046825));
#1348 = CARTESIAN_POINT('',(19.85791015625,-3.7767577625));
#1349 = ( GEOMETRIC_REPRESENTATION_CONTEXT(2) 
PARAMETRIC_REPRESENTATION_CONTEXT() REPRESENTATION_CONTEXT('2D SPACE',''
  ) );
#1350 = PCURVE('',#1351,#1356);
#1351 = PLANE('',#1352);
#1352 = AXIS2_PLACEMENT_3D('',#1353,#1354,#1355);
#1353 = CARTESIAN_POINT('',(-73.85,-59.3232422375,47.35791015625));
#1354 = DIRECTION('',(0.,0.,1.));
#1355 = DIRECTION('',(0.,1.,0.));
#1356 = DEFINITIONAL_REPRESENTATION('',(#1357),#1360);
#1357 = B_SPLINE_CURVE_WITH_KNOTS('',1,(#1358,#1359),.UNSPECIFIED.,.F.,
  .F.,(2,2),(-3.08466794375,-1.88837888125),.PIECEWISE_BEZIER_KNOTS.);
#1358 = CARTESIAN_POINT('',(1.1962890625,-5.E-02));
#1359 = CARTESIAN_POINT('',(0.,-5.E-02));
#1360 = ( GEOMETRIC_REPRESENTATION_CONTEXT(2) 
PARAMETRIC_REPRESENTATION_CONTEXT() REPRESENTATION_CONTEXT('2D SPACE',''
  ) );
#1361 = ORIENTED_EDGE('',*,*,#1362,.F.);
#1362 = EDGE_CURVE('',#1363,#1337,#1365,.T.);
#1363 = VERTEX_POINT('',#1364);
#1364 = CARTESIAN_POINT('',(-73.8,-57.29687505,45.4072265625));
#1365 = SURFACE_CURVE('',#1366,(#1370,#1376),.PCURVE_S1.);
#1366 = LINE('',#1367,#1368);
#1367 = CARTESIAN_POINT('',(-73.8,-54.93085949602,39.847090010666));
#1368 = VECTOR('',#1369,1.);
#1369 = DIRECTION('',(0.,-0.391555164097,0.920154635629));
#1370 = PCURVE('',#118,#1371);
#1371 = DEFINITIONAL_REPRESENTATION('',(#1372),#1375);
#1372 = B_SPLINE_CURVE_WITH_KNOTS('',1,(#1373,#1374),.UNSPECIFIED.,.F.,
  .F.,(2,2),(6.04261103139,8.162562959271),.PIECEWISE_BEZIER_KNOTS.);
#1373 = CARTESIAN_POINT('',(17.9072265625,-5.80312495));
#1374 = CARTESIAN_POINT('',(19.85791015625,-4.973046825));
#1375 = ( GEOMETRIC_REPRESENTATION_CONTEXT(2) 
PARAMETRIC_REPRESENTATION_CONTEXT() REPRESENTATION_CONTEXT('2D SPACE',''
  ) );
#1376 = PCURVE('',#1377,#1382);
#1377 = PLANE('',#1378);
#1378 = AXIS2_PLACEMENT_3D('',#1379,#1380,#1381);
#1379 = CARTESIAN_POINT('',(-73.85,-58.126953175,47.35791015625));
#1380 = DIRECTION('',(-0.,0.920154635629,0.391555164097));
#1381 = DIRECTION('',(0.,0.391555164097,-0.920154635629));
#1382 = DEFINITIONAL_REPRESENTATION('',(#1383),#1386);
#1383 = B_SPLINE_CURVE_WITH_KNOTS('',1,(#1384,#1385),.UNSPECIFIED.,.F.,
  .F.,(2,2),(6.04261103139,8.162562959271),.PIECEWISE_BEZIER_KNOTS.);
#1384 = CARTESIAN_POINT('',(2.119951927882,-5.E-02));
#1385 = CARTESIAN_POINT('',(0.,-5.E-02));
#1386 = ( GEOMETRIC_REPRESENTATION_CONTEXT(2) 
PARAMETRIC_REPRESENTATION_CONTEXT() REPRESENTATION_CONTEXT('2D SPACE',''
  ) );
#1387 = ORIENTED_EDGE('',*,*,#1388,.F.);
#1388 = EDGE_CURVE('',#1389,#1363,#1391,.T.);
#1389 = VERTEX_POINT('',#1390);
#1390 = CARTESIAN_POINT('',(-73.8,-56.4619141125,47.35791015625));
#1391 = SURFACE_CURVE('',#1392,(#1396,#1402),.PCURVE_S1.);
#1392 = LINE('',#1393,#1394);
#1393 = CARTESIAN_POINT('',(-73.8,-60.98519104469,36.790371358517));
#1394 = VECTOR('',#1395,1.);
#1395 = DIRECTION('',(0.,-0.393502664251,-0.919323475838));
#1396 = PCURVE('',#118,#1397);
#1397 = DEFINITIONAL_REPRESENTATION('',(#1398),#1401);
#1398 = B_SPLINE_CURVE_WITH_KNOTS('',1,(#1399,#1400),.UNSPECIFIED.,.F.,
  .F.,(2,2),(-11.49490802255,-9.373039447434),.PIECEWISE_BEZIER_KNOTS.);
#1399 = CARTESIAN_POINT('',(19.85791015625,-6.6380858875));
#1400 = CARTESIAN_POINT('',(17.9072265625,-5.80312495));
#1401 = ( GEOMETRIC_REPRESENTATION_CONTEXT(2) 
PARAMETRIC_REPRESENTATION_CONTEXT() REPRESENTATION_CONTEXT('2D SPACE',''
  ) );
#1402 = PCURVE('',#1403,#1408);
#1403 = PLANE('',#1404);
#1404 = AXIS2_PLACEMENT_3D('',#1405,#1406,#1407);
#1405 = CARTESIAN_POINT('',(-73.85,-57.29687505,45.4072265625));
#1406 = DIRECTION('',(0.,-0.919323475838,0.393502664251));
#1407 = DIRECTION('',(0.,0.393502664251,0.919323475838));
#1408 = DEFINITIONAL_REPRESENTATION('',(#1409),#1412);
#1409 = B_SPLINE_CURVE_WITH_KNOTS('',1,(#1410,#1411),.UNSPECIFIED.,.F.,
  .F.,(2,2),(-11.49490802255,-9.373039447434),.PIECEWISE_BEZIER_KNOTS.);
#1410 = CARTESIAN_POINT('',(2.121868575119,-5.E-02));
#1411 = CARTESIAN_POINT('',(0.,-5.E-02));
#1412 = ( GEOMETRIC_REPRESENTATION_CONTEXT(2) 
PARAMETRIC_REPRESENTATION_CONTEXT() REPRESENTATION_CONTEXT('2D SPACE',''
  ) );
#1413 = ORIENTED_EDGE('',*,*,#1414,.F.);
#1414 = EDGE_CURVE('',#1415,#1389,#1417,.T.);
#1415 = VERTEX_POINT('',#1416);
#1416 = CARTESIAN_POINT('',(-73.8,-55.26806645625,47.35791015625));
#1417 = SURFACE_CURVE('',#1418,(#1422,#1428),.PCURVE_S1.);
#1418 = LINE('',#1419,#1420);
#1419 = CARTESIAN_POINT('',(-73.8,-59.78095705625,47.35791015625));
#1420 = VECTOR('',#1421,1.);
#1421 = DIRECTION('',(0.,-1.,0.));
#1422 = PCURVE('',#118,#1423);
#1423 = DEFINITIONAL_REPRESENTATION('',(#1424),#1427);
#1424 = B_SPLINE_CURVE_WITH_KNOTS('',1,(#1425,#1426),.UNSPECIFIED.,.F.,
  .F.,(2,2),(-4.5128906,-3.31904294375),.PIECEWISE_BEZIER_KNOTS.);
#1425 = CARTESIAN_POINT('',(19.85791015625,-7.83193354375));
#1426 = CARTESIAN_POINT('',(19.85791015625,-6.6380858875));
#1427 = ( GEOMETRIC_REPRESENTATION_CONTEXT(2) 
PARAMETRIC_REPRESENTATION_CONTEXT() REPRESENTATION_CONTEXT('2D SPACE',''
  ) );
#1428 = PCURVE('',#1429,#1434);
#1429 = PLANE('',#1430);
#1430 = AXIS2_PLACEMENT_3D('',#1431,#1432,#1433);
#1431 = CARTESIAN_POINT('',(-73.85,-56.4619141125,47.35791015625));
#1432 = DIRECTION('',(0.,0.,1.));
#1433 = DIRECTION('',(0.,1.,0.));
#1434 = DEFINITIONAL_REPRESENTATION('',(#1435),#1438);
#1435 = B_SPLINE_CURVE_WITH_KNOTS('',1,(#1436,#1437),.UNSPECIFIED.,.F.,
  .F.,(2,2),(-4.5128906,-3.31904294375),.PIECEWISE_BEZIER_KNOTS.);
#1436 = CARTESIAN_POINT('',(1.19384765625,-5.E-02));
#1437 = CARTESIAN_POINT('',(0.,-5.E-02));
#1438 = ( GEOMETRIC_REPRESENTATION_CONTEXT(2) 
PARAMETRIC_REPRESENTATION_CONTEXT() REPRESENTATION_CONTEXT('2D SPACE',''
  ) );
#1439 = ORIENTED_EDGE('',*,*,#1440,.F.);
#1440 = EDGE_CURVE('',#1441,#1415,#1443,.T.);
#1441 = VERTEX_POINT('',#1442);
#1442 = CARTESIAN_POINT('',(-73.8,-55.26806645625,43.712890625));
#1443 = SURFACE_CURVE('',#1444,(#1448,#1454),.PCURVE_S1.);
#1444 = LINE('',#1445,#1446);
#1445 = CARTESIAN_POINT('',(-73.8,-55.26806645625,37.428955078125));
#1446 = VECTOR('',#1447,1.);
#1447 = DIRECTION('',(0.,0.,1.));
#1448 = PCURVE('',#118,#1449);
#1449 = DEFINITIONAL_REPRESENTATION('',(#1450),#1453);
#1450 = B_SPLINE_CURVE_WITH_KNOTS('',1,(#1451,#1452),.UNSPECIFIED.,.F.,
  .F.,(2,2),(6.283935546875,9.928955078125),.PIECEWISE_BEZIER_KNOTS.);
#1451 = CARTESIAN_POINT('',(16.212890625,-7.83193354375));
#1452 = CARTESIAN_POINT('',(19.85791015625,-7.83193354375));
#1453 = ( GEOMETRIC_REPRESENTATION_CONTEXT(2) 
PARAMETRIC_REPRESENTATION_CONTEXT() REPRESENTATION_CONTEXT('2D SPACE',''
  ) );
#1454 = PCURVE('',#1455,#1460);
#1455 = PLANE('',#1456);
#1456 = AXIS2_PLACEMENT_3D('',#1457,#1458,#1459);
#1457 = CARTESIAN_POINT('',(-73.85,-55.26806645625,47.35791015625));
#1458 = DIRECTION('',(-0.,1.,0.));
#1459 = DIRECTION('',(0.,0.,-1.));
#1460 = DEFINITIONAL_REPRESENTATION('',(#1461),#1464);
#1461 = B_SPLINE_CURVE_WITH_KNOTS('',1,(#1462,#1463),.UNSPECIFIED.,.F.,
  .F.,(2,2),(6.283935546875,9.928955078125),.PIECEWISE_BEZIER_KNOTS.);
#1462 = CARTESIAN_POINT('',(3.64501953125,-5.E-02));
#1463 = CARTESIAN_POINT('',(0.,-5.E-02));
#1464 = ( GEOMETRIC_REPRESENTATION_CONTEXT(2) 
PARAMETRIC_REPRESENTATION_CONTEXT() REPRESENTATION_CONTEXT('2D SPACE',''
  ) );
#1465 = ORIENTED_EDGE('',*,*,#1466,.F.);
#1466 = EDGE_CURVE('',#1467,#1441,#1469,.T.);
#1467 = VERTEX_POINT('',#1468);
#1468 = CARTESIAN_POINT('',(-73.8,-56.15673833125,43.712890625));
#1469 = SURFACE_CURVE('',#1470,(#1474,#1480),.PCURVE_S1.);
#1470 = LINE('',#1471,#1472);
#1471 = CARTESIAN_POINT('',(-73.8,-59.18403322812,43.712890625));
#1472 = VECTOR('',#1473,1.);
#1473 = DIRECTION('',(0.,1.,0.));
#1474 = PCURVE('',#118,#1475);
#1475 = DEFINITIONAL_REPRESENTATION('',(#1476),#1479);
#1476 = B_SPLINE_CURVE_WITH_KNOTS('',1,(#1477,#1478),.UNSPECIFIED.,.F.,
  .F.,(2,2),(3.027294896875,3.915966771875),.PIECEWISE_BEZIER_KNOTS.);
#1477 = CARTESIAN_POINT('',(16.212890625,-6.94326166875));
#1478 = CARTESIAN_POINT('',(16.212890625,-7.83193354375));
#1479 = ( GEOMETRIC_REPRESENTATION_CONTEXT(2) 
PARAMETRIC_REPRESENTATION_CONTEXT() REPRESENTATION_CONTEXT('2D SPACE',''
  ) );
#1480 = PCURVE('',#1481,#1486);
#1481 = PLANE('',#1482);
#1482 = AXIS2_PLACEMENT_3D('',#1483,#1484,#1485);
#1483 = CARTESIAN_POINT('',(-73.85,-55.26806645625,43.712890625));
#1484 = DIRECTION('',(0.,0.,-1.));
#1485 = DIRECTION('',(0.,-1.,0.));
#1486 = DEFINITIONAL_REPRESENTATION('',(#1487),#1490);
#1487 = B_SPLINE_CURVE_WITH_KNOTS('',1,(#1488,#1489),.UNSPECIFIED.,.F.,
  .F.,(2,2),(3.027294896875,3.915966771875),.PIECEWISE_BEZIER_KNOTS.);
#1488 = CARTESIAN_POINT('',(0.888671875,-5.E-02));
#1489 = CARTESIAN_POINT('',(0.,-5.E-02));
#1490 = ( GEOMETRIC_REPRESENTATION_CONTEXT(2) 
PARAMETRIC_REPRESENTATION_CONTEXT() REPRESENTATION_CONTEXT('2D SPACE',''
  ) );
#1491 = ORIENTED_EDGE('',*,*,#1492,.F.);
#1492 = EDGE_CURVE('',#1493,#1467,#1495,.T.);
#1493 = VERTEX_POINT('',#1494);
#1494 = CARTESIAN_POINT('',(-73.8,-56.15673833125,46.37890625));
#1495 = SURFACE_CURVE('',#1496,(#1500,#1506),.PCURVE_S1.);
#1496 = LINE('',#1497,#1498);
#1497 = CARTESIAN_POINT('',(-73.8,-56.15673833125,35.6064453125));
#1498 = VECTOR('',#1499,1.);
#1499 = DIRECTION('',(0.,-0.,-1.));
#1500 = PCURVE('',#118,#1501);
#1501 = DEFINITIONAL_REPRESENTATION('',(#1502),#1505);
#1502 = B_SPLINE_CURVE_WITH_KNOTS('',1,(#1503,#1504),.UNSPECIFIED.,.F.,
  .F.,(2,2),(-10.7724609375,-8.1064453125),.PIECEWISE_BEZIER_KNOTS.);
#1503 = CARTESIAN_POINT('',(18.87890625,-6.94326166875));
#1504 = CARTESIAN_POINT('',(16.212890625,-6.94326166875));
#1505 = ( GEOMETRIC_REPRESENTATION_CONTEXT(2) 
PARAMETRIC_REPRESENTATION_CONTEXT() REPRESENTATION_CONTEXT('2D SPACE',''
  ) );
#1506 = PCURVE('',#1507,#1512);
#1507 = PLANE('',#1508);
#1508 = AXIS2_PLACEMENT_3D('',#1509,#1510,#1511);
#1509 = CARTESIAN_POINT('',(-73.85,-56.15673833125,43.712890625));
#1510 = DIRECTION('',(0.,-1.,0.));
#1511 = DIRECTION('',(0.,0.,1.));
#1512 = DEFINITIONAL_REPRESENTATION('',(#1513),#1516);
#1513 = B_SPLINE_CURVE_WITH_KNOTS('',1,(#1514,#1515),.UNSPECIFIED.,.F.,
  .F.,(2,2),(-10.7724609375,-8.1064453125),.PIECEWISE_BEZIER_KNOTS.);
#1514 = CARTESIAN_POINT('',(2.666015625,-5.E-02));
#1515 = CARTESIAN_POINT('',(0.,-5.E-02));
#1516 = ( GEOMETRIC_REPRESENTATION_CONTEXT(2) 
PARAMETRIC_REPRESENTATION_CONTEXT() REPRESENTATION_CONTEXT('2D SPACE',''
  ) );
#1517 = ORIENTED_EDGE('',*,*,#1518,.F.);
#1518 = EDGE_CURVE('',#1519,#1493,#1521,.T.);
#1519 = VERTEX_POINT('',#1520);
#1520 = CARTESIAN_POINT('',(-73.8,-56.99658208125,44.41357421875));
#1521 = SURFACE_CURVE('',#1522,(#1526,#1532),.PCURVE_S1.);
#1522 = LINE('',#1523,#1524);
#1523 = CARTESIAN_POINT('',(-73.8,-60.10369318123,37.14257295279));
#1524 = VECTOR('',#1525,1.);
#1525 = DIRECTION('',(0.,0.392954027956,0.919558117746));
#1526 = PCURVE('',#118,#1527);
#1527 = DEFINITIONAL_REPRESENTATION('',(#1528),#1531);
#1528 = B_SPLINE_CURVE_WITH_KNOTS('',1,(#1529,#1530),.UNSPECIFIED.,.F.,
  .F.,(2,2),(7.907060060304,10.044317068123),.PIECEWISE_BEZIER_KNOTS.);
#1529 = CARTESIAN_POINT('',(16.91357421875,-6.10341791875));
#1530 = CARTESIAN_POINT('',(18.87890625,-6.94326166875));
#1531 = ( GEOMETRIC_REPRESENTATION_CONTEXT(2) 
PARAMETRIC_REPRESENTATION_CONTEXT() REPRESENTATION_CONTEXT('2D SPACE',''
  ) );
#1532 = PCURVE('',#1533,#1538);
#1533 = PLANE('',#1534);
#1534 = AXIS2_PLACEMENT_3D('',#1535,#1536,#1537);
#1535 = CARTESIAN_POINT('',(-73.85,-56.15673833125,46.37890625));
#1536 = DIRECTION('',(0.,0.919558117746,-0.392954027956));
#1537 = DIRECTION('',(0.,-0.392954027956,-0.919558117746));
#1538 = DEFINITIONAL_REPRESENTATION('',(#1539),#1542);
#1539 = B_SPLINE_CURVE_WITH_KNOTS('',1,(#1540,#1541),.UNSPECIFIED.,.F.,
  .F.,(2,2),(7.907060060304,10.044317068123),.PIECEWISE_BEZIER_KNOTS.);
#1540 = CARTESIAN_POINT('',(2.137257007819,-5.E-02));
#1541 = CARTESIAN_POINT('',(0.,-5.E-02));
#1542 = ( GEOMETRIC_REPRESENTATION_CONTEXT(2) 
PARAMETRIC_REPRESENTATION_CONTEXT() REPRESENTATION_CONTEXT('2D SPACE',''
  ) );
#1543 = ORIENTED_EDGE('',*,*,#1544,.F.);
#1544 = EDGE_CURVE('',#1545,#1519,#1547,.T.);
#1545 = VERTEX_POINT('',#1546);
#1546 = CARTESIAN_POINT('',(-73.8,-57.59228520625,44.41357421875));
#1547 = SURFACE_CURVE('',#1548,(#1552,#1558),.PCURVE_S1.);
#1548 = LINE('',#1549,#1550);
#1549 = CARTESIAN_POINT('',(-73.8,-60.04829104062,44.41357421875));
#1550 = VECTOR('',#1551,1.);
#1551 = DIRECTION('',(0.,1.,0.));
#1552 = PCURVE('',#118,#1553);
#1553 = DEFINITIONAL_REPRESENTATION('',(#1554),#1557);
#1554 = B_SPLINE_CURVE_WITH_KNOTS('',1,(#1555,#1556),.UNSPECIFIED.,.F.,
  .F.,(2,2),(2.456005834375,3.051708959375),.PIECEWISE_BEZIER_KNOTS.);
#1555 = CARTESIAN_POINT('',(16.91357421875,-5.50771479375));
#1556 = CARTESIAN_POINT('',(16.91357421875,-6.10341791875));
#1557 = ( GEOMETRIC_REPRESENTATION_CONTEXT(2) 
PARAMETRIC_REPRESENTATION_CONTEXT() REPRESENTATION_CONTEXT('2D SPACE',''
  ) );
#1558 = PCURVE('',#1559,#1564);
#1559 = PLANE('',#1560);
#1560 = AXIS2_PLACEMENT_3D('',#1561,#1562,#1563);
#1561 = CARTESIAN_POINT('',(-73.85,-56.99658208125,44.41357421875));
#1562 = DIRECTION('',(0.,0.,-1.));
#1563 = DIRECTION('',(0.,-1.,0.));
#1564 = DEFINITIONAL_REPRESENTATION('',(#1565),#1568);
#1565 = B_SPLINE_CURVE_WITH_KNOTS('',1,(#1566,#1567),.UNSPECIFIED.,.F.,
  .F.,(2,2),(2.456005834375,3.051708959375),.PIECEWISE_BEZIER_KNOTS.);
#1566 = CARTESIAN_POINT('',(0.595703125,-5.E-02));
#1567 = CARTESIAN_POINT('',(0.,-5.E-02));
#1568 = ( GEOMETRIC_REPRESENTATION_CONTEXT(2) 
PARAMETRIC_REPRESENTATION_CONTEXT() REPRESENTATION_CONTEXT('2D SPACE',''
  ) );
#1569 = ORIENTED_EDGE('',*,*,#1570,.F.);
#1570 = EDGE_CURVE('',#1571,#1545,#1573,.T.);
#1571 = VERTEX_POINT('',#1572);
#1572 = CARTESIAN_POINT('',(-73.8,-58.43212895625,46.37890625));
#1573 = SURFACE_CURVE('',#1574,(#1578,#1584),.PCURVE_S1.);
#1574 = LINE('',#1575,#1576);
#1575 = CARTESIAN_POINT('',(-73.8,-54.9617063832,38.257713891554));
#1576 = VECTOR('',#1577,1.);
#1577 = DIRECTION('',(-0.,0.392954027956,-0.919558117746));
#1578 = PCURVE('',#118,#1579);
#1579 = DEFINITIONAL_REPRESENTATION('',(#1580),#1583);
#1580 = B_SPLINE_CURVE_WITH_KNOTS('',1,(#1581,#1582),.UNSPECIFIED.,.F.,
  .F.,(2,2),(-8.831624887778,-6.694367879959),.PIECEWISE_BEZIER_KNOTS.);
#1581 = CARTESIAN_POINT('',(18.87890625,-4.66787104375));
#1582 = CARTESIAN_POINT('',(16.91357421875,-5.50771479375));
#1583 = ( GEOMETRIC_REPRESENTATION_CONTEXT(2) 
PARAMETRIC_REPRESENTATION_CONTEXT() REPRESENTATION_CONTEXT('2D SPACE',''
  ) );
#1584 = PCURVE('',#1585,#1590);
#1585 = PLANE('',#1586);
#1586 = AXIS2_PLACEMENT_3D('',#1587,#1588,#1589);
#1587 = CARTESIAN_POINT('',(-73.85,-57.59228520625,44.41357421875));
#1588 = DIRECTION('',(0.,-0.919558117746,-0.392954027956));
#1589 = DIRECTION('',(0.,-0.392954027956,0.919558117746));
#1590 = DEFINITIONAL_REPRESENTATION('',(#1591),#1594);
#1591 = B_SPLINE_CURVE_WITH_KNOTS('',1,(#1592,#1593),.UNSPECIFIED.,.F.,
  .F.,(2,2),(-8.831624887778,-6.694367879959),.PIECEWISE_BEZIER_KNOTS.);
#1592 = CARTESIAN_POINT('',(2.137257007819,-5.E-02));
#1593 = CARTESIAN_POINT('',(0.,-5.E-02));
#1594 = ( GEOMETRIC_REPRESENTATION_CONTEXT(2) 
PARAMETRIC_REPRESENTATION_CONTEXT() REPRESENTATION_CONTEXT('2D SPACE',''
  ) );
#1595 = ORIENTED_EDGE('',*,*,#1596,.F.);
#1596 = EDGE_CURVE('',#1597,#1571,#1599,.T.);
#1597 = VERTEX_POINT('',#1598);
#1598 = CARTESIAN_POINT('',(-73.8,-58.43212895625,43.712890625));
#1599 = SURFACE_CURVE('',#1600,(#1604,#1610),.PCURVE_S1.);
#1600 = LINE('',#1601,#1602);
#1601 = CARTESIAN_POINT('',(-73.8,-58.43212895625,36.939453125));
#1602 = VECTOR('',#1603,1.);
#1603 = DIRECTION('',(0.,0.,1.));
#1604 = PCURVE('',#118,#1605);
#1605 = DEFINITIONAL_REPRESENTATION('',(#1606),#1609);
#1606 = B_SPLINE_CURVE_WITH_KNOTS('',1,(#1607,#1608),.UNSPECIFIED.,.F.,
  .F.,(2,2),(6.7734375,9.439453125),.PIECEWISE_BEZIER_KNOTS.);
#1607 = CARTESIAN_POINT('',(16.212890625,-4.66787104375));
#1608 = CARTESIAN_POINT('',(18.87890625,-4.66787104375));
#1609 = ( GEOMETRIC_REPRESENTATION_CONTEXT(2) 
PARAMETRIC_REPRESENTATION_CONTEXT() REPRESENTATION_CONTEXT('2D SPACE',''
  ) );
#1610 = PCURVE('',#1611,#1616);
#1611 = PLANE('',#1612);
#1612 = AXIS2_PLACEMENT_3D('',#1613,#1614,#1615);
#1613 = CARTESIAN_POINT('',(-73.85,-58.43212895625,46.37890625));
#1614 = DIRECTION('',(-0.,1.,0.));
#1615 = DIRECTION('',(0.,0.,-1.));
#1616 = DEFINITIONAL_REPRESENTATION('',(#1617),#1620);
#1617 = B_SPLINE_CURVE_WITH_KNOTS('',1,(#1618,#1619),.UNSPECIFIED.,.F.,
  .F.,(2,2),(6.7734375,9.439453125),.PIECEWISE_BEZIER_KNOTS.);
#1618 = CARTESIAN_POINT('',(2.666015625,-5.E-02));
#1619 = CARTESIAN_POINT('',(0.,-5.E-02));
#1620 = ( GEOMETRIC_REPRESENTATION_CONTEXT(2) 
PARAMETRIC_REPRESENTATION_CONTEXT() REPRESENTATION_CONTEXT('2D SPACE',''
  ) );
#1621 = ORIENTED_EDGE('',*,*,#1622,.F.);
#1622 = EDGE_CURVE('',#1311,#1597,#1623,.T.);
#1623 = SURFACE_CURVE('',#1624,(#1628,#1634),.PCURVE_S1.);
#1624 = LINE('',#1625,#1626);
#1625 = CARTESIAN_POINT('',(-73.8,-60.76606447812,43.712890625));
#1626 = VECTOR('',#1627,1.);
#1627 = DIRECTION('',(0.,1.,0.));
#1628 = PCURVE('',#118,#1629);
#1629 = DEFINITIONAL_REPRESENTATION('',(#1630),#1633);
#1630 = B_SPLINE_CURVE_WITH_KNOTS('',1,(#1631,#1632),.UNSPECIFIED.,.F.,
  .F.,(2,2),(1.442822240625,2.333935521875),.PIECEWISE_BEZIER_KNOTS.);
#1631 = CARTESIAN_POINT('',(16.212890625,-3.7767577625));
#1632 = CARTESIAN_POINT('',(16.212890625,-4.66787104375));
#1633 = ( GEOMETRIC_REPRESENTATION_CONTEXT(2) 
PARAMETRIC_REPRESENTATION_CONTEXT() REPRESENTATION_CONTEXT('2D SPACE',''
  ) );
#1634 = PCURVE('',#1635,#1640);
#1635 = PLANE('',#1636);
#1636 = AXIS2_PLACEMENT_3D('',#1637,#1638,#1639);
#1637 = CARTESIAN_POINT('',(-73.85,-58.43212895625,43.712890625));
#1638 = DIRECTION('',(0.,0.,-1.));
#1639 = DIRECTION('',(0.,-1.,0.));
#1640 = DEFINITIONAL_REPRESENTATION('',(#1641),#1644);
#1641 = B_SPLINE_CURVE_WITH_KNOTS('',1,(#1642,#1643),.UNSPECIFIED.,.F.,
  .F.,(2,2),(1.442822240625,2.333935521875),.PIECEWISE_BEZIER_KNOTS.);
#1642 = CARTESIAN_POINT('',(0.89111328125,-5.E-02));
#1643 = CARTESIAN_POINT('',(0.,-5.E-02));
#1644 = ( GEOMETRIC_REPRESENTATION_CONTEXT(2) 
PARAMETRIC_REPRESENTATION_CONTEXT() REPRESENTATION_CONTEXT('2D SPACE',''
  ) );
#1645 = ADVANCED_FACE('',(#1646,#1672),#144,.T.);
#1646 = FACE_BOUND('',#1647,.T.);
#1647 = EDGE_LOOP('',(#1648,#1649,#1670,#1671));
#1648 = ORIENTED_EDGE('',*,*,#371,.T.);
#1649 = ORIENTED_EDGE('',*,*,#1650,.F.);
#1650 = EDGE_CURVE('',#215,#349,#1651,.T.);
#1651 = SURFACE_CURVE('',#1652,(#1656,#1663),.PCURVE_S1.);
#1652 = LINE('',#1653,#1654);
#1653 = CARTESIAN_POINT('',(-93.8,-47.9,27.5));
#1654 = VECTOR('',#1655,1.);
#1655 = DIRECTION('',(1.,0.,-0.));
#1656 = PCURVE('',#144,#1657);
#1657 = DEFINITIONAL_REPRESENTATION('',(#1658),#1662);
#1658 = LINE('',#1659,#1660);
#1659 = CARTESIAN_POINT('',(0.,0.));
#1660 = VECTOR('',#1661,1.);
#1661 = DIRECTION('',(0.,1.));
#1662 = ( GEOMETRIC_REPRESENTATION_CONTEXT(2) 
PARAMETRIC_REPRESENTATION_CONTEXT() REPRESENTATION_CONTEXT('2D SPACE',''
  ) );
#1663 = PCURVE('',#230,#1664);
#1664 = DEFINITIONAL_REPRESENTATION('',(#1665),#1669);
#1665 = LINE('',#1666,#1667);
#1666 = CARTESIAN_POINT('',(0.,15.2));
#1667 = VECTOR('',#1668,1.);
#1668 = DIRECTION('',(1.,0.));
#1669 = ( GEOMETRIC_REPRESENTATION_CONTEXT(2) 
PARAMETRIC_REPRESENTATION_CONTEXT() REPRESENTATION_CONTEXT('2D SPACE',''
  ) );
#1670 = ORIENTED_EDGE('',*,*,#242,.F.);
#1671 = ORIENTED_EDGE('',*,*,#130,.T.);
#1672 = FACE_BOUND('',#1673,.T.);
#1673 = EDGE_LOOP('',(#1674));
#1674 = ORIENTED_EDGE('',*,*,#1675,.F.);
#1675 = EDGE_CURVE('',#1676,#1676,#1678,.T.);
#1676 = VERTEX_POINT('',#1677);
#1677 = CARTESIAN_POINT('',(-79.6,-47.9,35.5));
#1678 = SURFACE_CURVE('',#1679,(#1684,#1691),.PCURVE_S1.);
#1679 = CIRCLE('',#1680,4.2);
#1680 = AXIS2_PLACEMENT_3D('',#1681,#1682,#1683);
#1681 = CARTESIAN_POINT('',(-83.8,-47.9,35.5));
#1682 = DIRECTION('',(0.,1.,2.22044604925E-16));
#1683 = DIRECTION('',(1.,0.,-0.));
#1684 = PCURVE('',#144,#1685);
#1685 = DEFINITIONAL_REPRESENTATION('',(#1686),#1690);
#1686 = CIRCLE('',#1687,4.2);
#1687 = AXIS2_PLACEMENT_2D('',#1688,#1689);
#1688 = CARTESIAN_POINT('',(8.,10.));
#1689 = DIRECTION('',(0.,1.));
#1690 = ( GEOMETRIC_REPRESENTATION_CONTEXT(2) 
PARAMETRIC_REPRESENTATION_CONTEXT() REPRESENTATION_CONTEXT('2D SPACE',''
  ) );
#1691 = PCURVE('',#331,#1692);
#1692 = DEFINITIONAL_REPRESENTATION('',(#1693),#1697);
#1693 = LINE('',#1694,#1695);
#1694 = CARTESIAN_POINT('',(0.,16.2));
#1695 = VECTOR('',#1696,1.);
#1696 = DIRECTION('',(1.,0.));
#1697 = ( GEOMETRIC_REPRESENTATION_CONTEXT(2) 
PARAMETRIC_REPRESENTATION_CONTEXT() REPRESENTATION_CONTEXT('2D SPACE',''
  ) );
#1698 = ADVANCED_FACE('',(#1699),#175,.F.);
#1699 = FACE_BOUND('',#1700,.F.);
#1700 = EDGE_LOOP('',(#1701,#1702,#1725,#1752));
#1701 = ORIENTED_EDGE('',*,*,#158,.F.);
#1702 = ORIENTED_EDGE('',*,*,#1703,.F.);
#1703 = EDGE_CURVE('',#1704,#159,#1706,.T.);
#1704 = VERTEX_POINT('',#1705);
#1705 = CARTESIAN_POINT('',(-80.6,-57.1,49.5));
#1706 = SEAM_CURVE('',#1707,(#1711,#1718),.PCURVE_S1.);
#1707 = LINE('',#1708,#1709);
#1708 = CARTESIAN_POINT('',(-80.6,-57.1,49.5));
#1709 = VECTOR('',#1710,1.);
#1710 = DIRECTION('',(0.,0.,1.));
#1711 = PCURVE('',#175,#1712);
#1712 = DEFINITIONAL_REPRESENTATION('',(#1713),#1717);
#1713 = LINE('',#1714,#1715);
#1714 = CARTESIAN_POINT('',(6.28318530718,-0.));
#1715 = VECTOR('',#1716,1.);
#1716 = DIRECTION('',(0.,1.));
#1717 = ( GEOMETRIC_REPRESENTATION_CONTEXT(2) 
PARAMETRIC_REPRESENTATION_CONTEXT() REPRESENTATION_CONTEXT('2D SPACE',''
  ) );
#1718 = PCURVE('',#175,#1719);
#1719 = DEFINITIONAL_REPRESENTATION('',(#1720),#1724);
#1720 = LINE('',#1721,#1722);
#1721 = CARTESIAN_POINT('',(0.,-0.));
#1722 = VECTOR('',#1723,1.);
#1723 = DIRECTION('',(0.,1.));
#1724 = ( GEOMETRIC_REPRESENTATION_CONTEXT(2) 
PARAMETRIC_REPRESENTATION_CONTEXT() REPRESENTATION_CONTEXT('2D SPACE',''
  ) );
#1725 = ORIENTED_EDGE('',*,*,#1726,.T.);
#1726 = EDGE_CURVE('',#1704,#1704,#1727,.T.);
#1727 = SURFACE_CURVE('',#1728,(#1733,#1740),.PCURVE_S1.);
#1728 = CIRCLE('',#1729,3.2);
#1729 = AXIS2_PLACEMENT_3D('',#1730,#1731,#1732);
#1730 = CARTESIAN_POINT('',(-83.8,-57.1,49.5));
#1731 = DIRECTION('',(0.,0.,1.));
#1732 = DIRECTION('',(1.,0.,-0.));
#1733 = PCURVE('',#175,#1734);
#1734 = DEFINITIONAL_REPRESENTATION('',(#1735),#1739);
#1735 = LINE('',#1736,#1737);
#1736 = CARTESIAN_POINT('',(0.,0.));
#1737 = VECTOR('',#1738,1.);
#1738 = DIRECTION('',(1.,0.));
#1739 = ( GEOMETRIC_REPRESENTATION_CONTEXT(2) 
PARAMETRIC_REPRESENTATION_CONTEXT() REPRESENTATION_CONTEXT('2D SPACE',''
  ) );
#1740 = PCURVE('',#1741,#1746);
#1741 = PLANE('',#1742);
#1742 = AXIS2_PLACEMENT_3D('',#1743,#1744,#1745);
#1743 = CARTESIAN_POINT('',(-83.8,-57.1,49.5));
#1744 = DIRECTION('',(0.,0.,1.));
#1745 = DIRECTION('',(1.,0.,-0.));
#1746 = DEFINITIONAL_REPRESENTATION('',(#1747),#1751);
#1747 = CIRCLE('',#1748,3.2);
#1748 = AXIS2_PLACEMENT_2D('',#1749,#1750);
#1749 = CARTESIAN_POINT('',(0.,0.));
#1750 = DIRECTION('',(1.,0.));
#1751 = ( GEOMETRIC_REPRESENTATION_CONTEXT(2) 
PARAMETRIC_REPRESENTATION_CONTEXT() REPRESENTATION_CONTEXT('2D SPACE',''
  ) );
#1752 = ORIENTED_EDGE('',*,*,#1703,.T.);
#1753 = ADVANCED_FACE('',(#1754),#230,.F.);
#1754 = FACE_BOUND('',#1755,.F.);
#1755 = EDGE_LOOP('',(#1756,#1757,#1758,#1759));
#1756 = ORIENTED_EDGE('',*,*,#214,.T.);
#1757 = ORIENTED_EDGE('',*,*,#289,.T.);
#1758 = ORIENTED_EDGE('',*,*,#348,.T.);
#1759 = ORIENTED_EDGE('',*,*,#1650,.F.);
#1760 = ADVANCED_FACE('',(#1761),#331,.F.);
#1761 = FACE_BOUND('',#1762,.F.);
#1762 = EDGE_LOOP('',(#1763,#1764,#1785,#1786));
#1763 = ORIENTED_EDGE('',*,*,#1675,.F.);
#1764 = ORIENTED_EDGE('',*,*,#1765,.F.);
#1765 = EDGE_CURVE('',#315,#1676,#1766,.T.);
#1766 = SEAM_CURVE('',#1767,(#1771,#1778),.PCURVE_S1.);
#1767 = LINE('',#1768,#1769);
#1768 = CARTESIAN_POINT('',(-79.6,-64.1,35.5));
#1769 = VECTOR('',#1770,1.);
#1770 = DIRECTION('',(0.,1.,2.22044604925E-16));
#1771 = PCURVE('',#331,#1772);
#1772 = DEFINITIONAL_REPRESENTATION('',(#1773),#1777);
#1773 = LINE('',#1774,#1775);
#1774 = CARTESIAN_POINT('',(6.28318530718,-0.));
#1775 = VECTOR('',#1776,1.);
#1776 = DIRECTION('',(0.,1.));
#1777 = ( GEOMETRIC_REPRESENTATION_CONTEXT(2) 
PARAMETRIC_REPRESENTATION_CONTEXT() REPRESENTATION_CONTEXT('2D SPACE',''
  ) );
#1778 = PCURVE('',#331,#1779);
#1779 = DEFINITIONAL_REPRESENTATION('',(#1780),#1784);
#1780 = LINE('',#1781,#1782);
#1781 = CARTESIAN_POINT('',(0.,-0.));
#1782 = VECTOR('',#1783,1.);
#1783 = DIRECTION('',(0.,1.));
#1784 = ( GEOMETRIC_REPRESENTATION_CONTEXT(2) 
PARAMETRIC_REPRESENTATION_CONTEXT() REPRESENTATION_CONTEXT('2D SPACE',''
  ) );
#1785 = ORIENTED_EDGE('',*,*,#314,.T.);
#1786 = ORIENTED_EDGE('',*,*,#1765,.T.);
#1787 = ADVANCED_FACE('',(#1788),#411,.T.);
#1788 = FACE_BOUND('',#1789,.T.);
#1789 = EDGE_LOOP('',(#1790,#1791,#1814,#1842));
#1790 = ORIENTED_EDGE('',*,*,#394,.T.);
#1791 = ORIENTED_EDGE('',*,*,#1792,.T.);
#1792 = EDGE_CURVE('',#397,#1793,#1795,.T.);
#1793 = VERTEX_POINT('',#1794);
#1794 = CARTESIAN_POINT('',(-73.2,-54.27685551875,45.30712890625));
#1795 = SURFACE_CURVE('',#1796,(#1800,#1807),.PCURVE_S1.);
#1796 = LINE('',#1797,#1798);
#1797 = CARTESIAN_POINT('',(-73.85,-54.27685551875,45.30712890625));
#1798 = VECTOR('',#1799,1.);
#1799 = DIRECTION('',(1.,0.,0.));
#1800 = PCURVE('',#411,#1801);
#1801 = DEFINITIONAL_REPRESENTATION('',(#1802),#1806);
#1802 = LINE('',#1803,#1804);
#1803 = CARTESIAN_POINT('',(0.,0.));
#1804 = VECTOR('',#1805,1.);
#1805 = DIRECTION('',(0.,-1.));
#1806 = ( GEOMETRIC_REPRESENTATION_CONTEXT(2) 
PARAMETRIC_REPRESENTATION_CONTEXT() REPRESENTATION_CONTEXT('2D SPACE',''
  ) );
#1807 = PCURVE('',#1289,#1808);
#1808 = DEFINITIONAL_REPRESENTATION('',(#1809),#1813);
#1809 = LINE('',#1810,#1811);
#1810 = CARTESIAN_POINT('',(1.,0.));
#1811 = VECTOR('',#1812,1.);
#1812 = DIRECTION('',(0.,-1.));
#1813 = ( GEOMETRIC_REPRESENTATION_CONTEXT(2) 
PARAMETRIC_REPRESENTATION_CONTEXT() REPRESENTATION_CONTEXT('2D SPACE',''
  ) );
#1814 = ORIENTED_EDGE('',*,*,#1815,.T.);
#1815 = EDGE_CURVE('',#1793,#1816,#1818,.T.);
#1816 = VERTEX_POINT('',#1817);
#1817 = CARTESIAN_POINT('',(-73.2,-54.27685551875,47.35791015625));
#1818 = SURFACE_CURVE('',#1819,(#1823,#1830),.PCURVE_S1.);
#1819 = LINE('',#1820,#1821);
#1820 = CARTESIAN_POINT('',(-73.2,-54.27685551875,45.30712890625));
#1821 = VECTOR('',#1822,1.);
#1822 = DIRECTION('',(0.,0.,1.));
#1823 = PCURVE('',#411,#1824);
#1824 = DEFINITIONAL_REPRESENTATION('',(#1825),#1829);
#1825 = LINE('',#1826,#1827);
#1826 = CARTESIAN_POINT('',(0.,-0.65));
#1827 = VECTOR('',#1828,1.);
#1828 = DIRECTION('',(1.,0.));
#1829 = ( GEOMETRIC_REPRESENTATION_CONTEXT(2) 
PARAMETRIC_REPRESENTATION_CONTEXT() REPRESENTATION_CONTEXT('2D SPACE',''
  ) );
#1830 = PCURVE('',#1831,#1836);
#1831 = PLANE('',#1832);
#1832 = AXIS2_PLACEMENT_3D('',#1833,#1834,#1835);
#1833 = CARTESIAN_POINT('',(-73.2,-54.806640675,43.712890625));
#1834 = DIRECTION('',(1.,0.,0.));
#1835 = DIRECTION('',(0.,1.,0.));
#1836 = DEFINITIONAL_REPRESENTATION('',(#1837),#1841);
#1837 = LINE('',#1838,#1839);
#1838 = CARTESIAN_POINT('',(0.52978515625,1.59423828125));
#1839 = VECTOR('',#1840,1.);
#1840 = DIRECTION('',(0.,1.));
#1841 = ( GEOMETRIC_REPRESENTATION_CONTEXT(2) 
PARAMETRIC_REPRESENTATION_CONTEXT() REPRESENTATION_CONTEXT('2D SPACE',''
  ) );
#1842 = ORIENTED_EDGE('',*,*,#1843,.F.);
#1843 = EDGE_CURVE('',#395,#1816,#1844,.T.);
#1844 = SURFACE_CURVE('',#1845,(#1849,#1856),.PCURVE_S1.);
#1845 = LINE('',#1846,#1847);
#1846 = CARTESIAN_POINT('',(-73.85,-54.27685551875,47.35791015625));
#1847 = VECTOR('',#1848,1.);
#1848 = DIRECTION('',(1.,0.,0.));
#1849 = PCURVE('',#411,#1850);
#1850 = DEFINITIONAL_REPRESENTATION('',(#1851),#1855);
#1851 = LINE('',#1852,#1853);
#1852 = CARTESIAN_POINT('',(2.05078125,0.));
#1853 = VECTOR('',#1854,1.);
#1854 = DIRECTION('',(0.,-1.));
#1855 = ( GEOMETRIC_REPRESENTATION_CONTEXT(2) 
PARAMETRIC_REPRESENTATION_CONTEXT() REPRESENTATION_CONTEXT('2D SPACE',''
  ) );
#1856 = PCURVE('',#437,#1857);
#1857 = DEFINITIONAL_REPRESENTATION('',(#1858),#1862);
#1858 = LINE('',#1859,#1860);
#1859 = CARTESIAN_POINT('',(0.,0.));
#1860 = VECTOR('',#1861,1.);
#1861 = DIRECTION('',(0.,-1.));
#1862 = ( GEOMETRIC_REPRESENTATION_CONTEXT(2) 
PARAMETRIC_REPRESENTATION_CONTEXT() REPRESENTATION_CONTEXT('2D SPACE',''
  ) );
#1863 = ADVANCED_FACE('',(#1864),#1289,.T.);
#1864 = FACE_BOUND('',#1865,.T.);
#1865 = EDGE_LOOP('',(#1866,#1867,#1890,#1911));
#1866 = ORIENTED_EDGE('',*,*,#1269,.T.);
#1867 = ORIENTED_EDGE('',*,*,#1868,.T.);
#1868 = EDGE_CURVE('',#1231,#1869,#1871,.T.);
#1869 = VERTEX_POINT('',#1870);
#1870 = CARTESIAN_POINT('',(-73.2,-53.78369145625,45.469482421875));
#1871 = SURFACE_CURVE('',#1872,(#1876,#1883),.PCURVE_S1.);
#1872 = LINE('',#1873,#1874);
#1873 = CARTESIAN_POINT('',(-73.85,-53.78369145625,45.469482421875));
#1874 = VECTOR('',#1875,1.);
#1875 = DIRECTION('',(1.,0.,0.));
#1876 = PCURVE('',#1289,#1877);
#1877 = DEFINITIONAL_REPRESENTATION('',(#1878),#1882);
#1878 = LINE('',#1879,#1880);
#1879 = CARTESIAN_POINT('',(0.,0.));
#1880 = VECTOR('',#1881,1.);
#1881 = DIRECTION('',(0.,-1.));
#1882 = ( GEOMETRIC_REPRESENTATION_CONTEXT(2) 
PARAMETRIC_REPRESENTATION_CONTEXT() REPRESENTATION_CONTEXT('2D SPACE',''
  ) );
#1883 = PCURVE('',#1252,#1884);
#1884 = DEFINITIONAL_REPRESENTATION('',(#1885),#1889);
#1885 = LINE('',#1886,#1887);
#1886 = CARTESIAN_POINT('',(1.,0.));
#1887 = VECTOR('',#1888,1.);
#1888 = DIRECTION('',(0.,-1.));
#1889 = ( GEOMETRIC_REPRESENTATION_CONTEXT(2) 
PARAMETRIC_REPRESENTATION_CONTEXT() REPRESENTATION_CONTEXT('2D SPACE',''
  ) );
#1890 = ORIENTED_EDGE('',*,*,#1891,.T.);
#1891 = EDGE_CURVE('',#1869,#1793,#1892,.T.);
#1892 = SURFACE_CURVE('',#1893,(#1897,#1904),.PCURVE_S1.);
#1893 = B_SPLINE_CURVE_WITH_KNOTS('',2,(#1894,#1895,#1896),
  .UNSPECIFIED.,.F.,.F.,(3,3),(0.,1.),.PIECEWISE_BEZIER_KNOTS.);
#1894 = CARTESIAN_POINT('',(-73.2,-53.78369145625,45.469482421875));
#1895 = CARTESIAN_POINT('',(-73.2,-54.01318364375,45.4169921875));
#1896 = CARTESIAN_POINT('',(-73.2,-54.27685551875,45.30712890625));
#1897 = PCURVE('',#1289,#1898);
#1898 = DEFINITIONAL_REPRESENTATION('',(#1899),#1903);
#1899 = LINE('',#1900,#1901);
#1900 = CARTESIAN_POINT('',(0.,-0.65));
#1901 = VECTOR('',#1902,1.);
#1902 = DIRECTION('',(1.,0.));
#1903 = ( GEOMETRIC_REPRESENTATION_CONTEXT(2) 
PARAMETRIC_REPRESENTATION_CONTEXT() REPRESENTATION_CONTEXT('2D SPACE',''
  ) );
#1904 = PCURVE('',#1831,#1905);
#1905 = DEFINITIONAL_REPRESENTATION('',(#1906),#1910);
#1906 = B_SPLINE_CURVE_WITH_KNOTS('',2,(#1907,#1908,#1909),
  .UNSPECIFIED.,.F.,.F.,(3,3),(0.,1.),.PIECEWISE_BEZIER_KNOTS.);
#1907 = CARTESIAN_POINT('',(1.02294921875,1.756591796875));
#1908 = CARTESIAN_POINT('',(0.79345703125,1.7041015625));
#1909 = CARTESIAN_POINT('',(0.52978515625,1.59423828125));
#1910 = ( GEOMETRIC_REPRESENTATION_CONTEXT(2) 
PARAMETRIC_REPRESENTATION_CONTEXT() REPRESENTATION_CONTEXT('2D SPACE',''
  ) );
#1911 = ORIENTED_EDGE('',*,*,#1792,.F.);
#1912 = ADVANCED_FACE('',(#1913),#1252,.T.);
#1913 = FACE_BOUND('',#1914,.T.);
#1914 = EDGE_LOOP('',(#1915,#1916,#1939,#1960));
#1915 = ORIENTED_EDGE('',*,*,#1230,.T.);
#1916 = ORIENTED_EDGE('',*,*,#1917,.T.);
#1917 = EDGE_CURVE('',#1180,#1918,#1920,.T.);
#1918 = VERTEX_POINT('',#1919);
#1919 = CARTESIAN_POINT('',(-73.2,-53.35156255,45.52197265625));
#1920 = SURFACE_CURVE('',#1921,(#1925,#1932),.PCURVE_S1.);
#1921 = LINE('',#1922,#1923);
#1922 = CARTESIAN_POINT('',(-73.85,-53.35156255,45.52197265625));
#1923 = VECTOR('',#1924,1.);
#1924 = DIRECTION('',(1.,0.,0.));
#1925 = PCURVE('',#1252,#1926);
#1926 = DEFINITIONAL_REPRESENTATION('',(#1927),#1931);
#1927 = LINE('',#1928,#1929);
#1928 = CARTESIAN_POINT('',(0.,0.));
#1929 = VECTOR('',#1930,1.);
#1930 = DIRECTION('',(0.,-1.));
#1931 = ( GEOMETRIC_REPRESENTATION_CONTEXT(2) 
PARAMETRIC_REPRESENTATION_CONTEXT() REPRESENTATION_CONTEXT('2D SPACE',''
  ) );
#1932 = PCURVE('',#1209,#1933);
#1933 = DEFINITIONAL_REPRESENTATION('',(#1934),#1938);
#1934 = LINE('',#1935,#1936);
#1935 = CARTESIAN_POINT('',(1.,0.));
#1936 = VECTOR('',#1937,1.);
#1937 = DIRECTION('',(0.,-1.));
#1938 = ( GEOMETRIC_REPRESENTATION_CONTEXT(2) 
PARAMETRIC_REPRESENTATION_CONTEXT() REPRESENTATION_CONTEXT('2D SPACE',''
  ) );
#1939 = ORIENTED_EDGE('',*,*,#1940,.T.);
#1940 = EDGE_CURVE('',#1918,#1869,#1941,.T.);
#1941 = SURFACE_CURVE('',#1942,(#1946,#1953),.PCURVE_S1.);
#1942 = B_SPLINE_CURVE_WITH_KNOTS('',2,(#1943,#1944,#1945),
  .UNSPECIFIED.,.F.,.F.,(3,3),(0.,1.),.PIECEWISE_BEZIER_KNOTS.);
#1943 = CARTESIAN_POINT('',(-73.2,-53.35156255,45.52197265625));
#1944 = CARTESIAN_POINT('',(-73.2,-53.55419926875,45.52197265625));
#1945 = CARTESIAN_POINT('',(-73.2,-53.78369145625,45.469482421875));
#1946 = PCURVE('',#1252,#1947);
#1947 = DEFINITIONAL_REPRESENTATION('',(#1948),#1952);
#1948 = LINE('',#1949,#1950);
#1949 = CARTESIAN_POINT('',(0.,-0.65));
#1950 = VECTOR('',#1951,1.);
#1951 = DIRECTION('',(1.,0.));
#1952 = ( GEOMETRIC_REPRESENTATION_CONTEXT(2) 
PARAMETRIC_REPRESENTATION_CONTEXT() REPRESENTATION_CONTEXT('2D SPACE',''
  ) );
#1953 = PCURVE('',#1831,#1954);
#1954 = DEFINITIONAL_REPRESENTATION('',(#1955),#1959);
#1955 = B_SPLINE_CURVE_WITH_KNOTS('',2,(#1956,#1957,#1958),
  .UNSPECIFIED.,.F.,.F.,(3,3),(0.,1.),.PIECEWISE_BEZIER_KNOTS.);
#1956 = CARTESIAN_POINT('',(1.455078125,1.80908203125));
#1957 = CARTESIAN_POINT('',(1.25244140625,1.80908203125));
#1958 = CARTESIAN_POINT('',(1.02294921875,1.756591796875));
#1959 = ( GEOMETRIC_REPRESENTATION_CONTEXT(2) 
PARAMETRIC_REPRESENTATION_CONTEXT() REPRESENTATION_CONTEXT('2D SPACE',''
  ) );
#1960 = ORIENTED_EDGE('',*,*,#1868,.F.);
#1961 = ADVANCED_FACE('',(#1962),#1209,.T.);
#1962 = FACE_BOUND('',#1963,.T.);
#1963 = EDGE_LOOP('',(#1964,#1965,#1988,#2009));
#1964 = ORIENTED_EDGE('',*,*,#1179,.T.);
#1965 = ORIENTED_EDGE('',*,*,#1966,.T.);
#1966 = EDGE_CURVE('',#1129,#1967,#1969,.T.);
#1967 = VERTEX_POINT('',#1968);
#1968 = CARTESIAN_POINT('',(-73.2,-52.81323247187,45.35595703125));
#1969 = SURFACE_CURVE('',#1970,(#1974,#1981),.PCURVE_S1.);
#1970 = LINE('',#1971,#1972);
#1971 = CARTESIAN_POINT('',(-73.85,-52.81323247187,45.35595703125));
#1972 = VECTOR('',#1973,1.);
#1973 = DIRECTION('',(1.,0.,0.));
#1974 = PCURVE('',#1209,#1975);
#1975 = DEFINITIONAL_REPRESENTATION('',(#1976),#1980);
#1976 = LINE('',#1977,#1978);
#1977 = CARTESIAN_POINT('',(0.,0.));
#1978 = VECTOR('',#1979,1.);
#1979 = DIRECTION('',(0.,-1.));
#1980 = ( GEOMETRIC_REPRESENTATION_CONTEXT(2) 
PARAMETRIC_REPRESENTATION_CONTEXT() REPRESENTATION_CONTEXT('2D SPACE',''
  ) );
#1981 = PCURVE('',#1158,#1982);
#1982 = DEFINITIONAL_REPRESENTATION('',(#1983),#1987);
#1983 = LINE('',#1984,#1985);
#1984 = CARTESIAN_POINT('',(1.,0.));
#1985 = VECTOR('',#1986,1.);
#1986 = DIRECTION('',(0.,-1.));
#1987 = ( GEOMETRIC_REPRESENTATION_CONTEXT(2) 
PARAMETRIC_REPRESENTATION_CONTEXT() REPRESENTATION_CONTEXT('2D SPACE',''
  ) );
#1988 = ORIENTED_EDGE('',*,*,#1989,.T.);
#1989 = EDGE_CURVE('',#1967,#1918,#1990,.T.);
#1990 = SURFACE_CURVE('',#1991,(#1995,#2002),.PCURVE_S1.);
#1991 = B_SPLINE_CURVE_WITH_KNOTS('',2,(#1992,#1993,#1994),
  .UNSPECIFIED.,.F.,.F.,(3,3),(0.,1.),.PIECEWISE_BEZIER_KNOTS.);
#1992 = CARTESIAN_POINT('',(-73.2,-52.81323247187,45.35595703125));
#1993 = CARTESIAN_POINT('',(-73.2,-53.009765675,45.52197265625));
#1994 = CARTESIAN_POINT('',(-73.2,-53.35156255,45.52197265625));
#1995 = PCURVE('',#1209,#1996);
#1996 = DEFINITIONAL_REPRESENTATION('',(#1997),#2001);
#1997 = LINE('',#1998,#1999);
#1998 = CARTESIAN_POINT('',(0.,-0.65));
#1999 = VECTOR('',#2000,1.);
#2000 = DIRECTION('',(1.,0.));
#2001 = ( GEOMETRIC_REPRESENTATION_CONTEXT(2) 
PARAMETRIC_REPRESENTATION_CONTEXT() REPRESENTATION_CONTEXT('2D SPACE',''
  ) );
#2002 = PCURVE('',#1831,#2003);
#2003 = DEFINITIONAL_REPRESENTATION('',(#2004),#2008);
#2004 = B_SPLINE_CURVE_WITH_KNOTS('',2,(#2005,#2006,#2007),
  .UNSPECIFIED.,.F.,.F.,(3,3),(0.,1.),.PIECEWISE_BEZIER_KNOTS.);
#2005 = CARTESIAN_POINT('',(1.993408203125,1.64306640625));
#2006 = CARTESIAN_POINT('',(1.796875,1.80908203125));
#2007 = CARTESIAN_POINT('',(1.455078125,1.80908203125));
#2008 = ( GEOMETRIC_REPRESENTATION_CONTEXT(2) 
PARAMETRIC_REPRESENTATION_CONTEXT() REPRESENTATION_CONTEXT('2D SPACE',''
  ) );
#2009 = ORIENTED_EDGE('',*,*,#1917,.F.);
#2010 = ADVANCED_FACE('',(#2011),#1158,.T.);
#2011 = FACE_BOUND('',#2012,.T.);
#2012 = EDGE_LOOP('',(#2013,#2014,#2037,#2058));
#2013 = ORIENTED_EDGE('',*,*,#1128,.T.);
#2014 = ORIENTED_EDGE('',*,*,#2015,.T.);
#2015 = EDGE_CURVE('',#1078,#2016,#2018,.T.);
#2016 = VERTEX_POINT('',#2017);
#2017 = CARTESIAN_POINT('',(-73.2,-52.61669926875,44.90185546875));
#2018 = SURFACE_CURVE('',#2019,(#2023,#2030),.PCURVE_S1.);
#2019 = LINE('',#2020,#2021);
#2020 = CARTESIAN_POINT('',(-73.85,-52.61669926875,44.90185546875));
#2021 = VECTOR('',#2022,1.);
#2022 = DIRECTION('',(1.,0.,0.));
#2023 = PCURVE('',#1158,#2024);
#2024 = DEFINITIONAL_REPRESENTATION('',(#2025),#2029);
#2025 = LINE('',#2026,#2027);
#2026 = CARTESIAN_POINT('',(0.,0.));
#2027 = VECTOR('',#2028,1.);
#2028 = DIRECTION('',(0.,-1.));
#2029 = ( GEOMETRIC_REPRESENTATION_CONTEXT(2) 
PARAMETRIC_REPRESENTATION_CONTEXT() REPRESENTATION_CONTEXT('2D SPACE',''
  ) );
#2030 = PCURVE('',#1107,#2031);
#2031 = DEFINITIONAL_REPRESENTATION('',(#2032),#2036);
#2032 = LINE('',#2033,#2034);
#2033 = CARTESIAN_POINT('',(1.,0.));
#2034 = VECTOR('',#2035,1.);
#2035 = DIRECTION('',(0.,-1.));
#2036 = ( GEOMETRIC_REPRESENTATION_CONTEXT(2) 
PARAMETRIC_REPRESENTATION_CONTEXT() REPRESENTATION_CONTEXT('2D SPACE',''
  ) );
#2037 = ORIENTED_EDGE('',*,*,#2038,.T.);
#2038 = EDGE_CURVE('',#2016,#1967,#2039,.T.);
#2039 = SURFACE_CURVE('',#2040,(#2044,#2051),.PCURVE_S1.);
#2040 = B_SPLINE_CURVE_WITH_KNOTS('',2,(#2041,#2042,#2043),
  .UNSPECIFIED.,.F.,.F.,(3,3),(0.,1.),.PIECEWISE_BEZIER_KNOTS.);
#2041 = CARTESIAN_POINT('',(-73.2,-52.61669926875,44.90185546875));
#2042 = CARTESIAN_POINT('',(-73.2,-52.61669926875,45.18994140625));
#2043 = CARTESIAN_POINT('',(-73.2,-52.81323247187,45.35595703125));
#2044 = PCURVE('',#1158,#2045);
#2045 = DEFINITIONAL_REPRESENTATION('',(#2046),#2050);
#2046 = LINE('',#2047,#2048);
#2047 = CARTESIAN_POINT('',(0.,-0.65));
#2048 = VECTOR('',#2049,1.);
#2049 = DIRECTION('',(1.,0.));
#2050 = ( GEOMETRIC_REPRESENTATION_CONTEXT(2) 
PARAMETRIC_REPRESENTATION_CONTEXT() REPRESENTATION_CONTEXT('2D SPACE',''
  ) );
#2051 = PCURVE('',#1831,#2052);
#2052 = DEFINITIONAL_REPRESENTATION('',(#2053),#2057);
#2053 = B_SPLINE_CURVE_WITH_KNOTS('',2,(#2054,#2055,#2056),
  .UNSPECIFIED.,.F.,.F.,(3,3),(0.,1.),.PIECEWISE_BEZIER_KNOTS.);
#2054 = CARTESIAN_POINT('',(2.18994140625,1.18896484375));
#2055 = CARTESIAN_POINT('',(2.18994140625,1.47705078125));
#2056 = CARTESIAN_POINT('',(1.993408203125,1.64306640625));
#2057 = ( GEOMETRIC_REPRESENTATION_CONTEXT(2) 
PARAMETRIC_REPRESENTATION_CONTEXT() REPRESENTATION_CONTEXT('2D SPACE',''
  ) );
#2058 = ORIENTED_EDGE('',*,*,#1966,.F.);
#2059 = ADVANCED_FACE('',(#2060),#1107,.T.);
#2060 = FACE_BOUND('',#2061,.T.);
#2061 = EDGE_LOOP('',(#2062,#2063,#2086,#2107));
#2062 = ORIENTED_EDGE('',*,*,#1077,.T.);
#2063 = ORIENTED_EDGE('',*,*,#2064,.T.);
#2064 = EDGE_CURVE('',#1027,#2065,#2067,.T.);
#2065 = VERTEX_POINT('',#2066);
#2066 = CARTESIAN_POINT('',(-73.2,-52.81323247187,44.448974609375));
#2067 = SURFACE_CURVE('',#2068,(#2072,#2079),.PCURVE_S1.);
#2068 = LINE('',#2069,#2070);
#2069 = CARTESIAN_POINT('',(-73.85,-52.81323247187,44.448974609375));
#2070 = VECTOR('',#2071,1.);
#2071 = DIRECTION('',(1.,0.,0.));
#2072 = PCURVE('',#1107,#2073);
#2073 = DEFINITIONAL_REPRESENTATION('',(#2074),#2078);
#2074 = LINE('',#2075,#2076);
#2075 = CARTESIAN_POINT('',(0.,0.));
#2076 = VECTOR('',#2077,1.);
#2077 = DIRECTION('',(0.,-1.));
#2078 = ( GEOMETRIC_REPRESENTATION_CONTEXT(2) 
PARAMETRIC_REPRESENTATION_CONTEXT() REPRESENTATION_CONTEXT('2D SPACE',''
  ) );
#2079 = PCURVE('',#1056,#2080);
#2080 = DEFINITIONAL_REPRESENTATION('',(#2081),#2085);
#2081 = LINE('',#2082,#2083);
#2082 = CARTESIAN_POINT('',(1.,0.));
#2083 = VECTOR('',#2084,1.);
#2084 = DIRECTION('',(0.,-1.));
#2085 = ( GEOMETRIC_REPRESENTATION_CONTEXT(2) 
PARAMETRIC_REPRESENTATION_CONTEXT() REPRESENTATION_CONTEXT('2D SPACE',''
  ) );
#2086 = ORIENTED_EDGE('',*,*,#2087,.T.);
#2087 = EDGE_CURVE('',#2065,#2016,#2088,.T.);
#2088 = SURFACE_CURVE('',#2089,(#2093,#2100),.PCURVE_S1.);
#2089 = B_SPLINE_CURVE_WITH_KNOTS('',2,(#2090,#2091,#2092),
  .UNSPECIFIED.,.F.,.F.,(3,3),(0.,1.),.PIECEWISE_BEZIER_KNOTS.);
#2090 = CARTESIAN_POINT('',(-73.2,-52.81323247187,44.448974609375));
#2091 = CARTESIAN_POINT('',(-73.2,-52.61669926875,44.6162109375));
#2092 = CARTESIAN_POINT('',(-73.2,-52.61669926875,44.90185546875));
#2093 = PCURVE('',#1107,#2094);
#2094 = DEFINITIONAL_REPRESENTATION('',(#2095),#2099);
#2095 = LINE('',#2096,#2097);
#2096 = CARTESIAN_POINT('',(0.,-0.65));
#2097 = VECTOR('',#2098,1.);
#2098 = DIRECTION('',(1.,0.));
#2099 = ( GEOMETRIC_REPRESENTATION_CONTEXT(2) 
PARAMETRIC_REPRESENTATION_CONTEXT() REPRESENTATION_CONTEXT('2D SPACE',''
  ) );
#2100 = PCURVE('',#1831,#2101);
#2101 = DEFINITIONAL_REPRESENTATION('',(#2102),#2106);
#2102 = B_SPLINE_CURVE_WITH_KNOTS('',2,(#2103,#2104,#2105),
  .UNSPECIFIED.,.F.,.F.,(3,3),(0.,1.),.PIECEWISE_BEZIER_KNOTS.);
#2103 = CARTESIAN_POINT('',(1.993408203125,0.736083984375));
#2104 = CARTESIAN_POINT('',(2.18994140625,0.9033203125));
#2105 = CARTESIAN_POINT('',(2.18994140625,1.18896484375));
#2106 = ( GEOMETRIC_REPRESENTATION_CONTEXT(2) 
PARAMETRIC_REPRESENTATION_CONTEXT() REPRESENTATION_CONTEXT('2D SPACE',''
  ) );
#2107 = ORIENTED_EDGE('',*,*,#2015,.F.);
#2108 = ADVANCED_FACE('',(#2109),#1056,.T.);
#2109 = FACE_BOUND('',#2110,.T.);
#2110 = EDGE_LOOP('',(#2111,#2112,#2135,#2156));
#2111 = ORIENTED_EDGE('',*,*,#1026,.T.);
#2112 = ORIENTED_EDGE('',*,*,#2113,.T.);
#2113 = EDGE_CURVE('',#988,#2114,#2116,.T.);
#2114 = VERTEX_POINT('',#2115);
#2115 = CARTESIAN_POINT('',(-73.2,-53.35156255,44.28173828125));
#2116 = SURFACE_CURVE('',#2117,(#2121,#2128),.PCURVE_S1.);
#2117 = LINE('',#2118,#2119);
#2118 = CARTESIAN_POINT('',(-73.85,-53.35156255,44.28173828125));
#2119 = VECTOR('',#2120,1.);
#2120 = DIRECTION('',(1.,0.,0.));
#2121 = PCURVE('',#1056,#2122);
#2122 = DEFINITIONAL_REPRESENTATION('',(#2123),#2127);
#2123 = LINE('',#2124,#2125);
#2124 = CARTESIAN_POINT('',(0.,0.));
#2125 = VECTOR('',#2126,1.);
#2126 = DIRECTION('',(0.,-1.));
#2127 = ( GEOMETRIC_REPRESENTATION_CONTEXT(2) 
PARAMETRIC_REPRESENTATION_CONTEXT() REPRESENTATION_CONTEXT('2D SPACE',''
  ) );
#2128 = PCURVE('',#1009,#2129);
#2129 = DEFINITIONAL_REPRESENTATION('',(#2130),#2134);
#2130 = LINE('',#2131,#2132);
#2131 = CARTESIAN_POINT('',(1.,0.));
#2132 = VECTOR('',#2133,1.);
#2133 = DIRECTION('',(0.,-1.));
#2134 = ( GEOMETRIC_REPRESENTATION_CONTEXT(2) 
PARAMETRIC_REPRESENTATION_CONTEXT() REPRESENTATION_CONTEXT('2D SPACE',''
  ) );
#2135 = ORIENTED_EDGE('',*,*,#2136,.T.);
#2136 = EDGE_CURVE('',#2114,#2065,#2137,.T.);
#2137 = SURFACE_CURVE('',#2138,(#2142,#2149),.PCURVE_S1.);
#2138 = B_SPLINE_CURVE_WITH_KNOTS('',2,(#2139,#2140,#2141),
  .UNSPECIFIED.,.F.,.F.,(3,3),(0.,1.),.PIECEWISE_BEZIER_KNOTS.);
#2139 = CARTESIAN_POINT('',(-73.2,-53.35156255,44.28173828125));
#2140 = CARTESIAN_POINT('',(-73.2,-53.009765675,44.28173828125));
#2141 = CARTESIAN_POINT('',(-73.2,-52.81323247187,44.448974609375));
#2142 = PCURVE('',#1056,#2143);
#2143 = DEFINITIONAL_REPRESENTATION('',(#2144),#2148);
#2144 = LINE('',#2145,#2146);
#2145 = CARTESIAN_POINT('',(0.,-0.65));
#2146 = VECTOR('',#2147,1.);
#2147 = DIRECTION('',(1.,0.));
#2148 = ( GEOMETRIC_REPRESENTATION_CONTEXT(2) 
PARAMETRIC_REPRESENTATION_CONTEXT() REPRESENTATION_CONTEXT('2D SPACE',''
  ) );
#2149 = PCURVE('',#1831,#2150);
#2150 = DEFINITIONAL_REPRESENTATION('',(#2151),#2155);
#2151 = B_SPLINE_CURVE_WITH_KNOTS('',2,(#2152,#2153,#2154),
  .UNSPECIFIED.,.F.,.F.,(3,3),(0.,1.),.PIECEWISE_BEZIER_KNOTS.);
#2152 = CARTESIAN_POINT('',(1.455078125,0.56884765625));
#2153 = CARTESIAN_POINT('',(1.796875,0.56884765625));
#2154 = CARTESIAN_POINT('',(1.993408203125,0.736083984375));
#2155 = ( GEOMETRIC_REPRESENTATION_CONTEXT(2) 
PARAMETRIC_REPRESENTATION_CONTEXT() REPRESENTATION_CONTEXT('2D SPACE',''
  ) );
#2156 = ORIENTED_EDGE('',*,*,#2064,.F.);
#2157 = ADVANCED_FACE('',(#2158),#1009,.T.);
#2158 = FACE_BOUND('',#2159,.T.);
#2159 = EDGE_LOOP('',(#2160,#2161,#2184,#2205));
#2160 = ORIENTED_EDGE('',*,*,#987,.T.);
#2161 = ORIENTED_EDGE('',*,*,#2162,.T.);
#2162 = EDGE_CURVE('',#949,#2163,#2165,.T.);
#2163 = VERTEX_POINT('',#2164);
#2164 = CARTESIAN_POINT('',(-73.2,-53.85571294062,44.3671875));
#2165 = SURFACE_CURVE('',#2166,(#2170,#2177),.PCURVE_S1.);
#2166 = LINE('',#2167,#2168);
#2167 = CARTESIAN_POINT('',(-73.85,-53.85571294062,44.3671875));
#2168 = VECTOR('',#2169,1.);
#2169 = DIRECTION('',(1.,0.,0.));
#2170 = PCURVE('',#1009,#2171);
#2171 = DEFINITIONAL_REPRESENTATION('',(#2172),#2176);
#2172 = LINE('',#2173,#2174);
#2173 = CARTESIAN_POINT('',(0.,0.));
#2174 = VECTOR('',#2175,1.);
#2175 = DIRECTION('',(0.,-1.));
#2176 = ( GEOMETRIC_REPRESENTATION_CONTEXT(2) 
PARAMETRIC_REPRESENTATION_CONTEXT() REPRESENTATION_CONTEXT('2D SPACE',''
  ) );
#2177 = PCURVE('',#970,#2178);
#2178 = DEFINITIONAL_REPRESENTATION('',(#2179),#2183);
#2179 = LINE('',#2180,#2181);
#2180 = CARTESIAN_POINT('',(1.,0.));
#2181 = VECTOR('',#2182,1.);
#2182 = DIRECTION('',(0.,-1.));
#2183 = ( GEOMETRIC_REPRESENTATION_CONTEXT(2) 
PARAMETRIC_REPRESENTATION_CONTEXT() REPRESENTATION_CONTEXT('2D SPACE',''
  ) );
#2184 = ORIENTED_EDGE('',*,*,#2185,.T.);
#2185 = EDGE_CURVE('',#2163,#2114,#2186,.T.);
#2186 = SURFACE_CURVE('',#2187,(#2191,#2198),.PCURVE_S1.);
#2187 = B_SPLINE_CURVE_WITH_KNOTS('',2,(#2188,#2189,#2190),
  .UNSPECIFIED.,.F.,.F.,(3,3),(0.,1.),.PIECEWISE_BEZIER_KNOTS.);
#2188 = CARTESIAN_POINT('',(-73.2,-53.85571294062,44.3671875));
#2189 = CARTESIAN_POINT('',(-73.2,-53.58837895625,44.28173828125));
#2190 = CARTESIAN_POINT('',(-73.2,-53.35156255,44.28173828125));
#2191 = PCURVE('',#1009,#2192);
#2192 = DEFINITIONAL_REPRESENTATION('',(#2193),#2197);
#2193 = LINE('',#2194,#2195);
#2194 = CARTESIAN_POINT('',(0.,-0.65));
#2195 = VECTOR('',#2196,1.);
#2196 = DIRECTION('',(1.,0.));
#2197 = ( GEOMETRIC_REPRESENTATION_CONTEXT(2) 
PARAMETRIC_REPRESENTATION_CONTEXT() REPRESENTATION_CONTEXT('2D SPACE',''
  ) );
#2198 = PCURVE('',#1831,#2199);
#2199 = DEFINITIONAL_REPRESENTATION('',(#2200),#2204);
#2200 = B_SPLINE_CURVE_WITH_KNOTS('',2,(#2201,#2202,#2203),
  .UNSPECIFIED.,.F.,.F.,(3,3),(0.,1.),.PIECEWISE_BEZIER_KNOTS.);
#2201 = CARTESIAN_POINT('',(0.950927734375,0.654296875));
#2202 = CARTESIAN_POINT('',(1.21826171875,0.56884765625));
#2203 = CARTESIAN_POINT('',(1.455078125,0.56884765625));
#2204 = ( GEOMETRIC_REPRESENTATION_CONTEXT(2) 
PARAMETRIC_REPRESENTATION_CONTEXT() REPRESENTATION_CONTEXT('2D SPACE',''
  ) );
#2205 = ORIENTED_EDGE('',*,*,#2113,.F.);
#2206 = ADVANCED_FACE('',(#2207),#970,.T.);
#2207 = FACE_BOUND('',#2208,.T.);
#2208 = EDGE_LOOP('',(#2209,#2210,#2233,#2254));
#2209 = ORIENTED_EDGE('',*,*,#948,.T.);
#2210 = ORIENTED_EDGE('',*,*,#2211,.T.);
#2211 = EDGE_CURVE('',#923,#2212,#2214,.T.);
#2212 = VERTEX_POINT('',#2213);
#2213 = CARTESIAN_POINT('',(-73.2,-54.4208984875,44.62353515625));
#2214 = SURFACE_CURVE('',#2215,(#2219,#2226),.PCURVE_S1.);
#2215 = LINE('',#2216,#2217);
#2216 = CARTESIAN_POINT('',(-73.85,-54.4208984875,44.62353515625));
#2217 = VECTOR('',#2218,1.);
#2218 = DIRECTION('',(1.,0.,0.));
#2219 = PCURVE('',#970,#2220);
#2220 = DEFINITIONAL_REPRESENTATION('',(#2221),#2225);
#2221 = LINE('',#2222,#2223);
#2222 = CARTESIAN_POINT('',(0.,0.));
#2223 = VECTOR('',#2224,1.);
#2224 = DIRECTION('',(0.,-1.));
#2225 = ( GEOMETRIC_REPRESENTATION_CONTEXT(2) 
PARAMETRIC_REPRESENTATION_CONTEXT() REPRESENTATION_CONTEXT('2D SPACE',''
  ) );
#2226 = PCURVE('',#937,#2227);
#2227 = DEFINITIONAL_REPRESENTATION('',(#2228),#2232);
#2228 = LINE('',#2229,#2230);
#2229 = CARTESIAN_POINT('',(0.73974609375,0.));
#2230 = VECTOR('',#2231,1.);
#2231 = DIRECTION('',(0.,-1.));
#2232 = ( GEOMETRIC_REPRESENTATION_CONTEXT(2) 
PARAMETRIC_REPRESENTATION_CONTEXT() REPRESENTATION_CONTEXT('2D SPACE',''
  ) );
#2233 = ORIENTED_EDGE('',*,*,#2234,.T.);
#2234 = EDGE_CURVE('',#2212,#2163,#2235,.T.);
#2235 = SURFACE_CURVE('',#2236,(#2240,#2247),.PCURVE_S1.);
#2236 = B_SPLINE_CURVE_WITH_KNOTS('',2,(#2237,#2238,#2239),
  .UNSPECIFIED.,.F.,.F.,(3,3),(0.,1.),.PIECEWISE_BEZIER_KNOTS.);
#2237 = CARTESIAN_POINT('',(-73.2,-54.4208984875,44.62353515625));
#2238 = CARTESIAN_POINT('',(-73.2,-54.123046925,44.45263671875));
#2239 = CARTESIAN_POINT('',(-73.2,-53.85571294062,44.3671875));
#2240 = PCURVE('',#970,#2241);
#2241 = DEFINITIONAL_REPRESENTATION('',(#2242),#2246);
#2242 = LINE('',#2243,#2244);
#2243 = CARTESIAN_POINT('',(0.,-0.65));
#2244 = VECTOR('',#2245,1.);
#2245 = DIRECTION('',(1.,0.));
#2246 = ( GEOMETRIC_REPRESENTATION_CONTEXT(2) 
PARAMETRIC_REPRESENTATION_CONTEXT() REPRESENTATION_CONTEXT('2D SPACE',''
  ) );
#2247 = PCURVE('',#1831,#2248);
#2248 = DEFINITIONAL_REPRESENTATION('',(#2249),#2253);
#2249 = B_SPLINE_CURVE_WITH_KNOTS('',2,(#2250,#2251,#2252),
  .UNSPECIFIED.,.F.,.F.,(3,3),(0.,1.),.PIECEWISE_BEZIER_KNOTS.);
#2250 = CARTESIAN_POINT('',(0.3857421875,0.91064453125));
#2251 = CARTESIAN_POINT('',(0.68359375,0.73974609375));
#2252 = CARTESIAN_POINT('',(0.950927734375,0.654296875));
#2253 = ( GEOMETRIC_REPRESENTATION_CONTEXT(2) 
PARAMETRIC_REPRESENTATION_CONTEXT() REPRESENTATION_CONTEXT('2D SPACE',''
  ) );
#2254 = ORIENTED_EDGE('',*,*,#2162,.F.);
#2255 = ADVANCED_FACE('',(#2256),#937,.T.);
#2256 = FACE_BOUND('',#2257,.T.);
#2257 = EDGE_LOOP('',(#2258,#2259,#2282,#2303));
#2258 = ORIENTED_EDGE('',*,*,#922,.T.);
#2259 = ORIENTED_EDGE('',*,*,#2260,.T.);
#2260 = EDGE_CURVE('',#884,#2261,#2263,.T.);
#2261 = VERTEX_POINT('',#2262);
#2262 = CARTESIAN_POINT('',(-73.2,-54.4208984875,43.8837890625));
#2263 = SURFACE_CURVE('',#2264,(#2268,#2275),.PCURVE_S1.);
#2264 = LINE('',#2265,#2266);
#2265 = CARTESIAN_POINT('',(-73.85,-54.4208984875,43.8837890625));
#2266 = VECTOR('',#2267,1.);
#2267 = DIRECTION('',(1.,0.,0.));
#2268 = PCURVE('',#937,#2269);
#2269 = DEFINITIONAL_REPRESENTATION('',(#2270),#2274);
#2270 = LINE('',#2271,#2272);
#2271 = CARTESIAN_POINT('',(0.,0.));
#2272 = VECTOR('',#2273,1.);
#2273 = DIRECTION('',(0.,-1.));
#2274 = ( GEOMETRIC_REPRESENTATION_CONTEXT(2) 
PARAMETRIC_REPRESENTATION_CONTEXT() REPRESENTATION_CONTEXT('2D SPACE',''
  ) );
#2275 = PCURVE('',#905,#2276);
#2276 = DEFINITIONAL_REPRESENTATION('',(#2277),#2281);
#2277 = LINE('',#2278,#2279);
#2278 = CARTESIAN_POINT('',(1.,0.));
#2279 = VECTOR('',#2280,1.);
#2280 = DIRECTION('',(0.,-1.));
#2281 = ( GEOMETRIC_REPRESENTATION_CONTEXT(2) 
PARAMETRIC_REPRESENTATION_CONTEXT() REPRESENTATION_CONTEXT('2D SPACE',''
  ) );
#2282 = ORIENTED_EDGE('',*,*,#2283,.T.);
#2283 = EDGE_CURVE('',#2261,#2212,#2284,.T.);
#2284 = SURFACE_CURVE('',#2285,(#2289,#2296),.PCURVE_S1.);
#2285 = LINE('',#2286,#2287);
#2286 = CARTESIAN_POINT('',(-73.2,-54.4208984875,43.8837890625));
#2287 = VECTOR('',#2288,1.);
#2288 = DIRECTION('',(0.,0.,1.));
#2289 = PCURVE('',#937,#2290);
#2290 = DEFINITIONAL_REPRESENTATION('',(#2291),#2295);
#2291 = LINE('',#2292,#2293);
#2292 = CARTESIAN_POINT('',(0.,-0.65));
#2293 = VECTOR('',#2294,1.);
#2294 = DIRECTION('',(1.,0.));
#2295 = ( GEOMETRIC_REPRESENTATION_CONTEXT(2) 
PARAMETRIC_REPRESENTATION_CONTEXT() REPRESENTATION_CONTEXT('2D SPACE',''
  ) );
#2296 = PCURVE('',#1831,#2297);
#2297 = DEFINITIONAL_REPRESENTATION('',(#2298),#2302);
#2298 = LINE('',#2299,#2300);
#2299 = CARTESIAN_POINT('',(0.3857421875,0.1708984375));
#2300 = VECTOR('',#2301,1.);
#2301 = DIRECTION('',(0.,1.));
#2302 = ( GEOMETRIC_REPRESENTATION_CONTEXT(2) 
PARAMETRIC_REPRESENTATION_CONTEXT() REPRESENTATION_CONTEXT('2D SPACE',''
  ) );
#2303 = ORIENTED_EDGE('',*,*,#2211,.F.);
#2304 = ADVANCED_FACE('',(#2305),#905,.T.);
#2305 = FACE_BOUND('',#2306,.T.);
#2306 = EDGE_LOOP('',(#2307,#2308,#2331,#2352));
#2307 = ORIENTED_EDGE('',*,*,#883,.T.);
#2308 = ORIENTED_EDGE('',*,*,#2309,.T.);
#2309 = EDGE_CURVE('',#839,#2310,#2312,.T.);
#2310 = VERTEX_POINT('',#2311);
#2311 = CARTESIAN_POINT('',(-73.2,-53.81665044062,43.701904296875));
#2312 = SURFACE_CURVE('',#2313,(#2317,#2324),.PCURVE_S1.);
#2313 = LINE('',#2314,#2315);
#2314 = CARTESIAN_POINT('',(-73.85,-53.81665044062,43.701904296875));
#2315 = VECTOR('',#2316,1.);
#2316 = DIRECTION('',(1.,0.,0.));
#2317 = PCURVE('',#905,#2318);
#2318 = DEFINITIONAL_REPRESENTATION('',(#2319),#2323);
#2319 = LINE('',#2320,#2321);
#2320 = CARTESIAN_POINT('',(0.,0.));
#2321 = VECTOR('',#2322,1.);
#2322 = DIRECTION('',(0.,-1.));
#2323 = ( GEOMETRIC_REPRESENTATION_CONTEXT(2) 
PARAMETRIC_REPRESENTATION_CONTEXT() REPRESENTATION_CONTEXT('2D SPACE',''
  ) );
#2324 = PCURVE('',#864,#2325);
#2325 = DEFINITIONAL_REPRESENTATION('',(#2326),#2330);
#2326 = LINE('',#2327,#2328);
#2327 = CARTESIAN_POINT('',(1.,0.));
#2328 = VECTOR('',#2329,1.);
#2329 = DIRECTION('',(0.,-1.));
#2330 = ( GEOMETRIC_REPRESENTATION_CONTEXT(2) 
PARAMETRIC_REPRESENTATION_CONTEXT() REPRESENTATION_CONTEXT('2D SPACE',''
  ) );
#2331 = ORIENTED_EDGE('',*,*,#2332,.T.);
#2332 = EDGE_CURVE('',#2310,#2261,#2333,.T.);
#2333 = SURFACE_CURVE('',#2334,(#2338,#2345),.PCURVE_S1.);
#2334 = B_SPLINE_CURVE_WITH_KNOTS('',2,(#2335,#2336,#2337),
  .UNSPECIFIED.,.F.,.F.,(3,3),(0.,1.),.PIECEWISE_BEZIER_KNOTS.);
#2335 = CARTESIAN_POINT('',(-73.2,-53.81665044062,43.701904296875));
#2336 = CARTESIAN_POINT('',(-73.2,-54.12060551875,43.76171875));
#2337 = CARTESIAN_POINT('',(-73.2,-54.4208984875,43.8837890625));
#2338 = PCURVE('',#905,#2339);
#2339 = DEFINITIONAL_REPRESENTATION('',(#2340),#2344);
#2340 = LINE('',#2341,#2342);
#2341 = CARTESIAN_POINT('',(0.,-0.65));
#2342 = VECTOR('',#2343,1.);
#2343 = DIRECTION('',(1.,0.));
#2344 = ( GEOMETRIC_REPRESENTATION_CONTEXT(2) 
PARAMETRIC_REPRESENTATION_CONTEXT() REPRESENTATION_CONTEXT('2D SPACE',''
  ) );
#2345 = PCURVE('',#1831,#2346);
#2346 = DEFINITIONAL_REPRESENTATION('',(#2347),#2351);
#2347 = B_SPLINE_CURVE_WITH_KNOTS('',2,(#2348,#2349,#2350),
  .UNSPECIFIED.,.F.,.F.,(3,3),(0.,1.),.PIECEWISE_BEZIER_KNOTS.);
#2348 = CARTESIAN_POINT('',(0.989990234375,-1.0986328125E-02));
#2349 = CARTESIAN_POINT('',(0.68603515625,4.8828125E-02));
#2350 = CARTESIAN_POINT('',(0.3857421875,0.1708984375));
#2351 = ( GEOMETRIC_REPRESENTATION_CONTEXT(2) 
PARAMETRIC_REPRESENTATION_CONTEXT() REPRESENTATION_CONTEXT('2D SPACE',''
  ) );
#2352 = ORIENTED_EDGE('',*,*,#2260,.F.);
#2353 = ADVANCED_FACE('',(#2354),#864,.T.);
#2354 = FACE_BOUND('',#2355,.T.);
#2355 = EDGE_LOOP('',(#2356,#2357,#2380,#2401));
#2356 = ORIENTED_EDGE('',*,*,#838,.T.);
#2357 = ORIENTED_EDGE('',*,*,#2358,.T.);
#2358 = EDGE_CURVE('',#782,#2359,#2361,.T.);
#2359 = VERTEX_POINT('',#2360);
#2360 = CARTESIAN_POINT('',(-73.2,-53.20263676875,43.64208984375));
#2361 = SURFACE_CURVE('',#2362,(#2366,#2373),.PCURVE_S1.);
#2362 = LINE('',#2363,#2364);
#2363 = CARTESIAN_POINT('',(-73.85,-53.20263676875,43.64208984375));
#2364 = VECTOR('',#2365,1.);
#2365 = DIRECTION('',(1.,0.,0.));
#2366 = PCURVE('',#864,#2367);
#2367 = DEFINITIONAL_REPRESENTATION('',(#2368),#2372);
#2368 = LINE('',#2369,#2370);
#2369 = CARTESIAN_POINT('',(0.,0.));
#2370 = VECTOR('',#2371,1.);
#2371 = DIRECTION('',(0.,-1.));
#2372 = ( GEOMETRIC_REPRESENTATION_CONTEXT(2) 
PARAMETRIC_REPRESENTATION_CONTEXT() REPRESENTATION_CONTEXT('2D SPACE',''
  ) );
#2373 = PCURVE('',#815,#2374);
#2374 = DEFINITIONAL_REPRESENTATION('',(#2375),#2379);
#2375 = LINE('',#2376,#2377);
#2376 = CARTESIAN_POINT('',(1.,0.));
#2377 = VECTOR('',#2378,1.);
#2378 = DIRECTION('',(0.,-1.));
#2379 = ( GEOMETRIC_REPRESENTATION_CONTEXT(2) 
PARAMETRIC_REPRESENTATION_CONTEXT() REPRESENTATION_CONTEXT('2D SPACE',''
  ) );
#2380 = ORIENTED_EDGE('',*,*,#2381,.T.);
#2381 = EDGE_CURVE('',#2359,#2310,#2382,.T.);
#2382 = SURFACE_CURVE('',#2383,(#2387,#2394),.PCURVE_S1.);
#2383 = B_SPLINE_CURVE_WITH_KNOTS('',2,(#2384,#2385,#2386),
  .UNSPECIFIED.,.F.,.F.,(3,3),(0.,1.),.PIECEWISE_BEZIER_KNOTS.);
#2384 = CARTESIAN_POINT('',(-73.2,-53.20263676875,43.64208984375));
#2385 = CARTESIAN_POINT('',(-73.2,-53.5126953625,43.64208984375));
#2386 = CARTESIAN_POINT('',(-73.2,-53.81665044062,43.701904296875));
#2387 = PCURVE('',#864,#2388);
#2388 = DEFINITIONAL_REPRESENTATION('',(#2389),#2393);
#2389 = LINE('',#2390,#2391);
#2390 = CARTESIAN_POINT('',(0.,-0.65));
#2391 = VECTOR('',#2392,1.);
#2392 = DIRECTION('',(1.,0.));
#2393 = ( GEOMETRIC_REPRESENTATION_CONTEXT(2) 
PARAMETRIC_REPRESENTATION_CONTEXT() REPRESENTATION_CONTEXT('2D SPACE',''
  ) );
#2394 = PCURVE('',#1831,#2395);
#2395 = DEFINITIONAL_REPRESENTATION('',(#2396),#2400);
#2396 = B_SPLINE_CURVE_WITH_KNOTS('',2,(#2397,#2398,#2399),
  .UNSPECIFIED.,.F.,.F.,(3,3),(0.,1.),.PIECEWISE_BEZIER_KNOTS.);
#2397 = CARTESIAN_POINT('',(1.60400390625,-7.080078125E-02));
#2398 = CARTESIAN_POINT('',(1.2939453125,-7.080078125E-02));
#2399 = CARTESIAN_POINT('',(0.989990234375,-1.0986328125E-02));
#2400 = ( GEOMETRIC_REPRESENTATION_CONTEXT(2) 
PARAMETRIC_REPRESENTATION_CONTEXT() REPRESENTATION_CONTEXT('2D SPACE',''
  ) );
#2401 = ORIENTED_EDGE('',*,*,#2309,.F.);
#2402 = ADVANCED_FACE('',(#2403),#815,.T.);
#2403 = FACE_BOUND('',#2404,.T.);
#2404 = EDGE_LOOP('',(#2405,#2406,#2429,#2450));
#2405 = ORIENTED_EDGE('',*,*,#781,.T.);
#2406 = ORIENTED_EDGE('',*,*,#2407,.T.);
#2407 = EDGE_CURVE('',#719,#2408,#2410,.T.);
#2408 = VERTEX_POINT('',#2409);
#2409 = CARTESIAN_POINT('',(-73.2,-52.08081059687,43.9765625));
#2410 = SURFACE_CURVE('',#2411,(#2415,#2422),.PCURVE_S1.);
#2411 = LINE('',#2412,#2413);
#2412 = CARTESIAN_POINT('',(-73.85,-52.08081059687,43.9765625));
#2413 = VECTOR('',#2414,1.);
#2414 = DIRECTION('',(1.,0.,0.));
#2415 = PCURVE('',#815,#2416);
#2416 = DEFINITIONAL_REPRESENTATION('',(#2417),#2421);
#2417 = LINE('',#2418,#2419);
#2418 = CARTESIAN_POINT('',(0.,0.));
#2419 = VECTOR('',#2420,1.);
#2420 = DIRECTION('',(0.,-1.));
#2421 = ( GEOMETRIC_REPRESENTATION_CONTEXT(2) 
PARAMETRIC_REPRESENTATION_CONTEXT() REPRESENTATION_CONTEXT('2D SPACE',''
  ) );
#2422 = PCURVE('',#756,#2423);
#2423 = DEFINITIONAL_REPRESENTATION('',(#2424),#2428);
#2424 = LINE('',#2425,#2426);
#2425 = CARTESIAN_POINT('',(1.,0.));
#2426 = VECTOR('',#2427,1.);
#2427 = DIRECTION('',(0.,-1.));
#2428 = ( GEOMETRIC_REPRESENTATION_CONTEXT(2) 
PARAMETRIC_REPRESENTATION_CONTEXT() REPRESENTATION_CONTEXT('2D SPACE',''
  ) );
#2429 = ORIENTED_EDGE('',*,*,#2430,.T.);
#2430 = EDGE_CURVE('',#2408,#2359,#2431,.T.);
#2431 = SURFACE_CURVE('',#2432,(#2436,#2443),.PCURVE_S1.);
#2432 = B_SPLINE_CURVE_WITH_KNOTS('',2,(#2433,#2434,#2435),
  .UNSPECIFIED.,.F.,.F.,(3,3),(0.,1.),.PIECEWISE_BEZIER_KNOTS.);
#2433 = CARTESIAN_POINT('',(-73.2,-52.08081059687,43.9765625));
#2434 = CARTESIAN_POINT('',(-73.2,-52.48486333125,43.64208984375));
#2435 = CARTESIAN_POINT('',(-73.2,-53.20263676875,43.64208984375));
#2436 = PCURVE('',#815,#2437);
#2437 = DEFINITIONAL_REPRESENTATION('',(#2438),#2442);
#2438 = LINE('',#2439,#2440);
#2439 = CARTESIAN_POINT('',(0.,-0.65));
#2440 = VECTOR('',#2441,1.);
#2441 = DIRECTION('',(1.,0.));
#2442 = ( GEOMETRIC_REPRESENTATION_CONTEXT(2) 
PARAMETRIC_REPRESENTATION_CONTEXT() REPRESENTATION_CONTEXT('2D SPACE',''
  ) );
#2443 = PCURVE('',#1831,#2444);
#2444 = DEFINITIONAL_REPRESENTATION('',(#2445),#2449);
#2445 = B_SPLINE_CURVE_WITH_KNOTS('',2,(#2446,#2447,#2448),
  .UNSPECIFIED.,.F.,.F.,(3,3),(0.,1.),.PIECEWISE_BEZIER_KNOTS.);
#2446 = CARTESIAN_POINT('',(2.725830078125,0.263671875));
#2447 = CARTESIAN_POINT('',(2.32177734375,-7.080078125E-02));
#2448 = CARTESIAN_POINT('',(1.60400390625,-7.080078125E-02));
#2449 = ( GEOMETRIC_REPRESENTATION_CONTEXT(2) 
PARAMETRIC_REPRESENTATION_CONTEXT() REPRESENTATION_CONTEXT('2D SPACE',''
  ) );
#2450 = ORIENTED_EDGE('',*,*,#2358,.F.);
#2451 = ADVANCED_FACE('',(#2452),#756,.T.);
#2452 = FACE_BOUND('',#2453,.T.);
#2453 = EDGE_LOOP('',(#2454,#2455,#2478,#2499));
#2454 = ORIENTED_EDGE('',*,*,#718,.T.);
#2455 = ORIENTED_EDGE('',*,*,#2456,.T.);
#2456 = EDGE_CURVE('',#656,#2457,#2459,.T.);
#2457 = VERTEX_POINT('',#2458);
#2458 = CARTESIAN_POINT('',(-73.2,-51.6767578625,44.90185546875));
#2459 = SURFACE_CURVE('',#2460,(#2464,#2471),.PCURVE_S1.);
#2460 = LINE('',#2461,#2462);
#2461 = CARTESIAN_POINT('',(-73.85,-51.6767578625,44.90185546875));
#2462 = VECTOR('',#2463,1.);
#2463 = DIRECTION('',(1.,0.,0.));
#2464 = PCURVE('',#756,#2465);
#2465 = DEFINITIONAL_REPRESENTATION('',(#2466),#2470);
#2466 = LINE('',#2467,#2468);
#2467 = CARTESIAN_POINT('',(0.,0.));
#2468 = VECTOR('',#2469,1.);
#2469 = DIRECTION('',(0.,-1.));
#2470 = ( GEOMETRIC_REPRESENTATION_CONTEXT(2) 
PARAMETRIC_REPRESENTATION_CONTEXT() REPRESENTATION_CONTEXT('2D SPACE',''
  ) );
#2471 = PCURVE('',#693,#2472);
#2472 = DEFINITIONAL_REPRESENTATION('',(#2473),#2477);
#2473 = LINE('',#2474,#2475);
#2474 = CARTESIAN_POINT('',(1.,0.));
#2475 = VECTOR('',#2476,1.);
#2476 = DIRECTION('',(0.,-1.));
#2477 = ( GEOMETRIC_REPRESENTATION_CONTEXT(2) 
PARAMETRIC_REPRESENTATION_CONTEXT() REPRESENTATION_CONTEXT('2D SPACE',''
  ) );
#2478 = ORIENTED_EDGE('',*,*,#2479,.T.);
#2479 = EDGE_CURVE('',#2457,#2408,#2480,.T.);
#2480 = SURFACE_CURVE('',#2481,(#2485,#2492),.PCURVE_S1.);
#2481 = B_SPLINE_CURVE_WITH_KNOTS('',2,(#2482,#2483,#2484),
  .UNSPECIFIED.,.F.,.F.,(3,3),(0.,1.),.PIECEWISE_BEZIER_KNOTS.);
#2482 = CARTESIAN_POINT('',(-73.2,-51.6767578625,44.90185546875));
#2483 = CARTESIAN_POINT('',(-73.2,-51.6767578625,44.31103515625));
#2484 = CARTESIAN_POINT('',(-73.2,-52.08081059687,43.9765625));
#2485 = PCURVE('',#756,#2486);
#2486 = DEFINITIONAL_REPRESENTATION('',(#2487),#2491);
#2487 = LINE('',#2488,#2489);
#2488 = CARTESIAN_POINT('',(0.,-0.65));
#2489 = VECTOR('',#2490,1.);
#2490 = DIRECTION('',(1.,0.));
#2491 = ( GEOMETRIC_REPRESENTATION_CONTEXT(2) 
PARAMETRIC_REPRESENTATION_CONTEXT() REPRESENTATION_CONTEXT('2D SPACE',''
  ) );
#2492 = PCURVE('',#1831,#2493);
#2493 = DEFINITIONAL_REPRESENTATION('',(#2494),#2498);
#2494 = B_SPLINE_CURVE_WITH_KNOTS('',2,(#2495,#2496,#2497),
  .UNSPECIFIED.,.F.,.F.,(3,3),(0.,1.),.PIECEWISE_BEZIER_KNOTS.);
#2495 = CARTESIAN_POINT('',(3.1298828125,1.18896484375));
#2496 = CARTESIAN_POINT('',(3.1298828125,0.59814453125));
#2497 = CARTESIAN_POINT('',(2.725830078125,0.263671875));
#2498 = ( GEOMETRIC_REPRESENTATION_CONTEXT(2) 
PARAMETRIC_REPRESENTATION_CONTEXT() REPRESENTATION_CONTEXT('2D SPACE',''
  ) );
#2499 = ORIENTED_EDGE('',*,*,#2407,.F.);
#2500 = ADVANCED_FACE('',(#2501),#693,.T.);
#2501 = FACE_BOUND('',#2502,.T.);
#2502 = EDGE_LOOP('',(#2503,#2504,#2527,#2548));
#2503 = ORIENTED_EDGE('',*,*,#655,.T.);
#2504 = ORIENTED_EDGE('',*,*,#2505,.T.);
#2505 = EDGE_CURVE('',#599,#2506,#2508,.T.);
#2506 = VERTEX_POINT('',#2507);
#2507 = CARTESIAN_POINT('',(-73.2,-52.0478516125,45.830810546875));
#2508 = SURFACE_CURVE('',#2509,(#2513,#2520),.PCURVE_S1.);
#2509 = LINE('',#2510,#2511);
#2510 = CARTESIAN_POINT('',(-73.85,-52.0478516125,45.830810546875));
#2511 = VECTOR('',#2512,1.);
#2512 = DIRECTION('',(1.,0.,0.));
#2513 = PCURVE('',#693,#2514);
#2514 = DEFINITIONAL_REPRESENTATION('',(#2515),#2519);
#2515 = LINE('',#2516,#2517);
#2516 = CARTESIAN_POINT('',(0.,0.));
#2517 = VECTOR('',#2518,1.);
#2518 = DIRECTION('',(0.,-1.));
#2519 = ( GEOMETRIC_REPRESENTATION_CONTEXT(2) 
PARAMETRIC_REPRESENTATION_CONTEXT() REPRESENTATION_CONTEXT('2D SPACE',''
  ) );
#2520 = PCURVE('',#632,#2521);
#2521 = DEFINITIONAL_REPRESENTATION('',(#2522),#2526);
#2522 = LINE('',#2523,#2524);
#2523 = CARTESIAN_POINT('',(1.,0.));
#2524 = VECTOR('',#2525,1.);
#2525 = DIRECTION('',(0.,-1.));
#2526 = ( GEOMETRIC_REPRESENTATION_CONTEXT(2) 
PARAMETRIC_REPRESENTATION_CONTEXT() REPRESENTATION_CONTEXT('2D SPACE',''
  ) );
#2527 = ORIENTED_EDGE('',*,*,#2528,.T.);
#2528 = EDGE_CURVE('',#2506,#2457,#2529,.T.);
#2529 = SURFACE_CURVE('',#2530,(#2534,#2541),.PCURVE_S1.);
#2530 = B_SPLINE_CURVE_WITH_KNOTS('',2,(#2531,#2532,#2533),
  .UNSPECIFIED.,.F.,.F.,(3,3),(0.,1.),.PIECEWISE_BEZIER_KNOTS.);
#2531 = CARTESIAN_POINT('',(-73.2,-52.0478516125,45.830810546875));
#2532 = CARTESIAN_POINT('',(-73.2,-51.6767578625,45.49755859375));
#2533 = CARTESIAN_POINT('',(-73.2,-51.6767578625,44.90185546875));
#2534 = PCURVE('',#693,#2535);
#2535 = DEFINITIONAL_REPRESENTATION('',(#2536),#2540);
#2536 = LINE('',#2537,#2538);
#2537 = CARTESIAN_POINT('',(0.,-0.65));
#2538 = VECTOR('',#2539,1.);
#2539 = DIRECTION('',(1.,0.));
#2540 = ( GEOMETRIC_REPRESENTATION_CONTEXT(2) 
PARAMETRIC_REPRESENTATION_CONTEXT() REPRESENTATION_CONTEXT('2D SPACE',''
  ) );
#2541 = PCURVE('',#1831,#2542);
#2542 = DEFINITIONAL_REPRESENTATION('',(#2543),#2547);
#2543 = B_SPLINE_CURVE_WITH_KNOTS('',2,(#2544,#2545,#2546),
  .UNSPECIFIED.,.F.,.F.,(3,3),(0.,1.),.PIECEWISE_BEZIER_KNOTS.);
#2544 = CARTESIAN_POINT('',(2.7587890625,2.117919921875));
#2545 = CARTESIAN_POINT('',(3.1298828125,1.78466796875));
#2546 = CARTESIAN_POINT('',(3.1298828125,1.18896484375));
#2547 = ( GEOMETRIC_REPRESENTATION_CONTEXT(2) 
PARAMETRIC_REPRESENTATION_CONTEXT() REPRESENTATION_CONTEXT('2D SPACE',''
  ) );
#2548 = ORIENTED_EDGE('',*,*,#2456,.F.);
#2549 = ADVANCED_FACE('',(#2550),#632,.T.);
#2550 = FACE_BOUND('',#2551,.T.);
#2551 = EDGE_LOOP('',(#2552,#2553,#2576,#2597));
#2552 = ORIENTED_EDGE('',*,*,#598,.T.);
#2553 = ORIENTED_EDGE('',*,*,#2554,.T.);
#2554 = EDGE_CURVE('',#563,#2555,#2557,.T.);
#2555 = VERTEX_POINT('',#2556);
#2556 = CARTESIAN_POINT('',(-73.2,-53.08544926875,46.1640625));
#2557 = SURFACE_CURVE('',#2558,(#2562,#2569),.PCURVE_S1.);
#2558 = LINE('',#2559,#2560);
#2559 = CARTESIAN_POINT('',(-73.85,-53.08544926875,46.1640625));
#2560 = VECTOR('',#2561,1.);
#2561 = DIRECTION('',(1.,0.,0.));
#2562 = PCURVE('',#632,#2563);
#2563 = DEFINITIONAL_REPRESENTATION('',(#2564),#2568);
#2564 = LINE('',#2565,#2566);
#2565 = CARTESIAN_POINT('',(0.,0.));
#2566 = VECTOR('',#2567,1.);
#2567 = DIRECTION('',(0.,-1.));
#2568 = ( GEOMETRIC_REPRESENTATION_CONTEXT(2) 
PARAMETRIC_REPRESENTATION_CONTEXT() REPRESENTATION_CONTEXT('2D SPACE',''
  ) );
#2569 = PCURVE('',#582,#2570);
#2570 = DEFINITIONAL_REPRESENTATION('',(#2571),#2575);
#2571 = LINE('',#2572,#2573);
#2572 = CARTESIAN_POINT('',(1.,0.));
#2573 = VECTOR('',#2574,1.);
#2574 = DIRECTION('',(0.,-1.));
#2575 = ( GEOMETRIC_REPRESENTATION_CONTEXT(2) 
PARAMETRIC_REPRESENTATION_CONTEXT() REPRESENTATION_CONTEXT('2D SPACE',''
  ) );
#2576 = ORIENTED_EDGE('',*,*,#2577,.T.);
#2577 = EDGE_CURVE('',#2555,#2506,#2578,.T.);
#2578 = SURFACE_CURVE('',#2579,(#2583,#2590),.PCURVE_S1.);
#2579 = B_SPLINE_CURVE_WITH_KNOTS('',2,(#2580,#2581,#2582),
  .UNSPECIFIED.,.F.,.F.,(3,3),(0.,1.),.PIECEWISE_BEZIER_KNOTS.);
#2580 = CARTESIAN_POINT('',(-73.2,-53.08544926875,46.1640625));
#2581 = CARTESIAN_POINT('',(-73.2,-52.4189453625,46.1640625));
#2582 = CARTESIAN_POINT('',(-73.2,-52.0478516125,45.830810546875));
#2583 = PCURVE('',#632,#2584);
#2584 = DEFINITIONAL_REPRESENTATION('',(#2585),#2589);
#2585 = LINE('',#2586,#2587);
#2586 = CARTESIAN_POINT('',(0.,-0.65));
#2587 = VECTOR('',#2588,1.);
#2588 = DIRECTION('',(1.,0.));
#2589 = ( GEOMETRIC_REPRESENTATION_CONTEXT(2) 
PARAMETRIC_REPRESENTATION_CONTEXT() REPRESENTATION_CONTEXT('2D SPACE',''
  ) );
#2590 = PCURVE('',#1831,#2591);
#2591 = DEFINITIONAL_REPRESENTATION('',(#2592),#2596);
#2592 = B_SPLINE_CURVE_WITH_KNOTS('',2,(#2593,#2594,#2595),
  .UNSPECIFIED.,.F.,.F.,(3,3),(0.,1.),.PIECEWISE_BEZIER_KNOTS.);
#2593 = CARTESIAN_POINT('',(1.72119140625,2.451171875));
#2594 = CARTESIAN_POINT('',(2.3876953125,2.451171875));
#2595 = CARTESIAN_POINT('',(2.7587890625,2.117919921875));
#2596 = ( GEOMETRIC_REPRESENTATION_CONTEXT(2) 
PARAMETRIC_REPRESENTATION_CONTEXT() REPRESENTATION_CONTEXT('2D SPACE',''
  ) );
#2597 = ORIENTED_EDGE('',*,*,#2505,.F.);
#2598 = ADVANCED_FACE('',(#2599),#582,.T.);
#2599 = FACE_BOUND('',#2600,.T.);
#2600 = EDGE_LOOP('',(#2601,#2602,#2625,#2646));
#2601 = ORIENTED_EDGE('',*,*,#562,.T.);
#2602 = ORIENTED_EDGE('',*,*,#2603,.T.);
#2603 = EDGE_CURVE('',#527,#2604,#2606,.T.);
#2604 = VERTEX_POINT('',#2605);
#2605 = CARTESIAN_POINT('',(-73.2,-53.31127934687,46.148193359375));
#2606 = SURFACE_CURVE('',#2607,(#2611,#2618),.PCURVE_S1.);
#2607 = LINE('',#2608,#2609);
#2608 = CARTESIAN_POINT('',(-73.85,-53.31127934687,46.148193359375));
#2609 = VECTOR('',#2610,1.);
#2610 = DIRECTION('',(1.,0.,0.));
#2611 = PCURVE('',#582,#2612);
#2612 = DEFINITIONAL_REPRESENTATION('',(#2613),#2617);
#2613 = LINE('',#2614,#2615);
#2614 = CARTESIAN_POINT('',(0.,0.));
#2615 = VECTOR('',#2616,1.);
#2616 = DIRECTION('',(0.,-1.));
#2617 = ( GEOMETRIC_REPRESENTATION_CONTEXT(2) 
PARAMETRIC_REPRESENTATION_CONTEXT() REPRESENTATION_CONTEXT('2D SPACE',''
  ) );
#2618 = PCURVE('',#546,#2619);
#2619 = DEFINITIONAL_REPRESENTATION('',(#2620),#2624);
#2620 = LINE('',#2621,#2622);
#2621 = CARTESIAN_POINT('',(1.,0.));
#2622 = VECTOR('',#2623,1.);
#2623 = DIRECTION('',(0.,-1.));
#2624 = ( GEOMETRIC_REPRESENTATION_CONTEXT(2) 
PARAMETRIC_REPRESENTATION_CONTEXT() REPRESENTATION_CONTEXT('2D SPACE',''
  ) );
#2625 = ORIENTED_EDGE('',*,*,#2626,.T.);
#2626 = EDGE_CURVE('',#2604,#2555,#2627,.T.);
#2627 = SURFACE_CURVE('',#2628,(#2632,#2639),.PCURVE_S1.);
#2628 = B_SPLINE_CURVE_WITH_KNOTS('',2,(#2629,#2630,#2631),
  .UNSPECIFIED.,.F.,.F.,(3,3),(0.,1.),.PIECEWISE_BEZIER_KNOTS.);
#2629 = CARTESIAN_POINT('',(-73.2,-53.31127934687,46.148193359375));
#2630 = CARTESIAN_POINT('',(-73.2,-53.20263676875,46.1640625));
#2631 = CARTESIAN_POINT('',(-73.2,-53.08544926875,46.1640625));
#2632 = PCURVE('',#582,#2633);
#2633 = DEFINITIONAL_REPRESENTATION('',(#2634),#2638);
#2634 = LINE('',#2635,#2636);
#2635 = CARTESIAN_POINT('',(0.,-0.65));
#2636 = VECTOR('',#2637,1.);
#2637 = DIRECTION('',(1.,0.));
#2638 = ( GEOMETRIC_REPRESENTATION_CONTEXT(2) 
PARAMETRIC_REPRESENTATION_CONTEXT() REPRESENTATION_CONTEXT('2D SPACE',''
  ) );
#2639 = PCURVE('',#1831,#2640);
#2640 = DEFINITIONAL_REPRESENTATION('',(#2641),#2645);
#2641 = B_SPLINE_CURVE_WITH_KNOTS('',2,(#2642,#2643,#2644),
  .UNSPECIFIED.,.F.,.F.,(3,3),(0.,1.),.PIECEWISE_BEZIER_KNOTS.);
#2642 = CARTESIAN_POINT('',(1.495361328125,2.435302734375));
#2643 = CARTESIAN_POINT('',(1.60400390625,2.451171875));
#2644 = CARTESIAN_POINT('',(1.72119140625,2.451171875));
#2645 = ( GEOMETRIC_REPRESENTATION_CONTEXT(2) 
PARAMETRIC_REPRESENTATION_CONTEXT() REPRESENTATION_CONTEXT('2D SPACE',''
  ) );
#2646 = ORIENTED_EDGE('',*,*,#2554,.F.);
#2647 = ADVANCED_FACE('',(#2648),#546,.T.);
#2648 = FACE_BOUND('',#2649,.T.);
#2649 = EDGE_LOOP('',(#2650,#2651,#2674,#2695));
#2650 = ORIENTED_EDGE('',*,*,#526,.T.);
#2651 = ORIENTED_EDGE('',*,*,#2652,.T.);
#2652 = EDGE_CURVE('',#501,#2653,#2655,.T.);
#2653 = VERTEX_POINT('',#2654);
#2654 = CARTESIAN_POINT('',(-73.2,-53.5273438,46.10302734375));
#2655 = SURFACE_CURVE('',#2656,(#2660,#2667),.PCURVE_S1.);
#2656 = LINE('',#2657,#2658);
#2657 = CARTESIAN_POINT('',(-73.85,-53.5273438,46.10302734375));
#2658 = VECTOR('',#2659,1.);
#2659 = DIRECTION('',(1.,0.,0.));
#2660 = PCURVE('',#546,#2661);
#2661 = DEFINITIONAL_REPRESENTATION('',(#2662),#2666);
#2662 = LINE('',#2663,#2664);
#2663 = CARTESIAN_POINT('',(0.,0.));
#2664 = VECTOR('',#2665,1.);
#2665 = DIRECTION('',(0.,-1.));
#2666 = ( GEOMETRIC_REPRESENTATION_CONTEXT(2) 
PARAMETRIC_REPRESENTATION_CONTEXT() REPRESENTATION_CONTEXT('2D SPACE',''
  ) );
#2667 = PCURVE('',#515,#2668);
#2668 = DEFINITIONAL_REPRESENTATION('',(#2669),#2673);
#2669 = LINE('',#2670,#2671);
#2670 = CARTESIAN_POINT('',(0.56396484375,0.));
#2671 = VECTOR('',#2672,1.);
#2672 = DIRECTION('',(0.,-1.));
#2673 = ( GEOMETRIC_REPRESENTATION_CONTEXT(2) 
PARAMETRIC_REPRESENTATION_CONTEXT() REPRESENTATION_CONTEXT('2D SPACE',''
  ) );
#2674 = ORIENTED_EDGE('',*,*,#2675,.T.);
#2675 = EDGE_CURVE('',#2653,#2604,#2676,.T.);
#2676 = SURFACE_CURVE('',#2677,(#2681,#2688),.PCURVE_S1.);
#2677 = B_SPLINE_CURVE_WITH_KNOTS('',2,(#2678,#2679,#2680),
  .UNSPECIFIED.,.F.,.F.,(3,3),(0.,1.),.PIECEWISE_BEZIER_KNOTS.);
#2678 = CARTESIAN_POINT('',(-73.2,-53.5273438,46.10302734375));
#2679 = CARTESIAN_POINT('',(-73.2,-53.419921925,46.13232421875));
#2680 = CARTESIAN_POINT('',(-73.2,-53.31127934687,46.148193359375));
#2681 = PCURVE('',#546,#2682);
#2682 = DEFINITIONAL_REPRESENTATION('',(#2683),#2687);
#2683 = LINE('',#2684,#2685);
#2684 = CARTESIAN_POINT('',(0.,-0.65));
#2685 = VECTOR('',#2686,1.);
#2686 = DIRECTION('',(1.,0.));
#2687 = ( GEOMETRIC_REPRESENTATION_CONTEXT(2) 
PARAMETRIC_REPRESENTATION_CONTEXT() REPRESENTATION_CONTEXT('2D SPACE',''
  ) );
#2688 = PCURVE('',#1831,#2689);
#2689 = DEFINITIONAL_REPRESENTATION('',(#2690),#2694);
#2690 = B_SPLINE_CURVE_WITH_KNOTS('',2,(#2691,#2692,#2693),
  .UNSPECIFIED.,.F.,.F.,(3,3),(0.,1.),.PIECEWISE_BEZIER_KNOTS.);
#2691 = CARTESIAN_POINT('',(1.279296875,2.39013671875));
#2692 = CARTESIAN_POINT('',(1.38671875,2.41943359375));
#2693 = CARTESIAN_POINT('',(1.495361328125,2.435302734375));
#2694 = ( GEOMETRIC_REPRESENTATION_CONTEXT(2) 
PARAMETRIC_REPRESENTATION_CONTEXT() REPRESENTATION_CONTEXT('2D SPACE',''
  ) );
#2695 = ORIENTED_EDGE('',*,*,#2603,.F.);
#2696 = ADVANCED_FACE('',(#2697),#515,.T.);
#2697 = FACE_BOUND('',#2698,.T.);
#2698 = EDGE_LOOP('',(#2699,#2700,#2723,#2744));
#2699 = ORIENTED_EDGE('',*,*,#500,.T.);
#2700 = ORIENTED_EDGE('',*,*,#2701,.T.);
#2701 = EDGE_CURVE('',#475,#2702,#2704,.T.);
#2702 = VERTEX_POINT('',#2703);
#2703 = CARTESIAN_POINT('',(-73.2,-53.5273438,46.6669921875));
#2704 = SURFACE_CURVE('',#2705,(#2709,#2716),.PCURVE_S1.);
#2705 = LINE('',#2706,#2707);
#2706 = CARTESIAN_POINT('',(-73.85,-53.5273438,46.6669921875));
#2707 = VECTOR('',#2708,1.);
#2708 = DIRECTION('',(1.,0.,0.));
#2709 = PCURVE('',#515,#2710);
#2710 = DEFINITIONAL_REPRESENTATION('',(#2711),#2715);
#2711 = LINE('',#2712,#2713);
#2712 = CARTESIAN_POINT('',(0.,0.));
#2713 = VECTOR('',#2714,1.);
#2714 = DIRECTION('',(0.,-1.));
#2715 = ( GEOMETRIC_REPRESENTATION_CONTEXT(2) 
PARAMETRIC_REPRESENTATION_CONTEXT() REPRESENTATION_CONTEXT('2D SPACE',''
  ) );
#2716 = PCURVE('',#489,#2717);
#2717 = DEFINITIONAL_REPRESENTATION('',(#2718),#2722);
#2718 = LINE('',#2719,#2720);
#2719 = CARTESIAN_POINT('',(1.5869140625,0.));
#2720 = VECTOR('',#2721,1.);
#2721 = DIRECTION('',(0.,-1.));
#2722 = ( GEOMETRIC_REPRESENTATION_CONTEXT(2) 
PARAMETRIC_REPRESENTATION_CONTEXT() REPRESENTATION_CONTEXT('2D SPACE',''
  ) );
#2723 = ORIENTED_EDGE('',*,*,#2724,.T.);
#2724 = EDGE_CURVE('',#2702,#2653,#2725,.T.);
#2725 = SURFACE_CURVE('',#2726,(#2730,#2737),.PCURVE_S1.);
#2726 = LINE('',#2727,#2728);
#2727 = CARTESIAN_POINT('',(-73.2,-53.5273438,46.6669921875));
#2728 = VECTOR('',#2729,1.);
#2729 = DIRECTION('',(0.,0.,-1.));
#2730 = PCURVE('',#515,#2731);
#2731 = DEFINITIONAL_REPRESENTATION('',(#2732),#2736);
#2732 = LINE('',#2733,#2734);
#2733 = CARTESIAN_POINT('',(0.,-0.65));
#2734 = VECTOR('',#2735,1.);
#2735 = DIRECTION('',(1.,0.));
#2736 = ( GEOMETRIC_REPRESENTATION_CONTEXT(2) 
PARAMETRIC_REPRESENTATION_CONTEXT() REPRESENTATION_CONTEXT('2D SPACE',''
  ) );
#2737 = PCURVE('',#1831,#2738);
#2738 = DEFINITIONAL_REPRESENTATION('',(#2739),#2743);
#2739 = LINE('',#2740,#2741);
#2740 = CARTESIAN_POINT('',(1.279296875,2.9541015625));
#2741 = VECTOR('',#2742,1.);
#2742 = DIRECTION('',(0.,-1.));
#2743 = ( GEOMETRIC_REPRESENTATION_CONTEXT(2) 
PARAMETRIC_REPRESENTATION_CONTEXT() REPRESENTATION_CONTEXT('2D SPACE',''
  ) );
#2744 = ORIENTED_EDGE('',*,*,#2652,.F.);
#2745 = ADVANCED_FACE('',(#2746),#489,.T.);
#2746 = FACE_BOUND('',#2747,.T.);
#2747 = EDGE_LOOP('',(#2748,#2749,#2772,#2793));
#2748 = ORIENTED_EDGE('',*,*,#474,.T.);
#2749 = ORIENTED_EDGE('',*,*,#2750,.T.);
#2750 = EDGE_CURVE('',#449,#2751,#2753,.T.);
#2751 = VERTEX_POINT('',#2752);
#2752 = CARTESIAN_POINT('',(-73.2,-51.9404297375,46.6669921875));
#2753 = SURFACE_CURVE('',#2754,(#2758,#2765),.PCURVE_S1.);
#2754 = LINE('',#2755,#2756);
#2755 = CARTESIAN_POINT('',(-73.85,-51.9404297375,46.6669921875));
#2756 = VECTOR('',#2757,1.);
#2757 = DIRECTION('',(1.,0.,0.));
#2758 = PCURVE('',#489,#2759);
#2759 = DEFINITIONAL_REPRESENTATION('',(#2760),#2764);
#2760 = LINE('',#2761,#2762);
#2761 = CARTESIAN_POINT('',(0.,-0.));
#2762 = VECTOR('',#2763,1.);
#2763 = DIRECTION('',(0.,-1.));
#2764 = ( GEOMETRIC_REPRESENTATION_CONTEXT(2) 
PARAMETRIC_REPRESENTATION_CONTEXT() REPRESENTATION_CONTEXT('2D SPACE',''
  ) );
#2765 = PCURVE('',#463,#2766);
#2766 = DEFINITIONAL_REPRESENTATION('',(#2767),#2771);
#2767 = LINE('',#2768,#2769);
#2768 = CARTESIAN_POINT('',(0.69091796875,0.));
#2769 = VECTOR('',#2770,1.);
#2770 = DIRECTION('',(0.,-1.));
#2771 = ( GEOMETRIC_REPRESENTATION_CONTEXT(2) 
PARAMETRIC_REPRESENTATION_CONTEXT() REPRESENTATION_CONTEXT('2D SPACE',''
  ) );
#2772 = ORIENTED_EDGE('',*,*,#2773,.T.);
#2773 = EDGE_CURVE('',#2751,#2702,#2774,.T.);
#2774 = SURFACE_CURVE('',#2775,(#2779,#2786),.PCURVE_S1.);
#2775 = LINE('',#2776,#2777);
#2776 = CARTESIAN_POINT('',(-73.2,-51.9404297375,46.6669921875));
#2777 = VECTOR('',#2778,1.);
#2778 = DIRECTION('',(0.,-1.,0.));
#2779 = PCURVE('',#489,#2780);
#2780 = DEFINITIONAL_REPRESENTATION('',(#2781),#2785);
#2781 = LINE('',#2782,#2783);
#2782 = CARTESIAN_POINT('',(0.,-0.65));
#2783 = VECTOR('',#2784,1.);
#2784 = DIRECTION('',(1.,0.));
#2785 = ( GEOMETRIC_REPRESENTATION_CONTEXT(2) 
PARAMETRIC_REPRESENTATION_CONTEXT() REPRESENTATION_CONTEXT('2D SPACE',''
  ) );
#2786 = PCURVE('',#1831,#2787);
#2787 = DEFINITIONAL_REPRESENTATION('',(#2788),#2792);
#2788 = LINE('',#2789,#2790);
#2789 = CARTESIAN_POINT('',(2.8662109375,2.9541015625));
#2790 = VECTOR('',#2791,1.);
#2791 = DIRECTION('',(-1.,0.));
#2792 = ( GEOMETRIC_REPRESENTATION_CONTEXT(2) 
PARAMETRIC_REPRESENTATION_CONTEXT() REPRESENTATION_CONTEXT('2D SPACE',''
  ) );
#2793 = ORIENTED_EDGE('',*,*,#2701,.F.);
#2794 = ADVANCED_FACE('',(#2795),#463,.T.);
#2795 = FACE_BOUND('',#2796,.T.);
#2796 = EDGE_LOOP('',(#2797,#2798,#2821,#2842));
#2797 = ORIENTED_EDGE('',*,*,#448,.T.);
#2798 = ORIENTED_EDGE('',*,*,#2799,.T.);
#2799 = EDGE_CURVE('',#423,#2800,#2802,.T.);
#2800 = VERTEX_POINT('',#2801);
#2801 = CARTESIAN_POINT('',(-73.2,-51.9404297375,47.35791015625));
#2802 = SURFACE_CURVE('',#2803,(#2807,#2814),.PCURVE_S1.);
#2803 = LINE('',#2804,#2805);
#2804 = CARTESIAN_POINT('',(-73.85,-51.9404297375,47.35791015625));
#2805 = VECTOR('',#2806,1.);
#2806 = DIRECTION('',(1.,0.,0.));
#2807 = PCURVE('',#463,#2808);
#2808 = DEFINITIONAL_REPRESENTATION('',(#2809),#2813);
#2809 = LINE('',#2810,#2811);
#2810 = CARTESIAN_POINT('',(0.,0.));
#2811 = VECTOR('',#2812,1.);
#2812 = DIRECTION('',(0.,-1.));
#2813 = ( GEOMETRIC_REPRESENTATION_CONTEXT(2) 
PARAMETRIC_REPRESENTATION_CONTEXT() REPRESENTATION_CONTEXT('2D SPACE',''
  ) );
#2814 = PCURVE('',#437,#2815);
#2815 = DEFINITIONAL_REPRESENTATION('',(#2816),#2820);
#2816 = LINE('',#2817,#2818);
#2817 = CARTESIAN_POINT('',(2.33642578125,0.));
#2818 = VECTOR('',#2819,1.);
#2819 = DIRECTION('',(0.,-1.));
#2820 = ( GEOMETRIC_REPRESENTATION_CONTEXT(2) 
PARAMETRIC_REPRESENTATION_CONTEXT() REPRESENTATION_CONTEXT('2D SPACE',''
  ) );
#2821 = ORIENTED_EDGE('',*,*,#2822,.T.);
#2822 = EDGE_CURVE('',#2800,#2751,#2823,.T.);
#2823 = SURFACE_CURVE('',#2824,(#2828,#2835),.PCURVE_S1.);
#2824 = LINE('',#2825,#2826);
#2825 = CARTESIAN_POINT('',(-73.2,-51.9404297375,47.35791015625));
#2826 = VECTOR('',#2827,1.);
#2827 = DIRECTION('',(0.,0.,-1.));
#2828 = PCURVE('',#463,#2829);
#2829 = DEFINITIONAL_REPRESENTATION('',(#2830),#2834);
#2830 = LINE('',#2831,#2832);
#2831 = CARTESIAN_POINT('',(0.,-0.65));
#2832 = VECTOR('',#2833,1.);
#2833 = DIRECTION('',(1.,0.));
#2834 = ( GEOMETRIC_REPRESENTATION_CONTEXT(2) 
PARAMETRIC_REPRESENTATION_CONTEXT() REPRESENTATION_CONTEXT('2D SPACE',''
  ) );
#2835 = PCURVE('',#1831,#2836);
#2836 = DEFINITIONAL_REPRESENTATION('',(#2837),#2841);
#2837 = LINE('',#2838,#2839);
#2838 = CARTESIAN_POINT('',(2.8662109375,3.64501953125));
#2839 = VECTOR('',#2840,1.);
#2840 = DIRECTION('',(0.,-1.));
#2841 = ( GEOMETRIC_REPRESENTATION_CONTEXT(2) 
PARAMETRIC_REPRESENTATION_CONTEXT() REPRESENTATION_CONTEXT('2D SPACE',''
  ) );
#2842 = ORIENTED_EDGE('',*,*,#2750,.F.);
#2843 = ADVANCED_FACE('',(#2844),#437,.T.);
#2844 = FACE_BOUND('',#2845,.T.);
#2845 = EDGE_LOOP('',(#2846,#2847,#2848,#2869));
#2846 = ORIENTED_EDGE('',*,*,#422,.T.);
#2847 = ORIENTED_EDGE('',*,*,#1843,.T.);
#2848 = ORIENTED_EDGE('',*,*,#2849,.T.);
#2849 = EDGE_CURVE('',#1816,#2800,#2850,.T.);
#2850 = SURFACE_CURVE('',#2851,(#2855,#2862),.PCURVE_S1.);
#2851 = LINE('',#2852,#2853);
#2852 = CARTESIAN_POINT('',(-73.2,-54.27685551875,47.35791015625));
#2853 = VECTOR('',#2854,1.);
#2854 = DIRECTION('',(0.,1.,0.));
#2855 = PCURVE('',#437,#2856);
#2856 = DEFINITIONAL_REPRESENTATION('',(#2857),#2861);
#2857 = LINE('',#2858,#2859);
#2858 = CARTESIAN_POINT('',(0.,-0.65));
#2859 = VECTOR('',#2860,1.);
#2860 = DIRECTION('',(1.,0.));
#2861 = ( GEOMETRIC_REPRESENTATION_CONTEXT(2) 
PARAMETRIC_REPRESENTATION_CONTEXT() REPRESENTATION_CONTEXT('2D SPACE',''
  ) );
#2862 = PCURVE('',#1831,#2863);
#2863 = DEFINITIONAL_REPRESENTATION('',(#2864),#2868);
#2864 = LINE('',#2865,#2866);
#2865 = CARTESIAN_POINT('',(0.52978515625,3.64501953125));
#2866 = VECTOR('',#2867,1.);
#2867 = DIRECTION('',(1.,0.));
#2868 = ( GEOMETRIC_REPRESENTATION_CONTEXT(2) 
PARAMETRIC_REPRESENTATION_CONTEXT() REPRESENTATION_CONTEXT('2D SPACE',''
  ) );
#2869 = ORIENTED_EDGE('',*,*,#2799,.F.);
#2870 = ADVANCED_FACE('',(#2871),#1325,.T.);
#2871 = FACE_BOUND('',#2872,.T.);
#2872 = EDGE_LOOP('',(#2873,#2874,#2897,#2925));
#2873 = ORIENTED_EDGE('',*,*,#1308,.T.);
#2874 = ORIENTED_EDGE('',*,*,#2875,.T.);
#2875 = EDGE_CURVE('',#1311,#2876,#2878,.T.);
#2876 = VERTEX_POINT('',#2877);
#2877 = CARTESIAN_POINT('',(-73.2,-59.3232422375,43.712890625));
#2878 = SURFACE_CURVE('',#2879,(#2883,#2890),.PCURVE_S1.);
#2879 = LINE('',#2880,#2881);
#2880 = CARTESIAN_POINT('',(-73.85,-59.3232422375,43.712890625));
#2881 = VECTOR('',#2882,1.);
#2882 = DIRECTION('',(1.,0.,0.));
#2883 = PCURVE('',#1325,#2884);
#2884 = DEFINITIONAL_REPRESENTATION('',(#2885),#2889);
#2885 = LINE('',#2886,#2887);
#2886 = CARTESIAN_POINT('',(0.,0.));
#2887 = VECTOR('',#2888,1.);
#2888 = DIRECTION('',(0.,-1.));
#2889 = ( GEOMETRIC_REPRESENTATION_CONTEXT(2) 
PARAMETRIC_REPRESENTATION_CONTEXT() REPRESENTATION_CONTEXT('2D SPACE',''
  ) );
#2890 = PCURVE('',#1635,#2891);
#2891 = DEFINITIONAL_REPRESENTATION('',(#2892),#2896);
#2892 = LINE('',#2893,#2894);
#2893 = CARTESIAN_POINT('',(0.89111328125,0.));
#2894 = VECTOR('',#2895,1.);
#2895 = DIRECTION('',(0.,-1.));
#2896 = ( GEOMETRIC_REPRESENTATION_CONTEXT(2) 
PARAMETRIC_REPRESENTATION_CONTEXT() REPRESENTATION_CONTEXT('2D SPACE',''
  ) );
#2897 = ORIENTED_EDGE('',*,*,#2898,.T.);
#2898 = EDGE_CURVE('',#2876,#2899,#2901,.T.);
#2899 = VERTEX_POINT('',#2900);
#2900 = CARTESIAN_POINT('',(-73.2,-59.3232422375,47.35791015625));
#2901 = SURFACE_CURVE('',#2902,(#2906,#2913),.PCURVE_S1.);
#2902 = LINE('',#2903,#2904);
#2903 = CARTESIAN_POINT('',(-73.2,-59.3232422375,43.712890625));
#2904 = VECTOR('',#2905,1.);
#2905 = DIRECTION('',(0.,0.,1.));
#2906 = PCURVE('',#1325,#2907);
#2907 = DEFINITIONAL_REPRESENTATION('',(#2908),#2912);
#2908 = LINE('',#2909,#2910);
#2909 = CARTESIAN_POINT('',(0.,-0.65));
#2910 = VECTOR('',#2911,1.);
#2911 = DIRECTION('',(1.,0.));
#2912 = ( GEOMETRIC_REPRESENTATION_CONTEXT(2) 
PARAMETRIC_REPRESENTATION_CONTEXT() REPRESENTATION_CONTEXT('2D SPACE',''
  ) );
#2913 = PCURVE('',#2914,#2919);
#2914 = PLANE('',#2915);
#2915 = AXIS2_PLACEMENT_3D('',#2916,#2917,#2918);
#2916 = CARTESIAN_POINT('',(-73.2,-59.7822266125,43.712890625));
#2917 = DIRECTION('',(1.,0.,0.));
#2918 = DIRECTION('',(0.,1.,0.));
#2919 = DEFINITIONAL_REPRESENTATION('',(#2920),#2924);
#2920 = LINE('',#2921,#2922);
#2921 = CARTESIAN_POINT('',(0.458984375,0.));
#2922 = VECTOR('',#2923,1.);
#2923 = DIRECTION('',(0.,1.));
#2924 = ( GEOMETRIC_REPRESENTATION_CONTEXT(2) 
PARAMETRIC_REPRESENTATION_CONTEXT() REPRESENTATION_CONTEXT('2D SPACE',''
  ) );
#2925 = ORIENTED_EDGE('',*,*,#2926,.F.);
#2926 = EDGE_CURVE('',#1309,#2899,#2927,.T.);
#2927 = SURFACE_CURVE('',#2928,(#2932,#2939),.PCURVE_S1.);
#2928 = LINE('',#2929,#2930);
#2929 = CARTESIAN_POINT('',(-73.85,-59.3232422375,47.35791015625));
#2930 = VECTOR('',#2931,1.);
#2931 = DIRECTION('',(1.,0.,0.));
#2932 = PCURVE('',#1325,#2933);
#2933 = DEFINITIONAL_REPRESENTATION('',(#2934),#2938);
#2934 = LINE('',#2935,#2936);
#2935 = CARTESIAN_POINT('',(3.64501953125,0.));
#2936 = VECTOR('',#2937,1.);
#2937 = DIRECTION('',(0.,-1.));
#2938 = ( GEOMETRIC_REPRESENTATION_CONTEXT(2) 
PARAMETRIC_REPRESENTATION_CONTEXT() REPRESENTATION_CONTEXT('2D SPACE',''
  ) );
#2939 = PCURVE('',#1351,#2940);
#2940 = DEFINITIONAL_REPRESENTATION('',(#2941),#2945);
#2941 = LINE('',#2942,#2943);
#2942 = CARTESIAN_POINT('',(0.,0.));
#2943 = VECTOR('',#2944,1.);
#2944 = DIRECTION('',(0.,-1.));
#2945 = ( GEOMETRIC_REPRESENTATION_CONTEXT(2) 
PARAMETRIC_REPRESENTATION_CONTEXT() REPRESENTATION_CONTEXT('2D SPACE',''
  ) );
#2946 = ADVANCED_FACE('',(#2947),#1635,.T.);
#2947 = FACE_BOUND('',#2948,.T.);
#2948 = EDGE_LOOP('',(#2949,#2950,#2973,#2994));
#2949 = ORIENTED_EDGE('',*,*,#1622,.T.);
#2950 = ORIENTED_EDGE('',*,*,#2951,.T.);
#2951 = EDGE_CURVE('',#1597,#2952,#2954,.T.);
#2952 = VERTEX_POINT('',#2953);
#2953 = CARTESIAN_POINT('',(-73.2,-58.43212895625,43.712890625));
#2954 = SURFACE_CURVE('',#2955,(#2959,#2966),.PCURVE_S1.);
#2955 = LINE('',#2956,#2957);
#2956 = CARTESIAN_POINT('',(-73.85,-58.43212895625,43.712890625));
#2957 = VECTOR('',#2958,1.);
#2958 = DIRECTION('',(1.,0.,0.));
#2959 = PCURVE('',#1635,#2960);
#2960 = DEFINITIONAL_REPRESENTATION('',(#2961),#2965);
#2961 = LINE('',#2962,#2963);
#2962 = CARTESIAN_POINT('',(0.,-0.));
#2963 = VECTOR('',#2964,1.);
#2964 = DIRECTION('',(0.,-1.));
#2965 = ( GEOMETRIC_REPRESENTATION_CONTEXT(2) 
PARAMETRIC_REPRESENTATION_CONTEXT() REPRESENTATION_CONTEXT('2D SPACE',''
  ) );
#2966 = PCURVE('',#1611,#2967);
#2967 = DEFINITIONAL_REPRESENTATION('',(#2968),#2972);
#2968 = LINE('',#2969,#2970);
#2969 = CARTESIAN_POINT('',(2.666015625,0.));
#2970 = VECTOR('',#2971,1.);
#2971 = DIRECTION('',(0.,-1.));
#2972 = ( GEOMETRIC_REPRESENTATION_CONTEXT(2) 
PARAMETRIC_REPRESENTATION_CONTEXT() REPRESENTATION_CONTEXT('2D SPACE',''
  ) );
#2973 = ORIENTED_EDGE('',*,*,#2974,.T.);
#2974 = EDGE_CURVE('',#2952,#2876,#2975,.T.);
#2975 = SURFACE_CURVE('',#2976,(#2980,#2987),.PCURVE_S1.);
#2976 = LINE('',#2977,#2978);
#2977 = CARTESIAN_POINT('',(-73.2,-58.43212895625,43.712890625));
#2978 = VECTOR('',#2979,1.);
#2979 = DIRECTION('',(0.,-1.,0.));
#2980 = PCURVE('',#1635,#2981);
#2981 = DEFINITIONAL_REPRESENTATION('',(#2982),#2986);
#2982 = LINE('',#2983,#2984);
#2983 = CARTESIAN_POINT('',(0.,-0.65));
#2984 = VECTOR('',#2985,1.);
#2985 = DIRECTION('',(1.,0.));
#2986 = ( GEOMETRIC_REPRESENTATION_CONTEXT(2) 
PARAMETRIC_REPRESENTATION_CONTEXT() REPRESENTATION_CONTEXT('2D SPACE',''
  ) );
#2987 = PCURVE('',#2914,#2988);
#2988 = DEFINITIONAL_REPRESENTATION('',(#2989),#2993);
#2989 = LINE('',#2990,#2991);
#2990 = CARTESIAN_POINT('',(1.35009765625,0.));
#2991 = VECTOR('',#2992,1.);
#2992 = DIRECTION('',(-1.,0.));
#2993 = ( GEOMETRIC_REPRESENTATION_CONTEXT(2) 
PARAMETRIC_REPRESENTATION_CONTEXT() REPRESENTATION_CONTEXT('2D SPACE',''
  ) );
#2994 = ORIENTED_EDGE('',*,*,#2875,.F.);
#2995 = ADVANCED_FACE('',(#2996),#1611,.T.);
#2996 = FACE_BOUND('',#2997,.T.);
#2997 = EDGE_LOOP('',(#2998,#2999,#3022,#3043));
#2998 = ORIENTED_EDGE('',*,*,#1596,.T.);
#2999 = ORIENTED_EDGE('',*,*,#3000,.T.);
#3000 = EDGE_CURVE('',#1571,#3001,#3003,.T.);
#3001 = VERTEX_POINT('',#3002);
#3002 = CARTESIAN_POINT('',(-73.2,-58.43212895625,46.37890625));
#3003 = SURFACE_CURVE('',#3004,(#3008,#3015),.PCURVE_S1.);
#3004 = LINE('',#3005,#3006);
#3005 = CARTESIAN_POINT('',(-73.85,-58.43212895625,46.37890625));
#3006 = VECTOR('',#3007,1.);
#3007 = DIRECTION('',(1.,0.,0.));
#3008 = PCURVE('',#1611,#3009);
#3009 = DEFINITIONAL_REPRESENTATION('',(#3010),#3014);
#3010 = LINE('',#3011,#3012);
#3011 = CARTESIAN_POINT('',(0.,0.));
#3012 = VECTOR('',#3013,1.);
#3013 = DIRECTION('',(0.,-1.));
#3014 = ( GEOMETRIC_REPRESENTATION_CONTEXT(2) 
PARAMETRIC_REPRESENTATION_CONTEXT() REPRESENTATION_CONTEXT('2D SPACE',''
  ) );
#3015 = PCURVE('',#1585,#3016);
#3016 = DEFINITIONAL_REPRESENTATION('',(#3017),#3021);
#3017 = LINE('',#3018,#3019);
#3018 = CARTESIAN_POINT('',(2.137257007819,0.));
#3019 = VECTOR('',#3020,1.);
#3020 = DIRECTION('',(0.,-1.));
#3021 = ( GEOMETRIC_REPRESENTATION_CONTEXT(2) 
PARAMETRIC_REPRESENTATION_CONTEXT() REPRESENTATION_CONTEXT('2D SPACE',''
  ) );
#3022 = ORIENTED_EDGE('',*,*,#3023,.T.);
#3023 = EDGE_CURVE('',#3001,#2952,#3024,.T.);
#3024 = SURFACE_CURVE('',#3025,(#3029,#3036),.PCURVE_S1.);
#3025 = LINE('',#3026,#3027);
#3026 = CARTESIAN_POINT('',(-73.2,-58.43212895625,46.37890625));
#3027 = VECTOR('',#3028,1.);
#3028 = DIRECTION('',(0.,0.,-1.));
#3029 = PCURVE('',#1611,#3030);
#3030 = DEFINITIONAL_REPRESENTATION('',(#3031),#3035);
#3031 = LINE('',#3032,#3033);
#3032 = CARTESIAN_POINT('',(0.,-0.65));
#3033 = VECTOR('',#3034,1.);
#3034 = DIRECTION('',(1.,0.));
#3035 = ( GEOMETRIC_REPRESENTATION_CONTEXT(2) 
PARAMETRIC_REPRESENTATION_CONTEXT() REPRESENTATION_CONTEXT('2D SPACE',''
  ) );
#3036 = PCURVE('',#2914,#3037);
#3037 = DEFINITIONAL_REPRESENTATION('',(#3038),#3042);
#3038 = LINE('',#3039,#3040);
#3039 = CARTESIAN_POINT('',(1.35009765625,2.666015625));
#3040 = VECTOR('',#3041,1.);
#3041 = DIRECTION('',(0.,-1.));
#3042 = ( GEOMETRIC_REPRESENTATION_CONTEXT(2) 
PARAMETRIC_REPRESENTATION_CONTEXT() REPRESENTATION_CONTEXT('2D SPACE',''
  ) );
#3043 = ORIENTED_EDGE('',*,*,#2951,.F.);
#3044 = ADVANCED_FACE('',(#3045),#1585,.T.);
#3045 = FACE_BOUND('',#3046,.T.);
#3046 = EDGE_LOOP('',(#3047,#3048,#3071,#3092));
#3047 = ORIENTED_EDGE('',*,*,#1570,.T.);
#3048 = ORIENTED_EDGE('',*,*,#3049,.T.);
#3049 = EDGE_CURVE('',#1545,#3050,#3052,.T.);
#3050 = VERTEX_POINT('',#3051);
#3051 = CARTESIAN_POINT('',(-73.2,-57.59228520625,44.41357421875));
#3052 = SURFACE_CURVE('',#3053,(#3057,#3064),.PCURVE_S1.);
#3053 = LINE('',#3054,#3055);
#3054 = CARTESIAN_POINT('',(-73.85,-57.59228520625,44.41357421875));
#3055 = VECTOR('',#3056,1.);
#3056 = DIRECTION('',(1.,0.,0.));
#3057 = PCURVE('',#1585,#3058);
#3058 = DEFINITIONAL_REPRESENTATION('',(#3059),#3063);
#3059 = LINE('',#3060,#3061);
#3060 = CARTESIAN_POINT('',(0.,0.));
#3061 = VECTOR('',#3062,1.);
#3062 = DIRECTION('',(0.,-1.));
#3063 = ( GEOMETRIC_REPRESENTATION_CONTEXT(2) 
PARAMETRIC_REPRESENTATION_CONTEXT() REPRESENTATION_CONTEXT('2D SPACE',''
  ) );
#3064 = PCURVE('',#1559,#3065);
#3065 = DEFINITIONAL_REPRESENTATION('',(#3066),#3070);
#3066 = LINE('',#3067,#3068);
#3067 = CARTESIAN_POINT('',(0.595703125,0.));
#3068 = VECTOR('',#3069,1.);
#3069 = DIRECTION('',(0.,-1.));
#3070 = ( GEOMETRIC_REPRESENTATION_CONTEXT(2) 
PARAMETRIC_REPRESENTATION_CONTEXT() REPRESENTATION_CONTEXT('2D SPACE',''
  ) );
#3071 = ORIENTED_EDGE('',*,*,#3072,.T.);
#3072 = EDGE_CURVE('',#3050,#3001,#3073,.T.);
#3073 = SURFACE_CURVE('',#3074,(#3078,#3085),.PCURVE_S1.);
#3074 = LINE('',#3075,#3076);
#3075 = CARTESIAN_POINT('',(-73.2,-57.59228520625,44.41357421875));
#3076 = VECTOR('',#3077,1.);
#3077 = DIRECTION('',(0.,-0.392954027956,0.919558117746));
#3078 = PCURVE('',#1585,#3079);
#3079 = DEFINITIONAL_REPRESENTATION('',(#3080),#3084);
#3080 = LINE('',#3081,#3082);
#3081 = CARTESIAN_POINT('',(0.,-0.65));
#3082 = VECTOR('',#3083,1.);
#3083 = DIRECTION('',(1.,0.));
#3084 = ( GEOMETRIC_REPRESENTATION_CONTEXT(2) 
PARAMETRIC_REPRESENTATION_CONTEXT() REPRESENTATION_CONTEXT('2D SPACE',''
  ) );
#3085 = PCURVE('',#2914,#3086);
#3086 = DEFINITIONAL_REPRESENTATION('',(#3087),#3091);
#3087 = LINE('',#3088,#3089);
#3088 = CARTESIAN_POINT('',(2.18994140625,0.70068359375));
#3089 = VECTOR('',#3090,1.);
#3090 = DIRECTION('',(-0.392954027956,0.919558117746));
#3091 = ( GEOMETRIC_REPRESENTATION_CONTEXT(2) 
PARAMETRIC_REPRESENTATION_CONTEXT() REPRESENTATION_CONTEXT('2D SPACE',''
  ) );
#3092 = ORIENTED_EDGE('',*,*,#3000,.F.);
#3093 = ADVANCED_FACE('',(#3094),#1559,.T.);
#3094 = FACE_BOUND('',#3095,.T.);
#3095 = EDGE_LOOP('',(#3096,#3097,#3120,#3141));
#3096 = ORIENTED_EDGE('',*,*,#1544,.T.);
#3097 = ORIENTED_EDGE('',*,*,#3098,.T.);
#3098 = EDGE_CURVE('',#1519,#3099,#3101,.T.);
#3099 = VERTEX_POINT('',#3100);
#3100 = CARTESIAN_POINT('',(-73.2,-56.99658208125,44.41357421875));
#3101 = SURFACE_CURVE('',#3102,(#3106,#3113),.PCURVE_S1.);
#3102 = LINE('',#3103,#3104);
#3103 = CARTESIAN_POINT('',(-73.85,-56.99658208125,44.41357421875));
#3104 = VECTOR('',#3105,1.);
#3105 = DIRECTION('',(1.,0.,0.));
#3106 = PCURVE('',#1559,#3107);
#3107 = DEFINITIONAL_REPRESENTATION('',(#3108),#3112);
#3108 = LINE('',#3109,#3110);
#3109 = CARTESIAN_POINT('',(0.,-0.));
#3110 = VECTOR('',#3111,1.);
#3111 = DIRECTION('',(0.,-1.));
#3112 = ( GEOMETRIC_REPRESENTATION_CONTEXT(2) 
PARAMETRIC_REPRESENTATION_CONTEXT() REPRESENTATION_CONTEXT('2D SPACE',''
  ) );
#3113 = PCURVE('',#1533,#3114);
#3114 = DEFINITIONAL_REPRESENTATION('',(#3115),#3119);
#3115 = LINE('',#3116,#3117);
#3116 = CARTESIAN_POINT('',(2.137257007819,0.));
#3117 = VECTOR('',#3118,1.);
#3118 = DIRECTION('',(0.,-1.));
#3119 = ( GEOMETRIC_REPRESENTATION_CONTEXT(2) 
PARAMETRIC_REPRESENTATION_CONTEXT() REPRESENTATION_CONTEXT('2D SPACE',''
  ) );
#3120 = ORIENTED_EDGE('',*,*,#3121,.T.);
#3121 = EDGE_CURVE('',#3099,#3050,#3122,.T.);
#3122 = SURFACE_CURVE('',#3123,(#3127,#3134),.PCURVE_S1.);
#3123 = LINE('',#3124,#3125);
#3124 = CARTESIAN_POINT('',(-73.2,-56.99658208125,44.41357421875));
#3125 = VECTOR('',#3126,1.);
#3126 = DIRECTION('',(0.,-1.,0.));
#3127 = PCURVE('',#1559,#3128);
#3128 = DEFINITIONAL_REPRESENTATION('',(#3129),#3133);
#3129 = LINE('',#3130,#3131);
#3130 = CARTESIAN_POINT('',(0.,-0.65));
#3131 = VECTOR('',#3132,1.);
#3132 = DIRECTION('',(1.,0.));
#3133 = ( GEOMETRIC_REPRESENTATION_CONTEXT(2) 
PARAMETRIC_REPRESENTATION_CONTEXT() REPRESENTATION_CONTEXT('2D SPACE',''
  ) );
#3134 = PCURVE('',#2914,#3135);
#3135 = DEFINITIONAL_REPRESENTATION('',(#3136),#3140);
#3136 = LINE('',#3137,#3138);
#3137 = CARTESIAN_POINT('',(2.78564453125,0.70068359375));
#3138 = VECTOR('',#3139,1.);
#3139 = DIRECTION('',(-1.,0.));
#3140 = ( GEOMETRIC_REPRESENTATION_CONTEXT(2) 
PARAMETRIC_REPRESENTATION_CONTEXT() REPRESENTATION_CONTEXT('2D SPACE',''
  ) );
#3141 = ORIENTED_EDGE('',*,*,#3049,.F.);
#3142 = ADVANCED_FACE('',(#3143),#1533,.T.);
#3143 = FACE_BOUND('',#3144,.T.);
#3144 = EDGE_LOOP('',(#3145,#3146,#3169,#3190));
#3145 = ORIENTED_EDGE('',*,*,#1518,.T.);
#3146 = ORIENTED_EDGE('',*,*,#3147,.T.);
#3147 = EDGE_CURVE('',#1493,#3148,#3150,.T.);
#3148 = VERTEX_POINT('',#3149);
#3149 = CARTESIAN_POINT('',(-73.2,-56.15673833125,46.37890625));
#3150 = SURFACE_CURVE('',#3151,(#3155,#3162),.PCURVE_S1.);
#3151 = LINE('',#3152,#3153);
#3152 = CARTESIAN_POINT('',(-73.85,-56.15673833125,46.37890625));
#3153 = VECTOR('',#3154,1.);
#3154 = DIRECTION('',(1.,0.,0.));
#3155 = PCURVE('',#1533,#3156);
#3156 = DEFINITIONAL_REPRESENTATION('',(#3157),#3161);
#3157 = LINE('',#3158,#3159);
#3158 = CARTESIAN_POINT('',(0.,0.));
#3159 = VECTOR('',#3160,1.);
#3160 = DIRECTION('',(0.,-1.));
#3161 = ( GEOMETRIC_REPRESENTATION_CONTEXT(2) 
PARAMETRIC_REPRESENTATION_CONTEXT() REPRESENTATION_CONTEXT('2D SPACE',''
  ) );
#3162 = PCURVE('',#1507,#3163);
#3163 = DEFINITIONAL_REPRESENTATION('',(#3164),#3168);
#3164 = LINE('',#3165,#3166);
#3165 = CARTESIAN_POINT('',(2.666015625,0.));
#3166 = VECTOR('',#3167,1.);
#3167 = DIRECTION('',(0.,-1.));
#3168 = ( GEOMETRIC_REPRESENTATION_CONTEXT(2) 
PARAMETRIC_REPRESENTATION_CONTEXT() REPRESENTATION_CONTEXT('2D SPACE',''
  ) );
#3169 = ORIENTED_EDGE('',*,*,#3170,.T.);
#3170 = EDGE_CURVE('',#3148,#3099,#3171,.T.);
#3171 = SURFACE_CURVE('',#3172,(#3176,#3183),.PCURVE_S1.);
#3172 = LINE('',#3173,#3174);
#3173 = CARTESIAN_POINT('',(-73.2,-56.15673833125,46.37890625));
#3174 = VECTOR('',#3175,1.);
#3175 = DIRECTION('',(0.,-0.392954027956,-0.919558117746));
#3176 = PCURVE('',#1533,#3177);
#3177 = DEFINITIONAL_REPRESENTATION('',(#3178),#3182);
#3178 = LINE('',#3179,#3180);
#3179 = CARTESIAN_POINT('',(0.,-0.65));
#3180 = VECTOR('',#3181,1.);
#3181 = DIRECTION('',(1.,0.));
#3182 = ( GEOMETRIC_REPRESENTATION_CONTEXT(2) 
PARAMETRIC_REPRESENTATION_CONTEXT() REPRESENTATION_CONTEXT('2D SPACE',''
  ) );
#3183 = PCURVE('',#2914,#3184);
#3184 = DEFINITIONAL_REPRESENTATION('',(#3185),#3189);
#3185 = LINE('',#3186,#3187);
#3186 = CARTESIAN_POINT('',(3.62548828125,2.666015625));
#3187 = VECTOR('',#3188,1.);
#3188 = DIRECTION('',(-0.392954027956,-0.919558117746));
#3189 = ( GEOMETRIC_REPRESENTATION_CONTEXT(2) 
PARAMETRIC_REPRESENTATION_CONTEXT() REPRESENTATION_CONTEXT('2D SPACE',''
  ) );
#3190 = ORIENTED_EDGE('',*,*,#3098,.F.);
#3191 = ADVANCED_FACE('',(#3192),#1507,.T.);
#3192 = FACE_BOUND('',#3193,.T.);
#3193 = EDGE_LOOP('',(#3194,#3195,#3218,#3239));
#3194 = ORIENTED_EDGE('',*,*,#1492,.T.);
#3195 = ORIENTED_EDGE('',*,*,#3196,.T.);
#3196 = EDGE_CURVE('',#1467,#3197,#3199,.T.);
#3197 = VERTEX_POINT('',#3198);
#3198 = CARTESIAN_POINT('',(-73.2,-56.15673833125,43.712890625));
#3199 = SURFACE_CURVE('',#3200,(#3204,#3211),.PCURVE_S1.);
#3200 = LINE('',#3201,#3202);
#3201 = CARTESIAN_POINT('',(-73.85,-56.15673833125,43.712890625));
#3202 = VECTOR('',#3203,1.);
#3203 = DIRECTION('',(1.,0.,0.));
#3204 = PCURVE('',#1507,#3205);
#3205 = DEFINITIONAL_REPRESENTATION('',(#3206),#3210);
#3206 = LINE('',#3207,#3208);
#3207 = CARTESIAN_POINT('',(0.,0.));
#3208 = VECTOR('',#3209,1.);
#3209 = DIRECTION('',(0.,-1.));
#3210 = ( GEOMETRIC_REPRESENTATION_CONTEXT(2) 
PARAMETRIC_REPRESENTATION_CONTEXT() REPRESENTATION_CONTEXT('2D SPACE',''
  ) );
#3211 = PCURVE('',#1481,#3212);
#3212 = DEFINITIONAL_REPRESENTATION('',(#3213),#3217);
#3213 = LINE('',#3214,#3215);
#3214 = CARTESIAN_POINT('',(0.888671875,0.));
#3215 = VECTOR('',#3216,1.);
#3216 = DIRECTION('',(0.,-1.));
#3217 = ( GEOMETRIC_REPRESENTATION_CONTEXT(2) 
PARAMETRIC_REPRESENTATION_CONTEXT() REPRESENTATION_CONTEXT('2D SPACE',''
  ) );
#3218 = ORIENTED_EDGE('',*,*,#3219,.T.);
#3219 = EDGE_CURVE('',#3197,#3148,#3220,.T.);
#3220 = SURFACE_CURVE('',#3221,(#3225,#3232),.PCURVE_S1.);
#3221 = LINE('',#3222,#3223);
#3222 = CARTESIAN_POINT('',(-73.2,-56.15673833125,43.712890625));
#3223 = VECTOR('',#3224,1.);
#3224 = DIRECTION('',(0.,0.,1.));
#3225 = PCURVE('',#1507,#3226);
#3226 = DEFINITIONAL_REPRESENTATION('',(#3227),#3231);
#3227 = LINE('',#3228,#3229);
#3228 = CARTESIAN_POINT('',(0.,-0.65));
#3229 = VECTOR('',#3230,1.);
#3230 = DIRECTION('',(1.,0.));
#3231 = ( GEOMETRIC_REPRESENTATION_CONTEXT(2) 
PARAMETRIC_REPRESENTATION_CONTEXT() REPRESENTATION_CONTEXT('2D SPACE',''
  ) );
#3232 = PCURVE('',#2914,#3233);
#3233 = DEFINITIONAL_REPRESENTATION('',(#3234),#3238);
#3234 = LINE('',#3235,#3236);
#3235 = CARTESIAN_POINT('',(3.62548828125,0.));
#3236 = VECTOR('',#3237,1.);
#3237 = DIRECTION('',(0.,1.));
#3238 = ( GEOMETRIC_REPRESENTATION_CONTEXT(2) 
PARAMETRIC_REPRESENTATION_CONTEXT() REPRESENTATION_CONTEXT('2D SPACE',''
  ) );
#3239 = ORIENTED_EDGE('',*,*,#3147,.F.);
#3240 = ADVANCED_FACE('',(#3241),#1481,.T.);
#3241 = FACE_BOUND('',#3242,.T.);
#3242 = EDGE_LOOP('',(#3243,#3244,#3267,#3288));
#3243 = ORIENTED_EDGE('',*,*,#1466,.T.);
#3244 = ORIENTED_EDGE('',*,*,#3245,.T.);
#3245 = EDGE_CURVE('',#1441,#3246,#3248,.T.);
#3246 = VERTEX_POINT('',#3247);
#3247 = CARTESIAN_POINT('',(-73.2,-55.26806645625,43.712890625));
#3248 = SURFACE_CURVE('',#3249,(#3253,#3260),.PCURVE_S1.);
#3249 = LINE('',#3250,#3251);
#3250 = CARTESIAN_POINT('',(-73.85,-55.26806645625,43.712890625));
#3251 = VECTOR('',#3252,1.);
#3252 = DIRECTION('',(1.,0.,0.));
#3253 = PCURVE('',#1481,#3254);
#3254 = DEFINITIONAL_REPRESENTATION('',(#3255),#3259);
#3255 = LINE('',#3256,#3257);
#3256 = CARTESIAN_POINT('',(0.,-0.));
#3257 = VECTOR('',#3258,1.);
#3258 = DIRECTION('',(0.,-1.));
#3259 = ( GEOMETRIC_REPRESENTATION_CONTEXT(2) 
PARAMETRIC_REPRESENTATION_CONTEXT() REPRESENTATION_CONTEXT('2D SPACE',''
  ) );
#3260 = PCURVE('',#1455,#3261);
#3261 = DEFINITIONAL_REPRESENTATION('',(#3262),#3266);
#3262 = LINE('',#3263,#3264);
#3263 = CARTESIAN_POINT('',(3.64501953125,0.));
#3264 = VECTOR('',#3265,1.);
#3265 = DIRECTION('',(0.,-1.));
#3266 = ( GEOMETRIC_REPRESENTATION_CONTEXT(2) 
PARAMETRIC_REPRESENTATION_CONTEXT() REPRESENTATION_CONTEXT('2D SPACE',''
  ) );
#3267 = ORIENTED_EDGE('',*,*,#3268,.T.);
#3268 = EDGE_CURVE('',#3246,#3197,#3269,.T.);
#3269 = SURFACE_CURVE('',#3270,(#3274,#3281),.PCURVE_S1.);
#3270 = LINE('',#3271,#3272);
#3271 = CARTESIAN_POINT('',(-73.2,-55.26806645625,43.712890625));
#3272 = VECTOR('',#3273,1.);
#3273 = DIRECTION('',(0.,-1.,0.));
#3274 = PCURVE('',#1481,#3275);
#3275 = DEFINITIONAL_REPRESENTATION('',(#3276),#3280);
#3276 = LINE('',#3277,#3278);
#3277 = CARTESIAN_POINT('',(0.,-0.65));
#3278 = VECTOR('',#3279,1.);
#3279 = DIRECTION('',(1.,0.));
#3280 = ( GEOMETRIC_REPRESENTATION_CONTEXT(2) 
PARAMETRIC_REPRESENTATION_CONTEXT() REPRESENTATION_CONTEXT('2D SPACE',''
  ) );
#3281 = PCURVE('',#2914,#3282);
#3282 = DEFINITIONAL_REPRESENTATION('',(#3283),#3287);
#3283 = LINE('',#3284,#3285);
#3284 = CARTESIAN_POINT('',(4.51416015625,0.));
#3285 = VECTOR('',#3286,1.);
#3286 = DIRECTION('',(-1.,0.));
#3287 = ( GEOMETRIC_REPRESENTATION_CONTEXT(2) 
PARAMETRIC_REPRESENTATION_CONTEXT() REPRESENTATION_CONTEXT('2D SPACE',''
  ) );
#3288 = ORIENTED_EDGE('',*,*,#3196,.F.);
#3289 = ADVANCED_FACE('',(#3290),#1455,.T.);
#3290 = FACE_BOUND('',#3291,.T.);
#3291 = EDGE_LOOP('',(#3292,#3293,#3316,#3337));
#3292 = ORIENTED_EDGE('',*,*,#1440,.T.);
#3293 = ORIENTED_EDGE('',*,*,#3294,.T.);
#3294 = EDGE_CURVE('',#1415,#3295,#3297,.T.);
#3295 = VERTEX_POINT('',#3296);
#3296 = CARTESIAN_POINT('',(-73.2,-55.26806645625,47.35791015625));
#3297 = SURFACE_CURVE('',#3298,(#3302,#3309),.PCURVE_S1.);
#3298 = LINE('',#3299,#3300);
#3299 = CARTESIAN_POINT('',(-73.85,-55.26806645625,47.35791015625));
#3300 = VECTOR('',#3301,1.);
#3301 = DIRECTION('',(1.,0.,0.));
#3302 = PCURVE('',#1455,#3303);
#3303 = DEFINITIONAL_REPRESENTATION('',(#3304),#3308);
#3304 = LINE('',#3305,#3306);
#3305 = CARTESIAN_POINT('',(0.,0.));
#3306 = VECTOR('',#3307,1.);
#3307 = DIRECTION('',(0.,-1.));
#3308 = ( GEOMETRIC_REPRESENTATION_CONTEXT(2) 
PARAMETRIC_REPRESENTATION_CONTEXT() REPRESENTATION_CONTEXT('2D SPACE',''
  ) );
#3309 = PCURVE('',#1429,#3310);
#3310 = DEFINITIONAL_REPRESENTATION('',(#3311),#3315);
#3311 = LINE('',#3312,#3313);
#3312 = CARTESIAN_POINT('',(1.19384765625,0.));
#3313 = VECTOR('',#3314,1.);
#3314 = DIRECTION('',(0.,-1.));
#3315 = ( GEOMETRIC_REPRESENTATION_CONTEXT(2) 
PARAMETRIC_REPRESENTATION_CONTEXT() REPRESENTATION_CONTEXT('2D SPACE',''
  ) );
#3316 = ORIENTED_EDGE('',*,*,#3317,.T.);
#3317 = EDGE_CURVE('',#3295,#3246,#3318,.T.);
#3318 = SURFACE_CURVE('',#3319,(#3323,#3330),.PCURVE_S1.);
#3319 = LINE('',#3320,#3321);
#3320 = CARTESIAN_POINT('',(-73.2,-55.26806645625,47.35791015625));
#3321 = VECTOR('',#3322,1.);
#3322 = DIRECTION('',(0.,0.,-1.));
#3323 = PCURVE('',#1455,#3324);
#3324 = DEFINITIONAL_REPRESENTATION('',(#3325),#3329);
#3325 = LINE('',#3326,#3327);
#3326 = CARTESIAN_POINT('',(0.,-0.65));
#3327 = VECTOR('',#3328,1.);
#3328 = DIRECTION('',(1.,0.));
#3329 = ( GEOMETRIC_REPRESENTATION_CONTEXT(2) 
PARAMETRIC_REPRESENTATION_CONTEXT() REPRESENTATION_CONTEXT('2D SPACE',''
  ) );
#3330 = PCURVE('',#2914,#3331);
#3331 = DEFINITIONAL_REPRESENTATION('',(#3332),#3336);
#3332 = LINE('',#3333,#3334);
#3333 = CARTESIAN_POINT('',(4.51416015625,3.64501953125));
#3334 = VECTOR('',#3335,1.);
#3335 = DIRECTION('',(0.,-1.));
#3336 = ( GEOMETRIC_REPRESENTATION_CONTEXT(2) 
PARAMETRIC_REPRESENTATION_CONTEXT() REPRESENTATION_CONTEXT('2D SPACE',''
  ) );
#3337 = ORIENTED_EDGE('',*,*,#3245,.F.);
#3338 = ADVANCED_FACE('',(#3339),#1429,.T.);
#3339 = FACE_BOUND('',#3340,.T.);
#3340 = EDGE_LOOP('',(#3341,#3342,#3365,#3386));
#3341 = ORIENTED_EDGE('',*,*,#1414,.T.);
#3342 = ORIENTED_EDGE('',*,*,#3343,.T.);
#3343 = EDGE_CURVE('',#1389,#3344,#3346,.T.);
#3344 = VERTEX_POINT('',#3345);
#3345 = CARTESIAN_POINT('',(-73.2,-56.4619141125,47.35791015625));
#3346 = SURFACE_CURVE('',#3347,(#3351,#3358),.PCURVE_S1.);
#3347 = LINE('',#3348,#3349);
#3348 = CARTESIAN_POINT('',(-73.85,-56.4619141125,47.35791015625));
#3349 = VECTOR('',#3350,1.);
#3350 = DIRECTION('',(1.,0.,0.));
#3351 = PCURVE('',#1429,#3352);
#3352 = DEFINITIONAL_REPRESENTATION('',(#3353),#3357);
#3353 = LINE('',#3354,#3355);
#3354 = CARTESIAN_POINT('',(0.,0.));
#3355 = VECTOR('',#3356,1.);
#3356 = DIRECTION('',(0.,-1.));
#3357 = ( GEOMETRIC_REPRESENTATION_CONTEXT(2) 
PARAMETRIC_REPRESENTATION_CONTEXT() REPRESENTATION_CONTEXT('2D SPACE',''
  ) );
#3358 = PCURVE('',#1403,#3359);
#3359 = DEFINITIONAL_REPRESENTATION('',(#3360),#3364);
#3360 = LINE('',#3361,#3362);
#3361 = CARTESIAN_POINT('',(2.121868575119,0.));
#3362 = VECTOR('',#3363,1.);
#3363 = DIRECTION('',(0.,-1.));
#3364 = ( GEOMETRIC_REPRESENTATION_CONTEXT(2) 
PARAMETRIC_REPRESENTATION_CONTEXT() REPRESENTATION_CONTEXT('2D SPACE',''
  ) );
#3365 = ORIENTED_EDGE('',*,*,#3366,.T.);
#3366 = EDGE_CURVE('',#3344,#3295,#3367,.T.);
#3367 = SURFACE_CURVE('',#3368,(#3372,#3379),.PCURVE_S1.);
#3368 = LINE('',#3369,#3370);
#3369 = CARTESIAN_POINT('',(-73.2,-56.4619141125,47.35791015625));
#3370 = VECTOR('',#3371,1.);
#3371 = DIRECTION('',(0.,1.,0.));
#3372 = PCURVE('',#1429,#3373);
#3373 = DEFINITIONAL_REPRESENTATION('',(#3374),#3378);
#3374 = LINE('',#3375,#3376);
#3375 = CARTESIAN_POINT('',(0.,-0.65));
#3376 = VECTOR('',#3377,1.);
#3377 = DIRECTION('',(1.,0.));
#3378 = ( GEOMETRIC_REPRESENTATION_CONTEXT(2) 
PARAMETRIC_REPRESENTATION_CONTEXT() REPRESENTATION_CONTEXT('2D SPACE',''
  ) );
#3379 = PCURVE('',#2914,#3380);
#3380 = DEFINITIONAL_REPRESENTATION('',(#3381),#3385);
#3381 = LINE('',#3382,#3383);
#3382 = CARTESIAN_POINT('',(3.3203125,3.64501953125));
#3383 = VECTOR('',#3384,1.);
#3384 = DIRECTION('',(1.,0.));
#3385 = ( GEOMETRIC_REPRESENTATION_CONTEXT(2) 
PARAMETRIC_REPRESENTATION_CONTEXT() REPRESENTATION_CONTEXT('2D SPACE',''
  ) );
#3386 = ORIENTED_EDGE('',*,*,#3294,.F.);
#3387 = ADVANCED_FACE('',(#3388),#1403,.T.);
#3388 = FACE_BOUND('',#3389,.T.);
#3389 = EDGE_LOOP('',(#3390,#3391,#3414,#3435));
#3390 = ORIENTED_EDGE('',*,*,#1388,.T.);
#3391 = ORIENTED_EDGE('',*,*,#3392,.T.);
#3392 = EDGE_CURVE('',#1363,#3393,#3395,.T.);
#3393 = VERTEX_POINT('',#3394);
#3394 = CARTESIAN_POINT('',(-73.2,-57.29687505,45.4072265625));
#3395 = SURFACE_CURVE('',#3396,(#3400,#3407),.PCURVE_S1.);
#3396 = LINE('',#3397,#3398);
#3397 = CARTESIAN_POINT('',(-73.85,-57.29687505,45.4072265625));
#3398 = VECTOR('',#3399,1.);
#3399 = DIRECTION('',(1.,0.,0.));
#3400 = PCURVE('',#1403,#3401);
#3401 = DEFINITIONAL_REPRESENTATION('',(#3402),#3406);
#3402 = LINE('',#3403,#3404);
#3403 = CARTESIAN_POINT('',(0.,0.));
#3404 = VECTOR('',#3405,1.);
#3405 = DIRECTION('',(0.,-1.));
#3406 = ( GEOMETRIC_REPRESENTATION_CONTEXT(2) 
PARAMETRIC_REPRESENTATION_CONTEXT() REPRESENTATION_CONTEXT('2D SPACE',''
  ) );
#3407 = PCURVE('',#1377,#3408);
#3408 = DEFINITIONAL_REPRESENTATION('',(#3409),#3413);
#3409 = LINE('',#3410,#3411);
#3410 = CARTESIAN_POINT('',(2.119951927882,0.));
#3411 = VECTOR('',#3412,1.);
#3412 = DIRECTION('',(0.,-1.));
#3413 = ( GEOMETRIC_REPRESENTATION_CONTEXT(2) 
PARAMETRIC_REPRESENTATION_CONTEXT() REPRESENTATION_CONTEXT('2D SPACE',''
  ) );
#3414 = ORIENTED_EDGE('',*,*,#3415,.T.);
#3415 = EDGE_CURVE('',#3393,#3344,#3416,.T.);
#3416 = SURFACE_CURVE('',#3417,(#3421,#3428),.PCURVE_S1.);
#3417 = LINE('',#3418,#3419);
#3418 = CARTESIAN_POINT('',(-73.2,-57.29687505,45.4072265625));
#3419 = VECTOR('',#3420,1.);
#3420 = DIRECTION('',(0.,0.393502664251,0.919323475838));
#3421 = PCURVE('',#1403,#3422);
#3422 = DEFINITIONAL_REPRESENTATION('',(#3423),#3427);
#3423 = LINE('',#3424,#3425);
#3424 = CARTESIAN_POINT('',(0.,-0.65));
#3425 = VECTOR('',#3426,1.);
#3426 = DIRECTION('',(1.,0.));
#3427 = ( GEOMETRIC_REPRESENTATION_CONTEXT(2) 
PARAMETRIC_REPRESENTATION_CONTEXT() REPRESENTATION_CONTEXT('2D SPACE',''
  ) );
#3428 = PCURVE('',#2914,#3429);
#3429 = DEFINITIONAL_REPRESENTATION('',(#3430),#3434);
#3430 = LINE('',#3431,#3432);
#3431 = CARTESIAN_POINT('',(2.4853515625,1.6943359375));
#3432 = VECTOR('',#3433,1.);
#3433 = DIRECTION('',(0.393502664251,0.919323475838));
#3434 = ( GEOMETRIC_REPRESENTATION_CONTEXT(2) 
PARAMETRIC_REPRESENTATION_CONTEXT() REPRESENTATION_CONTEXT('2D SPACE',''
  ) );
#3435 = ORIENTED_EDGE('',*,*,#3343,.F.);
#3436 = ADVANCED_FACE('',(#3437),#1377,.T.);
#3437 = FACE_BOUND('',#3438,.T.);
#3438 = EDGE_LOOP('',(#3439,#3440,#3463,#3484));
#3439 = ORIENTED_EDGE('',*,*,#1362,.T.);
#3440 = ORIENTED_EDGE('',*,*,#3441,.T.);
#3441 = EDGE_CURVE('',#1337,#3442,#3444,.T.);
#3442 = VERTEX_POINT('',#3443);
#3443 = CARTESIAN_POINT('',(-73.2,-58.126953175,47.35791015625));
#3444 = SURFACE_CURVE('',#3445,(#3449,#3456),.PCURVE_S1.);
#3445 = LINE('',#3446,#3447);
#3446 = CARTESIAN_POINT('',(-73.85,-58.126953175,47.35791015625));
#3447 = VECTOR('',#3448,1.);
#3448 = DIRECTION('',(1.,0.,0.));
#3449 = PCURVE('',#1377,#3450);
#3450 = DEFINITIONAL_REPRESENTATION('',(#3451),#3455);
#3451 = LINE('',#3452,#3453);
#3452 = CARTESIAN_POINT('',(0.,0.));
#3453 = VECTOR('',#3454,1.);
#3454 = DIRECTION('',(0.,-1.));
#3455 = ( GEOMETRIC_REPRESENTATION_CONTEXT(2) 
PARAMETRIC_REPRESENTATION_CONTEXT() REPRESENTATION_CONTEXT('2D SPACE',''
  ) );
#3456 = PCURVE('',#1351,#3457);
#3457 = DEFINITIONAL_REPRESENTATION('',(#3458),#3462);
#3458 = LINE('',#3459,#3460);
#3459 = CARTESIAN_POINT('',(1.1962890625,0.));
#3460 = VECTOR('',#3461,1.);
#3461 = DIRECTION('',(0.,-1.));
#3462 = ( GEOMETRIC_REPRESENTATION_CONTEXT(2) 
PARAMETRIC_REPRESENTATION_CONTEXT() REPRESENTATION_CONTEXT('2D SPACE',''
  ) );
#3463 = ORIENTED_EDGE('',*,*,#3464,.T.);
#3464 = EDGE_CURVE('',#3442,#3393,#3465,.T.);
#3465 = SURFACE_CURVE('',#3466,(#3470,#3477),.PCURVE_S1.);
#3466 = LINE('',#3467,#3468);
#3467 = CARTESIAN_POINT('',(-73.2,-58.126953175,47.35791015625));
#3468 = VECTOR('',#3469,1.);
#3469 = DIRECTION('',(0.,0.391555164097,-0.920154635629));
#3470 = PCURVE('',#1377,#3471);
#3471 = DEFINITIONAL_REPRESENTATION('',(#3472),#3476);
#3472 = LINE('',#3473,#3474);
#3473 = CARTESIAN_POINT('',(0.,-0.65));
#3474 = VECTOR('',#3475,1.);
#3475 = DIRECTION('',(1.,0.));
#3476 = ( GEOMETRIC_REPRESENTATION_CONTEXT(2) 
PARAMETRIC_REPRESENTATION_CONTEXT() REPRESENTATION_CONTEXT('2D SPACE',''
  ) );
#3477 = PCURVE('',#2914,#3478);
#3478 = DEFINITIONAL_REPRESENTATION('',(#3479),#3483);
#3479 = LINE('',#3480,#3481);
#3480 = CARTESIAN_POINT('',(1.6552734375,3.64501953125));
#3481 = VECTOR('',#3482,1.);
#3482 = DIRECTION('',(0.391555164097,-0.920154635629));
#3483 = ( GEOMETRIC_REPRESENTATION_CONTEXT(2) 
PARAMETRIC_REPRESENTATION_CONTEXT() REPRESENTATION_CONTEXT('2D SPACE',''
  ) );
#3484 = ORIENTED_EDGE('',*,*,#3392,.F.);
#3485 = ADVANCED_FACE('',(#3486),#1351,.T.);
#3486 = FACE_BOUND('',#3487,.T.);
#3487 = EDGE_LOOP('',(#3488,#3489,#3490,#3511));
#3488 = ORIENTED_EDGE('',*,*,#1336,.T.);
#3489 = ORIENTED_EDGE('',*,*,#2926,.T.);
#3490 = ORIENTED_EDGE('',*,*,#3491,.T.);
#3491 = EDGE_CURVE('',#2899,#3442,#3492,.T.);
#3492 = SURFACE_CURVE('',#3493,(#3497,#3504),.PCURVE_S1.);
#3493 = LINE('',#3494,#3495);
#3494 = CARTESIAN_POINT('',(-73.2,-59.3232422375,47.35791015625));
#3495 = VECTOR('',#3496,1.);
#3496 = DIRECTION('',(0.,1.,0.));
#3497 = PCURVE('',#1351,#3498);
#3498 = DEFINITIONAL_REPRESENTATION('',(#3499),#3503);
#3499 = LINE('',#3500,#3501);
#3500 = CARTESIAN_POINT('',(0.,-0.65));
#3501 = VECTOR('',#3502,1.);
#3502 = DIRECTION('',(1.,0.));
#3503 = ( GEOMETRIC_REPRESENTATION_CONTEXT(2) 
PARAMETRIC_REPRESENTATION_CONTEXT() REPRESENTATION_CONTEXT('2D SPACE',''
  ) );
#3504 = PCURVE('',#2914,#3505);
#3505 = DEFINITIONAL_REPRESENTATION('',(#3506),#3510);
#3506 = LINE('',#3507,#3508);
#3507 = CARTESIAN_POINT('',(0.458984375,3.64501953125));
#3508 = VECTOR('',#3509,1.);
#3509 = DIRECTION('',(1.,0.));
#3510 = ( GEOMETRIC_REPRESENTATION_CONTEXT(2) 
PARAMETRIC_REPRESENTATION_CONTEXT() REPRESENTATION_CONTEXT('2D SPACE',''
  ) );
#3511 = ORIENTED_EDGE('',*,*,#3441,.F.);
#3512 = ADVANCED_FACE('',(#3513),#1741,.T.);
#3513 = FACE_BOUND('',#3514,.F.);
#3514 = EDGE_LOOP('',(#3515));
#3515 = ORIENTED_EDGE('',*,*,#1726,.F.);
#3516 = ADVANCED_FACE('',(#3517),#1831,.T.);
#3517 = FACE_BOUND('',#3518,.F.);
#3518 = EDGE_LOOP('',(#3519,#3520,#3521,#3522,#3523,#3524,#3525,#3526,
    #3527,#3528,#3529,#3530,#3531,#3532,#3533,#3534,#3535,#3536,#3537,
    #3538,#3539,#3540));
#3519 = ORIENTED_EDGE('',*,*,#1815,.T.);
#3520 = ORIENTED_EDGE('',*,*,#2849,.T.);
#3521 = ORIENTED_EDGE('',*,*,#2822,.T.);
#3522 = ORIENTED_EDGE('',*,*,#2773,.T.);
#3523 = ORIENTED_EDGE('',*,*,#2724,.T.);
#3524 = ORIENTED_EDGE('',*,*,#2675,.T.);
#3525 = ORIENTED_EDGE('',*,*,#2626,.T.);
#3526 = ORIENTED_EDGE('',*,*,#2577,.T.);
#3527 = ORIENTED_EDGE('',*,*,#2528,.T.);
#3528 = ORIENTED_EDGE('',*,*,#2479,.T.);
#3529 = ORIENTED_EDGE('',*,*,#2430,.T.);
#3530 = ORIENTED_EDGE('',*,*,#2381,.T.);
#3531 = ORIENTED_EDGE('',*,*,#2332,.T.);
#3532 = ORIENTED_EDGE('',*,*,#2283,.T.);
#3533 = ORIENTED_EDGE('',*,*,#2234,.T.);
#3534 = ORIENTED_EDGE('',*,*,#2185,.T.);
#3535 = ORIENTED_EDGE('',*,*,#2136,.T.);
#3536 = ORIENTED_EDGE('',*,*,#2087,.T.);
#3537 = ORIENTED_EDGE('',*,*,#2038,.T.);
#3538 = ORIENTED_EDGE('',*,*,#1989,.T.);
#3539 = ORIENTED_EDGE('',*,*,#1940,.T.);
#3540 = ORIENTED_EDGE('',*,*,#1891,.T.);
#3541 = ADVANCED_FACE('',(#3542),#2914,.T.);
#3542 = FACE_BOUND('',#3543,.F.);
#3543 = EDGE_LOOP('',(#3544,#3545,#3546,#3547,#3548,#3549,#3550,#3551,
    #3552,#3553,#3554,#3555,#3556));
#3544 = ORIENTED_EDGE('',*,*,#2898,.T.);
#3545 = ORIENTED_EDGE('',*,*,#3491,.T.);
#3546 = ORIENTED_EDGE('',*,*,#3464,.T.);
#3547 = ORIENTED_EDGE('',*,*,#3415,.T.);
#3548 = ORIENTED_EDGE('',*,*,#3366,.T.);
#3549 = ORIENTED_EDGE('',*,*,#3317,.T.);
#3550 = ORIENTED_EDGE('',*,*,#3268,.T.);
#3551 = ORIENTED_EDGE('',*,*,#3219,.T.);
#3552 = ORIENTED_EDGE('',*,*,#3170,.T.);
#3553 = ORIENTED_EDGE('',*,*,#3121,.T.);
#3554 = ORIENTED_EDGE('',*,*,#3072,.T.);
#3555 = ORIENTED_EDGE('',*,*,#3023,.T.);
#3556 = ORIENTED_EDGE('',*,*,#2974,.T.);
#3557 = ( GEOMETRIC_REPRESENTATION_CONTEXT(3) 
GLOBAL_UNCERTAINTY_ASSIGNED_CONTEXT((#3561)) 
GLOBAL_UNIT_ASSIGNED_CONTEXT((#3558,#3559,#3560)) REPRESENTATION_CONTEXT
('Context #1','3D Context with UNIT and UNCERTAINTY') );
#3558 = ( LENGTH_UNIT() NAMED_UNIT(*) SI_UNIT(.MILLI.,.METRE.) );
#3559 = ( NAMED_UNIT(*) PLANE_ANGLE_UNIT() SI_UNIT($,.RADIAN.) );
#3560 = ( NAMED_UNIT(*) SI_UNIT($,.STERADIAN.) SOLID_ANGLE_UNIT() );
#3561 = UNCERTAINTY_MEASURE_WITH_UNIT(LENGTH_MEASURE(1.E-06),#3558,
  'distance_accuracy_value','confusion accuracy');
#3562 = CONTEXT_DEPENDENT_SHAPE_REPRESENTATION(#3563,#3565);
#3563 = ( REPRESENTATION_RELATIONSHIP('','',#32,#10) 
REPRESENTATION_RELATIONSHIP_WITH_TRANSFORMATION(#3564) 
SHAPE_REPRESENTATION_RELATIONSHIP() );
#3564 = ITEM_DEFINED_TRANSFORMATION('','',#11,#15);
#3565 = PRODUCT_DEFINITION_SHAPE('Placement','Placement of an item',
  #3566);
#3566 = NEXT_ASSEMBLY_USAGE_OCCURRENCE('3','=>[0:1:1:2]','',#5,#27,$);
#3567 = PRODUCT_RELATED_PRODUCT_CATEGORY('part',$,(#29));
ENDSEC;
END-ISO-10303-21;
