ISO-10303-21;
HEADER;
FILE_DESCRIPTION(('Open CASCADE Model'),'2;1');
FILE_NAME('Open CASCADE Shape Model','2026-10-01T14:27:09',('Author'),(
    'Open CASCADE'),'Open CASCADE STEP processor 8.0','build123d',
  'Unknown');
FILE_SCHEMA(('AUTOMOTIVE_DESIGN { 1 0 10303 214 1 1 1 1 }'));
ENDSEC;
DATA;
#1 = APPLICATION_PROTOCOL_DEFINITION('international standard',
  'automotive_design',2000,#2);
#2 = APPLICATION_CONTEXT(
  'core data for automotive mechanical design processes');
#3 = SHAPE_DEFINITION_REPRESENTATION(#4,#10);
#4 = PRODUCT_DEFINITION_SHAPE('','',#5);
#5 = PRODUCT_DEFINITION('design','',#6,#9);
#6 = PRODUCT_DEFINITION_FORMATION('','',#7);
#7 = PRODUCT('=>[0:1:1:2]','=>[0:1:1:2]','',(#8));
#8 = PRODUCT_CONTEXT('',#2,'mechanical');
#9 = PRODUCT_DEFINITION_CONTEXT('part definition',#2,'design');
#10 = SHAPE_REPRESENTATION('',(#11,#15),#19);
#11 = AXIS2_PLACEMENT_3D('',#12,#13,#14);
#12 = CARTESIAN_POINT('',(0.,0.,0.));
#13 = DIRECTION('',(0.,0.,1.));
#14 = DIRECTION('',(1.,0.,-0.));
#15 = AXIS2_PLACEMENT_3D('',#16,#17,#18);
#16 = CARTESIAN_POINT('',(88.,64.3,-17.1));
#17 = DIRECTION('',(0.,0.,1.));
#18 = DIRECTION('',(1.,0.,0.));
#19 = ( GEOMETRIC_REPRESENTATION_CONTEXT(3) 
GLOBAL_UNCERTAINTY_ASSIGNED_CONTEXT((#23)) GLOBAL_UNIT_ASSIGNED_CONTEXT(
(#20,#21,#22)) REPRESENTATION_CONTEXT('Context #1',
  '3D Context with UNIT and UNCERTAINTY') );
#20 = ( LENGTH_UNIT() NAMED_UNIT(*) SI_UNIT(.MILLI.,.METRE.) );
#21 = ( NAMED_UNIT(*) PLANE_ANGLE_UNIT() SI_UNIT($,.RADIAN.) );
#22 = ( NAMED_UNIT(*) SI_UNIT($,.STERADIAN.) SOLID_ANGLE_UNIT() );
#23 = UNCERTAINTY_MEASURE_WITH_UNIT(LENGTH_MEASURE(2.E-07),#20,
  'distance_accuracy_value','confusion accuracy');
#24 = PRODUCT_RELATED_PRODUCT_CATEGORY('part',$,(#7));
#25 = SHAPE_DEFINITION_REPRESENTATION(#26,#32);
#26 = PRODUCT_DEFINITION_SHAPE('','',#27);
#27 = PRODUCT_DEFINITION('design','',#28,#31);
#28 = PRODUCT_DEFINITION_FORMATION('','',#29);
#29 = PRODUCT('COMPOUND','COMPOUND','',(#30));
#30 = PRODUCT_CONTEXT('',#2,'mechanical');
#31 = PRODUCT_DEFINITION_CONTEXT('part definition',#2,'design');
#32 = ADVANCED_BREP_SHAPE_REPRESENTATION('',(#11,#33),#3058);
#33 = MANIFOLD_SOLID_BREP('',#34);
#34 = CLOSED_SHELL('',(#35,#152,#887,#1016,#1195,#1222,#1316,#1392,#1441
    ,#1490,#1539,#1588,#1637,#1686,#1735,#1784,#1833,#1882,#1931,#1958,
    #1985,#2061,#2110,#2159,#2208,#2257,#2306,#2355,#2404,#2453,#2502,
    #2529,#2578,#2605,#2660,#2705,#2752,#2779,#2786,#2802,#2902,#2906,
    #2980,#3027,#3052));
#35 = ADVANCED_FACE('',(#36),#50,.F.);
#36 = FACE_BOUND('',#37,.F.);
#37 = EDGE_LOOP('',(#38,#73,#99,#126));
#38 = ORIENTED_EDGE('',*,*,#39,.F.);
#39 = EDGE_CURVE('',#40,#42,#44,.T.);
#40 = VERTEX_POINT('',#41);
#41 = CARTESIAN_POINT('',(-98.,-73.,17.1));
#42 = VERTEX_POINT('',#43);
#43 = CARTESIAN_POINT('',(-98.,-73.,48.2));
#44 = SURFACE_CURVE('',#45,(#49,#61),.PCURVE_S1.);
#45 = LINE('',#46,#47);
#46 = CARTESIAN_POINT('',(-98.,-73.,0.));
#47 = VECTOR('',#48,1.);
#48 = DIRECTION('',(0.,0.,1.));
#49 = PCURVE('',#50,#55);
#50 = PLANE('',#51);
#51 = AXIS2_PLACEMENT_3D('',#52,#53,#54);
#52 = CARTESIAN_POINT('',(-98.,-73.,0.));
#53 = DIRECTION('',(1.,0.,-0.));
#54 = DIRECTION('',(0.,0.,1.));
#55 = DEFINITIONAL_REPRESENTATION('',(#56),#60);
#56 = LINE('',#57,#58);
#57 = CARTESIAN_POINT('',(0.,0.));
#58 = VECTOR('',#59,1.);
#59 = DIRECTION('',(1.,0.));
#60 = ( GEOMETRIC_REPRESENTATION_CONTEXT(2) 
PARAMETRIC_REPRESENTATION_CONTEXT() REPRESENTATION_CONTEXT('2D SPACE',''
  ) );
#61 = PCURVE('',#62,#67);
#62 = PLANE('',#63);
#63 = AXIS2_PLACEMENT_3D('',#64,#65,#66);
#64 = CARTESIAN_POINT('',(-98.,-73.,0.));
#65 = DIRECTION('',(-0.,1.,0.));
#66 = DIRECTION('',(0.,0.,1.));
#67 = DEFINITIONAL_REPRESENTATION('',(#68),#72);
#68 = LINE('',#69,#70);
#69 = CARTESIAN_POINT('',(0.,0.));
#70 = VECTOR('',#71,1.);
#71 = DIRECTION('',(1.,0.));
#72 = ( GEOMETRIC_REPRESENTATION_CONTEXT(2) 
PARAMETRIC_REPRESENTATION_CONTEXT() REPRESENTATION_CONTEXT('2D SPACE',''
  ) );
#73 = ORIENTED_EDGE('',*,*,#74,.F.);
#74 = EDGE_CURVE('',#75,#40,#77,.T.);
#75 = VERTEX_POINT('',#76);
#76 = CARTESIAN_POINT('',(-98.,-55.,17.1));
#77 = SURFACE_CURVE('',#78,(#82,#88),.PCURVE_S1.);
#78 = LINE('',#79,#80);
#79 = CARTESIAN_POINT('',(-98.,-73.,17.1));
#80 = VECTOR('',#81,1.);
#81 = DIRECTION('',(0.,-1.,0.));
#82 = PCURVE('',#50,#83);
#83 = DEFINITIONAL_REPRESENTATION('',(#84),#87);
#84 = B_SPLINE_CURVE_WITH_KNOTS('',1,(#85,#86),.UNSPECIFIED.,.F.,.F.,(2,
    2),(-18.,0.),.PIECEWISE_BEZIER_KNOTS.);
#85 = CARTESIAN_POINT('',(17.1,-18.));
#86 = CARTESIAN_POINT('',(17.1,0.));
#87 = ( GEOMETRIC_REPRESENTATION_CONTEXT(2) 
PARAMETRIC_REPRESENTATION_CONTEXT() REPRESENTATION_CONTEXT('2D SPACE',''
  ) );
#88 = PCURVE('',#89,#94);
#89 = PLANE('',#90);
#90 = AXIS2_PLACEMENT_3D('',#91,#92,#93);
#91 = CARTESIAN_POINT('',(-108.,-73.,17.1));
#92 = DIRECTION('',(0.,0.,1.));
#93 = DIRECTION('',(1.,0.,-0.));
#94 = DEFINITIONAL_REPRESENTATION('',(#95),#98);
#95 = B_SPLINE_CURVE_WITH_KNOTS('',1,(#96,#97),.UNSPECIFIED.,.F.,.F.,(2,
    2),(-18.,0.),.PIECEWISE_BEZIER_KNOTS.);
#96 = CARTESIAN_POINT('',(10.,18.));
#97 = CARTESIAN_POINT('',(10.,0.));
#98 = ( GEOMETRIC_REPRESENTATION_CONTEXT(2) 
PARAMETRIC_REPRESENTATION_CONTEXT() REPRESENTATION_CONTEXT('2D SPACE',''
  ) );
#99 = ORIENTED_EDGE('',*,*,#100,.T.);
#100 = EDGE_CURVE('',#75,#101,#103,.T.);
#101 = VERTEX_POINT('',#102);
#102 = CARTESIAN_POINT('',(-98.,-55.,48.2));
#103 = SURFACE_CURVE('',#104,(#108,#114),.PCURVE_S1.);
#104 = LINE('',#105,#106);
#105 = CARTESIAN_POINT('',(-98.,-55.,8.55));
#106 = VECTOR('',#107,1.);
#107 = DIRECTION('',(0.,0.,1.));
#108 = PCURVE('',#50,#109);
#109 = DEFINITIONAL_REPRESENTATION('',(#110),#113);
#110 = B_SPLINE_CURVE_WITH_KNOTS('',1,(#111,#112),.UNSPECIFIED.,.F.,.F.,
  (2,2),(8.55,39.65),.PIECEWISE_BEZIER_KNOTS.);
#111 = CARTESIAN_POINT('',(17.1,-18.));
#112 = CARTESIAN_POINT('',(48.2,-18.));
#113 = ( GEOMETRIC_REPRESENTATION_CONTEXT(2) 
PARAMETRIC_REPRESENTATION_CONTEXT() REPRESENTATION_CONTEXT('2D SPACE',''
  ) );
#114 = PCURVE('',#115,#120);
#115 = PLANE('',#116);
#116 = AXIS2_PLACEMENT_3D('',#117,#118,#119);
#117 = CARTESIAN_POINT('',(-108.,-55.,17.1));
#118 = DIRECTION('',(-0.,1.,0.));
#119 = DIRECTION('',(0.,0.,1.));
#120 = DEFINITIONAL_REPRESENTATION('',(#121),#125);
#121 = LINE('',#122,#123);
#122 = CARTESIAN_POINT('',(-8.55,10.));
#123 = VECTOR('',#124,1.);
#124 = DIRECTION('',(1.,0.));
#125 = ( GEOMETRIC_REPRESENTATION_CONTEXT(2) 
PARAMETRIC_REPRESENTATION_CONTEXT() REPRESENTATION_CONTEXT('2D SPACE',''
  ) );
#126 = ORIENTED_EDGE('',*,*,#127,.F.);
#127 = EDGE_CURVE('',#42,#101,#128,.T.);
#128 = SURFACE_CURVE('',#129,(#133,#140),.PCURVE_S1.);
#129 = LINE('',#130,#131);
#130 = CARTESIAN_POINT('',(-98.,-73.,48.2));
#131 = VECTOR('',#132,1.);
#132 = DIRECTION('',(-0.,1.,0.));
#133 = PCURVE('',#50,#134);
#134 = DEFINITIONAL_REPRESENTATION('',(#135),#139);
#135 = LINE('',#136,#137);
#136 = CARTESIAN_POINT('',(48.2,0.));
#137 = VECTOR('',#138,1.);
#138 = DIRECTION('',(0.,-1.));
#139 = ( GEOMETRIC_REPRESENTATION_CONTEXT(2) 
PARAMETRIC_REPRESENTATION_CONTEXT() REPRESENTATION_CONTEXT('2D SPACE',''
  ) );
#140 = PCURVE('',#141,#146);
#141 = PLANE('',#142);
#142 = AXIS2_PLACEMENT_3D('',#143,#144,#145);
#143 = CARTESIAN_POINT('',(-98.,-73.,48.2));
#144 = DIRECTION('',(0.,0.,1.));
#145 = DIRECTION('',(1.,0.,-0.));
#146 = DEFINITIONAL_REPRESENTATION('',(#147),#151);
#147 = LINE('',#148,#149);
#148 = CARTESIAN_POINT('',(0.,0.));
#149 = VECTOR('',#150,1.);
#150 = DIRECTION('',(0.,1.));
#151 = ( GEOMETRIC_REPRESENTATION_CONTEXT(2) 
PARAMETRIC_REPRESENTATION_CONTEXT() REPRESENTATION_CONTEXT('2D SPACE',''
  ) );
#152 = ADVANCED_FACE('',(#153,#228,#568,#599),#62,.F.);
#153 = FACE_BOUND('',#154,.F.);
#154 = EDGE_LOOP('',(#155,#178,#179,#202));
#155 = ORIENTED_EDGE('',*,*,#156,.F.);
#156 = EDGE_CURVE('',#40,#157,#159,.T.);
#157 = VERTEX_POINT('',#158);
#158 = CARTESIAN_POINT('',(-78.,-73.,17.1));
#159 = SURFACE_CURVE('',#160,(#164,#171),.PCURVE_S1.);
#160 = LINE('',#161,#162);
#161 = CARTESIAN_POINT('',(-108.,-73.,17.1));
#162 = VECTOR('',#163,1.);
#163 = DIRECTION('',(1.,0.,-0.));
#164 = PCURVE('',#62,#165);
#165 = DEFINITIONAL_REPRESENTATION('',(#166),#170);
#166 = LINE('',#167,#168);
#167 = CARTESIAN_POINT('',(17.1,-10.));
#168 = VECTOR('',#169,1.);
#169 = DIRECTION('',(0.,1.));
#170 = ( GEOMETRIC_REPRESENTATION_CONTEXT(2) 
PARAMETRIC_REPRESENTATION_CONTEXT() REPRESENTATION_CONTEXT('2D SPACE',''
  ) );
#171 = PCURVE('',#89,#172);
#172 = DEFINITIONAL_REPRESENTATION('',(#173),#177);
#173 = LINE('',#174,#175);
#174 = CARTESIAN_POINT('',(0.,0.));
#175 = VECTOR('',#176,1.);
#176 = DIRECTION('',(1.,0.));
#177 = ( GEOMETRIC_REPRESENTATION_CONTEXT(2) 
PARAMETRIC_REPRESENTATION_CONTEXT() REPRESENTATION_CONTEXT('2D SPACE',''
  ) );
#178 = ORIENTED_EDGE('',*,*,#39,.T.);
#179 = ORIENTED_EDGE('',*,*,#180,.T.);
#180 = EDGE_CURVE('',#42,#181,#183,.T.);
#181 = VERTEX_POINT('',#182);
#182 = CARTESIAN_POINT('',(-78.,-73.,48.2));
#183 = SURFACE_CURVE('',#184,(#188,#195),.PCURVE_S1.);
#184 = LINE('',#185,#186);
#185 = CARTESIAN_POINT('',(-98.,-73.,48.2));
#186 = VECTOR('',#187,1.);
#187 = DIRECTION('',(1.,0.,-0.));
#188 = PCURVE('',#62,#189);
#189 = DEFINITIONAL_REPRESENTATION('',(#190),#194);
#190 = LINE('',#191,#192);
#191 = CARTESIAN_POINT('',(48.2,0.));
#192 = VECTOR('',#193,1.);
#193 = DIRECTION('',(0.,1.));
#194 = ( GEOMETRIC_REPRESENTATION_CONTEXT(2) 
PARAMETRIC_REPRESENTATION_CONTEXT() REPRESENTATION_CONTEXT('2D SPACE',''
  ) );
#195 = PCURVE('',#141,#196);
#196 = DEFINITIONAL_REPRESENTATION('',(#197),#201);
#197 = LINE('',#198,#199);
#198 = CARTESIAN_POINT('',(0.,0.));
#199 = VECTOR('',#200,1.);
#200 = DIRECTION('',(1.,0.));
#201 = ( GEOMETRIC_REPRESENTATION_CONTEXT(2) 
PARAMETRIC_REPRESENTATION_CONTEXT() REPRESENTATION_CONTEXT('2D SPACE',''
  ) );
#202 = ORIENTED_EDGE('',*,*,#203,.F.);
#203 = EDGE_CURVE('',#157,#181,#204,.T.);
#204 = SURFACE_CURVE('',#205,(#209,#216),.PCURVE_S1.);
#205 = LINE('',#206,#207);
#206 = CARTESIAN_POINT('',(-78.,-73.,17.1));
#207 = VECTOR('',#208,1.);
#208 = DIRECTION('',(0.,0.,1.));
#209 = PCURVE('',#62,#210);
#210 = DEFINITIONAL_REPRESENTATION('',(#211),#215);
#211 = LINE('',#212,#213);
#212 = CARTESIAN_POINT('',(17.1,20.));
#213 = VECTOR('',#214,1.);
#214 = DIRECTION('',(1.,0.));
#215 = ( GEOMETRIC_REPRESENTATION_CONTEXT(2) 
PARAMETRIC_REPRESENTATION_CONTEXT() REPRESENTATION_CONTEXT('2D SPACE',''
  ) );
#216 = PCURVE('',#217,#222);
#217 = PLANE('',#218);
#218 = AXIS2_PLACEMENT_3D('',#219,#220,#221);
#219 = CARTESIAN_POINT('',(-78.,-73.,17.1));
#220 = DIRECTION('',(1.,0.,-0.));
#221 = DIRECTION('',(0.,0.,1.));
#222 = DEFINITIONAL_REPRESENTATION('',(#223),#227);
#223 = LINE('',#224,#225);
#224 = CARTESIAN_POINT('',(0.,0.));
#225 = VECTOR('',#226,1.);
#226 = DIRECTION('',(1.,0.));
#227 = ( GEOMETRIC_REPRESENTATION_CONTEXT(2) 
PARAMETRIC_REPRESENTATION_CONTEXT() REPRESENTATION_CONTEXT('2D SPACE',''
  ) );
#228 = FACE_BOUND('',#229,.F.);
#229 = EDGE_LOOP('',(#230,#258,#284,#310,#336,#362,#388,#414,#440,#466,
    #492,#518,#544));
#230 = ORIENTED_EDGE('',*,*,#231,.F.);
#231 = EDGE_CURVE('',#232,#234,#236,.T.);
#232 = VERTEX_POINT('',#233);
#233 = CARTESIAN_POINT('',(-96.88305664062,-73.,33.277490234375));
#234 = VERTEX_POINT('',#235);
#235 = CARTESIAN_POINT('',(-96.88305664062,-73.,36.922509765625));
#236 = SURFACE_CURVE('',#237,(#241,#247),.PCURVE_S1.);
#237 = LINE('',#238,#239);
#238 = CARTESIAN_POINT('',(-96.88305664062,-73.,16.638745117188));
#239 = VECTOR('',#240,1.);
#240 = DIRECTION('',(0.,0.,1.));
#241 = PCURVE('',#62,#242);
#242 = DEFINITIONAL_REPRESENTATION('',(#243),#246);
#243 = B_SPLINE_CURVE_WITH_KNOTS('',1,(#244,#245),.UNSPECIFIED.,.F.,.F.,
  (2,2),(16.638745117188,20.283764648438),.PIECEWISE_BEZIER_KNOTS.);
#244 = CARTESIAN_POINT('',(33.277490234375,1.116943359375));
#245 = CARTESIAN_POINT('',(36.922509765625,1.116943359375));
#246 = ( GEOMETRIC_REPRESENTATION_CONTEXT(2) 
PARAMETRIC_REPRESENTATION_CONTEXT() REPRESENTATION_CONTEXT('2D SPACE',''
  ) );
#247 = PCURVE('',#248,#253);
#248 = PLANE('',#249);
#249 = AXIS2_PLACEMENT_3D('',#250,#251,#252);
#250 = CARTESIAN_POINT('',(-96.88305664062,-72.95,33.277490234375));
#251 = DIRECTION('',(-1.,0.,0.));
#252 = DIRECTION('',(0.,0.,1.));
#253 = DEFINITIONAL_REPRESENTATION('',(#254),#257);
#254 = B_SPLINE_CURVE_WITH_KNOTS('',1,(#255,#256),.UNSPECIFIED.,.F.,.F.,
  (2,2),(16.638745117188,20.283764648438),.PIECEWISE_BEZIER_KNOTS.);
#255 = CARTESIAN_POINT('',(0.,-5.E-02));
#256 = CARTESIAN_POINT('',(3.64501953125,-5.E-02));
#257 = ( GEOMETRIC_REPRESENTATION_CONTEXT(2) 
PARAMETRIC_REPRESENTATION_CONTEXT() REPRESENTATION_CONTEXT('2D SPACE',''
  ) );
#258 = ORIENTED_EDGE('',*,*,#259,.F.);
#259 = EDGE_CURVE('',#260,#232,#262,.T.);
#260 = VERTEX_POINT('',#261);
#261 = CARTESIAN_POINT('',(-95.99194335937,-73.,33.277490234375));
#262 = SURFACE_CURVE('',#263,(#267,#273),.PCURVE_S1.);
#263 = LINE('',#264,#265);
#264 = CARTESIAN_POINT('',(-96.99597167968,-73.,33.277490234375));
#265 = VECTOR('',#266,1.);
#266 = DIRECTION('',(-1.,-0.,0.));
#267 = PCURVE('',#62,#268);
#268 = DEFINITIONAL_REPRESENTATION('',(#269),#272);
#269 = B_SPLINE_CURVE_WITH_KNOTS('',1,(#270,#271),.UNSPECIFIED.,.F.,.F.,
  (2,2),(-1.004028320312,-0.112915039062),.PIECEWISE_BEZIER_KNOTS.);
#270 = CARTESIAN_POINT('',(33.277490234375,2.008056640625));
#271 = CARTESIAN_POINT('',(33.277490234375,1.116943359375));
#272 = ( GEOMETRIC_REPRESENTATION_CONTEXT(2) 
PARAMETRIC_REPRESENTATION_CONTEXT() REPRESENTATION_CONTEXT('2D SPACE',''
  ) );
#273 = PCURVE('',#274,#279);
#274 = PLANE('',#275);
#275 = AXIS2_PLACEMENT_3D('',#276,#277,#278);
#276 = CARTESIAN_POINT('',(-95.99194335937,-72.95,33.277490234375));
#277 = DIRECTION('',(-0.,-0.,-1.));
#278 = DIRECTION('',(-1.,0.,0.));
#279 = DEFINITIONAL_REPRESENTATION('',(#280),#283);
#280 = B_SPLINE_CURVE_WITH_KNOTS('',1,(#281,#282),.UNSPECIFIED.,.F.,.F.,
  (2,2),(-1.004028320312,-0.112915039062),.PIECEWISE_BEZIER_KNOTS.);
#281 = CARTESIAN_POINT('',(0.,-5.E-02));
#282 = CARTESIAN_POINT('',(0.89111328125,-5.E-02));
#283 = ( GEOMETRIC_REPRESENTATION_CONTEXT(2) 
PARAMETRIC_REPRESENTATION_CONTEXT() REPRESENTATION_CONTEXT('2D SPACE',''
  ) );
#284 = ORIENTED_EDGE('',*,*,#285,.F.);
#285 = EDGE_CURVE('',#286,#260,#288,.T.);
#286 = VERTEX_POINT('',#287);
#287 = CARTESIAN_POINT('',(-95.99194335937,-73.,35.943505859375));
#288 = SURFACE_CURVE('',#289,(#293,#299),.PCURVE_S1.);
#289 = LINE('',#290,#291);
#290 = CARTESIAN_POINT('',(-95.99194335937,-73.,17.971752929688));
#291 = VECTOR('',#292,1.);
#292 = DIRECTION('',(0.,0.,-1.));
#293 = PCURVE('',#62,#294);
#294 = DEFINITIONAL_REPRESENTATION('',(#295),#298);
#295 = B_SPLINE_CURVE_WITH_KNOTS('',1,(#296,#297),.UNSPECIFIED.,.F.,.F.,
  (2,2),(-17.97175292968,-15.30573730468),.PIECEWISE_BEZIER_KNOTS.);
#296 = CARTESIAN_POINT('',(35.943505859375,2.008056640625));
#297 = CARTESIAN_POINT('',(33.277490234375,2.008056640625));
#298 = ( GEOMETRIC_REPRESENTATION_CONTEXT(2) 
PARAMETRIC_REPRESENTATION_CONTEXT() REPRESENTATION_CONTEXT('2D SPACE',''
  ) );
#299 = PCURVE('',#300,#305);
#300 = PLANE('',#301);
#301 = AXIS2_PLACEMENT_3D('',#302,#303,#304);
#302 = CARTESIAN_POINT('',(-95.99194335937,-72.95,35.943505859375));
#303 = DIRECTION('',(1.,0.,0.));
#304 = DIRECTION('',(0.,0.,-1.));
#305 = DEFINITIONAL_REPRESENTATION('',(#306),#309);
#306 = B_SPLINE_CURVE_WITH_KNOTS('',1,(#307,#308),.UNSPECIFIED.,.F.,.F.,
  (2,2),(-17.97175292968,-15.30573730468),.PIECEWISE_BEZIER_KNOTS.);
#307 = CARTESIAN_POINT('',(0.,-5.E-02));
#308 = CARTESIAN_POINT('',(2.666015625,-5.E-02));
#309 = ( GEOMETRIC_REPRESENTATION_CONTEXT(2) 
PARAMETRIC_REPRESENTATION_CONTEXT() REPRESENTATION_CONTEXT('2D SPACE',''
  ) );
#310 = ORIENTED_EDGE('',*,*,#311,.F.);
#311 = EDGE_CURVE('',#312,#286,#314,.T.);
#312 = VERTEX_POINT('',#313);
#313 = CARTESIAN_POINT('',(-95.15209960937,-73.,33.978173828125));
#314 = SURFACE_CURVE('',#315,(#319,#325),.PCURVE_S1.);
#315 = LINE('',#316,#317);
#316 = CARTESIAN_POINT('',(-89.23307009465,-73.,20.126956504436));
#317 = VECTOR('',#318,1.);
#318 = DIRECTION('',(-0.392954027956,-0.,0.919558117746));
#319 = PCURVE('',#62,#320);
#320 = DEFINITIONAL_REPRESENTATION('',(#321),#324);
#321 = B_SPLINE_CURVE_WITH_KNOTS('',1,(#322,#323),.UNSPECIFIED.,.F.,.F.,
  (2,2),(15.062905820066,17.200162827885),.PIECEWISE_BEZIER_KNOTS.);
#322 = CARTESIAN_POINT('',(33.978173828125,2.847900390625));
#323 = CARTESIAN_POINT('',(35.943505859375,2.008056640625));
#324 = ( GEOMETRIC_REPRESENTATION_CONTEXT(2) 
PARAMETRIC_REPRESENTATION_CONTEXT() REPRESENTATION_CONTEXT('2D SPACE',''
  ) );
#325 = PCURVE('',#326,#331);
#326 = PLANE('',#327);
#327 = AXIS2_PLACEMENT_3D('',#328,#329,#330);
#328 = CARTESIAN_POINT('',(-95.15209960937,-72.95,33.978173828125));
#329 = DIRECTION('',(-0.919558117746,-0.,-0.392954027956));
#330 = DIRECTION('',(-0.392954027956,0.,0.919558117746));
#331 = DEFINITIONAL_REPRESENTATION('',(#332),#335);
#332 = B_SPLINE_CURVE_WITH_KNOTS('',1,(#333,#334),.UNSPECIFIED.,.F.,.F.,
  (2,2),(15.062905820066,17.200162827885),.PIECEWISE_BEZIER_KNOTS.);
#333 = CARTESIAN_POINT('',(0.,-5.E-02));
#334 = CARTESIAN_POINT('',(2.137257007819,-5.E-02));
#335 = ( GEOMETRIC_REPRESENTATION_CONTEXT(2) 
PARAMETRIC_REPRESENTATION_CONTEXT() REPRESENTATION_CONTEXT('2D SPACE',''
  ) );
#336 = ORIENTED_EDGE('',*,*,#337,.F.);
#337 = EDGE_CURVE('',#338,#312,#340,.T.);
#338 = VERTEX_POINT('',#339);
#339 = CARTESIAN_POINT('',(-94.55639648437,-73.,33.978173828125));
#340 = SURFACE_CURVE('',#341,(#345,#351),.PCURVE_S1.);
#341 = LINE('',#342,#343);
#342 = CARTESIAN_POINT('',(-96.27819824218,-73.,33.978173828125));
#343 = VECTOR('',#344,1.);
#344 = DIRECTION('',(-1.,-0.,0.));
#345 = PCURVE('',#62,#346);
#346 = DEFINITIONAL_REPRESENTATION('',(#347),#350);
#347 = B_SPLINE_CURVE_WITH_KNOTS('',1,(#348,#349),.UNSPECIFIED.,.F.,.F.,
  (2,2),(-1.721801757812,-1.126098632812),.PIECEWISE_BEZIER_KNOTS.);
#348 = CARTESIAN_POINT('',(33.978173828125,3.443603515625));
#349 = CARTESIAN_POINT('',(33.978173828125,2.847900390625));
#350 = ( GEOMETRIC_REPRESENTATION_CONTEXT(2) 
PARAMETRIC_REPRESENTATION_CONTEXT() REPRESENTATION_CONTEXT('2D SPACE',''
  ) );
#351 = PCURVE('',#352,#357);
#352 = PLANE('',#353);
#353 = AXIS2_PLACEMENT_3D('',#354,#355,#356);
#354 = CARTESIAN_POINT('',(-94.55639648437,-72.95,33.978173828125));
#355 = DIRECTION('',(-0.,-0.,-1.));
#356 = DIRECTION('',(-1.,0.,0.));
#357 = DEFINITIONAL_REPRESENTATION('',(#358),#361);
#358 = B_SPLINE_CURVE_WITH_KNOTS('',1,(#359,#360),.UNSPECIFIED.,.F.,.F.,
  (2,2),(-1.721801757812,-1.126098632812),.PIECEWISE_BEZIER_KNOTS.);
#359 = CARTESIAN_POINT('',(0.,-5.E-02));
#360 = CARTESIAN_POINT('',(0.595703125,-5.E-02));
#361 = ( GEOMETRIC_REPRESENTATION_CONTEXT(2) 
PARAMETRIC_REPRESENTATION_CONTEXT() REPRESENTATION_CONTEXT('2D SPACE',''
  ) );
#362 = ORIENTED_EDGE('',*,*,#363,.F.);
#363 = EDGE_CURVE('',#364,#338,#366,.T.);
#364 = VERTEX_POINT('',#365);
#365 = CARTESIAN_POINT('',(-93.71655273437,-73.,35.943505859375));
#366 = SURFACE_CURVE('',#367,(#371,#377),.PCURVE_S1.);
#367 = LINE('',#368,#369);
#368 = CARTESIAN_POINT('',(-100.5412487054,-73.,19.972923717722));
#369 = VECTOR('',#370,1.);
#370 = DIRECTION('',(-0.392954027956,0.,-0.919558117746));
#371 = PCURVE('',#62,#372);
#372 = DEFINITIONAL_REPRESENTATION('',(#373),#376);
#373 = B_SPLINE_CURVE_WITH_KNOTS('',1,(#374,#375),.UNSPECIFIED.,.F.,.F.,
  (2,2),(-17.3676702249,-15.23041321708),.PIECEWISE_BEZIER_KNOTS.);
#374 = CARTESIAN_POINT('',(35.943505859375,4.283447265625));
#375 = CARTESIAN_POINT('',(33.978173828125,3.443603515625));
#376 = ( GEOMETRIC_REPRESENTATION_CONTEXT(2) 
PARAMETRIC_REPRESENTATION_CONTEXT() REPRESENTATION_CONTEXT('2D SPACE',''
  ) );
#377 = PCURVE('',#378,#383);
#378 = PLANE('',#379);
#379 = AXIS2_PLACEMENT_3D('',#380,#381,#382);
#380 = CARTESIAN_POINT('',(-93.71655273437,-72.95,35.943505859375));
#381 = DIRECTION('',(0.919558117746,0.,-0.392954027956));
#382 = DIRECTION('',(-0.392954027956,-0.,-0.919558117746));
#383 = DEFINITIONAL_REPRESENTATION('',(#384),#387);
#384 = B_SPLINE_CURVE_WITH_KNOTS('',1,(#385,#386),.UNSPECIFIED.,.F.,.F.,
  (2,2),(-17.3676702249,-15.23041321708),.PIECEWISE_BEZIER_KNOTS.);
#385 = CARTESIAN_POINT('',(0.,-5.E-02));
#386 = CARTESIAN_POINT('',(2.137257007819,-5.E-02));
#387 = ( GEOMETRIC_REPRESENTATION_CONTEXT(2) 
PARAMETRIC_REPRESENTATION_CONTEXT() REPRESENTATION_CONTEXT('2D SPACE',''
  ) );
#388 = ORIENTED_EDGE('',*,*,#389,.F.);
#389 = EDGE_CURVE('',#390,#364,#392,.T.);
#390 = VERTEX_POINT('',#391);
#391 = CARTESIAN_POINT('',(-93.71655273437,-73.,33.277490234375));
#392 = SURFACE_CURVE('',#393,(#397,#403),.PCURVE_S1.);
#393 = LINE('',#394,#395);
#394 = CARTESIAN_POINT('',(-93.71655273437,-73.,16.638745117188));
#395 = VECTOR('',#396,1.);
#396 = DIRECTION('',(0.,0.,1.));
#397 = PCURVE('',#62,#398);
#398 = DEFINITIONAL_REPRESENTATION('',(#399),#402);
#399 = B_SPLINE_CURVE_WITH_KNOTS('',1,(#400,#401),.UNSPECIFIED.,.F.,.F.,
  (2,2),(16.638745117188,19.304760742188),.PIECEWISE_BEZIER_KNOTS.);
#400 = CARTESIAN_POINT('',(33.277490234375,4.283447265625));
#401 = CARTESIAN_POINT('',(35.943505859375,4.283447265625));
#402 = ( GEOMETRIC_REPRESENTATION_CONTEXT(2) 
PARAMETRIC_REPRESENTATION_CONTEXT() REPRESENTATION_CONTEXT('2D SPACE',''
  ) );
#403 = PCURVE('',#404,#409);
#404 = PLANE('',#405);
#405 = AXIS2_PLACEMENT_3D('',#406,#407,#408);
#406 = CARTESIAN_POINT('',(-93.71655273437,-72.95,33.277490234375));
#407 = DIRECTION('',(-1.,0.,0.));
#408 = DIRECTION('',(0.,0.,1.));
#409 = DEFINITIONAL_REPRESENTATION('',(#410),#413);
#410 = B_SPLINE_CURVE_WITH_KNOTS('',1,(#411,#412),.UNSPECIFIED.,.F.,.F.,
  (2,2),(16.638745117188,19.304760742188),.PIECEWISE_BEZIER_KNOTS.);
#411 = CARTESIAN_POINT('',(0.,-5.E-02));
#412 = CARTESIAN_POINT('',(2.666015625,-5.E-02));
#413 = ( GEOMETRIC_REPRESENTATION_CONTEXT(2) 
PARAMETRIC_REPRESENTATION_CONTEXT() REPRESENTATION_CONTEXT('2D SPACE',''
  ) );
#414 = ORIENTED_EDGE('',*,*,#415,.F.);
#415 = EDGE_CURVE('',#416,#390,#418,.T.);
#416 = VERTEX_POINT('',#417);
#417 = CARTESIAN_POINT('',(-92.82788085937,-73.,33.277490234375));
#418 = SURFACE_CURVE('',#419,(#423,#429),.PCURVE_S1.);
#419 = LINE('',#420,#421);
#420 = CARTESIAN_POINT('',(-95.41394042968,-73.,33.277490234375));
#421 = VECTOR('',#422,1.);
#422 = DIRECTION('',(-1.,-0.,0.));
#423 = PCURVE('',#62,#424);
#424 = DEFINITIONAL_REPRESENTATION('',(#425),#428);
#425 = B_SPLINE_CURVE_WITH_KNOTS('',1,(#426,#427),.UNSPECIFIED.,.F.,.F.,
  (2,2),(-2.586059570312,-1.697387695312),.PIECEWISE_BEZIER_KNOTS.);
#426 = CARTESIAN_POINT('',(33.277490234375,5.172119140625));
#427 = CARTESIAN_POINT('',(33.277490234375,4.283447265625));
#428 = ( GEOMETRIC_REPRESENTATION_CONTEXT(2) 
PARAMETRIC_REPRESENTATION_CONTEXT() REPRESENTATION_CONTEXT('2D SPACE',''
  ) );
#429 = PCURVE('',#430,#435);
#430 = PLANE('',#431);
#431 = AXIS2_PLACEMENT_3D('',#432,#433,#434);
#432 = CARTESIAN_POINT('',(-92.82788085937,-72.95,33.277490234375));
#433 = DIRECTION('',(-0.,-0.,-1.));
#434 = DIRECTION('',(-1.,0.,0.));
#435 = DEFINITIONAL_REPRESENTATION('',(#436),#439);
#436 = B_SPLINE_CURVE_WITH_KNOTS('',1,(#437,#438),.UNSPECIFIED.,.F.,.F.,
  (2,2),(-2.586059570312,-1.697387695312),.PIECEWISE_BEZIER_KNOTS.);
#437 = CARTESIAN_POINT('',(0.,-5.E-02));
#438 = CARTESIAN_POINT('',(0.888671875,-5.E-02));
#439 = ( GEOMETRIC_REPRESENTATION_CONTEXT(2) 
PARAMETRIC_REPRESENTATION_CONTEXT() REPRESENTATION_CONTEXT('2D SPACE',''
  ) );
#440 = ORIENTED_EDGE('',*,*,#441,.F.);
#441 = EDGE_CURVE('',#442,#416,#444,.T.);
#442 = VERTEX_POINT('',#443);
#443 = CARTESIAN_POINT('',(-92.82788085937,-73.,36.922509765625));
#444 = SURFACE_CURVE('',#445,(#449,#455),.PCURVE_S1.);
#445 = LINE('',#446,#447);
#446 = CARTESIAN_POINT('',(-92.82788085937,-73.,18.461254882813));
#447 = VECTOR('',#448,1.);
#448 = DIRECTION('',(0.,0.,-1.));
#449 = PCURVE('',#62,#450);
#450 = DEFINITIONAL_REPRESENTATION('',(#451),#454);
#451 = B_SPLINE_CURVE_WITH_KNOTS('',1,(#452,#453),.UNSPECIFIED.,.F.,.F.,
  (2,2),(-18.46125488281,-14.81623535156),.PIECEWISE_BEZIER_KNOTS.);
#452 = CARTESIAN_POINT('',(36.922509765625,5.172119140625));
#453 = CARTESIAN_POINT('',(33.277490234375,5.172119140625));
#454 = ( GEOMETRIC_REPRESENTATION_CONTEXT(2) 
PARAMETRIC_REPRESENTATION_CONTEXT() REPRESENTATION_CONTEXT('2D SPACE',''
  ) );
#455 = PCURVE('',#456,#461);
#456 = PLANE('',#457);
#457 = AXIS2_PLACEMENT_3D('',#458,#459,#460);
#458 = CARTESIAN_POINT('',(-92.82788085937,-72.95,36.922509765625));
#459 = DIRECTION('',(1.,0.,0.));
#460 = DIRECTION('',(0.,0.,-1.));
#461 = DEFINITIONAL_REPRESENTATION('',(#462),#465);
#462 = B_SPLINE_CURVE_WITH_KNOTS('',1,(#463,#464),.UNSPECIFIED.,.F.,.F.,
  (2,2),(-18.46125488281,-14.81623535156),.PIECEWISE_BEZIER_KNOTS.);
#463 = CARTESIAN_POINT('',(0.,-5.E-02));
#464 = CARTESIAN_POINT('',(3.64501953125,-5.E-02));
#465 = ( GEOMETRIC_REPRESENTATION_CONTEXT(2) 
PARAMETRIC_REPRESENTATION_CONTEXT() REPRESENTATION_CONTEXT('2D SPACE',''
  ) );
#466 = ORIENTED_EDGE('',*,*,#467,.F.);
#467 = EDGE_CURVE('',#468,#442,#470,.T.);
#468 = VERTEX_POINT('',#469);
#469 = CARTESIAN_POINT('',(-94.02172851562,-73.,36.922509765625));
#470 = SURFACE_CURVE('',#471,(#475,#481),.PCURVE_S1.);
#471 = LINE('',#472,#473);
#472 = CARTESIAN_POINT('',(-96.01086425781,-73.,36.922509765625));
#473 = VECTOR('',#474,1.);
#474 = DIRECTION('',(1.,0.,0.));
#475 = PCURVE('',#62,#476);
#476 = DEFINITIONAL_REPRESENTATION('',(#477),#480);
#477 = B_SPLINE_CURVE_WITH_KNOTS('',1,(#478,#479),.UNSPECIFIED.,.F.,.F.,
  (2,2),(1.989135742188,3.182983398438),.PIECEWISE_BEZIER_KNOTS.);
#478 = CARTESIAN_POINT('',(36.922509765625,3.978271484375));
#479 = CARTESIAN_POINT('',(36.922509765625,5.172119140625));
#480 = ( GEOMETRIC_REPRESENTATION_CONTEXT(2) 
PARAMETRIC_REPRESENTATION_CONTEXT() REPRESENTATION_CONTEXT('2D SPACE',''
  ) );
#481 = PCURVE('',#482,#487);
#482 = PLANE('',#483);
#483 = AXIS2_PLACEMENT_3D('',#484,#485,#486);
#484 = CARTESIAN_POINT('',(-94.02172851562,-72.95,36.922509765625));
#485 = DIRECTION('',(-0.,0.,1.));
#486 = DIRECTION('',(1.,0.,0.));
#487 = DEFINITIONAL_REPRESENTATION('',(#488),#491);
#488 = B_SPLINE_CURVE_WITH_KNOTS('',1,(#489,#490),.UNSPECIFIED.,.F.,.F.,
  (2,2),(1.989135742188,3.182983398438),.PIECEWISE_BEZIER_KNOTS.);
#489 = CARTESIAN_POINT('',(0.,-5.E-02));
#490 = CARTESIAN_POINT('',(1.19384765625,-5.E-02));
#491 = ( GEOMETRIC_REPRESENTATION_CONTEXT(2) 
PARAMETRIC_REPRESENTATION_CONTEXT() REPRESENTATION_CONTEXT('2D SPACE',''
  ) );
#492 = ORIENTED_EDGE('',*,*,#493,.F.);
#493 = EDGE_CURVE('',#494,#468,#496,.T.);
#494 = VERTEX_POINT('',#495);
#495 = CARTESIAN_POINT('',(-94.85668945312,-73.,34.971826171875));
#496 = SURFACE_CURVE('',#497,(#501,#507),.PCURVE_S1.);
#497 = LINE('',#498,#499);
#498 = CARTESIAN_POINT('',(-101.4256895066,-73.,19.624951777795));
#499 = VECTOR('',#500,1.);
#500 = DIRECTION('',(0.393502664251,0.,0.919323475838));
#501 = PCURVE('',#62,#502);
#502 = DEFINITIONAL_REPRESENTATION('',(#503),#506);
#503 = B_SPLINE_CURVE_WITH_KNOTS('',1,(#504,#505),.UNSPECIFIED.,.F.,.F.,
  (2,2),(16.693660933751,18.81552950887),.PIECEWISE_BEZIER_KNOTS.);
#504 = CARTESIAN_POINT('',(34.971826171875,3.143310546875));
#505 = CARTESIAN_POINT('',(36.922509765625,3.978271484375));
#506 = ( GEOMETRIC_REPRESENTATION_CONTEXT(2) 
PARAMETRIC_REPRESENTATION_CONTEXT() REPRESENTATION_CONTEXT('2D SPACE',''
  ) );
#507 = PCURVE('',#508,#513);
#508 = PLANE('',#509);
#509 = AXIS2_PLACEMENT_3D('',#510,#511,#512);
#510 = CARTESIAN_POINT('',(-94.85668945312,-72.95,34.971826171875));
#511 = DIRECTION('',(-0.919323475838,0.,0.393502664251));
#512 = DIRECTION('',(0.393502664251,0.,0.919323475838));
#513 = DEFINITIONAL_REPRESENTATION('',(#514),#517);
#514 = B_SPLINE_CURVE_WITH_KNOTS('',1,(#515,#516),.UNSPECIFIED.,.F.,.F.,
  (2,2),(16.693660933751,18.81552950887),.PIECEWISE_BEZIER_KNOTS.);
#515 = CARTESIAN_POINT('',(0.,-5.E-02));
#516 = CARTESIAN_POINT('',(2.121868575119,-5.E-02));
#517 = ( GEOMETRIC_REPRESENTATION_CONTEXT(2) 
PARAMETRIC_REPRESENTATION_CONTEXT() REPRESENTATION_CONTEXT('2D SPACE',''
  ) );
#518 = ORIENTED_EDGE('',*,*,#519,.F.);
#519 = EDGE_CURVE('',#520,#494,#522,.T.);
#520 = VERTEX_POINT('',#521);
#521 = CARTESIAN_POINT('',(-95.68676757812,-73.,36.922509765625));
#522 = SURFACE_CURVE('',#523,(#527,#533),.PCURVE_S1.);
#523 = LINE('',#524,#525);
#524 = CARTESIAN_POINT('',(-89.21266519963,-73.,21.708369176184));
#525 = VECTOR('',#526,1.);
#526 = DIRECTION('',(0.391555164097,0.,-0.920154635629));
#527 = PCURVE('',#62,#528);
#528 = DEFINITIONAL_REPRESENTATION('',(#529),#532);
#529 = B_SPLINE_CURVE_WITH_KNOTS('',1,(#530,#531),.UNSPECIFIED.,.F.,.F.,
  (2,2),(-16.53433020966,-14.41437828178),.PIECEWISE_BEZIER_KNOTS.);
#530 = CARTESIAN_POINT('',(36.922509765625,2.313232421875));
#531 = CARTESIAN_POINT('',(34.971826171875,3.143310546875));
#532 = ( GEOMETRIC_REPRESENTATION_CONTEXT(2) 
PARAMETRIC_REPRESENTATION_CONTEXT() REPRESENTATION_CONTEXT('2D SPACE',''
  ) );
#533 = PCURVE('',#534,#539);
#534 = PLANE('',#535);
#535 = AXIS2_PLACEMENT_3D('',#536,#537,#538);
#536 = CARTESIAN_POINT('',(-95.68676757812,-72.95,36.922509765625));
#537 = DIRECTION('',(0.920154635629,0.,0.391555164097));
#538 = DIRECTION('',(0.391555164097,0.,-0.920154635629));
#539 = DEFINITIONAL_REPRESENTATION('',(#540),#543);
#540 = B_SPLINE_CURVE_WITH_KNOTS('',1,(#541,#542),.UNSPECIFIED.,.F.,.F.,
  (2,2),(-16.53433020966,-14.41437828178),.PIECEWISE_BEZIER_KNOTS.);
#541 = CARTESIAN_POINT('',(0.,-5.E-02));
#542 = CARTESIAN_POINT('',(2.119951927882,-5.E-02));
#543 = ( GEOMETRIC_REPRESENTATION_CONTEXT(2) 
PARAMETRIC_REPRESENTATION_CONTEXT() REPRESENTATION_CONTEXT('2D SPACE',''
  ) );
#544 = ORIENTED_EDGE('',*,*,#545,.F.);
#545 = EDGE_CURVE('',#234,#520,#546,.T.);
#546 = SURFACE_CURVE('',#547,(#551,#557),.PCURVE_S1.);
#547 = LINE('',#548,#549);
#548 = CARTESIAN_POINT('',(-97.44152832031,-73.,36.922509765625));
#549 = VECTOR('',#550,1.);
#550 = DIRECTION('',(1.,0.,0.));
#551 = PCURVE('',#62,#552);
#552 = DEFINITIONAL_REPRESENTATION('',(#553),#556);
#553 = B_SPLINE_CURVE_WITH_KNOTS('',1,(#554,#555),.UNSPECIFIED.,.F.,.F.,
  (2,2),(0.558471679688,1.754760742188),.PIECEWISE_BEZIER_KNOTS.);
#554 = CARTESIAN_POINT('',(36.922509765625,1.116943359375));
#555 = CARTESIAN_POINT('',(36.922509765625,2.313232421875));
#556 = ( GEOMETRIC_REPRESENTATION_CONTEXT(2) 
PARAMETRIC_REPRESENTATION_CONTEXT() REPRESENTATION_CONTEXT('2D SPACE',''
  ) );
#557 = PCURVE('',#558,#563);
#558 = PLANE('',#559);
#559 = AXIS2_PLACEMENT_3D('',#560,#561,#562);
#560 = CARTESIAN_POINT('',(-96.88305664062,-72.95,36.922509765625));
#561 = DIRECTION('',(-0.,0.,1.));
#562 = DIRECTION('',(1.,0.,0.));
#563 = DEFINITIONAL_REPRESENTATION('',(#564),#567);
#564 = B_SPLINE_CURVE_WITH_KNOTS('',1,(#565,#566),.UNSPECIFIED.,.F.,.F.,
  (2,2),(0.558471679688,1.754760742188),.PIECEWISE_BEZIER_KNOTS.);
#565 = CARTESIAN_POINT('',(0.,-5.E-02));
#566 = CARTESIAN_POINT('',(1.1962890625,-5.E-02));
#567 = ( GEOMETRIC_REPRESENTATION_CONTEXT(2) 
PARAMETRIC_REPRESENTATION_CONTEXT() REPRESENTATION_CONTEXT('2D SPACE',''
  ) );
#568 = FACE_BOUND('',#569,.F.);
#569 = EDGE_LOOP('',(#570));
#570 = ORIENTED_EDGE('',*,*,#571,.F.);
#571 = EDGE_CURVE('',#572,#572,#574,.T.);
#572 = VERTEX_POINT('',#573);
#573 = CARTESIAN_POINT('',(-88.8,-73.,26.1));
#574 = SURFACE_CURVE('',#575,(#580,#587),.PCURVE_S1.);
#575 = CIRCLE('',#576,4.2);
#576 = AXIS2_PLACEMENT_3D('',#577,#578,#579);
#577 = CARTESIAN_POINT('',(-93.,-73.,26.1));
#578 = DIRECTION('',(0.,1.,2.22044604925E-16));
#579 = DIRECTION('',(1.,0.,-0.));
#580 = PCURVE('',#62,#581);
#581 = DEFINITIONAL_REPRESENTATION('',(#582),#586);
#582 = CIRCLE('',#583,4.2);
#583 = AXIS2_PLACEMENT_2D('',#584,#585);
#584 = CARTESIAN_POINT('',(26.1,5.));
#585 = DIRECTION('',(0.,1.));
#586 = ( GEOMETRIC_REPRESENTATION_CONTEXT(2) 
PARAMETRIC_REPRESENTATION_CONTEXT() REPRESENTATION_CONTEXT('2D SPACE',''
  ) );
#587 = PCURVE('',#588,#593);
#588 = CYLINDRICAL_SURFACE('',#589,4.2);
#589 = AXIS2_PLACEMENT_3D('',#590,#591,#592);
#590 = CARTESIAN_POINT('',(-93.,-74.,26.1));
#591 = DIRECTION('',(0.,1.,2.22044604925E-16));
#592 = DIRECTION('',(1.,0.,-0.));
#593 = DEFINITIONAL_REPRESENTATION('',(#594),#598);
#594 = LINE('',#595,#596);
#595 = CARTESIAN_POINT('',(0.,1.));
#596 = VECTOR('',#597,1.);
#597 = DIRECTION('',(1.,0.));
#598 = ( GEOMETRIC_REPRESENTATION_CONTEXT(2) 
PARAMETRIC_REPRESENTATION_CONTEXT() REPRESENTATION_CONTEXT('2D SPACE',''
  ) );
#599 = FACE_BOUND('',#600,.F.);
#600 = EDGE_LOOP('',(#601,#629,#655,#681,#707,#733,#759,#785,#811,#837,
    #863));
#601 = ORIENTED_EDGE('',*,*,#602,.F.);
#602 = EDGE_CURVE('',#603,#605,#607,.T.);
#603 = VERTEX_POINT('',#604);
#604 = CARTESIAN_POINT('',(-92.14184570312,-73.,34.747216796875));
#605 = VERTEX_POINT('',#606);
#606 = CARTESIAN_POINT('',(-90.68188476562,-73.,36.922509765625));
#607 = SURFACE_CURVE('',#608,(#612,#618),.PCURVE_S1.);
#608 = LINE('',#609,#610);
#609 = CARTESIAN_POINT('',(-101.0906561385,-73.,21.41378853942));
#610 = VECTOR('',#611,1.);
#611 = DIRECTION('',(0.557278183537,0.,0.830325855404));
#612 = PCURVE('',#62,#613);
#613 = DEFINITIONAL_REPRESENTATION('',(#614),#617);
#614 = B_SPLINE_CURVE_WITH_KNOTS('',1,(#615,#616),.UNSPECIFIED.,.F.,.F.,
  (2,2),(16.058067047617,18.677873421936),.PIECEWISE_BEZIER_KNOTS.);
#615 = CARTESIAN_POINT('',(34.747216796875,5.858154296875));
#616 = CARTESIAN_POINT('',(36.922509765625,7.318115234375));
#617 = ( GEOMETRIC_REPRESENTATION_CONTEXT(2) 
PARAMETRIC_REPRESENTATION_CONTEXT() REPRESENTATION_CONTEXT('2D SPACE',''
  ) );
#618 = PCURVE('',#619,#624);
#619 = PLANE('',#620);
#620 = AXIS2_PLACEMENT_3D('',#621,#622,#623);
#621 = CARTESIAN_POINT('',(-92.14184570312,-72.95,34.747216796875));
#622 = DIRECTION('',(-0.830325855404,0.,0.557278183537));
#623 = DIRECTION('',(0.557278183537,0.,0.830325855404));
#624 = DEFINITIONAL_REPRESENTATION('',(#625),#628);
#625 = B_SPLINE_CURVE_WITH_KNOTS('',1,(#626,#627),.UNSPECIFIED.,.F.,.F.,
  (2,2),(16.058067047617,18.677873421936),.PIECEWISE_BEZIER_KNOTS.);
#626 = CARTESIAN_POINT('',(0.,-5.E-02));
#627 = CARTESIAN_POINT('',(2.619806374318,-5.E-02));
#628 = ( GEOMETRIC_REPRESENTATION_CONTEXT(2) 
PARAMETRIC_REPRESENTATION_CONTEXT() REPRESENTATION_CONTEXT('2D SPACE',''
  ) );
#629 = ORIENTED_EDGE('',*,*,#630,.F.);
#630 = EDGE_CURVE('',#631,#603,#633,.T.);
#631 = VERTEX_POINT('',#632);
#632 = CARTESIAN_POINT('',(-92.14184570312,-73.,33.941552734375));
#633 = SURFACE_CURVE('',#634,(#638,#644),.PCURVE_S1.);
#634 = LINE('',#635,#636);
#635 = CARTESIAN_POINT('',(-92.14184570312,-73.,16.970776367188));
#636 = VECTOR('',#637,1.);
#637 = DIRECTION('',(0.,0.,1.));
#638 = PCURVE('',#62,#639);
#639 = DEFINITIONAL_REPRESENTATION('',(#640),#643);
#640 = B_SPLINE_CURVE_WITH_KNOTS('',1,(#641,#642),.UNSPECIFIED.,.F.,.F.,
  (2,2),(16.970776367188,17.776440429688),.PIECEWISE_BEZIER_KNOTS.);
#641 = CARTESIAN_POINT('',(33.941552734375,5.858154296875));
#642 = CARTESIAN_POINT('',(34.747216796875,5.858154296875));
#643 = ( GEOMETRIC_REPRESENTATION_CONTEXT(2) 
PARAMETRIC_REPRESENTATION_CONTEXT() REPRESENTATION_CONTEXT('2D SPACE',''
  ) );
#644 = PCURVE('',#645,#650);
#645 = PLANE('',#646);
#646 = AXIS2_PLACEMENT_3D('',#647,#648,#649);
#647 = CARTESIAN_POINT('',(-92.14184570312,-72.95,33.941552734375));
#648 = DIRECTION('',(-1.,0.,0.));
#649 = DIRECTION('',(0.,0.,1.));
#650 = DEFINITIONAL_REPRESENTATION('',(#651),#654);
#651 = B_SPLINE_CURVE_WITH_KNOTS('',1,(#652,#653),.UNSPECIFIED.,.F.,.F.,
  (2,2),(16.970776367188,17.776440429688),.PIECEWISE_BEZIER_KNOTS.);
#652 = CARTESIAN_POINT('',(0.,-5.E-02));
#653 = CARTESIAN_POINT('',(0.8056640625,-5.E-02));
#654 = ( GEOMETRIC_REPRESENTATION_CONTEXT(2) 
PARAMETRIC_REPRESENTATION_CONTEXT() REPRESENTATION_CONTEXT('2D SPACE',''
  ) );
#655 = ORIENTED_EDGE('',*,*,#656,.F.);
#656 = EDGE_CURVE('',#657,#631,#659,.T.);
#657 = VERTEX_POINT('',#658);
#658 = CARTESIAN_POINT('',(-90.52563476562,-73.,33.941552734375));
#659 = SURFACE_CURVE('',#660,(#664,#670),.PCURVE_S1.);
#660 = LINE('',#661,#662);
#661 = CARTESIAN_POINT('',(-94.26281738281,-73.,33.941552734375));
#662 = VECTOR('',#663,1.);
#663 = DIRECTION('',(-1.,-0.,0.));
#664 = PCURVE('',#62,#665);
#665 = DEFINITIONAL_REPRESENTATION('',(#666),#669);
#666 = B_SPLINE_CURVE_WITH_KNOTS('',1,(#667,#668),.UNSPECIFIED.,.F.,.F.,
  (2,2),(-3.737182617188,-2.120971679688),.PIECEWISE_BEZIER_KNOTS.);
#667 = CARTESIAN_POINT('',(33.941552734375,7.474365234375));
#668 = CARTESIAN_POINT('',(33.941552734375,5.858154296875));
#669 = ( GEOMETRIC_REPRESENTATION_CONTEXT(2) 
PARAMETRIC_REPRESENTATION_CONTEXT() REPRESENTATION_CONTEXT('2D SPACE',''
  ) );
#670 = PCURVE('',#671,#676);
#671 = PLANE('',#672);
#672 = AXIS2_PLACEMENT_3D('',#673,#674,#675);
#673 = CARTESIAN_POINT('',(-90.52563476562,-72.95,33.941552734375));
#674 = DIRECTION('',(-0.,-0.,-1.));
#675 = DIRECTION('',(-1.,0.,0.));
#676 = DEFINITIONAL_REPRESENTATION('',(#677),#680);
#677 = B_SPLINE_CURVE_WITH_KNOTS('',1,(#678,#679),.UNSPECIFIED.,.F.,.F.,
  (2,2),(-3.737182617188,-2.120971679688),.PIECEWISE_BEZIER_KNOTS.);
#678 = CARTESIAN_POINT('',(0.,-5.E-02));
#679 = CARTESIAN_POINT('',(1.6162109375,-5.E-02));
#680 = ( GEOMETRIC_REPRESENTATION_CONTEXT(2) 
PARAMETRIC_REPRESENTATION_CONTEXT() REPRESENTATION_CONTEXT('2D SPACE',''
  ) );
#681 = ORIENTED_EDGE('',*,*,#682,.F.);
#682 = EDGE_CURVE('',#683,#657,#685,.T.);
#683 = VERTEX_POINT('',#684);
#684 = CARTESIAN_POINT('',(-90.52563476562,-73.,33.277490234375));
#685 = SURFACE_CURVE('',#686,(#690,#696),.PCURVE_S1.);
#686 = LINE('',#687,#688);
#687 = CARTESIAN_POINT('',(-90.52563476562,-73.,16.638745117188));
#688 = VECTOR('',#689,1.);
#689 = DIRECTION('',(0.,0.,1.));
#690 = PCURVE('',#62,#691);
#691 = DEFINITIONAL_REPRESENTATION('',(#692),#695);
#692 = B_SPLINE_CURVE_WITH_KNOTS('',1,(#693,#694),.UNSPECIFIED.,.F.,.F.,
  (2,2),(16.638745117188,17.302807617188),.PIECEWISE_BEZIER_KNOTS.);
#693 = CARTESIAN_POINT('',(33.277490234375,7.474365234375));
#694 = CARTESIAN_POINT('',(33.941552734375,7.474365234375));
#695 = ( GEOMETRIC_REPRESENTATION_CONTEXT(2) 
PARAMETRIC_REPRESENTATION_CONTEXT() REPRESENTATION_CONTEXT('2D SPACE',''
  ) );
#696 = PCURVE('',#697,#702);
#697 = PLANE('',#698);
#698 = AXIS2_PLACEMENT_3D('',#699,#700,#701);
#699 = CARTESIAN_POINT('',(-90.52563476562,-72.95,33.277490234375));
#700 = DIRECTION('',(-1.,0.,0.));
#701 = DIRECTION('',(0.,0.,1.));
#702 = DEFINITIONAL_REPRESENTATION('',(#703),#706);
#703 = B_SPLINE_CURVE_WITH_KNOTS('',1,(#704,#705),.UNSPECIFIED.,.F.,.F.,
  (2,2),(16.638745117188,17.302807617188),.PIECEWISE_BEZIER_KNOTS.);
#704 = CARTESIAN_POINT('',(0.,-5.E-02));
#705 = CARTESIAN_POINT('',(0.6640625,-5.E-02));
#706 = ( GEOMETRIC_REPRESENTATION_CONTEXT(2) 
PARAMETRIC_REPRESENTATION_CONTEXT() REPRESENTATION_CONTEXT('2D SPACE',''
  ) );
#707 = ORIENTED_EDGE('',*,*,#708,.F.);
#708 = EDGE_CURVE('',#709,#683,#711,.T.);
#709 = VERTEX_POINT('',#710);
#710 = CARTESIAN_POINT('',(-89.63696289062,-73.,33.277490234375));
#711 = SURFACE_CURVE('',#712,(#716,#722),.PCURVE_S1.);
#712 = LINE('',#713,#714);
#713 = CARTESIAN_POINT('',(-93.81848144531,-73.,33.277490234375));
#714 = VECTOR('',#715,1.);
#715 = DIRECTION('',(-1.,-0.,0.));
#716 = PCURVE('',#62,#717);
#717 = DEFINITIONAL_REPRESENTATION('',(#718),#721);
#718 = B_SPLINE_CURVE_WITH_KNOTS('',1,(#719,#720),.UNSPECIFIED.,.F.,.F.,
  (2,2),(-4.181518554688,-3.292846679688),.PIECEWISE_BEZIER_KNOTS.);
#719 = CARTESIAN_POINT('',(33.277490234375,8.363037109375));
#720 = CARTESIAN_POINT('',(33.277490234375,7.474365234375));
#721 = ( GEOMETRIC_REPRESENTATION_CONTEXT(2) 
PARAMETRIC_REPRESENTATION_CONTEXT() REPRESENTATION_CONTEXT('2D SPACE',''
  ) );
#722 = PCURVE('',#723,#728);
#723 = PLANE('',#724);
#724 = AXIS2_PLACEMENT_3D('',#725,#726,#727);
#725 = CARTESIAN_POINT('',(-89.63696289062,-72.95,33.277490234375));
#726 = DIRECTION('',(-0.,-0.,-1.));
#727 = DIRECTION('',(-1.,0.,0.));
#728 = DEFINITIONAL_REPRESENTATION('',(#729),#732);
#729 = B_SPLINE_CURVE_WITH_KNOTS('',1,(#730,#731),.UNSPECIFIED.,.F.,.F.,
  (2,2),(-4.181518554688,-3.292846679688),.PIECEWISE_BEZIER_KNOTS.);
#730 = CARTESIAN_POINT('',(0.,-5.E-02));
#731 = CARTESIAN_POINT('',(0.888671875,-5.E-02));
#732 = ( GEOMETRIC_REPRESENTATION_CONTEXT(2) 
PARAMETRIC_REPRESENTATION_CONTEXT() REPRESENTATION_CONTEXT('2D SPACE',''
  ) );
#733 = ORIENTED_EDGE('',*,*,#734,.F.);
#734 = EDGE_CURVE('',#735,#709,#737,.T.);
#735 = VERTEX_POINT('',#736);
#736 = CARTESIAN_POINT('',(-89.63696289062,-73.,33.941552734375));
#737 = SURFACE_CURVE('',#738,(#742,#748),.PCURVE_S1.);
#738 = LINE('',#739,#740);
#739 = CARTESIAN_POINT('',(-89.63696289062,-73.,16.970776367188));
#740 = VECTOR('',#741,1.);
#741 = DIRECTION('',(0.,0.,-1.));
#742 = PCURVE('',#62,#743);
#743 = DEFINITIONAL_REPRESENTATION('',(#744),#747);
#744 = B_SPLINE_CURVE_WITH_KNOTS('',1,(#745,#746),.UNSPECIFIED.,.F.,.F.,
  (2,2),(-16.97077636718,-16.30671386718),.PIECEWISE_BEZIER_KNOTS.);
#745 = CARTESIAN_POINT('',(33.941552734375,8.363037109375));
#746 = CARTESIAN_POINT('',(33.277490234375,8.363037109375));
#747 = ( GEOMETRIC_REPRESENTATION_CONTEXT(2) 
PARAMETRIC_REPRESENTATION_CONTEXT() REPRESENTATION_CONTEXT('2D SPACE',''
  ) );
#748 = PCURVE('',#749,#754);
#749 = PLANE('',#750);
#750 = AXIS2_PLACEMENT_3D('',#751,#752,#753);
#751 = CARTESIAN_POINT('',(-89.63696289062,-72.95,33.941552734375));
#752 = DIRECTION('',(1.,0.,0.));
#753 = DIRECTION('',(0.,0.,-1.));
#754 = DEFINITIONAL_REPRESENTATION('',(#755),#758);
#755 = B_SPLINE_CURVE_WITH_KNOTS('',1,(#756,#757),.UNSPECIFIED.,.F.,.F.,
  (2,2),(-16.97077636718,-16.30671386718),.PIECEWISE_BEZIER_KNOTS.);
#756 = CARTESIAN_POINT('',(0.,-5.E-02));
#757 = CARTESIAN_POINT('',(0.6640625,-5.E-02));
#758 = ( GEOMETRIC_REPRESENTATION_CONTEXT(2) 
PARAMETRIC_REPRESENTATION_CONTEXT() REPRESENTATION_CONTEXT('2D SPACE',''
  ) );
#759 = ORIENTED_EDGE('',*,*,#760,.F.);
#760 = EDGE_CURVE('',#761,#735,#763,.T.);
#761 = VERTEX_POINT('',#762);
#762 = CARTESIAN_POINT('',(-89.11694335937,-73.,33.941552734375));
#763 = SURFACE_CURVE('',#764,(#768,#774),.PCURVE_S1.);
#764 = LINE('',#765,#766);
#765 = CARTESIAN_POINT('',(-93.55847167968,-73.,33.941552734375));
#766 = VECTOR('',#767,1.);
#767 = DIRECTION('',(-1.,-0.,0.));
#768 = PCURVE('',#62,#769);
#769 = DEFINITIONAL_REPRESENTATION('',(#770),#773);
#770 = B_SPLINE_CURVE_WITH_KNOTS('',1,(#771,#772),.UNSPECIFIED.,.F.,.F.,
  (2,2),(-4.441528320312,-3.921508789062),.PIECEWISE_BEZIER_KNOTS.);
#771 = CARTESIAN_POINT('',(33.941552734375,8.883056640625));
#772 = CARTESIAN_POINT('',(33.941552734375,8.363037109375));
#773 = ( GEOMETRIC_REPRESENTATION_CONTEXT(2) 
PARAMETRIC_REPRESENTATION_CONTEXT() REPRESENTATION_CONTEXT('2D SPACE',''
  ) );
#774 = PCURVE('',#775,#780);
#775 = PLANE('',#776);
#776 = AXIS2_PLACEMENT_3D('',#777,#778,#779);
#777 = CARTESIAN_POINT('',(-89.11694335937,-72.95,33.941552734375));
#778 = DIRECTION('',(-0.,-0.,-1.));
#779 = DIRECTION('',(-1.,0.,0.));
#780 = DEFINITIONAL_REPRESENTATION('',(#781),#784);
#781 = B_SPLINE_CURVE_WITH_KNOTS('',1,(#782,#783),.UNSPECIFIED.,.F.,.F.,
  (2,2),(-4.441528320312,-3.921508789062),.PIECEWISE_BEZIER_KNOTS.);
#782 = CARTESIAN_POINT('',(0.,-5.E-02));
#783 = CARTESIAN_POINT('',(0.52001953125,-5.E-02));
#784 = ( GEOMETRIC_REPRESENTATION_CONTEXT(2) 
PARAMETRIC_REPRESENTATION_CONTEXT() REPRESENTATION_CONTEXT('2D SPACE',''
  ) );
#785 = ORIENTED_EDGE('',*,*,#786,.F.);
#786 = EDGE_CURVE('',#787,#761,#789,.T.);
#787 = VERTEX_POINT('',#788);
#788 = CARTESIAN_POINT('',(-89.11694335937,-73.,34.622705078125));
#789 = SURFACE_CURVE('',#790,(#794,#800),.PCURVE_S1.);
#790 = LINE('',#791,#792);
#791 = CARTESIAN_POINT('',(-89.11694335937,-73.,17.311352539063));
#792 = VECTOR('',#793,1.);
#793 = DIRECTION('',(0.,0.,-1.));
#794 = PCURVE('',#62,#795);
#795 = DEFINITIONAL_REPRESENTATION('',(#796),#799);
#796 = B_SPLINE_CURVE_WITH_KNOTS('',1,(#797,#798),.UNSPECIFIED.,.F.,.F.,
  (2,2),(-17.31135253906,-16.63020019531),.PIECEWISE_BEZIER_KNOTS.);
#797 = CARTESIAN_POINT('',(34.622705078125,8.883056640625));
#798 = CARTESIAN_POINT('',(33.941552734375,8.883056640625));
#799 = ( GEOMETRIC_REPRESENTATION_CONTEXT(2) 
PARAMETRIC_REPRESENTATION_CONTEXT() REPRESENTATION_CONTEXT('2D SPACE',''
  ) );
#800 = PCURVE('',#801,#806);
#801 = PLANE('',#802);
#802 = AXIS2_PLACEMENT_3D('',#803,#804,#805);
#803 = CARTESIAN_POINT('',(-89.11694335937,-72.95,34.622705078125));
#804 = DIRECTION('',(1.,0.,0.));
#805 = DIRECTION('',(0.,0.,-1.));
#806 = DEFINITIONAL_REPRESENTATION('',(#807),#810);
#807 = B_SPLINE_CURVE_WITH_KNOTS('',1,(#808,#809),.UNSPECIFIED.,.F.,.F.,
  (2,2),(-17.31135253906,-16.63020019531),.PIECEWISE_BEZIER_KNOTS.);
#808 = CARTESIAN_POINT('',(0.,-5.E-02));
#809 = CARTESIAN_POINT('',(0.68115234375,-5.E-02));
#810 = ( GEOMETRIC_REPRESENTATION_CONTEXT(2) 
PARAMETRIC_REPRESENTATION_CONTEXT() REPRESENTATION_CONTEXT('2D SPACE',''
  ) );
#811 = ORIENTED_EDGE('',*,*,#812,.F.);
#812 = EDGE_CURVE('',#813,#787,#815,.T.);
#813 = VERTEX_POINT('',#814);
#814 = CARTESIAN_POINT('',(-89.63696289062,-73.,34.622705078125));
#815 = SURFACE_CURVE('',#816,(#820,#826),.PCURVE_S1.);
#816 = LINE('',#817,#818);
#817 = CARTESIAN_POINT('',(-93.81848144531,-73.,34.622705078125));
#818 = VECTOR('',#819,1.);
#819 = DIRECTION('',(1.,0.,0.));
#820 = PCURVE('',#62,#821);
#821 = DEFINITIONAL_REPRESENTATION('',(#822),#825);
#822 = B_SPLINE_CURVE_WITH_KNOTS('',1,(#823,#824),.UNSPECIFIED.,.F.,.F.,
  (2,2),(4.181518554688,4.701538085938),.PIECEWISE_BEZIER_KNOTS.);
#823 = CARTESIAN_POINT('',(34.622705078125,8.363037109375));
#824 = CARTESIAN_POINT('',(34.622705078125,8.883056640625));
#825 = ( GEOMETRIC_REPRESENTATION_CONTEXT(2) 
PARAMETRIC_REPRESENTATION_CONTEXT() REPRESENTATION_CONTEXT('2D SPACE',''
  ) );
#826 = PCURVE('',#827,#832);
#827 = PLANE('',#828);
#828 = AXIS2_PLACEMENT_3D('',#829,#830,#831);
#829 = CARTESIAN_POINT('',(-89.63696289062,-72.95,34.622705078125));
#830 = DIRECTION('',(-0.,0.,1.));
#831 = DIRECTION('',(1.,0.,0.));
#832 = DEFINITIONAL_REPRESENTATION('',(#833),#836);
#833 = B_SPLINE_CURVE_WITH_KNOTS('',1,(#834,#835),.UNSPECIFIED.,.F.,.F.,
  (2,2),(4.181518554688,4.701538085938),.PIECEWISE_BEZIER_KNOTS.);
#834 = CARTESIAN_POINT('',(0.,-5.E-02));
#835 = CARTESIAN_POINT('',(0.52001953125,-5.E-02));
#836 = ( GEOMETRIC_REPRESENTATION_CONTEXT(2) 
PARAMETRIC_REPRESENTATION_CONTEXT() REPRESENTATION_CONTEXT('2D SPACE',''
  ) );
#837 = ORIENTED_EDGE('',*,*,#838,.F.);
#838 = EDGE_CURVE('',#839,#813,#841,.T.);
#839 = VERTEX_POINT('',#840);
#840 = CARTESIAN_POINT('',(-89.63696289062,-73.,36.922509765625));
#841 = SURFACE_CURVE('',#842,(#846,#852),.PCURVE_S1.);
#842 = LINE('',#843,#844);
#843 = CARTESIAN_POINT('',(-89.63696289062,-73.,18.461254882813));
#844 = VECTOR('',#845,1.);
#845 = DIRECTION('',(0.,0.,-1.));
#846 = PCURVE('',#62,#847);
#847 = DEFINITIONAL_REPRESENTATION('',(#848),#851);
#848 = B_SPLINE_CURVE_WITH_KNOTS('',1,(#849,#850),.UNSPECIFIED.,.F.,.F.,
  (2,2),(-18.46125488281,-16.16145019531),.PIECEWISE_BEZIER_KNOTS.);
#849 = CARTESIAN_POINT('',(36.922509765625,8.363037109375));
#850 = CARTESIAN_POINT('',(34.622705078125,8.363037109375));
#851 = ( GEOMETRIC_REPRESENTATION_CONTEXT(2) 
PARAMETRIC_REPRESENTATION_CONTEXT() REPRESENTATION_CONTEXT('2D SPACE',''
  ) );
#852 = PCURVE('',#853,#858);
#853 = PLANE('',#854);
#854 = AXIS2_PLACEMENT_3D('',#855,#856,#857);
#855 = CARTESIAN_POINT('',(-89.63696289062,-72.95,36.922509765625));
#856 = DIRECTION('',(1.,0.,0.));
#857 = DIRECTION('',(0.,0.,-1.));
#858 = DEFINITIONAL_REPRESENTATION('',(#859),#862);
#859 = B_SPLINE_CURVE_WITH_KNOTS('',1,(#860,#861),.UNSPECIFIED.,.F.,.F.,
  (2,2),(-18.46125488281,-16.16145019531),.PIECEWISE_BEZIER_KNOTS.);
#860 = CARTESIAN_POINT('',(0.,-5.E-02));
#861 = CARTESIAN_POINT('',(2.2998046875,-5.E-02));
#862 = ( GEOMETRIC_REPRESENTATION_CONTEXT(2) 
PARAMETRIC_REPRESENTATION_CONTEXT() REPRESENTATION_CONTEXT('2D SPACE',''
  ) );
#863 = ORIENTED_EDGE('',*,*,#864,.F.);
#864 = EDGE_CURVE('',#605,#839,#865,.T.);
#865 = SURFACE_CURVE('',#866,(#870,#876),.PCURVE_S1.);
#866 = LINE('',#867,#868);
#867 = CARTESIAN_POINT('',(-94.34094238281,-73.,36.922509765625));
#868 = VECTOR('',#869,1.);
#869 = DIRECTION('',(1.,0.,0.));
#870 = PCURVE('',#62,#871);
#871 = DEFINITIONAL_REPRESENTATION('',(#872),#875);
#872 = B_SPLINE_CURVE_WITH_KNOTS('',1,(#873,#874),.UNSPECIFIED.,.F.,.F.,
  (2,2),(3.659057617188,4.703979492188),.PIECEWISE_BEZIER_KNOTS.);
#873 = CARTESIAN_POINT('',(36.922509765625,7.318115234375));
#874 = CARTESIAN_POINT('',(36.922509765625,8.363037109375));
#875 = ( GEOMETRIC_REPRESENTATION_CONTEXT(2) 
PARAMETRIC_REPRESENTATION_CONTEXT() REPRESENTATION_CONTEXT('2D SPACE',''
  ) );
#876 = PCURVE('',#877,#882);
#877 = PLANE('',#878);
#878 = AXIS2_PLACEMENT_3D('',#879,#880,#881);
#879 = CARTESIAN_POINT('',(-90.68188476562,-72.95,36.922509765625));
#880 = DIRECTION('',(-0.,0.,1.));
#881 = DIRECTION('',(1.,0.,0.));
#882 = DEFINITIONAL_REPRESENTATION('',(#883),#886);
#883 = B_SPLINE_CURVE_WITH_KNOTS('',1,(#884,#885),.UNSPECIFIED.,.F.,.F.,
  (2,2),(3.659057617188,4.703979492188),.PIECEWISE_BEZIER_KNOTS.);
#884 = CARTESIAN_POINT('',(0.,-5.E-02));
#885 = CARTESIAN_POINT('',(1.044921875,-5.E-02));
#886 = ( GEOMETRIC_REPRESENTATION_CONTEXT(2) 
PARAMETRIC_REPRESENTATION_CONTEXT() REPRESENTATION_CONTEXT('2D SPACE',''
  ) );
#887 = ADVANCED_FACE('',(#888,#985),#141,.T.);
#888 = FACE_BOUND('',#889,.T.);
#889 = EDGE_LOOP('',(#890,#891,#892,#913,#939,#965));
#890 = ORIENTED_EDGE('',*,*,#127,.F.);
#891 = ORIENTED_EDGE('',*,*,#180,.T.);
#892 = ORIENTED_EDGE('',*,*,#893,.T.);
#893 = EDGE_CURVE('',#181,#894,#896,.T.);
#894 = VERTEX_POINT('',#895);
#895 = CARTESIAN_POINT('',(-78.,-62.23924019964,48.2));
#896 = SURFACE_CURVE('',#897,(#901,#907),.PCURVE_S1.);
#897 = LINE('',#898,#899);
#898 = CARTESIAN_POINT('',(-78.,-73.,48.2));
#899 = VECTOR('',#900,1.);
#900 = DIRECTION('',(-0.,1.,0.));
#901 = PCURVE('',#141,#902);
#902 = DEFINITIONAL_REPRESENTATION('',(#903),#906);
#903 = B_SPLINE_CURVE_WITH_KNOTS('',1,(#904,#905),.UNSPECIFIED.,.F.,.F.,
  (2,2),(0.,18.),.PIECEWISE_BEZIER_KNOTS.);
#904 = CARTESIAN_POINT('',(20.,0.));
#905 = CARTESIAN_POINT('',(20.,18.));
#906 = ( GEOMETRIC_REPRESENTATION_CONTEXT(2) 
PARAMETRIC_REPRESENTATION_CONTEXT() REPRESENTATION_CONTEXT('2D SPACE',''
  ) );
#907 = PCURVE('',#217,#908);
#908 = DEFINITIONAL_REPRESENTATION('',(#909),#912);
#909 = B_SPLINE_CURVE_WITH_KNOTS('',1,(#910,#911),.UNSPECIFIED.,.F.,.F.,
  (2,2),(0.,18.),.PIECEWISE_BEZIER_KNOTS.);
#910 = CARTESIAN_POINT('',(31.1,0.));
#911 = CARTESIAN_POINT('',(31.1,-18.));
#912 = ( GEOMETRIC_REPRESENTATION_CONTEXT(2) 
PARAMETRIC_REPRESENTATION_CONTEXT() REPRESENTATION_CONTEXT('2D SPACE',''
  ) );
#913 = ORIENTED_EDGE('',*,*,#914,.T.);
#914 = EDGE_CURVE('',#894,#915,#917,.T.);
#915 = VERTEX_POINT('',#916);
#916 = CARTESIAN_POINT('',(-87.23924019964,-62.23924019964,48.2));
#917 = SURFACE_CURVE('',#918,(#922,#928),.PCURVE_S1.);
#918 = LINE('',#919,#920);
#919 = CARTESIAN_POINT('',(-92.61962009982,-62.23924019964,48.2));
#920 = VECTOR('',#921,1.);
#921 = DIRECTION('',(-1.,-0.,0.));
#922 = PCURVE('',#141,#923);
#923 = DEFINITIONAL_REPRESENTATION('',(#924),#927);
#924 = B_SPLINE_CURVE_WITH_KNOTS('',1,(#925,#926),.UNSPECIFIED.,.F.,.F.,
  (2,2),(-179.8588602994,-5.380379900177),.PIECEWISE_BEZIER_KNOTS.);
#925 = CARTESIAN_POINT('',(185.23924019964,10.760759800354));
#926 = CARTESIAN_POINT('',(10.760759800354,10.760759800354));
#927 = ( GEOMETRIC_REPRESENTATION_CONTEXT(2) 
PARAMETRIC_REPRESENTATION_CONTEXT() REPRESENTATION_CONTEXT('2D SPACE',''
  ) );
#928 = PCURVE('',#929,#934);
#929 = PLANE('',#930);
#930 = AXIS2_PLACEMENT_3D('',#931,#932,#933);
#931 = CARTESIAN_POINT('',(-87.23924019964,-62.23924019964,45.5525));
#932 = DIRECTION('',(-0.,1.,0.));
#933 = DIRECTION('',(0.,0.,1.));
#934 = DEFINITIONAL_REPRESENTATION('',(#935),#938);
#935 = B_SPLINE_CURVE_WITH_KNOTS('',1,(#936,#937),.UNSPECIFIED.,.F.,.F.,
  (2,2),(-179.8588602994,-5.380379900177),.PIECEWISE_BEZIER_KNOTS.);
#936 = CARTESIAN_POINT('',(2.6475,174.47848039929));
#937 = CARTESIAN_POINT('',(2.6475,0.));
#938 = ( GEOMETRIC_REPRESENTATION_CONTEXT(2) 
PARAMETRIC_REPRESENTATION_CONTEXT() REPRESENTATION_CONTEXT('2D SPACE',''
  ) );
#939 = ORIENTED_EDGE('',*,*,#940,.T.);
#940 = EDGE_CURVE('',#915,#941,#943,.T.);
#941 = VERTEX_POINT('',#942);
#942 = CARTESIAN_POINT('',(-87.23924019964,-55.,48.2));
#943 = SURFACE_CURVE('',#944,(#948,#954),.PCURVE_S1.);
#944 = LINE('',#945,#946);
#945 = CARTESIAN_POINT('',(-87.23924019964,-67.61962009982,48.2));
#946 = VECTOR('',#947,1.);
#947 = DIRECTION('',(-0.,1.,0.));
#948 = PCURVE('',#141,#949);
#949 = DEFINITIONAL_REPRESENTATION('',(#950),#953);
#950 = B_SPLINE_CURVE_WITH_KNOTS('',1,(#951,#952),.UNSPECIFIED.,.F.,.F.,
  (2,2),(5.380379900177,129.85886029946),.PIECEWISE_BEZIER_KNOTS.);
#951 = CARTESIAN_POINT('',(10.760759800354,10.760759800354));
#952 = CARTESIAN_POINT('',(10.760759800354,135.23924019964));
#953 = ( GEOMETRIC_REPRESENTATION_CONTEXT(2) 
PARAMETRIC_REPRESENTATION_CONTEXT() REPRESENTATION_CONTEXT('2D SPACE',''
  ) );
#954 = PCURVE('',#955,#960);
#955 = PLANE('',#956);
#956 = AXIS2_PLACEMENT_3D('',#957,#958,#959);
#957 = CARTESIAN_POINT('',(-87.23924019964,-62.23924019964,45.5525));
#958 = DIRECTION('',(1.,0.,-0.));
#959 = DIRECTION('',(0.,0.,1.));
#960 = DEFINITIONAL_REPRESENTATION('',(#961),#964);
#961 = B_SPLINE_CURVE_WITH_KNOTS('',1,(#962,#963),.UNSPECIFIED.,.F.,.F.,
  (2,2),(5.380379900177,129.85886029946),.PIECEWISE_BEZIER_KNOTS.);
#962 = CARTESIAN_POINT('',(2.6475,0.));
#963 = CARTESIAN_POINT('',(2.6475,-124.4784803992));
#964 = ( GEOMETRIC_REPRESENTATION_CONTEXT(2) 
PARAMETRIC_REPRESENTATION_CONTEXT() REPRESENTATION_CONTEXT('2D SPACE',''
  ) );
#965 = ORIENTED_EDGE('',*,*,#966,.T.);
#966 = EDGE_CURVE('',#941,#101,#967,.T.);
#967 = SURFACE_CURVE('',#968,(#972,#978),.PCURVE_S1.);
#968 = LINE('',#969,#970);
#969 = CARTESIAN_POINT('',(-103.,-55.,48.2));
#970 = VECTOR('',#971,1.);
#971 = DIRECTION('',(-1.,-0.,0.));
#972 = PCURVE('',#141,#973);
#973 = DEFINITIONAL_REPRESENTATION('',(#974),#977);
#974 = B_SPLINE_CURVE_WITH_KNOTS('',1,(#975,#976),.UNSPECIFIED.,.F.,.F.,
  (2,2),(-25.,-5.),.PIECEWISE_BEZIER_KNOTS.);
#975 = CARTESIAN_POINT('',(20.,18.));
#976 = CARTESIAN_POINT('',(0.,18.));
#977 = ( GEOMETRIC_REPRESENTATION_CONTEXT(2) 
PARAMETRIC_REPRESENTATION_CONTEXT() REPRESENTATION_CONTEXT('2D SPACE',''
  ) );
#978 = PCURVE('',#115,#979);
#979 = DEFINITIONAL_REPRESENTATION('',(#980),#984);
#980 = LINE('',#981,#982);
#981 = CARTESIAN_POINT('',(31.1,5.));
#982 = VECTOR('',#983,1.);
#983 = DIRECTION('',(0.,-1.));
#984 = ( GEOMETRIC_REPRESENTATION_CONTEXT(2) 
PARAMETRIC_REPRESENTATION_CONTEXT() REPRESENTATION_CONTEXT('2D SPACE',''
  ) );
#985 = FACE_BOUND('',#986,.T.);
#986 = EDGE_LOOP('',(#987));
#987 = ORIENTED_EDGE('',*,*,#988,.F.);
#988 = EDGE_CURVE('',#989,#989,#991,.T.);
#989 = VERTEX_POINT('',#990);
#990 = CARTESIAN_POINT('',(-90.2,-68.,48.2));
#991 = SURFACE_CURVE('',#992,(#997,#1004),.PCURVE_S1.);
#992 = CIRCLE('',#993,2.8);
#993 = AXIS2_PLACEMENT_3D('',#994,#995,#996);
#994 = CARTESIAN_POINT('',(-93.,-68.,48.2));
#995 = DIRECTION('',(0.,0.,1.));
#996 = DIRECTION('',(1.,0.,-0.));
#997 = PCURVE('',#141,#998);
#998 = DEFINITIONAL_REPRESENTATION('',(#999),#1003);
#999 = CIRCLE('',#1000,2.8);
#1000 = AXIS2_PLACEMENT_2D('',#1001,#1002);
#1001 = CARTESIAN_POINT('',(5.,5.));
#1002 = DIRECTION('',(1.,0.));
#1003 = ( GEOMETRIC_REPRESENTATION_CONTEXT(2) 
PARAMETRIC_REPRESENTATION_CONTEXT() REPRESENTATION_CONTEXT('2D SPACE',''
  ) );
#1004 = PCURVE('',#1005,#1010);
#1005 = CYLINDRICAL_SURFACE('',#1006,2.8);
#1006 = AXIS2_PLACEMENT_3D('',#1007,#1008,#1009);
#1007 = CARTESIAN_POINT('',(-93.,-68.,39.1));
#1008 = DIRECTION('',(0.,0.,1.));
#1009 = DIRECTION('',(1.,0.,-0.));
#1010 = DEFINITIONAL_REPRESENTATION('',(#1011),#1015);
#1011 = LINE('',#1012,#1013);
#1012 = CARTESIAN_POINT('',(0.,9.1));
#1013 = VECTOR('',#1014,1.);
#1014 = DIRECTION('',(1.,0.));
#1015 = ( GEOMETRIC_REPRESENTATION_CONTEXT(2) 
PARAMETRIC_REPRESENTATION_CONTEXT() REPRESENTATION_CONTEXT('2D SPACE',''
  ) );
#1016 = ADVANCED_FACE('',(#1017,#1169),#115,.T.);
#1017 = FACE_BOUND('',#1018,.T.);
#1018 = EDGE_LOOP('',(#1019,#1049,#1072,#1093,#1094,#1095,#1117,#1144));
#1019 = ORIENTED_EDGE('',*,*,#1020,.T.);
#1020 = EDGE_CURVE('',#1021,#1023,#1025,.T.);
#1021 = VERTEX_POINT('',#1022);
#1022 = CARTESIAN_POINT('',(-82.5,-55.,48.2));
#1023 = VERTEX_POINT('',#1024);
#1024 = CARTESIAN_POINT('',(-78.,-55.,48.2));
#1025 = SURFACE_CURVE('',#1026,(#1030,#1037),.PCURVE_S1.);
#1026 = LINE('',#1027,#1028);
#1027 = CARTESIAN_POINT('',(-82.5,-55.,48.2));
#1028 = VECTOR('',#1029,1.);
#1029 = DIRECTION('',(1.,0.,0.));
#1030 = PCURVE('',#115,#1031);
#1031 = DEFINITIONAL_REPRESENTATION('',(#1032),#1036);
#1032 = LINE('',#1033,#1034);
#1033 = CARTESIAN_POINT('',(31.1,25.5));
#1034 = VECTOR('',#1035,1.);
#1035 = DIRECTION('',(0.,1.));
#1036 = ( GEOMETRIC_REPRESENTATION_CONTEXT(2) 
PARAMETRIC_REPRESENTATION_CONTEXT() REPRESENTATION_CONTEXT('2D SPACE',''
  ) );
#1037 = PCURVE('',#1038,#1043);
#1038 = PLANE('',#1039);
#1039 = AXIS2_PLACEMENT_3D('',#1040,#1041,#1042);
#1040 = CARTESIAN_POINT('',(-98.,-73.,48.2));
#1041 = DIRECTION('',(0.,0.,1.));
#1042 = DIRECTION('',(1.,0.,-0.));
#1043 = DEFINITIONAL_REPRESENTATION('',(#1044),#1048);
#1044 = LINE('',#1045,#1046);
#1045 = CARTESIAN_POINT('',(15.5,18.));
#1046 = VECTOR('',#1047,1.);
#1047 = DIRECTION('',(1.,0.));
#1048 = ( GEOMETRIC_REPRESENTATION_CONTEXT(2) 
PARAMETRIC_REPRESENTATION_CONTEXT() REPRESENTATION_CONTEXT('2D SPACE',''
  ) );
#1049 = ORIENTED_EDGE('',*,*,#1050,.F.);
#1050 = EDGE_CURVE('',#1051,#1023,#1053,.T.);
#1051 = VERTEX_POINT('',#1052);
#1052 = CARTESIAN_POINT('',(-78.,-55.,17.1));
#1053 = SURFACE_CURVE('',#1054,(#1058,#1065),.PCURVE_S1.);
#1054 = LINE('',#1055,#1056);
#1055 = CARTESIAN_POINT('',(-78.,-55.,17.1));
#1056 = VECTOR('',#1057,1.);
#1057 = DIRECTION('',(0.,0.,1.));
#1058 = PCURVE('',#115,#1059);
#1059 = DEFINITIONAL_REPRESENTATION('',(#1060),#1064);
#1060 = LINE('',#1061,#1062);
#1061 = CARTESIAN_POINT('',(0.,30.));
#1062 = VECTOR('',#1063,1.);
#1063 = DIRECTION('',(1.,0.));
#1064 = ( GEOMETRIC_REPRESENTATION_CONTEXT(2) 
PARAMETRIC_REPRESENTATION_CONTEXT() REPRESENTATION_CONTEXT('2D SPACE',''
  ) );
#1065 = PCURVE('',#217,#1066);
#1066 = DEFINITIONAL_REPRESENTATION('',(#1067),#1071);
#1067 = LINE('',#1068,#1069);
#1068 = CARTESIAN_POINT('',(0.,-18.));
#1069 = VECTOR('',#1070,1.);
#1070 = DIRECTION('',(1.,0.));
#1071 = ( GEOMETRIC_REPRESENTATION_CONTEXT(2) 
PARAMETRIC_REPRESENTATION_CONTEXT() REPRESENTATION_CONTEXT('2D SPACE',''
  ) );
#1072 = ORIENTED_EDGE('',*,*,#1073,.T.);
#1073 = EDGE_CURVE('',#1051,#75,#1074,.T.);
#1074 = SURFACE_CURVE('',#1075,(#1079,#1086),.PCURVE_S1.);
#1075 = LINE('',#1076,#1077);
#1076 = CARTESIAN_POINT('',(-78.,-55.,17.1));
#1077 = VECTOR('',#1078,1.);
#1078 = DIRECTION('',(-1.,0.,0.));
#1079 = PCURVE('',#115,#1080);
#1080 = DEFINITIONAL_REPRESENTATION('',(#1081),#1085);
#1081 = LINE('',#1082,#1083);
#1082 = CARTESIAN_POINT('',(0.,30.));
#1083 = VECTOR('',#1084,1.);
#1084 = DIRECTION('',(0.,-1.));
#1085 = ( GEOMETRIC_REPRESENTATION_CONTEXT(2) 
PARAMETRIC_REPRESENTATION_CONTEXT() REPRESENTATION_CONTEXT('2D SPACE',''
  ) );
#1086 = PCURVE('',#89,#1087);
#1087 = DEFINITIONAL_REPRESENTATION('',(#1088),#1092);
#1088 = LINE('',#1089,#1090);
#1089 = CARTESIAN_POINT('',(30.,18.));
#1090 = VECTOR('',#1091,1.);
#1091 = DIRECTION('',(-1.,0.));
#1092 = ( GEOMETRIC_REPRESENTATION_CONTEXT(2) 
PARAMETRIC_REPRESENTATION_CONTEXT() REPRESENTATION_CONTEXT('2D SPACE',''
  ) );
#1093 = ORIENTED_EDGE('',*,*,#100,.T.);
#1094 = ORIENTED_EDGE('',*,*,#966,.F.);
#1095 = ORIENTED_EDGE('',*,*,#1096,.F.);
#1096 = EDGE_CURVE('',#1097,#941,#1099,.T.);
#1097 = VERTEX_POINT('',#1098);
#1098 = CARTESIAN_POINT('',(-87.23924019964,-55.,45.5525));
#1099 = SURFACE_CURVE('',#1100,(#1104,#1111),.PCURVE_S1.);
#1100 = LINE('',#1101,#1102);
#1101 = CARTESIAN_POINT('',(-87.23924019964,-55.,31.32625));
#1102 = VECTOR('',#1103,1.);
#1103 = DIRECTION('',(0.,0.,1.));
#1104 = PCURVE('',#115,#1105);
#1105 = DEFINITIONAL_REPRESENTATION('',(#1106),#1110);
#1106 = LINE('',#1107,#1108);
#1107 = CARTESIAN_POINT('',(14.22625,20.760759800354));
#1108 = VECTOR('',#1109,1.);
#1109 = DIRECTION('',(1.,0.));
#1110 = ( GEOMETRIC_REPRESENTATION_CONTEXT(2) 
PARAMETRIC_REPRESENTATION_CONTEXT() REPRESENTATION_CONTEXT('2D SPACE',''
  ) );
#1111 = PCURVE('',#955,#1112);
#1112 = DEFINITIONAL_REPRESENTATION('',(#1113),#1116);
#1113 = B_SPLINE_CURVE_WITH_KNOTS('',1,(#1114,#1115),.UNSPECIFIED.,.F.,
  .F.,(2,2),(14.22625,16.87375),.PIECEWISE_BEZIER_KNOTS.);
#1114 = CARTESIAN_POINT('',(0.,-7.239240199646));
#1115 = CARTESIAN_POINT('',(2.6475,-7.239240199646));
#1116 = ( GEOMETRIC_REPRESENTATION_CONTEXT(2) 
PARAMETRIC_REPRESENTATION_CONTEXT() REPRESENTATION_CONTEXT('2D SPACE',''
  ) );
#1117 = ORIENTED_EDGE('',*,*,#1118,.F.);
#1118 = EDGE_CURVE('',#1119,#1097,#1121,.T.);
#1119 = VERTEX_POINT('',#1120);
#1120 = CARTESIAN_POINT('',(-82.5,-55.,45.5525));
#1121 = SURFACE_CURVE('',#1122,(#1126,#1133),.PCURVE_S1.);
#1122 = LINE('',#1123,#1124);
#1123 = CARTESIAN_POINT('',(-97.61962009982,-55.,45.5525));
#1124 = VECTOR('',#1125,1.);
#1125 = DIRECTION('',(-1.,-0.,0.));
#1126 = PCURVE('',#115,#1127);
#1127 = DEFINITIONAL_REPRESENTATION('',(#1128),#1132);
#1128 = LINE('',#1129,#1130);
#1129 = CARTESIAN_POINT('',(28.4525,10.380379900177));
#1130 = VECTOR('',#1131,1.);
#1131 = DIRECTION('',(0.,-1.));
#1132 = ( GEOMETRIC_REPRESENTATION_CONTEXT(2) 
PARAMETRIC_REPRESENTATION_CONTEXT() REPRESENTATION_CONTEXT('2D SPACE',''
  ) );
#1133 = PCURVE('',#1134,#1139);
#1134 = PLANE('',#1135);
#1135 = AXIS2_PLACEMENT_3D('',#1136,#1137,#1138);
#1136 = CARTESIAN_POINT('',(-87.23924019964,-62.23924019964,45.5525));
#1137 = DIRECTION('',(0.,0.,1.));
#1138 = DIRECTION('',(1.,0.,-0.));
#1139 = DEFINITIONAL_REPRESENTATION('',(#1140),#1143);
#1140 = B_SPLINE_CURVE_WITH_KNOTS('',1,(#1141,#1142),.UNSPECIFIED.,.F.,
  .F.,(2,2),(-19.61962009982,-10.38037990017),.PIECEWISE_BEZIER_KNOTS.);
#1141 = CARTESIAN_POINT('',(9.239240199646,7.239240199646));
#1142 = CARTESIAN_POINT('',(0.,7.239240199646));
#1143 = ( GEOMETRIC_REPRESENTATION_CONTEXT(2) 
PARAMETRIC_REPRESENTATION_CONTEXT() REPRESENTATION_CONTEXT('2D SPACE',''
  ) );
#1144 = ORIENTED_EDGE('',*,*,#1145,.T.);
#1145 = EDGE_CURVE('',#1119,#1021,#1146,.T.);
#1146 = SURFACE_CURVE('',#1147,(#1151,#1158),.PCURVE_S1.);
#1147 = LINE('',#1148,#1149);
#1148 = CARTESIAN_POINT('',(-82.5,-55.,30.82625));
#1149 = VECTOR('',#1150,1.);
#1150 = DIRECTION('',(0.,0.,1.));
#1151 = PCURVE('',#115,#1152);
#1152 = DEFINITIONAL_REPRESENTATION('',(#1153),#1157);
#1153 = LINE('',#1154,#1155);
#1154 = CARTESIAN_POINT('',(13.72625,25.5));
#1155 = VECTOR('',#1156,1.);
#1156 = DIRECTION('',(1.,0.));
#1157 = ( GEOMETRIC_REPRESENTATION_CONTEXT(2) 
PARAMETRIC_REPRESENTATION_CONTEXT() REPRESENTATION_CONTEXT('2D SPACE',''
  ) );
#1158 = PCURVE('',#1159,#1164);
#1159 = PLANE('',#1160);
#1160 = AXIS2_PLACEMENT_3D('',#1161,#1162,#1163);
#1161 = CARTESIAN_POINT('',(-82.5,-57.5,44.5525));
#1162 = DIRECTION('',(1.,0.,-0.));
#1163 = DIRECTION('',(0.,0.,1.));
#1164 = DEFINITIONAL_REPRESENTATION('',(#1165),#1168);
#1165 = B_SPLINE_CURVE_WITH_KNOTS('',1,(#1166,#1167),.UNSPECIFIED.,.F.,
  .F.,(2,2),(14.72625,17.37375),.PIECEWISE_BEZIER_KNOTS.);
#1166 = CARTESIAN_POINT('',(1.,-2.5));
#1167 = CARTESIAN_POINT('',(3.6475,-2.5));
#1168 = ( GEOMETRIC_REPRESENTATION_CONTEXT(2) 
PARAMETRIC_REPRESENTATION_CONTEXT() REPRESENTATION_CONTEXT('2D SPACE',''
  ) );
#1169 = FACE_BOUND('',#1170,.T.);
#1170 = EDGE_LOOP('',(#1171));
#1171 = ORIENTED_EDGE('',*,*,#1172,.F.);
#1172 = EDGE_CURVE('',#1173,#1173,#1175,.T.);
#1173 = VERTEX_POINT('',#1174);
#1174 = CARTESIAN_POINT('',(-88.8,-55.,26.1));
#1175 = SURFACE_CURVE('',#1176,(#1181,#1188),.PCURVE_S1.);
#1176 = CIRCLE('',#1177,4.2);
#1177 = AXIS2_PLACEMENT_3D('',#1178,#1179,#1180);
#1178 = CARTESIAN_POINT('',(-93.,-55.,26.1));
#1179 = DIRECTION('',(0.,1.,2.22044604925E-16));
#1180 = DIRECTION('',(1.,0.,-0.));
#1181 = PCURVE('',#115,#1182);
#1182 = DEFINITIONAL_REPRESENTATION('',(#1183),#1187);
#1183 = CIRCLE('',#1184,4.2);
#1184 = AXIS2_PLACEMENT_2D('',#1185,#1186);
#1185 = CARTESIAN_POINT('',(9.,15.));
#1186 = DIRECTION('',(0.,1.));
#1187 = ( GEOMETRIC_REPRESENTATION_CONTEXT(2) 
PARAMETRIC_REPRESENTATION_CONTEXT() REPRESENTATION_CONTEXT('2D SPACE',''
  ) );
#1188 = PCURVE('',#588,#1189);
#1189 = DEFINITIONAL_REPRESENTATION('',(#1190),#1194);
#1190 = LINE('',#1191,#1192);
#1191 = CARTESIAN_POINT('',(0.,19.));
#1192 = VECTOR('',#1193,1.);
#1193 = DIRECTION('',(1.,0.));
#1194 = ( GEOMETRIC_REPRESENTATION_CONTEXT(2) 
PARAMETRIC_REPRESENTATION_CONTEXT() REPRESENTATION_CONTEXT('2D SPACE',''
  ) );
#1195 = ADVANCED_FACE('',(#1196),#89,.F.);
#1196 = FACE_BOUND('',#1197,.F.);
#1197 = EDGE_LOOP('',(#1198,#1199,#1200,#1201));
#1198 = ORIENTED_EDGE('',*,*,#1073,.T.);
#1199 = ORIENTED_EDGE('',*,*,#74,.T.);
#1200 = ORIENTED_EDGE('',*,*,#156,.T.);
#1201 = ORIENTED_EDGE('',*,*,#1202,.T.);
#1202 = EDGE_CURVE('',#157,#1051,#1203,.T.);
#1203 = SURFACE_CURVE('',#1204,(#1208,#1215),.PCURVE_S1.);
#1204 = LINE('',#1205,#1206);
#1205 = CARTESIAN_POINT('',(-78.,-73.,17.1));
#1206 = VECTOR('',#1207,1.);
#1207 = DIRECTION('',(-0.,1.,0.));
#1208 = PCURVE('',#89,#1209);
#1209 = DEFINITIONAL_REPRESENTATION('',(#1210),#1214);
#1210 = LINE('',#1211,#1212);
#1211 = CARTESIAN_POINT('',(30.,0.));
#1212 = VECTOR('',#1213,1.);
#1213 = DIRECTION('',(0.,1.));
#1214 = ( GEOMETRIC_REPRESENTATION_CONTEXT(2) 
PARAMETRIC_REPRESENTATION_CONTEXT() REPRESENTATION_CONTEXT('2D SPACE',''
  ) );
#1215 = PCURVE('',#217,#1216);
#1216 = DEFINITIONAL_REPRESENTATION('',(#1217),#1221);
#1217 = LINE('',#1218,#1219);
#1218 = CARTESIAN_POINT('',(0.,0.));
#1219 = VECTOR('',#1220,1.);
#1220 = DIRECTION('',(0.,-1.));
#1221 = ( GEOMETRIC_REPRESENTATION_CONTEXT(2) 
PARAMETRIC_REPRESENTATION_CONTEXT() REPRESENTATION_CONTEXT('2D SPACE',''
  ) );
#1222 = ADVANCED_FACE('',(#1223),#217,.T.);
#1223 = FACE_BOUND('',#1224,.T.);
#1224 = EDGE_LOOP('',(#1225,#1226,#1227,#1228,#1249,#1275,#1296,#1315));
#1225 = ORIENTED_EDGE('',*,*,#203,.F.);
#1226 = ORIENTED_EDGE('',*,*,#1202,.T.);
#1227 = ORIENTED_EDGE('',*,*,#1050,.T.);
#1228 = ORIENTED_EDGE('',*,*,#1229,.F.);
#1229 = EDGE_CURVE('',#1230,#1023,#1232,.T.);
#1230 = VERTEX_POINT('',#1231);
#1231 = CARTESIAN_POINT('',(-78.,-57.5,48.2));
#1232 = SURFACE_CURVE('',#1233,(#1237,#1243),.PCURVE_S1.);
#1233 = LINE('',#1234,#1235);
#1234 = CARTESIAN_POINT('',(-78.,-73.,48.2));
#1235 = VECTOR('',#1236,1.);
#1236 = DIRECTION('',(-0.,1.,0.));
#1237 = PCURVE('',#217,#1238);
#1238 = DEFINITIONAL_REPRESENTATION('',(#1239),#1242);
#1239 = B_SPLINE_CURVE_WITH_KNOTS('',1,(#1240,#1241),.UNSPECIFIED.,.F.,
  .F.,(2,2),(15.5,18.),.PIECEWISE_BEZIER_KNOTS.);
#1240 = CARTESIAN_POINT('',(31.1,-15.5));
#1241 = CARTESIAN_POINT('',(31.1,-18.));
#1242 = ( GEOMETRIC_REPRESENTATION_CONTEXT(2) 
PARAMETRIC_REPRESENTATION_CONTEXT() REPRESENTATION_CONTEXT('2D SPACE',''
  ) );
#1243 = PCURVE('',#1038,#1244);
#1244 = DEFINITIONAL_REPRESENTATION('',(#1245),#1248);
#1245 = B_SPLINE_CURVE_WITH_KNOTS('',1,(#1246,#1247),.UNSPECIFIED.,.F.,
  .F.,(2,2),(15.5,18.),.PIECEWISE_BEZIER_KNOTS.);
#1246 = CARTESIAN_POINT('',(20.,15.5));
#1247 = CARTESIAN_POINT('',(20.,18.));
#1248 = ( GEOMETRIC_REPRESENTATION_CONTEXT(2) 
PARAMETRIC_REPRESENTATION_CONTEXT() REPRESENTATION_CONTEXT('2D SPACE',''
  ) );
#1249 = ORIENTED_EDGE('',*,*,#1250,.T.);
#1250 = EDGE_CURVE('',#1230,#1251,#1253,.T.);
#1251 = VERTEX_POINT('',#1252);
#1252 = CARTESIAN_POINT('',(-78.,-57.5,45.5525));
#1253 = SURFACE_CURVE('',#1254,(#1258,#1264),.PCURVE_S1.);
#1254 = LINE('',#1255,#1256);
#1255 = CARTESIAN_POINT('',(-78.,-57.5,30.82625));
#1256 = VECTOR('',#1257,1.);
#1257 = DIRECTION('',(-0.,0.,-1.));
#1258 = PCURVE('',#217,#1259);
#1259 = DEFINITIONAL_REPRESENTATION('',(#1260),#1263);
#1260 = B_SPLINE_CURVE_WITH_KNOTS('',1,(#1261,#1262),.UNSPECIFIED.,.F.,
  .F.,(2,2),(-17.37375,-14.72625),.PIECEWISE_BEZIER_KNOTS.);
#1261 = CARTESIAN_POINT('',(31.1,-15.5));
#1262 = CARTESIAN_POINT('',(28.4525,-15.5));
#1263 = ( GEOMETRIC_REPRESENTATION_CONTEXT(2) 
PARAMETRIC_REPRESENTATION_CONTEXT() REPRESENTATION_CONTEXT('2D SPACE',''
  ) );
#1264 = PCURVE('',#1265,#1270);
#1265 = PLANE('',#1266);
#1266 = AXIS2_PLACEMENT_3D('',#1267,#1268,#1269);
#1267 = CARTESIAN_POINT('',(-82.5,-57.5,44.5525));
#1268 = DIRECTION('',(-0.,1.,0.));
#1269 = DIRECTION('',(0.,0.,1.));
#1270 = DEFINITIONAL_REPRESENTATION('',(#1271),#1274);
#1271 = B_SPLINE_CURVE_WITH_KNOTS('',1,(#1272,#1273),.UNSPECIFIED.,.F.,
  .F.,(2,2),(-17.37375,-14.72625),.PIECEWISE_BEZIER_KNOTS.);
#1272 = CARTESIAN_POINT('',(3.6475,4.5));
#1273 = CARTESIAN_POINT('',(1.,4.5));
#1274 = ( GEOMETRIC_REPRESENTATION_CONTEXT(2) 
PARAMETRIC_REPRESENTATION_CONTEXT() REPRESENTATION_CONTEXT('2D SPACE',''
  ) );
#1275 = ORIENTED_EDGE('',*,*,#1276,.F.);
#1276 = EDGE_CURVE('',#1277,#1251,#1279,.T.);
#1277 = VERTEX_POINT('',#1278);
#1278 = CARTESIAN_POINT('',(-78.,-62.23924019964,45.5525));
#1279 = SURFACE_CURVE('',#1280,(#1284,#1290),.PCURVE_S1.);
#1280 = LINE('',#1281,#1282);
#1281 = CARTESIAN_POINT('',(-78.,-67.61962009982,45.5525));
#1282 = VECTOR('',#1283,1.);
#1283 = DIRECTION('',(-0.,1.,0.));
#1284 = PCURVE('',#217,#1285);
#1285 = DEFINITIONAL_REPRESENTATION('',(#1286),#1289);
#1286 = B_SPLINE_CURVE_WITH_KNOTS('',1,(#1287,#1288),.UNSPECIFIED.,.F.,
  .F.,(2,2),(5.380379900177,12.619620099823),.PIECEWISE_BEZIER_KNOTS.);
#1287 = CARTESIAN_POINT('',(28.4525,-10.76075980035));
#1288 = CARTESIAN_POINT('',(28.4525,-18.));
#1289 = ( GEOMETRIC_REPRESENTATION_CONTEXT(2) 
PARAMETRIC_REPRESENTATION_CONTEXT() REPRESENTATION_CONTEXT('2D SPACE',''
  ) );
#1290 = PCURVE('',#1134,#1291);
#1291 = DEFINITIONAL_REPRESENTATION('',(#1292),#1295);
#1292 = B_SPLINE_CURVE_WITH_KNOTS('',1,(#1293,#1294),.UNSPECIFIED.,.F.,
  .F.,(2,2),(5.380379900177,12.619620099823),.PIECEWISE_BEZIER_KNOTS.);
#1293 = CARTESIAN_POINT('',(9.239240199646,0.));
#1294 = CARTESIAN_POINT('',(9.239240199646,7.239240199646));
#1295 = ( GEOMETRIC_REPRESENTATION_CONTEXT(2) 
PARAMETRIC_REPRESENTATION_CONTEXT() REPRESENTATION_CONTEXT('2D SPACE',''
  ) );
#1296 = ORIENTED_EDGE('',*,*,#1297,.F.);
#1297 = EDGE_CURVE('',#894,#1277,#1298,.T.);
#1298 = SURFACE_CURVE('',#1299,(#1303,#1309),.PCURVE_S1.);
#1299 = LINE('',#1300,#1301);
#1300 = CARTESIAN_POINT('',(-78.,-62.23924019964,31.32625));
#1301 = VECTOR('',#1302,1.);
#1302 = DIRECTION('',(-0.,0.,-1.));
#1303 = PCURVE('',#217,#1304);
#1304 = DEFINITIONAL_REPRESENTATION('',(#1305),#1308);
#1305 = B_SPLINE_CURVE_WITH_KNOTS('',1,(#1306,#1307),.UNSPECIFIED.,.F.,
  .F.,(2,2),(-16.87375,-14.22625),.PIECEWISE_BEZIER_KNOTS.);
#1306 = CARTESIAN_POINT('',(31.1,-10.76075980035));
#1307 = CARTESIAN_POINT('',(28.4525,-10.76075980035));
#1308 = ( GEOMETRIC_REPRESENTATION_CONTEXT(2) 
PARAMETRIC_REPRESENTATION_CONTEXT() REPRESENTATION_CONTEXT('2D SPACE',''
  ) );
#1309 = PCURVE('',#929,#1310);
#1310 = DEFINITIONAL_REPRESENTATION('',(#1311),#1314);
#1311 = B_SPLINE_CURVE_WITH_KNOTS('',1,(#1312,#1313),.UNSPECIFIED.,.F.,
  .F.,(2,2),(-16.87375,-14.22625),.PIECEWISE_BEZIER_KNOTS.);
#1312 = CARTESIAN_POINT('',(2.6475,9.239240199646));
#1313 = CARTESIAN_POINT('',(0.,9.239240199646));
#1314 = ( GEOMETRIC_REPRESENTATION_CONTEXT(2) 
PARAMETRIC_REPRESENTATION_CONTEXT() REPRESENTATION_CONTEXT('2D SPACE',''
  ) );
#1315 = ORIENTED_EDGE('',*,*,#893,.F.);
#1316 = ADVANCED_FACE('',(#1317),#248,.T.);
#1317 = FACE_BOUND('',#1318,.T.);
#1318 = EDGE_LOOP('',(#1319,#1320,#1343,#1371));
#1319 = ORIENTED_EDGE('',*,*,#231,.F.);
#1320 = ORIENTED_EDGE('',*,*,#1321,.T.);
#1321 = EDGE_CURVE('',#232,#1322,#1324,.T.);
#1322 = VERTEX_POINT('',#1323);
#1323 = CARTESIAN_POINT('',(-96.88305664062,-73.6,33.277490234375));
#1324 = SURFACE_CURVE('',#1325,(#1329,#1336),.PCURVE_S1.);
#1325 = LINE('',#1326,#1327);
#1326 = CARTESIAN_POINT('',(-96.88305664062,-72.95,33.277490234375));
#1327 = VECTOR('',#1328,1.);
#1328 = DIRECTION('',(0.,-1.,0.));
#1329 = PCURVE('',#248,#1330);
#1330 = DEFINITIONAL_REPRESENTATION('',(#1331),#1335);
#1331 = LINE('',#1332,#1333);
#1332 = CARTESIAN_POINT('',(0.,0.));
#1333 = VECTOR('',#1334,1.);
#1334 = DIRECTION('',(0.,-1.));
#1335 = ( GEOMETRIC_REPRESENTATION_CONTEXT(2) 
PARAMETRIC_REPRESENTATION_CONTEXT() REPRESENTATION_CONTEXT('2D SPACE',''
  ) );
#1336 = PCURVE('',#274,#1337);
#1337 = DEFINITIONAL_REPRESENTATION('',(#1338),#1342);
#1338 = LINE('',#1339,#1340);
#1339 = CARTESIAN_POINT('',(0.89111328125,0.));
#1340 = VECTOR('',#1341,1.);
#1341 = DIRECTION('',(0.,-1.));
#1342 = ( GEOMETRIC_REPRESENTATION_CONTEXT(2) 
PARAMETRIC_REPRESENTATION_CONTEXT() REPRESENTATION_CONTEXT('2D SPACE',''
  ) );
#1343 = ORIENTED_EDGE('',*,*,#1344,.T.);
#1344 = EDGE_CURVE('',#1322,#1345,#1347,.T.);
#1345 = VERTEX_POINT('',#1346);
#1346 = CARTESIAN_POINT('',(-96.88305664062,-73.6,36.922509765625));
#1347 = SURFACE_CURVE('',#1348,(#1352,#1359),.PCURVE_S1.);
#1348 = LINE('',#1349,#1350);
#1349 = CARTESIAN_POINT('',(-96.88305664062,-73.6,33.277490234375));
#1350 = VECTOR('',#1351,1.);
#1351 = DIRECTION('',(0.,0.,1.));
#1352 = PCURVE('',#248,#1353);
#1353 = DEFINITIONAL_REPRESENTATION('',(#1354),#1358);
#1354 = LINE('',#1355,#1356);
#1355 = CARTESIAN_POINT('',(0.,-0.65));
#1356 = VECTOR('',#1357,1.);
#1357 = DIRECTION('',(1.,0.));
#1358 = ( GEOMETRIC_REPRESENTATION_CONTEXT(2) 
PARAMETRIC_REPRESENTATION_CONTEXT() REPRESENTATION_CONTEXT('2D SPACE',''
  ) );
#1359 = PCURVE('',#1360,#1365);
#1360 = PLANE('',#1361);
#1361 = AXIS2_PLACEMENT_3D('',#1362,#1363,#1364);
#1362 = CARTESIAN_POINT('',(-97.34204101562,-73.6,33.277490234375));
#1363 = DIRECTION('',(0.,-1.,0.));
#1364 = DIRECTION('',(1.,0.,0.));
#1365 = DEFINITIONAL_REPRESENTATION('',(#1366),#1370);
#1366 = LINE('',#1367,#1368);
#1367 = CARTESIAN_POINT('',(0.458984375,0.));
#1368 = VECTOR('',#1369,1.);
#1369 = DIRECTION('',(0.,1.));
#1370 = ( GEOMETRIC_REPRESENTATION_CONTEXT(2) 
PARAMETRIC_REPRESENTATION_CONTEXT() REPRESENTATION_CONTEXT('2D SPACE',''
  ) );
#1371 = ORIENTED_EDGE('',*,*,#1372,.F.);
#1372 = EDGE_CURVE('',#234,#1345,#1373,.T.);
#1373 = SURFACE_CURVE('',#1374,(#1378,#1385),.PCURVE_S1.);
#1374 = LINE('',#1375,#1376);
#1375 = CARTESIAN_POINT('',(-96.88305664062,-72.95,36.922509765625));
#1376 = VECTOR('',#1377,1.);
#1377 = DIRECTION('',(0.,-1.,0.));
#1378 = PCURVE('',#248,#1379);
#1379 = DEFINITIONAL_REPRESENTATION('',(#1380),#1384);
#1380 = LINE('',#1381,#1382);
#1381 = CARTESIAN_POINT('',(3.64501953125,0.));
#1382 = VECTOR('',#1383,1.);
#1383 = DIRECTION('',(0.,-1.));
#1384 = ( GEOMETRIC_REPRESENTATION_CONTEXT(2) 
PARAMETRIC_REPRESENTATION_CONTEXT() REPRESENTATION_CONTEXT('2D SPACE',''
  ) );
#1385 = PCURVE('',#558,#1386);
#1386 = DEFINITIONAL_REPRESENTATION('',(#1387),#1391);
#1387 = LINE('',#1388,#1389);
#1388 = CARTESIAN_POINT('',(0.,0.));
#1389 = VECTOR('',#1390,1.);
#1390 = DIRECTION('',(0.,-1.));
#1391 = ( GEOMETRIC_REPRESENTATION_CONTEXT(2) 
PARAMETRIC_REPRESENTATION_CONTEXT() REPRESENTATION_CONTEXT('2D SPACE',''
  ) );
#1392 = ADVANCED_FACE('',(#1393),#558,.T.);
#1393 = FACE_BOUND('',#1394,.T.);
#1394 = EDGE_LOOP('',(#1395,#1396,#1397,#1420));
#1395 = ORIENTED_EDGE('',*,*,#545,.F.);
#1396 = ORIENTED_EDGE('',*,*,#1372,.T.);
#1397 = ORIENTED_EDGE('',*,*,#1398,.T.);
#1398 = EDGE_CURVE('',#1345,#1399,#1401,.T.);
#1399 = VERTEX_POINT('',#1400);
#1400 = CARTESIAN_POINT('',(-95.68676757812,-73.6,36.922509765625));
#1401 = SURFACE_CURVE('',#1402,(#1406,#1413),.PCURVE_S1.);
#1402 = LINE('',#1403,#1404);
#1403 = CARTESIAN_POINT('',(-96.88305664062,-73.6,36.922509765625));
#1404 = VECTOR('',#1405,1.);
#1405 = DIRECTION('',(1.,0.,0.));
#1406 = PCURVE('',#558,#1407);
#1407 = DEFINITIONAL_REPRESENTATION('',(#1408),#1412);
#1408 = LINE('',#1409,#1410);
#1409 = CARTESIAN_POINT('',(0.,-0.65));
#1410 = VECTOR('',#1411,1.);
#1411 = DIRECTION('',(1.,0.));
#1412 = ( GEOMETRIC_REPRESENTATION_CONTEXT(2) 
PARAMETRIC_REPRESENTATION_CONTEXT() REPRESENTATION_CONTEXT('2D SPACE',''
  ) );
#1413 = PCURVE('',#1360,#1414);
#1414 = DEFINITIONAL_REPRESENTATION('',(#1415),#1419);
#1415 = LINE('',#1416,#1417);
#1416 = CARTESIAN_POINT('',(0.458984375,3.64501953125));
#1417 = VECTOR('',#1418,1.);
#1418 = DIRECTION('',(1.,0.));
#1419 = ( GEOMETRIC_REPRESENTATION_CONTEXT(2) 
PARAMETRIC_REPRESENTATION_CONTEXT() REPRESENTATION_CONTEXT('2D SPACE',''
  ) );
#1420 = ORIENTED_EDGE('',*,*,#1421,.F.);
#1421 = EDGE_CURVE('',#520,#1399,#1422,.T.);
#1422 = SURFACE_CURVE('',#1423,(#1427,#1434),.PCURVE_S1.);
#1423 = LINE('',#1424,#1425);
#1424 = CARTESIAN_POINT('',(-95.68676757812,-72.95,36.922509765625));
#1425 = VECTOR('',#1426,1.);
#1426 = DIRECTION('',(0.,-1.,0.));
#1427 = PCURVE('',#558,#1428);
#1428 = DEFINITIONAL_REPRESENTATION('',(#1429),#1433);
#1429 = LINE('',#1430,#1431);
#1430 = CARTESIAN_POINT('',(1.1962890625,0.));
#1431 = VECTOR('',#1432,1.);
#1432 = DIRECTION('',(0.,-1.));
#1433 = ( GEOMETRIC_REPRESENTATION_CONTEXT(2) 
PARAMETRIC_REPRESENTATION_CONTEXT() REPRESENTATION_CONTEXT('2D SPACE',''
  ) );
#1434 = PCURVE('',#534,#1435);
#1435 = DEFINITIONAL_REPRESENTATION('',(#1436),#1440);
#1436 = LINE('',#1437,#1438);
#1437 = CARTESIAN_POINT('',(0.,0.));
#1438 = VECTOR('',#1439,1.);
#1439 = DIRECTION('',(0.,-1.));
#1440 = ( GEOMETRIC_REPRESENTATION_CONTEXT(2) 
PARAMETRIC_REPRESENTATION_CONTEXT() REPRESENTATION_CONTEXT('2D SPACE',''
  ) );
#1441 = ADVANCED_FACE('',(#1442),#534,.T.);
#1442 = FACE_BOUND('',#1443,.T.);
#1443 = EDGE_LOOP('',(#1444,#1445,#1446,#1469));
#1444 = ORIENTED_EDGE('',*,*,#519,.F.);
#1445 = ORIENTED_EDGE('',*,*,#1421,.T.);
#1446 = ORIENTED_EDGE('',*,*,#1447,.T.);
#1447 = EDGE_CURVE('',#1399,#1448,#1450,.T.);
#1448 = VERTEX_POINT('',#1449);
#1449 = CARTESIAN_POINT('',(-94.85668945312,-73.6,34.971826171875));
#1450 = SURFACE_CURVE('',#1451,(#1455,#1462),.PCURVE_S1.);
#1451 = LINE('',#1452,#1453);
#1452 = CARTESIAN_POINT('',(-95.68676757812,-73.6,36.922509765625));
#1453 = VECTOR('',#1454,1.);
#1454 = DIRECTION('',(0.391555164097,0.,-0.920154635629));
#1455 = PCURVE('',#534,#1456);
#1456 = DEFINITIONAL_REPRESENTATION('',(#1457),#1461);
#1457 = LINE('',#1458,#1459);
#1458 = CARTESIAN_POINT('',(0.,-0.65));
#1459 = VECTOR('',#1460,1.);
#1460 = DIRECTION('',(1.,0.));
#1461 = ( GEOMETRIC_REPRESENTATION_CONTEXT(2) 
PARAMETRIC_REPRESENTATION_CONTEXT() REPRESENTATION_CONTEXT('2D SPACE',''
  ) );
#1462 = PCURVE('',#1360,#1463);
#1463 = DEFINITIONAL_REPRESENTATION('',(#1464),#1468);
#1464 = LINE('',#1465,#1466);
#1465 = CARTESIAN_POINT('',(1.6552734375,3.64501953125));
#1466 = VECTOR('',#1467,1.);
#1467 = DIRECTION('',(0.391555164097,-0.920154635629));
#1468 = ( GEOMETRIC_REPRESENTATION_CONTEXT(2) 
PARAMETRIC_REPRESENTATION_CONTEXT() REPRESENTATION_CONTEXT('2D SPACE',''
  ) );
#1469 = ORIENTED_EDGE('',*,*,#1470,.F.);
#1470 = EDGE_CURVE('',#494,#1448,#1471,.T.);
#1471 = SURFACE_CURVE('',#1472,(#1476,#1483),.PCURVE_S1.);
#1472 = LINE('',#1473,#1474);
#1473 = CARTESIAN_POINT('',(-94.85668945312,-72.95,34.971826171875));
#1474 = VECTOR('',#1475,1.);
#1475 = DIRECTION('',(0.,-1.,0.));
#1476 = PCURVE('',#534,#1477);
#1477 = DEFINITIONAL_REPRESENTATION('',(#1478),#1482);
#1478 = LINE('',#1479,#1480);
#1479 = CARTESIAN_POINT('',(2.119951927882,0.));
#1480 = VECTOR('',#1481,1.);
#1481 = DIRECTION('',(0.,-1.));
#1482 = ( GEOMETRIC_REPRESENTATION_CONTEXT(2) 
PARAMETRIC_REPRESENTATION_CONTEXT() REPRESENTATION_CONTEXT('2D SPACE',''
  ) );
#1483 = PCURVE('',#508,#1484);
#1484 = DEFINITIONAL_REPRESENTATION('',(#1485),#1489);
#1485 = LINE('',#1486,#1487);
#1486 = CARTESIAN_POINT('',(0.,0.));
#1487 = VECTOR('',#1488,1.);
#1488 = DIRECTION('',(0.,-1.));
#1489 = ( GEOMETRIC_REPRESENTATION_CONTEXT(2) 
PARAMETRIC_REPRESENTATION_CONTEXT() REPRESENTATION_CONTEXT('2D SPACE',''
  ) );
#1490 = ADVANCED_FACE('',(#1491),#508,.T.);
#1491 = FACE_BOUND('',#1492,.T.);
#1492 = EDGE_LOOP('',(#1493,#1494,#1495,#1518));
#1493 = ORIENTED_EDGE('',*,*,#493,.F.);
#1494 = ORIENTED_EDGE('',*,*,#1470,.T.);
#1495 = ORIENTED_EDGE('',*,*,#1496,.T.);
#1496 = EDGE_CURVE('',#1448,#1497,#1499,.T.);
#1497 = VERTEX_POINT('',#1498);
#1498 = CARTESIAN_POINT('',(-94.02172851562,-73.6,36.922509765625));
#1499 = SURFACE_CURVE('',#1500,(#1504,#1511),.PCURVE_S1.);
#1500 = LINE('',#1501,#1502);
#1501 = CARTESIAN_POINT('',(-94.85668945312,-73.6,34.971826171875));
#1502 = VECTOR('',#1503,1.);
#1503 = DIRECTION('',(0.393502664251,0.,0.919323475838));
#1504 = PCURVE('',#508,#1505);
#1505 = DEFINITIONAL_REPRESENTATION('',(#1506),#1510);
#1506 = LINE('',#1507,#1508);
#1507 = CARTESIAN_POINT('',(0.,-0.65));
#1508 = VECTOR('',#1509,1.);
#1509 = DIRECTION('',(1.,0.));
#1510 = ( GEOMETRIC_REPRESENTATION_CONTEXT(2) 
PARAMETRIC_REPRESENTATION_CONTEXT() REPRESENTATION_CONTEXT('2D SPACE',''
  ) );
#1511 = PCURVE('',#1360,#1512);
#1512 = DEFINITIONAL_REPRESENTATION('',(#1513),#1517);
#1513 = LINE('',#1514,#1515);
#1514 = CARTESIAN_POINT('',(2.4853515625,1.6943359375));
#1515 = VECTOR('',#1516,1.);
#1516 = DIRECTION('',(0.393502664251,0.919323475838));
#1517 = ( GEOMETRIC_REPRESENTATION_CONTEXT(2) 
PARAMETRIC_REPRESENTATION_CONTEXT() REPRESENTATION_CONTEXT('2D SPACE',''
  ) );
#1518 = ORIENTED_EDGE('',*,*,#1519,.F.);
#1519 = EDGE_CURVE('',#468,#1497,#1520,.T.);
#1520 = SURFACE_CURVE('',#1521,(#1525,#1532),.PCURVE_S1.);
#1521 = LINE('',#1522,#1523);
#1522 = CARTESIAN_POINT('',(-94.02172851562,-72.95,36.922509765625));
#1523 = VECTOR('',#1524,1.);
#1524 = DIRECTION('',(0.,-1.,0.));
#1525 = PCURVE('',#508,#1526);
#1526 = DEFINITIONAL_REPRESENTATION('',(#1527),#1531);
#1527 = LINE('',#1528,#1529);
#1528 = CARTESIAN_POINT('',(2.121868575119,0.));
#1529 = VECTOR('',#1530,1.);
#1530 = DIRECTION('',(0.,-1.));
#1531 = ( GEOMETRIC_REPRESENTATION_CONTEXT(2) 
PARAMETRIC_REPRESENTATION_CONTEXT() REPRESENTATION_CONTEXT('2D SPACE',''
  ) );
#1532 = PCURVE('',#482,#1533);
#1533 = DEFINITIONAL_REPRESENTATION('',(#1534),#1538);
#1534 = LINE('',#1535,#1536);
#1535 = CARTESIAN_POINT('',(0.,0.));
#1536 = VECTOR('',#1537,1.);
#1537 = DIRECTION('',(0.,-1.));
#1538 = ( GEOMETRIC_REPRESENTATION_CONTEXT(2) 
PARAMETRIC_REPRESENTATION_CONTEXT() REPRESENTATION_CONTEXT('2D SPACE',''
  ) );
#1539 = ADVANCED_FACE('',(#1540),#482,.T.);
#1540 = FACE_BOUND('',#1541,.T.);
#1541 = EDGE_LOOP('',(#1542,#1543,#1544,#1567));
#1542 = ORIENTED_EDGE('',*,*,#467,.F.);
#1543 = ORIENTED_EDGE('',*,*,#1519,.T.);
#1544 = ORIENTED_EDGE('',*,*,#1545,.T.);
#1545 = EDGE_CURVE('',#1497,#1546,#1548,.T.);
#1546 = VERTEX_POINT('',#1547);
#1547 = CARTESIAN_POINT('',(-92.82788085937,-73.6,36.922509765625));
#1548 = SURFACE_CURVE('',#1549,(#1553,#1560),.PCURVE_S1.);
#1549 = LINE('',#1550,#1551);
#1550 = CARTESIAN_POINT('',(-94.02172851562,-73.6,36.922509765625));
#1551 = VECTOR('',#1552,1.);
#1552 = DIRECTION('',(1.,0.,0.));
#1553 = PCURVE('',#482,#1554);
#1554 = DEFINITIONAL_REPRESENTATION('',(#1555),#1559);
#1555 = LINE('',#1556,#1557);
#1556 = CARTESIAN_POINT('',(0.,-0.65));
#1557 = VECTOR('',#1558,1.);
#1558 = DIRECTION('',(1.,0.));
#1559 = ( GEOMETRIC_REPRESENTATION_CONTEXT(2) 
PARAMETRIC_REPRESENTATION_CONTEXT() REPRESENTATION_CONTEXT('2D SPACE',''
  ) );
#1560 = PCURVE('',#1360,#1561);
#1561 = DEFINITIONAL_REPRESENTATION('',(#1562),#1566);
#1562 = LINE('',#1563,#1564);
#1563 = CARTESIAN_POINT('',(3.3203125,3.64501953125));
#1564 = VECTOR('',#1565,1.);
#1565 = DIRECTION('',(1.,0.));
#1566 = ( GEOMETRIC_REPRESENTATION_CONTEXT(2) 
PARAMETRIC_REPRESENTATION_CONTEXT() REPRESENTATION_CONTEXT('2D SPACE',''
  ) );
#1567 = ORIENTED_EDGE('',*,*,#1568,.F.);
#1568 = EDGE_CURVE('',#442,#1546,#1569,.T.);
#1569 = SURFACE_CURVE('',#1570,(#1574,#1581),.PCURVE_S1.);
#1570 = LINE('',#1571,#1572);
#1571 = CARTESIAN_POINT('',(-92.82788085937,-72.95,36.922509765625));
#1572 = VECTOR('',#1573,1.);
#1573 = DIRECTION('',(0.,-1.,0.));
#1574 = PCURVE('',#482,#1575);
#1575 = DEFINITIONAL_REPRESENTATION('',(#1576),#1580);
#1576 = LINE('',#1577,#1578);
#1577 = CARTESIAN_POINT('',(1.19384765625,0.));
#1578 = VECTOR('',#1579,1.);
#1579 = DIRECTION('',(0.,-1.));
#1580 = ( GEOMETRIC_REPRESENTATION_CONTEXT(2) 
PARAMETRIC_REPRESENTATION_CONTEXT() REPRESENTATION_CONTEXT('2D SPACE',''
  ) );
#1581 = PCURVE('',#456,#1582);
#1582 = DEFINITIONAL_REPRESENTATION('',(#1583),#1587);
#1583 = LINE('',#1584,#1585);
#1584 = CARTESIAN_POINT('',(0.,0.));
#1585 = VECTOR('',#1586,1.);
#1586 = DIRECTION('',(0.,-1.));
#1587 = ( GEOMETRIC_REPRESENTATION_CONTEXT(2) 
PARAMETRIC_REPRESENTATION_CONTEXT() REPRESENTATION_CONTEXT('2D SPACE',''
  ) );
#1588 = ADVANCED_FACE('',(#1589),#456,.T.);
#1589 = FACE_BOUND('',#1590,.T.);
#1590 = EDGE_LOOP('',(#1591,#1592,#1593,#1616));
#1591 = ORIENTED_EDGE('',*,*,#441,.F.);
#1592 = ORIENTED_EDGE('',*,*,#1568,.T.);
#1593 = ORIENTED_EDGE('',*,*,#1594,.T.);
#1594 = EDGE_CURVE('',#1546,#1595,#1597,.T.);
#1595 = VERTEX_POINT('',#1596);
#1596 = CARTESIAN_POINT('',(-92.82788085937,-73.6,33.277490234375));
#1597 = SURFACE_CURVE('',#1598,(#1602,#1609),.PCURVE_S1.);
#1598 = LINE('',#1599,#1600);
#1599 = CARTESIAN_POINT('',(-92.82788085937,-73.6,36.922509765625));
#1600 = VECTOR('',#1601,1.);
#1601 = DIRECTION('',(0.,0.,-1.));
#1602 = PCURVE('',#456,#1603);
#1603 = DEFINITIONAL_REPRESENTATION('',(#1604),#1608);
#1604 = LINE('',#1605,#1606);
#1605 = CARTESIAN_POINT('',(0.,-0.65));
#1606 = VECTOR('',#1607,1.);
#1607 = DIRECTION('',(1.,0.));
#1608 = ( GEOMETRIC_REPRESENTATION_CONTEXT(2) 
PARAMETRIC_REPRESENTATION_CONTEXT() REPRESENTATION_CONTEXT('2D SPACE',''
  ) );
#1609 = PCURVE('',#1360,#1610);
#1610 = DEFINITIONAL_REPRESENTATION('',(#1611),#1615);
#1611 = LINE('',#1612,#1613);
#1612 = CARTESIAN_POINT('',(4.51416015625,3.64501953125));
#1613 = VECTOR('',#1614,1.);
#1614 = DIRECTION('',(0.,-1.));
#1615 = ( GEOMETRIC_REPRESENTATION_CONTEXT(2) 
PARAMETRIC_REPRESENTATION_CONTEXT() REPRESENTATION_CONTEXT('2D SPACE',''
  ) );
#1616 = ORIENTED_EDGE('',*,*,#1617,.F.);
#1617 = EDGE_CURVE('',#416,#1595,#1618,.T.);
#1618 = SURFACE_CURVE('',#1619,(#1623,#1630),.PCURVE_S1.);
#1619 = LINE('',#1620,#1621);
#1620 = CARTESIAN_POINT('',(-92.82788085937,-72.95,33.277490234375));
#1621 = VECTOR('',#1622,1.);
#1622 = DIRECTION('',(0.,-1.,0.));
#1623 = PCURVE('',#456,#1624);
#1624 = DEFINITIONAL_REPRESENTATION('',(#1625),#1629);
#1625 = LINE('',#1626,#1627);
#1626 = CARTESIAN_POINT('',(3.64501953125,0.));
#1627 = VECTOR('',#1628,1.);
#1628 = DIRECTION('',(0.,-1.));
#1629 = ( GEOMETRIC_REPRESENTATION_CONTEXT(2) 
PARAMETRIC_REPRESENTATION_CONTEXT() REPRESENTATION_CONTEXT('2D SPACE',''
  ) );
#1630 = PCURVE('',#430,#1631);
#1631 = DEFINITIONAL_REPRESENTATION('',(#1632),#1636);
#1632 = LINE('',#1633,#1634);
#1633 = CARTESIAN_POINT('',(0.,0.));
#1634 = VECTOR('',#1635,1.);
#1635 = DIRECTION('',(0.,-1.));
#1636 = ( GEOMETRIC_REPRESENTATION_CONTEXT(2) 
PARAMETRIC_REPRESENTATION_CONTEXT() REPRESENTATION_CONTEXT('2D SPACE',''
  ) );
#1637 = ADVANCED_FACE('',(#1638),#430,.T.);
#1638 = FACE_BOUND('',#1639,.T.);
#1639 = EDGE_LOOP('',(#1640,#1641,#1642,#1665));
#1640 = ORIENTED_EDGE('',*,*,#415,.F.);
#1641 = ORIENTED_EDGE('',*,*,#1617,.T.);
#1642 = ORIENTED_EDGE('',*,*,#1643,.T.);
#1643 = EDGE_CURVE('',#1595,#1644,#1646,.T.);
#1644 = VERTEX_POINT('',#1645);
#1645 = CARTESIAN_POINT('',(-93.71655273437,-73.6,33.277490234375));
#1646 = SURFACE_CURVE('',#1647,(#1651,#1658),.PCURVE_S1.);
#1647 = LINE('',#1648,#1649);
#1648 = CARTESIAN_POINT('',(-92.82788085937,-73.6,33.277490234375));
#1649 = VECTOR('',#1650,1.);
#1650 = DIRECTION('',(-1.,0.,0.));
#1651 = PCURVE('',#430,#1652);
#1652 = DEFINITIONAL_REPRESENTATION('',(#1653),#1657);
#1653 = LINE('',#1654,#1655);
#1654 = CARTESIAN_POINT('',(0.,-0.65));
#1655 = VECTOR('',#1656,1.);
#1656 = DIRECTION('',(1.,0.));
#1657 = ( GEOMETRIC_REPRESENTATION_CONTEXT(2) 
PARAMETRIC_REPRESENTATION_CONTEXT() REPRESENTATION_CONTEXT('2D SPACE',''
  ) );
#1658 = PCURVE('',#1360,#1659);
#1659 = DEFINITIONAL_REPRESENTATION('',(#1660),#1664);
#1660 = LINE('',#1661,#1662);
#1661 = CARTESIAN_POINT('',(4.51416015625,0.));
#1662 = VECTOR('',#1663,1.);
#1663 = DIRECTION('',(-1.,0.));
#1664 = ( GEOMETRIC_REPRESENTATION_CONTEXT(2) 
PARAMETRIC_REPRESENTATION_CONTEXT() REPRESENTATION_CONTEXT('2D SPACE',''
  ) );
#1665 = ORIENTED_EDGE('',*,*,#1666,.F.);
#1666 = EDGE_CURVE('',#390,#1644,#1667,.T.);
#1667 = SURFACE_CURVE('',#1668,(#1672,#1679),.PCURVE_S1.);
#1668 = LINE('',#1669,#1670);
#1669 = CARTESIAN_POINT('',(-93.71655273437,-72.95,33.277490234375));
#1670 = VECTOR('',#1671,1.);
#1671 = DIRECTION('',(0.,-1.,0.));
#1672 = PCURVE('',#430,#1673);
#1673 = DEFINITIONAL_REPRESENTATION('',(#1674),#1678);
#1674 = LINE('',#1675,#1676);
#1675 = CARTESIAN_POINT('',(0.888671875,0.));
#1676 = VECTOR('',#1677,1.);
#1677 = DIRECTION('',(0.,-1.));
#1678 = ( GEOMETRIC_REPRESENTATION_CONTEXT(2) 
PARAMETRIC_REPRESENTATION_CONTEXT() REPRESENTATION_CONTEXT('2D SPACE',''
  ) );
#1679 = PCURVE('',#404,#1680);
#1680 = DEFINITIONAL_REPRESENTATION('',(#1681),#1685);
#1681 = LINE('',#1682,#1683);
#1682 = CARTESIAN_POINT('',(0.,0.));
#1683 = VECTOR('',#1684,1.);
#1684 = DIRECTION('',(0.,-1.));
#1685 = ( GEOMETRIC_REPRESENTATION_CONTEXT(2) 
PARAMETRIC_REPRESENTATION_CONTEXT() REPRESENTATION_CONTEXT('2D SPACE',''
  ) );
#1686 = ADVANCED_FACE('',(#1687),#404,.T.);
#1687 = FACE_BOUND('',#1688,.T.);
#1688 = EDGE_LOOP('',(#1689,#1690,#1691,#1714));
#1689 = ORIENTED_EDGE('',*,*,#389,.F.);
#1690 = ORIENTED_EDGE('',*,*,#1666,.T.);
#1691 = ORIENTED_EDGE('',*,*,#1692,.T.);
#1692 = EDGE_CURVE('',#1644,#1693,#1695,.T.);
#1693 = VERTEX_POINT('',#1694);
#1694 = CARTESIAN_POINT('',(-93.71655273437,-73.6,35.943505859375));
#1695 = SURFACE_CURVE('',#1696,(#1700,#1707),.PCURVE_S1.);
#1696 = LINE('',#1697,#1698);
#1697 = CARTESIAN_POINT('',(-93.71655273437,-73.6,33.277490234375));
#1698 = VECTOR('',#1699,1.);
#1699 = DIRECTION('',(0.,0.,1.));
#1700 = PCURVE('',#404,#1701);
#1701 = DEFINITIONAL_REPRESENTATION('',(#1702),#1706);
#1702 = LINE('',#1703,#1704);
#1703 = CARTESIAN_POINT('',(0.,-0.65));
#1704 = VECTOR('',#1705,1.);
#1705 = DIRECTION('',(1.,0.));
#1706 = ( GEOMETRIC_REPRESENTATION_CONTEXT(2) 
PARAMETRIC_REPRESENTATION_CONTEXT() REPRESENTATION_CONTEXT('2D SPACE',''
  ) );
#1707 = PCURVE('',#1360,#1708);
#1708 = DEFINITIONAL_REPRESENTATION('',(#1709),#1713);
#1709 = LINE('',#1710,#1711);
#1710 = CARTESIAN_POINT('',(3.62548828125,0.));
#1711 = VECTOR('',#1712,1.);
#1712 = DIRECTION('',(0.,1.));
#1713 = ( GEOMETRIC_REPRESENTATION_CONTEXT(2) 
PARAMETRIC_REPRESENTATION_CONTEXT() REPRESENTATION_CONTEXT('2D SPACE',''
  ) );
#1714 = ORIENTED_EDGE('',*,*,#1715,.F.);
#1715 = EDGE_CURVE('',#364,#1693,#1716,.T.);
#1716 = SURFACE_CURVE('',#1717,(#1721,#1728),.PCURVE_S1.);
#1717 = LINE('',#1718,#1719);
#1718 = CARTESIAN_POINT('',(-93.71655273437,-72.95,35.943505859375));
#1719 = VECTOR('',#1720,1.);
#1720 = DIRECTION('',(0.,-1.,0.));
#1721 = PCURVE('',#404,#1722);
#1722 = DEFINITIONAL_REPRESENTATION('',(#1723),#1727);
#1723 = LINE('',#1724,#1725);
#1724 = CARTESIAN_POINT('',(2.666015625,0.));
#1725 = VECTOR('',#1726,1.);
#1726 = DIRECTION('',(0.,-1.));
#1727 = ( GEOMETRIC_REPRESENTATION_CONTEXT(2) 
PARAMETRIC_REPRESENTATION_CONTEXT() REPRESENTATION_CONTEXT('2D SPACE',''
  ) );
#1728 = PCURVE('',#378,#1729);
#1729 = DEFINITIONAL_REPRESENTATION('',(#1730),#1734);
#1730 = LINE('',#1731,#1732);
#1731 = CARTESIAN_POINT('',(-0.,0.));
#1732 = VECTOR('',#1733,1.);
#1733 = DIRECTION('',(0.,-1.));
#1734 = ( GEOMETRIC_REPRESENTATION_CONTEXT(2) 
PARAMETRIC_REPRESENTATION_CONTEXT() REPRESENTATION_CONTEXT('2D SPACE',''
  ) );
#1735 = ADVANCED_FACE('',(#1736),#378,.T.);
#1736 = FACE_BOUND('',#1737,.T.);
#1737 = EDGE_LOOP('',(#1738,#1739,#1740,#1763));
#1738 = ORIENTED_EDGE('',*,*,#363,.F.);
#1739 = ORIENTED_EDGE('',*,*,#1715,.T.);
#1740 = ORIENTED_EDGE('',*,*,#1741,.T.);
#1741 = EDGE_CURVE('',#1693,#1742,#1744,.T.);
#1742 = VERTEX_POINT('',#1743);
#1743 = CARTESIAN_POINT('',(-94.55639648437,-73.6,33.978173828125));
#1744 = SURFACE_CURVE('',#1745,(#1749,#1756),.PCURVE_S1.);
#1745 = LINE('',#1746,#1747);
#1746 = CARTESIAN_POINT('',(-93.71655273437,-73.6,35.943505859375));
#1747 = VECTOR('',#1748,1.);
#1748 = DIRECTION('',(-0.392954027956,-0.,-0.919558117746));
#1749 = PCURVE('',#378,#1750);
#1750 = DEFINITIONAL_REPRESENTATION('',(#1751),#1755);
#1751 = LINE('',#1752,#1753);
#1752 = CARTESIAN_POINT('',(0.,-0.65));
#1753 = VECTOR('',#1754,1.);
#1754 = DIRECTION('',(1.,0.));
#1755 = ( GEOMETRIC_REPRESENTATION_CONTEXT(2) 
PARAMETRIC_REPRESENTATION_CONTEXT() REPRESENTATION_CONTEXT('2D SPACE',''
  ) );
#1756 = PCURVE('',#1360,#1757);
#1757 = DEFINITIONAL_REPRESENTATION('',(#1758),#1762);
#1758 = LINE('',#1759,#1760);
#1759 = CARTESIAN_POINT('',(3.62548828125,2.666015625));
#1760 = VECTOR('',#1761,1.);
#1761 = DIRECTION('',(-0.392954027956,-0.919558117746));
#1762 = ( GEOMETRIC_REPRESENTATION_CONTEXT(2) 
PARAMETRIC_REPRESENTATION_CONTEXT() REPRESENTATION_CONTEXT('2D SPACE',''
  ) );
#1763 = ORIENTED_EDGE('',*,*,#1764,.F.);
#1764 = EDGE_CURVE('',#338,#1742,#1765,.T.);
#1765 = SURFACE_CURVE('',#1766,(#1770,#1777),.PCURVE_S1.);
#1766 = LINE('',#1767,#1768);
#1767 = CARTESIAN_POINT('',(-94.55639648437,-72.95,33.978173828125));
#1768 = VECTOR('',#1769,1.);
#1769 = DIRECTION('',(0.,-1.,0.));
#1770 = PCURVE('',#378,#1771);
#1771 = DEFINITIONAL_REPRESENTATION('',(#1772),#1776);
#1772 = LINE('',#1773,#1774);
#1773 = CARTESIAN_POINT('',(2.137257007819,0.));
#1774 = VECTOR('',#1775,1.);
#1775 = DIRECTION('',(0.,-1.));
#1776 = ( GEOMETRIC_REPRESENTATION_CONTEXT(2) 
PARAMETRIC_REPRESENTATION_CONTEXT() REPRESENTATION_CONTEXT('2D SPACE',''
  ) );
#1777 = PCURVE('',#352,#1778);
#1778 = DEFINITIONAL_REPRESENTATION('',(#1779),#1783);
#1779 = LINE('',#1780,#1781);
#1780 = CARTESIAN_POINT('',(0.,0.));
#1781 = VECTOR('',#1782,1.);
#1782 = DIRECTION('',(0.,-1.));
#1783 = ( GEOMETRIC_REPRESENTATION_CONTEXT(2) 
PARAMETRIC_REPRESENTATION_CONTEXT() REPRESENTATION_CONTEXT('2D SPACE',''
  ) );
#1784 = ADVANCED_FACE('',(#1785),#352,.T.);
#1785 = FACE_BOUND('',#1786,.T.);
#1786 = EDGE_LOOP('',(#1787,#1788,#1789,#1812));
#1787 = ORIENTED_EDGE('',*,*,#337,.F.);
#1788 = ORIENTED_EDGE('',*,*,#1764,.T.);
#1789 = ORIENTED_EDGE('',*,*,#1790,.T.);
#1790 = EDGE_CURVE('',#1742,#1791,#1793,.T.);
#1791 = VERTEX_POINT('',#1792);
#1792 = CARTESIAN_POINT('',(-95.15209960937,-73.6,33.978173828125));
#1793 = SURFACE_CURVE('',#1794,(#1798,#1805),.PCURVE_S1.);
#1794 = LINE('',#1795,#1796);
#1795 = CARTESIAN_POINT('',(-94.55639648437,-73.6,33.978173828125));
#1796 = VECTOR('',#1797,1.);
#1797 = DIRECTION('',(-1.,0.,0.));
#1798 = PCURVE('',#352,#1799);
#1799 = DEFINITIONAL_REPRESENTATION('',(#1800),#1804);
#1800 = LINE('',#1801,#1802);
#1801 = CARTESIAN_POINT('',(0.,-0.65));
#1802 = VECTOR('',#1803,1.);
#1803 = DIRECTION('',(1.,0.));
#1804 = ( GEOMETRIC_REPRESENTATION_CONTEXT(2) 
PARAMETRIC_REPRESENTATION_CONTEXT() REPRESENTATION_CONTEXT('2D SPACE',''
  ) );
#1805 = PCURVE('',#1360,#1806);
#1806 = DEFINITIONAL_REPRESENTATION('',(#1807),#1811);
#1807 = LINE('',#1808,#1809);
#1808 = CARTESIAN_POINT('',(2.78564453125,0.70068359375));
#1809 = VECTOR('',#1810,1.);
#1810 = DIRECTION('',(-1.,0.));
#1811 = ( GEOMETRIC_REPRESENTATION_CONTEXT(2) 
PARAMETRIC_REPRESENTATION_CONTEXT() REPRESENTATION_CONTEXT('2D SPACE',''
  ) );
#1812 = ORIENTED_EDGE('',*,*,#1813,.F.);
#1813 = EDGE_CURVE('',#312,#1791,#1814,.T.);
#1814 = SURFACE_CURVE('',#1815,(#1819,#1826),.PCURVE_S1.);
#1815 = LINE('',#1816,#1817);
#1816 = CARTESIAN_POINT('',(-95.15209960937,-72.95,33.978173828125));
#1817 = VECTOR('',#1818,1.);
#1818 = DIRECTION('',(0.,-1.,0.));
#1819 = PCURVE('',#352,#1820);
#1820 = DEFINITIONAL_REPRESENTATION('',(#1821),#1825);
#1821 = LINE('',#1822,#1823);
#1822 = CARTESIAN_POINT('',(0.595703125,0.));
#1823 = VECTOR('',#1824,1.);
#1824 = DIRECTION('',(0.,-1.));
#1825 = ( GEOMETRIC_REPRESENTATION_CONTEXT(2) 
PARAMETRIC_REPRESENTATION_CONTEXT() REPRESENTATION_CONTEXT('2D SPACE',''
  ) );
#1826 = PCURVE('',#326,#1827);
#1827 = DEFINITIONAL_REPRESENTATION('',(#1828),#1832);
#1828 = LINE('',#1829,#1830);
#1829 = CARTESIAN_POINT('',(0.,0.));
#1830 = VECTOR('',#1831,1.);
#1831 = DIRECTION('',(0.,-1.));
#1832 = ( GEOMETRIC_REPRESENTATION_CONTEXT(2) 
PARAMETRIC_REPRESENTATION_CONTEXT() REPRESENTATION_CONTEXT('2D SPACE',''
  ) );
#1833 = ADVANCED_FACE('',(#1834),#326,.T.);
#1834 = FACE_BOUND('',#1835,.T.);
#1835 = EDGE_LOOP('',(#1836,#1837,#1838,#1861));
#1836 = ORIENTED_EDGE('',*,*,#311,.F.);
#1837 = ORIENTED_EDGE('',*,*,#1813,.T.);
#1838 = ORIENTED_EDGE('',*,*,#1839,.T.);
#1839 = EDGE_CURVE('',#1791,#1840,#1842,.T.);
#1840 = VERTEX_POINT('',#1841);
#1841 = CARTESIAN_POINT('',(-95.99194335937,-73.6,35.943505859375));
#1842 = SURFACE_CURVE('',#1843,(#1847,#1854),.PCURVE_S1.);
#1843 = LINE('',#1844,#1845);
#1844 = CARTESIAN_POINT('',(-95.15209960937,-73.6,33.978173828125));
#1845 = VECTOR('',#1846,1.);
#1846 = DIRECTION('',(-0.392954027956,0.,0.919558117746));
#1847 = PCURVE('',#326,#1848);
#1848 = DEFINITIONAL_REPRESENTATION('',(#1849),#1853);
#1849 = LINE('',#1850,#1851);
#1850 = CARTESIAN_POINT('',(0.,-0.65));
#1851 = VECTOR('',#1852,1.);
#1852 = DIRECTION('',(1.,0.));
#1853 = ( GEOMETRIC_REPRESENTATION_CONTEXT(2) 
PARAMETRIC_REPRESENTATION_CONTEXT() REPRESENTATION_CONTEXT('2D SPACE',''
  ) );
#1854 = PCURVE('',#1360,#1855);
#1855 = DEFINITIONAL_REPRESENTATION('',(#1856),#1860);
#1856 = LINE('',#1857,#1858);
#1857 = CARTESIAN_POINT('',(2.18994140625,0.70068359375));
#1858 = VECTOR('',#1859,1.);
#1859 = DIRECTION('',(-0.392954027956,0.919558117746));
#1860 = ( GEOMETRIC_REPRESENTATION_CONTEXT(2) 
PARAMETRIC_REPRESENTATION_CONTEXT() REPRESENTATION_CONTEXT('2D SPACE',''
  ) );
#1861 = ORIENTED_EDGE('',*,*,#1862,.F.);
#1862 = EDGE_CURVE('',#286,#1840,#1863,.T.);
#1863 = SURFACE_CURVE('',#1864,(#1868,#1875),.PCURVE_S1.);
#1864 = LINE('',#1865,#1866);
#1865 = CARTESIAN_POINT('',(-95.99194335937,-72.95,35.943505859375));
#1866 = VECTOR('',#1867,1.);
#1867 = DIRECTION('',(0.,-1.,0.));
#1868 = PCURVE('',#326,#1869);
#1869 = DEFINITIONAL_REPRESENTATION('',(#1870),#1874);
#1870 = LINE('',#1871,#1872);
#1871 = CARTESIAN_POINT('',(2.137257007819,0.));
#1872 = VECTOR('',#1873,1.);
#1873 = DIRECTION('',(0.,-1.));
#1874 = ( GEOMETRIC_REPRESENTATION_CONTEXT(2) 
PARAMETRIC_REPRESENTATION_CONTEXT() REPRESENTATION_CONTEXT('2D SPACE',''
  ) );
#1875 = PCURVE('',#300,#1876);
#1876 = DEFINITIONAL_REPRESENTATION('',(#1877),#1881);
#1877 = LINE('',#1878,#1879);
#1878 = CARTESIAN_POINT('',(0.,0.));
#1879 = VECTOR('',#1880,1.);
#1880 = DIRECTION('',(0.,-1.));
#1881 = ( GEOMETRIC_REPRESENTATION_CONTEXT(2) 
PARAMETRIC_REPRESENTATION_CONTEXT() REPRESENTATION_CONTEXT('2D SPACE',''
  ) );
#1882 = ADVANCED_FACE('',(#1883),#300,.T.);
#1883 = FACE_BOUND('',#1884,.T.);
#1884 = EDGE_LOOP('',(#1885,#1886,#1887,#1910));
#1885 = ORIENTED_EDGE('',*,*,#285,.F.);
#1886 = ORIENTED_EDGE('',*,*,#1862,.T.);
#1887 = ORIENTED_EDGE('',*,*,#1888,.T.);
#1888 = EDGE_CURVE('',#1840,#1889,#1891,.T.);
#1889 = VERTEX_POINT('',#1890);
#1890 = CARTESIAN_POINT('',(-95.99194335937,-73.6,33.277490234375));
#1891 = SURFACE_CURVE('',#1892,(#1896,#1903),.PCURVE_S1.);
#1892 = LINE('',#1893,#1894);
#1893 = CARTESIAN_POINT('',(-95.99194335937,-73.6,35.943505859375));
#1894 = VECTOR('',#1895,1.);
#1895 = DIRECTION('',(0.,0.,-1.));
#1896 = PCURVE('',#300,#1897);
#1897 = DEFINITIONAL_REPRESENTATION('',(#1898),#1902);
#1898 = LINE('',#1899,#1900);
#1899 = CARTESIAN_POINT('',(0.,-0.65));
#1900 = VECTOR('',#1901,1.);
#1901 = DIRECTION('',(1.,0.));
#1902 = ( GEOMETRIC_REPRESENTATION_CONTEXT(2) 
PARAMETRIC_REPRESENTATION_CONTEXT() REPRESENTATION_CONTEXT('2D SPACE',''
  ) );
#1903 = PCURVE('',#1360,#1904);
#1904 = DEFINITIONAL_REPRESENTATION('',(#1905),#1909);
#1905 = LINE('',#1906,#1907);
#1906 = CARTESIAN_POINT('',(1.35009765625,2.666015625));
#1907 = VECTOR('',#1908,1.);
#1908 = DIRECTION('',(0.,-1.));
#1909 = ( GEOMETRIC_REPRESENTATION_CONTEXT(2) 
PARAMETRIC_REPRESENTATION_CONTEXT() REPRESENTATION_CONTEXT('2D SPACE',''
  ) );
#1910 = ORIENTED_EDGE('',*,*,#1911,.F.);
#1911 = EDGE_CURVE('',#260,#1889,#1912,.T.);
#1912 = SURFACE_CURVE('',#1913,(#1917,#1924),.PCURVE_S1.);
#1913 = LINE('',#1914,#1915);
#1914 = CARTESIAN_POINT('',(-95.99194335937,-72.95,33.277490234375));
#1915 = VECTOR('',#1916,1.);
#1916 = DIRECTION('',(0.,-1.,0.));
#1917 = PCURVE('',#300,#1918);
#1918 = DEFINITIONAL_REPRESENTATION('',(#1919),#1923);
#1919 = LINE('',#1920,#1921);
#1920 = CARTESIAN_POINT('',(2.666015625,0.));
#1921 = VECTOR('',#1922,1.);
#1922 = DIRECTION('',(0.,-1.));
#1923 = ( GEOMETRIC_REPRESENTATION_CONTEXT(2) 
PARAMETRIC_REPRESENTATION_CONTEXT() REPRESENTATION_CONTEXT('2D SPACE',''
  ) );
#1924 = PCURVE('',#274,#1925);
#1925 = DEFINITIONAL_REPRESENTATION('',(#1926),#1930);
#1926 = LINE('',#1927,#1928);
#1927 = CARTESIAN_POINT('',(0.,0.));
#1928 = VECTOR('',#1929,1.);
#1929 = DIRECTION('',(0.,-1.));
#1930 = ( GEOMETRIC_REPRESENTATION_CONTEXT(2) 
PARAMETRIC_REPRESENTATION_CONTEXT() REPRESENTATION_CONTEXT('2D SPACE',''
  ) );
#1931 = ADVANCED_FACE('',(#1932),#274,.T.);
#1932 = FACE_BOUND('',#1933,.T.);
#1933 = EDGE_LOOP('',(#1934,#1935,#1936,#1957));
#1934 = ORIENTED_EDGE('',*,*,#259,.F.);
#1935 = ORIENTED_EDGE('',*,*,#1911,.T.);
#1936 = ORIENTED_EDGE('',*,*,#1937,.T.);
#1937 = EDGE_CURVE('',#1889,#1322,#1938,.T.);
#1938 = SURFACE_CURVE('',#1939,(#1943,#1950),.PCURVE_S1.);
#1939 = LINE('',#1940,#1941);
#1940 = CARTESIAN_POINT('',(-95.99194335937,-73.6,33.277490234375));
#1941 = VECTOR('',#1942,1.);
#1942 = DIRECTION('',(-1.,0.,0.));
#1943 = PCURVE('',#274,#1944);
#1944 = DEFINITIONAL_REPRESENTATION('',(#1945),#1949);
#1945 = LINE('',#1946,#1947);
#1946 = CARTESIAN_POINT('',(0.,-0.65));
#1947 = VECTOR('',#1948,1.);
#1948 = DIRECTION('',(1.,0.));
#1949 = ( GEOMETRIC_REPRESENTATION_CONTEXT(2) 
PARAMETRIC_REPRESENTATION_CONTEXT() REPRESENTATION_CONTEXT('2D SPACE',''
  ) );
#1950 = PCURVE('',#1360,#1951);
#1951 = DEFINITIONAL_REPRESENTATION('',(#1952),#1956);
#1952 = LINE('',#1953,#1954);
#1953 = CARTESIAN_POINT('',(1.35009765625,0.));
#1954 = VECTOR('',#1955,1.);
#1955 = DIRECTION('',(-1.,0.));
#1956 = ( GEOMETRIC_REPRESENTATION_CONTEXT(2) 
PARAMETRIC_REPRESENTATION_CONTEXT() REPRESENTATION_CONTEXT('2D SPACE',''
  ) );
#1957 = ORIENTED_EDGE('',*,*,#1321,.F.);
#1958 = ADVANCED_FACE('',(#1959),#588,.F.);
#1959 = FACE_BOUND('',#1960,.F.);
#1960 = EDGE_LOOP('',(#1961,#1962,#1983,#1984));
#1961 = ORIENTED_EDGE('',*,*,#1172,.F.);
#1962 = ORIENTED_EDGE('',*,*,#1963,.F.);
#1963 = EDGE_CURVE('',#572,#1173,#1964,.T.);
#1964 = SEAM_CURVE('',#1965,(#1969,#1976),.PCURVE_S1.);
#1965 = LINE('',#1966,#1967);
#1966 = CARTESIAN_POINT('',(-88.8,-74.,26.1));
#1967 = VECTOR('',#1968,1.);
#1968 = DIRECTION('',(0.,1.,2.22044604925E-16));
#1969 = PCURVE('',#588,#1970);
#1970 = DEFINITIONAL_REPRESENTATION('',(#1971),#1975);
#1971 = LINE('',#1972,#1973);
#1972 = CARTESIAN_POINT('',(6.28318530718,-0.));
#1973 = VECTOR('',#1974,1.);
#1974 = DIRECTION('',(0.,1.));
#1975 = ( GEOMETRIC_REPRESENTATION_CONTEXT(2) 
PARAMETRIC_REPRESENTATION_CONTEXT() REPRESENTATION_CONTEXT('2D SPACE',''
  ) );
#1976 = PCURVE('',#588,#1977);
#1977 = DEFINITIONAL_REPRESENTATION('',(#1978),#1982);
#1978 = LINE('',#1979,#1980);
#1979 = CARTESIAN_POINT('',(0.,-0.));
#1980 = VECTOR('',#1981,1.);
#1981 = DIRECTION('',(0.,1.));
#1982 = ( GEOMETRIC_REPRESENTATION_CONTEXT(2) 
PARAMETRIC_REPRESENTATION_CONTEXT() REPRESENTATION_CONTEXT('2D SPACE',''
  ) );
#1983 = ORIENTED_EDGE('',*,*,#571,.T.);
#1984 = ORIENTED_EDGE('',*,*,#1963,.T.);
#1985 = ADVANCED_FACE('',(#1986),#619,.T.);
#1986 = FACE_BOUND('',#1987,.T.);
#1987 = EDGE_LOOP('',(#1988,#1989,#2012,#2040));
#1988 = ORIENTED_EDGE('',*,*,#602,.F.);
#1989 = ORIENTED_EDGE('',*,*,#1990,.T.);
#1990 = EDGE_CURVE('',#603,#1991,#1993,.T.);
#1991 = VERTEX_POINT('',#1992);
#1992 = CARTESIAN_POINT('',(-92.14184570312,-73.6,34.747216796875));
#1993 = SURFACE_CURVE('',#1994,(#1998,#2005),.PCURVE_S1.);
#1994 = LINE('',#1995,#1996);
#1995 = CARTESIAN_POINT('',(-92.14184570312,-72.95,34.747216796875));
#1996 = VECTOR('',#1997,1.);
#1997 = DIRECTION('',(0.,-1.,0.));
#1998 = PCURVE('',#619,#1999);
#1999 = DEFINITIONAL_REPRESENTATION('',(#2000),#2004);
#2000 = LINE('',#2001,#2002);
#2001 = CARTESIAN_POINT('',(0.,0.));
#2002 = VECTOR('',#2003,1.);
#2003 = DIRECTION('',(0.,-1.));
#2004 = ( GEOMETRIC_REPRESENTATION_CONTEXT(2) 
PARAMETRIC_REPRESENTATION_CONTEXT() REPRESENTATION_CONTEXT('2D SPACE',''
  ) );
#2005 = PCURVE('',#645,#2006);
#2006 = DEFINITIONAL_REPRESENTATION('',(#2007),#2011);
#2007 = LINE('',#2008,#2009);
#2008 = CARTESIAN_POINT('',(0.8056640625,0.));
#2009 = VECTOR('',#2010,1.);
#2010 = DIRECTION('',(0.,-1.));
#2011 = ( GEOMETRIC_REPRESENTATION_CONTEXT(2) 
PARAMETRIC_REPRESENTATION_CONTEXT() REPRESENTATION_CONTEXT('2D SPACE',''
  ) );
#2012 = ORIENTED_EDGE('',*,*,#2013,.T.);
#2013 = EDGE_CURVE('',#1991,#2014,#2016,.T.);
#2014 = VERTEX_POINT('',#2015);
#2015 = CARTESIAN_POINT('',(-90.68188476562,-73.6,36.922509765625));
#2016 = SURFACE_CURVE('',#2017,(#2021,#2028),.PCURVE_S1.);
#2017 = LINE('',#2018,#2019);
#2018 = CARTESIAN_POINT('',(-92.14184570312,-73.6,34.747216796875));
#2019 = VECTOR('',#2020,1.);
#2020 = DIRECTION('',(0.557278183537,0.,0.830325855404));
#2021 = PCURVE('',#619,#2022);
#2022 = DEFINITIONAL_REPRESENTATION('',(#2023),#2027);
#2023 = LINE('',#2024,#2025);
#2024 = CARTESIAN_POINT('',(0.,-0.65));
#2025 = VECTOR('',#2026,1.);
#2026 = DIRECTION('',(1.,0.));
#2027 = ( GEOMETRIC_REPRESENTATION_CONTEXT(2) 
PARAMETRIC_REPRESENTATION_CONTEXT() REPRESENTATION_CONTEXT('2D SPACE',''
  ) );
#2028 = PCURVE('',#2029,#2034);
#2029 = PLANE('',#2030);
#2030 = AXIS2_PLACEMENT_3D('',#2031,#2032,#2033);
#2031 = CARTESIAN_POINT('',(-92.36645507812,-73.6,33.277490234375));
#2032 = DIRECTION('',(0.,-1.,0.));
#2033 = DIRECTION('',(1.,0.,0.));
#2034 = DEFINITIONAL_REPRESENTATION('',(#2035),#2039);
#2035 = LINE('',#2036,#2037);
#2036 = CARTESIAN_POINT('',(0.224609375,1.4697265625));
#2037 = VECTOR('',#2038,1.);
#2038 = DIRECTION('',(0.557278183537,0.830325855404));
#2039 = ( GEOMETRIC_REPRESENTATION_CONTEXT(2) 
PARAMETRIC_REPRESENTATION_CONTEXT() REPRESENTATION_CONTEXT('2D SPACE',''
  ) );
#2040 = ORIENTED_EDGE('',*,*,#2041,.F.);
#2041 = EDGE_CURVE('',#605,#2014,#2042,.T.);
#2042 = SURFACE_CURVE('',#2043,(#2047,#2054),.PCURVE_S1.);
#2043 = LINE('',#2044,#2045);
#2044 = CARTESIAN_POINT('',(-90.68188476562,-72.95,36.922509765625));
#2045 = VECTOR('',#2046,1.);
#2046 = DIRECTION('',(0.,-1.,0.));
#2047 = PCURVE('',#619,#2048);
#2048 = DEFINITIONAL_REPRESENTATION('',(#2049),#2053);
#2049 = LINE('',#2050,#2051);
#2050 = CARTESIAN_POINT('',(2.619806374318,0.));
#2051 = VECTOR('',#2052,1.);
#2052 = DIRECTION('',(0.,-1.));
#2053 = ( GEOMETRIC_REPRESENTATION_CONTEXT(2) 
PARAMETRIC_REPRESENTATION_CONTEXT() REPRESENTATION_CONTEXT('2D SPACE',''
  ) );
#2054 = PCURVE('',#877,#2055);
#2055 = DEFINITIONAL_REPRESENTATION('',(#2056),#2060);
#2056 = LINE('',#2057,#2058);
#2057 = CARTESIAN_POINT('',(0.,0.));
#2058 = VECTOR('',#2059,1.);
#2059 = DIRECTION('',(0.,-1.));
#2060 = ( GEOMETRIC_REPRESENTATION_CONTEXT(2) 
PARAMETRIC_REPRESENTATION_CONTEXT() REPRESENTATION_CONTEXT('2D SPACE',''
  ) );
#2061 = ADVANCED_FACE('',(#2062),#877,.T.);
#2062 = FACE_BOUND('',#2063,.T.);
#2063 = EDGE_LOOP('',(#2064,#2065,#2066,#2089));
#2064 = ORIENTED_EDGE('',*,*,#864,.F.);
#2065 = ORIENTED_EDGE('',*,*,#2041,.T.);
#2066 = ORIENTED_EDGE('',*,*,#2067,.T.);
#2067 = EDGE_CURVE('',#2014,#2068,#2070,.T.);
#2068 = VERTEX_POINT('',#2069);
#2069 = CARTESIAN_POINT('',(-89.63696289062,-73.6,36.922509765625));
#2070 = SURFACE_CURVE('',#2071,(#2075,#2082),.PCURVE_S1.);
#2071 = LINE('',#2072,#2073);
#2072 = CARTESIAN_POINT('',(-90.68188476562,-73.6,36.922509765625));
#2073 = VECTOR('',#2074,1.);
#2074 = DIRECTION('',(1.,0.,0.));
#2075 = PCURVE('',#877,#2076);
#2076 = DEFINITIONAL_REPRESENTATION('',(#2077),#2081);
#2077 = LINE('',#2078,#2079);
#2078 = CARTESIAN_POINT('',(0.,-0.65));
#2079 = VECTOR('',#2080,1.);
#2080 = DIRECTION('',(1.,0.));
#2081 = ( GEOMETRIC_REPRESENTATION_CONTEXT(2) 
PARAMETRIC_REPRESENTATION_CONTEXT() REPRESENTATION_CONTEXT('2D SPACE',''
  ) );
#2082 = PCURVE('',#2029,#2083);
#2083 = DEFINITIONAL_REPRESENTATION('',(#2084),#2088);
#2084 = LINE('',#2085,#2086);
#2085 = CARTESIAN_POINT('',(1.6845703125,3.64501953125));
#2086 = VECTOR('',#2087,1.);
#2087 = DIRECTION('',(1.,0.));
#2088 = ( GEOMETRIC_REPRESENTATION_CONTEXT(2) 
PARAMETRIC_REPRESENTATION_CONTEXT() REPRESENTATION_CONTEXT('2D SPACE',''
  ) );
#2089 = ORIENTED_EDGE('',*,*,#2090,.F.);
#2090 = EDGE_CURVE('',#839,#2068,#2091,.T.);
#2091 = SURFACE_CURVE('',#2092,(#2096,#2103),.PCURVE_S1.);
#2092 = LINE('',#2093,#2094);
#2093 = CARTESIAN_POINT('',(-89.63696289062,-72.95,36.922509765625));
#2094 = VECTOR('',#2095,1.);
#2095 = DIRECTION('',(0.,-1.,0.));
#2096 = PCURVE('',#877,#2097);
#2097 = DEFINITIONAL_REPRESENTATION('',(#2098),#2102);
#2098 = LINE('',#2099,#2100);
#2099 = CARTESIAN_POINT('',(1.044921875,0.));
#2100 = VECTOR('',#2101,1.);
#2101 = DIRECTION('',(0.,-1.));
#2102 = ( GEOMETRIC_REPRESENTATION_CONTEXT(2) 
PARAMETRIC_REPRESENTATION_CONTEXT() REPRESENTATION_CONTEXT('2D SPACE',''
  ) );
#2103 = PCURVE('',#853,#2104);
#2104 = DEFINITIONAL_REPRESENTATION('',(#2105),#2109);
#2105 = LINE('',#2106,#2107);
#2106 = CARTESIAN_POINT('',(0.,0.));
#2107 = VECTOR('',#2108,1.);
#2108 = DIRECTION('',(0.,-1.));
#2109 = ( GEOMETRIC_REPRESENTATION_CONTEXT(2) 
PARAMETRIC_REPRESENTATION_CONTEXT() REPRESENTATION_CONTEXT('2D SPACE',''
  ) );
#2110 = ADVANCED_FACE('',(#2111),#853,.T.);
#2111 = FACE_BOUND('',#2112,.T.);
#2112 = EDGE_LOOP('',(#2113,#2114,#2115,#2138));
#2113 = ORIENTED_EDGE('',*,*,#838,.F.);
#2114 = ORIENTED_EDGE('',*,*,#2090,.T.);
#2115 = ORIENTED_EDGE('',*,*,#2116,.T.);
#2116 = EDGE_CURVE('',#2068,#2117,#2119,.T.);
#2117 = VERTEX_POINT('',#2118);
#2118 = CARTESIAN_POINT('',(-89.63696289062,-73.6,34.622705078125));
#2119 = SURFACE_CURVE('',#2120,(#2124,#2131),.PCURVE_S1.);
#2120 = LINE('',#2121,#2122);
#2121 = CARTESIAN_POINT('',(-89.63696289062,-73.6,36.922509765625));
#2122 = VECTOR('',#2123,1.);
#2123 = DIRECTION('',(0.,0.,-1.));
#2124 = PCURVE('',#853,#2125);
#2125 = DEFINITIONAL_REPRESENTATION('',(#2126),#2130);
#2126 = LINE('',#2127,#2128);
#2127 = CARTESIAN_POINT('',(0.,-0.65));
#2128 = VECTOR('',#2129,1.);
#2129 = DIRECTION('',(1.,0.));
#2130 = ( GEOMETRIC_REPRESENTATION_CONTEXT(2) 
PARAMETRIC_REPRESENTATION_CONTEXT() REPRESENTATION_CONTEXT('2D SPACE',''
  ) );
#2131 = PCURVE('',#2029,#2132);
#2132 = DEFINITIONAL_REPRESENTATION('',(#2133),#2137);
#2133 = LINE('',#2134,#2135);
#2134 = CARTESIAN_POINT('',(2.7294921875,3.64501953125));
#2135 = VECTOR('',#2136,1.);
#2136 = DIRECTION('',(0.,-1.));
#2137 = ( GEOMETRIC_REPRESENTATION_CONTEXT(2) 
PARAMETRIC_REPRESENTATION_CONTEXT() REPRESENTATION_CONTEXT('2D SPACE',''
  ) );
#2138 = ORIENTED_EDGE('',*,*,#2139,.F.);
#2139 = EDGE_CURVE('',#813,#2117,#2140,.T.);
#2140 = SURFACE_CURVE('',#2141,(#2145,#2152),.PCURVE_S1.);
#2141 = LINE('',#2142,#2143);
#2142 = CARTESIAN_POINT('',(-89.63696289062,-72.95,34.622705078125));
#2143 = VECTOR('',#2144,1.);
#2144 = DIRECTION('',(0.,-1.,0.));
#2145 = PCURVE('',#853,#2146);
#2146 = DEFINITIONAL_REPRESENTATION('',(#2147),#2151);
#2147 = LINE('',#2148,#2149);
#2148 = CARTESIAN_POINT('',(2.2998046875,0.));
#2149 = VECTOR('',#2150,1.);
#2150 = DIRECTION('',(0.,-1.));
#2151 = ( GEOMETRIC_REPRESENTATION_CONTEXT(2) 
PARAMETRIC_REPRESENTATION_CONTEXT() REPRESENTATION_CONTEXT('2D SPACE',''
  ) );
#2152 = PCURVE('',#827,#2153);
#2153 = DEFINITIONAL_REPRESENTATION('',(#2154),#2158);
#2154 = LINE('',#2155,#2156);
#2155 = CARTESIAN_POINT('',(0.,0.));
#2156 = VECTOR('',#2157,1.);
#2157 = DIRECTION('',(0.,-1.));
#2158 = ( GEOMETRIC_REPRESENTATION_CONTEXT(2) 
PARAMETRIC_REPRESENTATION_CONTEXT() REPRESENTATION_CONTEXT('2D SPACE',''
  ) );
#2159 = ADVANCED_FACE('',(#2160),#827,.T.);
#2160 = FACE_BOUND('',#2161,.T.);
#2161 = EDGE_LOOP('',(#2162,#2163,#2164,#2187));
#2162 = ORIENTED_EDGE('',*,*,#812,.F.);
#2163 = ORIENTED_EDGE('',*,*,#2139,.T.);
#2164 = ORIENTED_EDGE('',*,*,#2165,.T.);
#2165 = EDGE_CURVE('',#2117,#2166,#2168,.T.);
#2166 = VERTEX_POINT('',#2167);
#2167 = CARTESIAN_POINT('',(-89.11694335937,-73.6,34.622705078125));
#2168 = SURFACE_CURVE('',#2169,(#2173,#2180),.PCURVE_S1.);
#2169 = LINE('',#2170,#2171);
#2170 = CARTESIAN_POINT('',(-89.63696289062,-73.6,34.622705078125));
#2171 = VECTOR('',#2172,1.);
#2172 = DIRECTION('',(1.,0.,0.));
#2173 = PCURVE('',#827,#2174);
#2174 = DEFINITIONAL_REPRESENTATION('',(#2175),#2179);
#2175 = LINE('',#2176,#2177);
#2176 = CARTESIAN_POINT('',(0.,-0.65));
#2177 = VECTOR('',#2178,1.);
#2178 = DIRECTION('',(1.,0.));
#2179 = ( GEOMETRIC_REPRESENTATION_CONTEXT(2) 
PARAMETRIC_REPRESENTATION_CONTEXT() REPRESENTATION_CONTEXT('2D SPACE',''
  ) );
#2180 = PCURVE('',#2029,#2181);
#2181 = DEFINITIONAL_REPRESENTATION('',(#2182),#2186);
#2182 = LINE('',#2183,#2184);
#2183 = CARTESIAN_POINT('',(2.7294921875,1.34521484375));
#2184 = VECTOR('',#2185,1.);
#2185 = DIRECTION('',(1.,0.));
#2186 = ( GEOMETRIC_REPRESENTATION_CONTEXT(2) 
PARAMETRIC_REPRESENTATION_CONTEXT() REPRESENTATION_CONTEXT('2D SPACE',''
  ) );
#2187 = ORIENTED_EDGE('',*,*,#2188,.F.);
#2188 = EDGE_CURVE('',#787,#2166,#2189,.T.);
#2189 = SURFACE_CURVE('',#2190,(#2194,#2201),.PCURVE_S1.);
#2190 = LINE('',#2191,#2192);
#2191 = CARTESIAN_POINT('',(-89.11694335937,-72.95,34.622705078125));
#2192 = VECTOR('',#2193,1.);
#2193 = DIRECTION('',(0.,-1.,0.));
#2194 = PCURVE('',#827,#2195);
#2195 = DEFINITIONAL_REPRESENTATION('',(#2196),#2200);
#2196 = LINE('',#2197,#2198);
#2197 = CARTESIAN_POINT('',(0.52001953125,0.));
#2198 = VECTOR('',#2199,1.);
#2199 = DIRECTION('',(0.,-1.));
#2200 = ( GEOMETRIC_REPRESENTATION_CONTEXT(2) 
PARAMETRIC_REPRESENTATION_CONTEXT() REPRESENTATION_CONTEXT('2D SPACE',''
  ) );
#2201 = PCURVE('',#801,#2202);
#2202 = DEFINITIONAL_REPRESENTATION('',(#2203),#2207);
#2203 = LINE('',#2204,#2205);
#2204 = CARTESIAN_POINT('',(0.,0.));
#2205 = VECTOR('',#2206,1.);
#2206 = DIRECTION('',(0.,-1.));
#2207 = ( GEOMETRIC_REPRESENTATION_CONTEXT(2) 
PARAMETRIC_REPRESENTATION_CONTEXT() REPRESENTATION_CONTEXT('2D SPACE',''
  ) );
#2208 = ADVANCED_FACE('',(#2209),#801,.T.);
#2209 = FACE_BOUND('',#2210,.T.);
#2210 = EDGE_LOOP('',(#2211,#2212,#2213,#2236));
#2211 = ORIENTED_EDGE('',*,*,#786,.F.);
#2212 = ORIENTED_EDGE('',*,*,#2188,.T.);
#2213 = ORIENTED_EDGE('',*,*,#2214,.T.);
#2214 = EDGE_CURVE('',#2166,#2215,#2217,.T.);
#2215 = VERTEX_POINT('',#2216);
#2216 = CARTESIAN_POINT('',(-89.11694335937,-73.6,33.941552734375));
#2217 = SURFACE_CURVE('',#2218,(#2222,#2229),.PCURVE_S1.);
#2218 = LINE('',#2219,#2220);
#2219 = CARTESIAN_POINT('',(-89.11694335937,-73.6,34.622705078125));
#2220 = VECTOR('',#2221,1.);
#2221 = DIRECTION('',(0.,0.,-1.));
#2222 = PCURVE('',#801,#2223);
#2223 = DEFINITIONAL_REPRESENTATION('',(#2224),#2228);
#2224 = LINE('',#2225,#2226);
#2225 = CARTESIAN_POINT('',(0.,-0.65));
#2226 = VECTOR('',#2227,1.);
#2227 = DIRECTION('',(1.,0.));
#2228 = ( GEOMETRIC_REPRESENTATION_CONTEXT(2) 
PARAMETRIC_REPRESENTATION_CONTEXT() REPRESENTATION_CONTEXT('2D SPACE',''
  ) );
#2229 = PCURVE('',#2029,#2230);
#2230 = DEFINITIONAL_REPRESENTATION('',(#2231),#2235);
#2231 = LINE('',#2232,#2233);
#2232 = CARTESIAN_POINT('',(3.24951171875,1.34521484375));
#2233 = VECTOR('',#2234,1.);
#2234 = DIRECTION('',(0.,-1.));
#2235 = ( GEOMETRIC_REPRESENTATION_CONTEXT(2) 
PARAMETRIC_REPRESENTATION_CONTEXT() REPRESENTATION_CONTEXT('2D SPACE',''
  ) );
#2236 = ORIENTED_EDGE('',*,*,#2237,.F.);
#2237 = EDGE_CURVE('',#761,#2215,#2238,.T.);
#2238 = SURFACE_CURVE('',#2239,(#2243,#2250),.PCURVE_S1.);
#2239 = LINE('',#2240,#2241);
#2240 = CARTESIAN_POINT('',(-89.11694335937,-72.95,33.941552734375));
#2241 = VECTOR('',#2242,1.);
#2242 = DIRECTION('',(0.,-1.,0.));
#2243 = PCURVE('',#801,#2244);
#2244 = DEFINITIONAL_REPRESENTATION('',(#2245),#2249);
#2245 = LINE('',#2246,#2247);
#2246 = CARTESIAN_POINT('',(0.68115234375,0.));
#2247 = VECTOR('',#2248,1.);
#2248 = DIRECTION('',(0.,-1.));
#2249 = ( GEOMETRIC_REPRESENTATION_CONTEXT(2) 
PARAMETRIC_REPRESENTATION_CONTEXT() REPRESENTATION_CONTEXT('2D SPACE',''
  ) );
#2250 = PCURVE('',#775,#2251);
#2251 = DEFINITIONAL_REPRESENTATION('',(#2252),#2256);
#2252 = LINE('',#2253,#2254);
#2253 = CARTESIAN_POINT('',(0.,0.));
#2254 = VECTOR('',#2255,1.);
#2255 = DIRECTION('',(0.,-1.));
#2256 = ( GEOMETRIC_REPRESENTATION_CONTEXT(2) 
PARAMETRIC_REPRESENTATION_CONTEXT() REPRESENTATION_CONTEXT('2D SPACE',''
  ) );
#2257 = ADVANCED_FACE('',(#2258),#775,.T.);
#2258 = FACE_BOUND('',#2259,.T.);
#2259 = EDGE_LOOP('',(#2260,#2261,#2262,#2285));
#2260 = ORIENTED_EDGE('',*,*,#760,.F.);
#2261 = ORIENTED_EDGE('',*,*,#2237,.T.);
#2262 = ORIENTED_EDGE('',*,*,#2263,.T.);
#2263 = EDGE_CURVE('',#2215,#2264,#2266,.T.);
#2264 = VERTEX_POINT('',#2265);
#2265 = CARTESIAN_POINT('',(-89.63696289062,-73.6,33.941552734375));
#2266 = SURFACE_CURVE('',#2267,(#2271,#2278),.PCURVE_S1.);
#2267 = LINE('',#2268,#2269);
#2268 = CARTESIAN_POINT('',(-89.11694335937,-73.6,33.941552734375));
#2269 = VECTOR('',#2270,1.);
#2270 = DIRECTION('',(-1.,0.,0.));
#2271 = PCURVE('',#775,#2272);
#2272 = DEFINITIONAL_REPRESENTATION('',(#2273),#2277);
#2273 = LINE('',#2274,#2275);
#2274 = CARTESIAN_POINT('',(0.,-0.65));
#2275 = VECTOR('',#2276,1.);
#2276 = DIRECTION('',(1.,0.));
#2277 = ( GEOMETRIC_REPRESENTATION_CONTEXT(2) 
PARAMETRIC_REPRESENTATION_CONTEXT() REPRESENTATION_CONTEXT('2D SPACE',''
  ) );
#2278 = PCURVE('',#2029,#2279);
#2279 = DEFINITIONAL_REPRESENTATION('',(#2280),#2284);
#2280 = LINE('',#2281,#2282);
#2281 = CARTESIAN_POINT('',(3.24951171875,0.6640625));
#2282 = VECTOR('',#2283,1.);
#2283 = DIRECTION('',(-1.,0.));
#2284 = ( GEOMETRIC_REPRESENTATION_CONTEXT(2) 
PARAMETRIC_REPRESENTATION_CONTEXT() REPRESENTATION_CONTEXT('2D SPACE',''
  ) );
#2285 = ORIENTED_EDGE('',*,*,#2286,.F.);
#2286 = EDGE_CURVE('',#735,#2264,#2287,.T.);
#2287 = SURFACE_CURVE('',#2288,(#2292,#2299),.PCURVE_S1.);
#2288 = LINE('',#2289,#2290);
#2289 = CARTESIAN_POINT('',(-89.63696289062,-72.95,33.941552734375));
#2290 = VECTOR('',#2291,1.);
#2291 = DIRECTION('',(0.,-1.,0.));
#2292 = PCURVE('',#775,#2293);
#2293 = DEFINITIONAL_REPRESENTATION('',(#2294),#2298);
#2294 = LINE('',#2295,#2296);
#2295 = CARTESIAN_POINT('',(0.52001953125,0.));
#2296 = VECTOR('',#2297,1.);
#2297 = DIRECTION('',(0.,-1.));
#2298 = ( GEOMETRIC_REPRESENTATION_CONTEXT(2) 
PARAMETRIC_REPRESENTATION_CONTEXT() REPRESENTATION_CONTEXT('2D SPACE',''
  ) );
#2299 = PCURVE('',#749,#2300);
#2300 = DEFINITIONAL_REPRESENTATION('',(#2301),#2305);
#2301 = LINE('',#2302,#2303);
#2302 = CARTESIAN_POINT('',(0.,0.));
#2303 = VECTOR('',#2304,1.);
#2304 = DIRECTION('',(0.,-1.));
#2305 = ( GEOMETRIC_REPRESENTATION_CONTEXT(2) 
PARAMETRIC_REPRESENTATION_CONTEXT() REPRESENTATION_CONTEXT('2D SPACE',''
  ) );
#2306 = ADVANCED_FACE('',(#2307),#749,.T.);
#2307 = FACE_BOUND('',#2308,.T.);
#2308 = EDGE_LOOP('',(#2309,#2310,#2311,#2334));
#2309 = ORIENTED_EDGE('',*,*,#734,.F.);
#2310 = ORIENTED_EDGE('',*,*,#2286,.T.);
#2311 = ORIENTED_EDGE('',*,*,#2312,.T.);
#2312 = EDGE_CURVE('',#2264,#2313,#2315,.T.);
#2313 = VERTEX_POINT('',#2314);
#2314 = CARTESIAN_POINT('',(-89.63696289062,-73.6,33.277490234375));
#2315 = SURFACE_CURVE('',#2316,(#2320,#2327),.PCURVE_S1.);
#2316 = LINE('',#2317,#2318);
#2317 = CARTESIAN_POINT('',(-89.63696289062,-73.6,33.941552734375));
#2318 = VECTOR('',#2319,1.);
#2319 = DIRECTION('',(0.,0.,-1.));
#2320 = PCURVE('',#749,#2321);
#2321 = DEFINITIONAL_REPRESENTATION('',(#2322),#2326);
#2322 = LINE('',#2323,#2324);
#2323 = CARTESIAN_POINT('',(0.,-0.65));
#2324 = VECTOR('',#2325,1.);
#2325 = DIRECTION('',(1.,0.));
#2326 = ( GEOMETRIC_REPRESENTATION_CONTEXT(2) 
PARAMETRIC_REPRESENTATION_CONTEXT() REPRESENTATION_CONTEXT('2D SPACE',''
  ) );
#2327 = PCURVE('',#2029,#2328);
#2328 = DEFINITIONAL_REPRESENTATION('',(#2329),#2333);
#2329 = LINE('',#2330,#2331);
#2330 = CARTESIAN_POINT('',(2.7294921875,0.6640625));
#2331 = VECTOR('',#2332,1.);
#2332 = DIRECTION('',(0.,-1.));
#2333 = ( GEOMETRIC_REPRESENTATION_CONTEXT(2) 
PARAMETRIC_REPRESENTATION_CONTEXT() REPRESENTATION_CONTEXT('2D SPACE',''
  ) );
#2334 = ORIENTED_EDGE('',*,*,#2335,.F.);
#2335 = EDGE_CURVE('',#709,#2313,#2336,.T.);
#2336 = SURFACE_CURVE('',#2337,(#2341,#2348),.PCURVE_S1.);
#2337 = LINE('',#2338,#2339);
#2338 = CARTESIAN_POINT('',(-89.63696289062,-72.95,33.277490234375));
#2339 = VECTOR('',#2340,1.);
#2340 = DIRECTION('',(0.,-1.,0.));
#2341 = PCURVE('',#749,#2342);
#2342 = DEFINITIONAL_REPRESENTATION('',(#2343),#2347);
#2343 = LINE('',#2344,#2345);
#2344 = CARTESIAN_POINT('',(0.6640625,0.));
#2345 = VECTOR('',#2346,1.);
#2346 = DIRECTION('',(0.,-1.));
#2347 = ( GEOMETRIC_REPRESENTATION_CONTEXT(2) 
PARAMETRIC_REPRESENTATION_CONTEXT() REPRESENTATION_CONTEXT('2D SPACE',''
  ) );
#2348 = PCURVE('',#723,#2349);
#2349 = DEFINITIONAL_REPRESENTATION('',(#2350),#2354);
#2350 = LINE('',#2351,#2352);
#2351 = CARTESIAN_POINT('',(0.,0.));
#2352 = VECTOR('',#2353,1.);
#2353 = DIRECTION('',(0.,-1.));
#2354 = ( GEOMETRIC_REPRESENTATION_CONTEXT(2) 
PARAMETRIC_REPRESENTATION_CONTEXT() REPRESENTATION_CONTEXT('2D SPACE',''
  ) );
#2355 = ADVANCED_FACE('',(#2356),#723,.T.);
#2356 = FACE_BOUND('',#2357,.T.);
#2357 = EDGE_LOOP('',(#2358,#2359,#2360,#2383));
#2358 = ORIENTED_EDGE('',*,*,#708,.F.);
#2359 = ORIENTED_EDGE('',*,*,#2335,.T.);
#2360 = ORIENTED_EDGE('',*,*,#2361,.T.);
#2361 = EDGE_CURVE('',#2313,#2362,#2364,.T.);
#2362 = VERTEX_POINT('',#2363);
#2363 = CARTESIAN_POINT('',(-90.52563476562,-73.6,33.277490234375));
#2364 = SURFACE_CURVE('',#2365,(#2369,#2376),.PCURVE_S1.);
#2365 = LINE('',#2366,#2367);
#2366 = CARTESIAN_POINT('',(-89.63696289062,-73.6,33.277490234375));
#2367 = VECTOR('',#2368,1.);
#2368 = DIRECTION('',(-1.,0.,0.));
#2369 = PCURVE('',#723,#2370);
#2370 = DEFINITIONAL_REPRESENTATION('',(#2371),#2375);
#2371 = LINE('',#2372,#2373);
#2372 = CARTESIAN_POINT('',(0.,-0.65));
#2373 = VECTOR('',#2374,1.);
#2374 = DIRECTION('',(1.,0.));
#2375 = ( GEOMETRIC_REPRESENTATION_CONTEXT(2) 
PARAMETRIC_REPRESENTATION_CONTEXT() REPRESENTATION_CONTEXT('2D SPACE',''
  ) );
#2376 = PCURVE('',#2029,#2377);
#2377 = DEFINITIONAL_REPRESENTATION('',(#2378),#2382);
#2378 = LINE('',#2379,#2380);
#2379 = CARTESIAN_POINT('',(2.7294921875,0.));
#2380 = VECTOR('',#2381,1.);
#2381 = DIRECTION('',(-1.,0.));
#2382 = ( GEOMETRIC_REPRESENTATION_CONTEXT(2) 
PARAMETRIC_REPRESENTATION_CONTEXT() REPRESENTATION_CONTEXT('2D SPACE',''
  ) );
#2383 = ORIENTED_EDGE('',*,*,#2384,.F.);
#2384 = EDGE_CURVE('',#683,#2362,#2385,.T.);
#2385 = SURFACE_CURVE('',#2386,(#2390,#2397),.PCURVE_S1.);
#2386 = LINE('',#2387,#2388);
#2387 = CARTESIAN_POINT('',(-90.52563476562,-72.95,33.277490234375));
#2388 = VECTOR('',#2389,1.);
#2389 = DIRECTION('',(0.,-1.,0.));
#2390 = PCURVE('',#723,#2391);
#2391 = DEFINITIONAL_REPRESENTATION('',(#2392),#2396);
#2392 = LINE('',#2393,#2394);
#2393 = CARTESIAN_POINT('',(0.888671875,0.));
#2394 = VECTOR('',#2395,1.);
#2395 = DIRECTION('',(0.,-1.));
#2396 = ( GEOMETRIC_REPRESENTATION_CONTEXT(2) 
PARAMETRIC_REPRESENTATION_CONTEXT() REPRESENTATION_CONTEXT('2D SPACE',''
  ) );
#2397 = PCURVE('',#697,#2398);
#2398 = DEFINITIONAL_REPRESENTATION('',(#2399),#2403);
#2399 = LINE('',#2400,#2401);
#2400 = CARTESIAN_POINT('',(0.,0.));
#2401 = VECTOR('',#2402,1.);
#2402 = DIRECTION('',(0.,-1.));
#2403 = ( GEOMETRIC_REPRESENTATION_CONTEXT(2) 
PARAMETRIC_REPRESENTATION_CONTEXT() REPRESENTATION_CONTEXT('2D SPACE',''
  ) );
#2404 = ADVANCED_FACE('',(#2405),#697,.T.);
#2405 = FACE_BOUND('',#2406,.T.);
#2406 = EDGE_LOOP('',(#2407,#2408,#2409,#2432));
#2407 = ORIENTED_EDGE('',*,*,#682,.F.);
#2408 = ORIENTED_EDGE('',*,*,#2384,.T.);
#2409 = ORIENTED_EDGE('',*,*,#2410,.T.);
#2410 = EDGE_CURVE('',#2362,#2411,#2413,.T.);
#2411 = VERTEX_POINT('',#2412);
#2412 = CARTESIAN_POINT('',(-90.52563476562,-73.6,33.941552734375));
#2413 = SURFACE_CURVE('',#2414,(#2418,#2425),.PCURVE_S1.);
#2414 = LINE('',#2415,#2416);
#2415 = CARTESIAN_POINT('',(-90.52563476562,-73.6,33.277490234375));
#2416 = VECTOR('',#2417,1.);
#2417 = DIRECTION('',(0.,0.,1.));
#2418 = PCURVE('',#697,#2419);
#2419 = DEFINITIONAL_REPRESENTATION('',(#2420),#2424);
#2420 = LINE('',#2421,#2422);
#2421 = CARTESIAN_POINT('',(0.,-0.65));
#2422 = VECTOR('',#2423,1.);
#2423 = DIRECTION('',(1.,0.));
#2424 = ( GEOMETRIC_REPRESENTATION_CONTEXT(2) 
PARAMETRIC_REPRESENTATION_CONTEXT() REPRESENTATION_CONTEXT('2D SPACE',''
  ) );
#2425 = PCURVE('',#2029,#2426);
#2426 = DEFINITIONAL_REPRESENTATION('',(#2427),#2431);
#2427 = LINE('',#2428,#2429);
#2428 = CARTESIAN_POINT('',(1.8408203125,0.));
#2429 = VECTOR('',#2430,1.);
#2430 = DIRECTION('',(0.,1.));
#2431 = ( GEOMETRIC_REPRESENTATION_CONTEXT(2) 
PARAMETRIC_REPRESENTATION_CONTEXT() REPRESENTATION_CONTEXT('2D SPACE',''
  ) );
#2432 = ORIENTED_EDGE('',*,*,#2433,.F.);
#2433 = EDGE_CURVE('',#657,#2411,#2434,.T.);
#2434 = SURFACE_CURVE('',#2435,(#2439,#2446),.PCURVE_S1.);
#2435 = LINE('',#2436,#2437);
#2436 = CARTESIAN_POINT('',(-90.52563476562,-72.95,33.941552734375));
#2437 = VECTOR('',#2438,1.);
#2438 = DIRECTION('',(0.,-1.,0.));
#2439 = PCURVE('',#697,#2440);
#2440 = DEFINITIONAL_REPRESENTATION('',(#2441),#2445);
#2441 = LINE('',#2442,#2443);
#2442 = CARTESIAN_POINT('',(0.6640625,0.));
#2443 = VECTOR('',#2444,1.);
#2444 = DIRECTION('',(0.,-1.));
#2445 = ( GEOMETRIC_REPRESENTATION_CONTEXT(2) 
PARAMETRIC_REPRESENTATION_CONTEXT() REPRESENTATION_CONTEXT('2D SPACE',''
  ) );
#2446 = PCURVE('',#671,#2447);
#2447 = DEFINITIONAL_REPRESENTATION('',(#2448),#2452);
#2448 = LINE('',#2449,#2450);
#2449 = CARTESIAN_POINT('',(0.,0.));
#2450 = VECTOR('',#2451,1.);
#2451 = DIRECTION('',(0.,-1.));
#2452 = ( GEOMETRIC_REPRESENTATION_CONTEXT(2) 
PARAMETRIC_REPRESENTATION_CONTEXT() REPRESENTATION_CONTEXT('2D SPACE',''
  ) );
#2453 = ADVANCED_FACE('',(#2454),#671,.T.);
#2454 = FACE_BOUND('',#2455,.T.);
#2455 = EDGE_LOOP('',(#2456,#2457,#2458,#2481));
#2456 = ORIENTED_EDGE('',*,*,#656,.F.);
#2457 = ORIENTED_EDGE('',*,*,#2433,.T.);
#2458 = ORIENTED_EDGE('',*,*,#2459,.T.);
#2459 = EDGE_CURVE('',#2411,#2460,#2462,.T.);
#2460 = VERTEX_POINT('',#2461);
#2461 = CARTESIAN_POINT('',(-92.14184570312,-73.6,33.941552734375));
#2462 = SURFACE_CURVE('',#2463,(#2467,#2474),.PCURVE_S1.);
#2463 = LINE('',#2464,#2465);
#2464 = CARTESIAN_POINT('',(-90.52563476562,-73.6,33.941552734375));
#2465 = VECTOR('',#2466,1.);
#2466 = DIRECTION('',(-1.,0.,0.));
#2467 = PCURVE('',#671,#2468);
#2468 = DEFINITIONAL_REPRESENTATION('',(#2469),#2473);
#2469 = LINE('',#2470,#2471);
#2470 = CARTESIAN_POINT('',(0.,-0.65));
#2471 = VECTOR('',#2472,1.);
#2472 = DIRECTION('',(1.,0.));
#2473 = ( GEOMETRIC_REPRESENTATION_CONTEXT(2) 
PARAMETRIC_REPRESENTATION_CONTEXT() REPRESENTATION_CONTEXT('2D SPACE',''
  ) );
#2474 = PCURVE('',#2029,#2475);
#2475 = DEFINITIONAL_REPRESENTATION('',(#2476),#2480);
#2476 = LINE('',#2477,#2478);
#2477 = CARTESIAN_POINT('',(1.8408203125,0.6640625));
#2478 = VECTOR('',#2479,1.);
#2479 = DIRECTION('',(-1.,0.));
#2480 = ( GEOMETRIC_REPRESENTATION_CONTEXT(2) 
PARAMETRIC_REPRESENTATION_CONTEXT() REPRESENTATION_CONTEXT('2D SPACE',''
  ) );
#2481 = ORIENTED_EDGE('',*,*,#2482,.F.);
#2482 = EDGE_CURVE('',#631,#2460,#2483,.T.);
#2483 = SURFACE_CURVE('',#2484,(#2488,#2495),.PCURVE_S1.);
#2484 = LINE('',#2485,#2486);
#2485 = CARTESIAN_POINT('',(-92.14184570312,-72.95,33.941552734375));
#2486 = VECTOR('',#2487,1.);
#2487 = DIRECTION('',(0.,-1.,0.));
#2488 = PCURVE('',#671,#2489);
#2489 = DEFINITIONAL_REPRESENTATION('',(#2490),#2494);
#2490 = LINE('',#2491,#2492);
#2491 = CARTESIAN_POINT('',(1.6162109375,0.));
#2492 = VECTOR('',#2493,1.);
#2493 = DIRECTION('',(0.,-1.));
#2494 = ( GEOMETRIC_REPRESENTATION_CONTEXT(2) 
PARAMETRIC_REPRESENTATION_CONTEXT() REPRESENTATION_CONTEXT('2D SPACE',''
  ) );
#2495 = PCURVE('',#645,#2496);
#2496 = DEFINITIONAL_REPRESENTATION('',(#2497),#2501);
#2497 = LINE('',#2498,#2499);
#2498 = CARTESIAN_POINT('',(0.,0.));
#2499 = VECTOR('',#2500,1.);
#2500 = DIRECTION('',(0.,-1.));
#2501 = ( GEOMETRIC_REPRESENTATION_CONTEXT(2) 
PARAMETRIC_REPRESENTATION_CONTEXT() REPRESENTATION_CONTEXT('2D SPACE',''
  ) );
#2502 = ADVANCED_FACE('',(#2503),#645,.T.);
#2503 = FACE_BOUND('',#2504,.T.);
#2504 = EDGE_LOOP('',(#2505,#2506,#2507,#2528));
#2505 = ORIENTED_EDGE('',*,*,#630,.F.);
#2506 = ORIENTED_EDGE('',*,*,#2482,.T.);
#2507 = ORIENTED_EDGE('',*,*,#2508,.T.);
#2508 = EDGE_CURVE('',#2460,#1991,#2509,.T.);
#2509 = SURFACE_CURVE('',#2510,(#2514,#2521),.PCURVE_S1.);
#2510 = LINE('',#2511,#2512);
#2511 = CARTESIAN_POINT('',(-92.14184570312,-73.6,33.941552734375));
#2512 = VECTOR('',#2513,1.);
#2513 = DIRECTION('',(0.,0.,1.));
#2514 = PCURVE('',#645,#2515);
#2515 = DEFINITIONAL_REPRESENTATION('',(#2516),#2520);
#2516 = LINE('',#2517,#2518);
#2517 = CARTESIAN_POINT('',(0.,-0.65));
#2518 = VECTOR('',#2519,1.);
#2519 = DIRECTION('',(1.,0.));
#2520 = ( GEOMETRIC_REPRESENTATION_CONTEXT(2) 
PARAMETRIC_REPRESENTATION_CONTEXT() REPRESENTATION_CONTEXT('2D SPACE',''
  ) );
#2521 = PCURVE('',#2029,#2522);
#2522 = DEFINITIONAL_REPRESENTATION('',(#2523),#2527);
#2523 = LINE('',#2524,#2525);
#2524 = CARTESIAN_POINT('',(0.224609375,0.6640625));
#2525 = VECTOR('',#2526,1.);
#2526 = DIRECTION('',(0.,1.));
#2527 = ( GEOMETRIC_REPRESENTATION_CONTEXT(2) 
PARAMETRIC_REPRESENTATION_CONTEXT() REPRESENTATION_CONTEXT('2D SPACE',''
  ) );
#2528 = ORIENTED_EDGE('',*,*,#1990,.F.);
#2529 = ADVANCED_FACE('',(#2530),#955,.T.);
#2530 = FACE_BOUND('',#2531,.T.);
#2531 = EDGE_LOOP('',(#2532,#2555,#2576,#2577));
#2532 = ORIENTED_EDGE('',*,*,#2533,.F.);
#2533 = EDGE_CURVE('',#2534,#915,#2536,.T.);
#2534 = VERTEX_POINT('',#2535);
#2535 = CARTESIAN_POINT('',(-87.23924019964,-62.23924019964,45.5525));
#2536 = SURFACE_CURVE('',#2537,(#2541,#2548),.PCURVE_S1.);
#2537 = LINE('',#2538,#2539);
#2538 = CARTESIAN_POINT('',(-87.23924019964,-62.23924019964,45.5525));
#2539 = VECTOR('',#2540,1.);
#2540 = DIRECTION('',(0.,0.,1.));
#2541 = PCURVE('',#955,#2542);
#2542 = DEFINITIONAL_REPRESENTATION('',(#2543),#2547);
#2543 = LINE('',#2544,#2545);
#2544 = CARTESIAN_POINT('',(0.,0.));
#2545 = VECTOR('',#2546,1.);
#2546 = DIRECTION('',(1.,0.));
#2547 = ( GEOMETRIC_REPRESENTATION_CONTEXT(2) 
PARAMETRIC_REPRESENTATION_CONTEXT() REPRESENTATION_CONTEXT('2D SPACE',''
  ) );
#2548 = PCURVE('',#929,#2549);
#2549 = DEFINITIONAL_REPRESENTATION('',(#2550),#2554);
#2550 = LINE('',#2551,#2552);
#2551 = CARTESIAN_POINT('',(0.,0.));
#2552 = VECTOR('',#2553,1.);
#2553 = DIRECTION('',(1.,0.));
#2554 = ( GEOMETRIC_REPRESENTATION_CONTEXT(2) 
PARAMETRIC_REPRESENTATION_CONTEXT() REPRESENTATION_CONTEXT('2D SPACE',''
  ) );
#2555 = ORIENTED_EDGE('',*,*,#2556,.T.);
#2556 = EDGE_CURVE('',#2534,#1097,#2557,.T.);
#2557 = SURFACE_CURVE('',#2558,(#2562,#2569),.PCURVE_S1.);
#2558 = LINE('',#2559,#2560);
#2559 = CARTESIAN_POINT('',(-87.23924019964,-62.23924019964,45.5525));
#2560 = VECTOR('',#2561,1.);
#2561 = DIRECTION('',(-0.,1.,0.));
#2562 = PCURVE('',#955,#2563);
#2563 = DEFINITIONAL_REPRESENTATION('',(#2564),#2568);
#2564 = LINE('',#2565,#2566);
#2565 = CARTESIAN_POINT('',(0.,0.));
#2566 = VECTOR('',#2567,1.);
#2567 = DIRECTION('',(0.,-1.));
#2568 = ( GEOMETRIC_REPRESENTATION_CONTEXT(2) 
PARAMETRIC_REPRESENTATION_CONTEXT() REPRESENTATION_CONTEXT('2D SPACE',''
  ) );
#2569 = PCURVE('',#1134,#2570);
#2570 = DEFINITIONAL_REPRESENTATION('',(#2571),#2575);
#2571 = LINE('',#2572,#2573);
#2572 = CARTESIAN_POINT('',(0.,0.));
#2573 = VECTOR('',#2574,1.);
#2574 = DIRECTION('',(0.,1.));
#2575 = ( GEOMETRIC_REPRESENTATION_CONTEXT(2) 
PARAMETRIC_REPRESENTATION_CONTEXT() REPRESENTATION_CONTEXT('2D SPACE',''
  ) );
#2576 = ORIENTED_EDGE('',*,*,#1096,.T.);
#2577 = ORIENTED_EDGE('',*,*,#940,.F.);
#2578 = ADVANCED_FACE('',(#2579),#929,.T.);
#2579 = FACE_BOUND('',#2580,.T.);
#2580 = EDGE_LOOP('',(#2581,#2582,#2603,#2604));
#2581 = ORIENTED_EDGE('',*,*,#1297,.T.);
#2582 = ORIENTED_EDGE('',*,*,#2583,.F.);
#2583 = EDGE_CURVE('',#2534,#1277,#2584,.T.);
#2584 = SURFACE_CURVE('',#2585,(#2589,#2596),.PCURVE_S1.);
#2585 = LINE('',#2586,#2587);
#2586 = CARTESIAN_POINT('',(-87.23924019964,-62.23924019964,45.5525));
#2587 = VECTOR('',#2588,1.);
#2588 = DIRECTION('',(1.,0.,-0.));
#2589 = PCURVE('',#929,#2590);
#2590 = DEFINITIONAL_REPRESENTATION('',(#2591),#2595);
#2591 = LINE('',#2592,#2593);
#2592 = CARTESIAN_POINT('',(0.,0.));
#2593 = VECTOR('',#2594,1.);
#2594 = DIRECTION('',(0.,1.));
#2595 = ( GEOMETRIC_REPRESENTATION_CONTEXT(2) 
PARAMETRIC_REPRESENTATION_CONTEXT() REPRESENTATION_CONTEXT('2D SPACE',''
  ) );
#2596 = PCURVE('',#1134,#2597);
#2597 = DEFINITIONAL_REPRESENTATION('',(#2598),#2602);
#2598 = LINE('',#2599,#2600);
#2599 = CARTESIAN_POINT('',(0.,0.));
#2600 = VECTOR('',#2601,1.);
#2601 = DIRECTION('',(1.,0.));
#2602 = ( GEOMETRIC_REPRESENTATION_CONTEXT(2) 
PARAMETRIC_REPRESENTATION_CONTEXT() REPRESENTATION_CONTEXT('2D SPACE',''
  ) );
#2603 = ORIENTED_EDGE('',*,*,#2533,.T.);
#2604 = ORIENTED_EDGE('',*,*,#914,.F.);
#2605 = ADVANCED_FACE('',(#2606),#1005,.F.);
#2606 = FACE_BOUND('',#2607,.F.);
#2607 = EDGE_LOOP('',(#2608,#2609,#2632,#2659));
#2608 = ORIENTED_EDGE('',*,*,#988,.F.);
#2609 = ORIENTED_EDGE('',*,*,#2610,.F.);
#2610 = EDGE_CURVE('',#2611,#989,#2613,.T.);
#2611 = VERTEX_POINT('',#2612);
#2612 = CARTESIAN_POINT('',(-90.2,-68.,39.1));
#2613 = SEAM_CURVE('',#2614,(#2618,#2625),.PCURVE_S1.);
#2614 = LINE('',#2615,#2616);
#2615 = CARTESIAN_POINT('',(-90.2,-68.,39.1));
#2616 = VECTOR('',#2617,1.);
#2617 = DIRECTION('',(0.,0.,1.));
#2618 = PCURVE('',#1005,#2619);
#2619 = DEFINITIONAL_REPRESENTATION('',(#2620),#2624);
#2620 = LINE('',#2621,#2622);
#2621 = CARTESIAN_POINT('',(6.28318530718,-0.));
#2622 = VECTOR('',#2623,1.);
#2623 = DIRECTION('',(0.,1.));
#2624 = ( GEOMETRIC_REPRESENTATION_CONTEXT(2) 
PARAMETRIC_REPRESENTATION_CONTEXT() REPRESENTATION_CONTEXT('2D SPACE',''
  ) );
#2625 = PCURVE('',#1005,#2626);
#2626 = DEFINITIONAL_REPRESENTATION('',(#2627),#2631);
#2627 = LINE('',#2628,#2629);
#2628 = CARTESIAN_POINT('',(0.,-0.));
#2629 = VECTOR('',#2630,1.);
#2630 = DIRECTION('',(0.,1.));
#2631 = ( GEOMETRIC_REPRESENTATION_CONTEXT(2) 
PARAMETRIC_REPRESENTATION_CONTEXT() REPRESENTATION_CONTEXT('2D SPACE',''
  ) );
#2632 = ORIENTED_EDGE('',*,*,#2633,.T.);
#2633 = EDGE_CURVE('',#2611,#2611,#2634,.T.);
#2634 = SURFACE_CURVE('',#2635,(#2640,#2647),.PCURVE_S1.);
#2635 = CIRCLE('',#2636,2.8);
#2636 = AXIS2_PLACEMENT_3D('',#2637,#2638,#2639);
#2637 = CARTESIAN_POINT('',(-93.,-68.,39.1));
#2638 = DIRECTION('',(0.,0.,1.));
#2639 = DIRECTION('',(1.,0.,-0.));
#2640 = PCURVE('',#1005,#2641);
#2641 = DEFINITIONAL_REPRESENTATION('',(#2642),#2646);
#2642 = LINE('',#2643,#2644);
#2643 = CARTESIAN_POINT('',(0.,0.));
#2644 = VECTOR('',#2645,1.);
#2645 = DIRECTION('',(1.,0.));
#2646 = ( GEOMETRIC_REPRESENTATION_CONTEXT(2) 
PARAMETRIC_REPRESENTATION_CONTEXT() REPRESENTATION_CONTEXT('2D SPACE',''
  ) );
#2647 = PCURVE('',#2648,#2653);
#2648 = PLANE('',#2649);
#2649 = AXIS2_PLACEMENT_3D('',#2650,#2651,#2652);
#2650 = CARTESIAN_POINT('',(-93.,-68.,39.1));
#2651 = DIRECTION('',(0.,0.,1.));
#2652 = DIRECTION('',(1.,0.,-0.));
#2653 = DEFINITIONAL_REPRESENTATION('',(#2654),#2658);
#2654 = CIRCLE('',#2655,2.8);
#2655 = AXIS2_PLACEMENT_2D('',#2656,#2657);
#2656 = CARTESIAN_POINT('',(0.,0.));
#2657 = DIRECTION('',(1.,0.));
#2658 = ( GEOMETRIC_REPRESENTATION_CONTEXT(2) 
PARAMETRIC_REPRESENTATION_CONTEXT() REPRESENTATION_CONTEXT('2D SPACE',''
  ) );
#2659 = ORIENTED_EDGE('',*,*,#2610,.T.);
#2660 = ADVANCED_FACE('',(#2661),#1038,.T.);
#2661 = FACE_BOUND('',#2662,.T.);
#2662 = EDGE_LOOP('',(#2663,#2684,#2685,#2686));
#2663 = ORIENTED_EDGE('',*,*,#2664,.F.);
#2664 = EDGE_CURVE('',#1230,#2665,#2667,.T.);
#2665 = VERTEX_POINT('',#2666);
#2666 = CARTESIAN_POINT('',(-82.5,-57.5,48.2));
#2667 = SURFACE_CURVE('',#2668,(#2672,#2678),.PCURVE_S1.);
#2668 = LINE('',#2669,#2670);
#2669 = CARTESIAN_POINT('',(-90.25,-57.5,48.2));
#2670 = VECTOR('',#2671,1.);
#2671 = DIRECTION('',(-1.,-0.,0.));
#2672 = PCURVE('',#1038,#2673);
#2673 = DEFINITIONAL_REPRESENTATION('',(#2674),#2677);
#2674 = B_SPLINE_CURVE_WITH_KNOTS('',1,(#2675,#2676),.UNSPECIFIED.,.F.,
  .F.,(2,2),(-172.75,-7.75),.PIECEWISE_BEZIER_KNOTS.);
#2675 = CARTESIAN_POINT('',(180.5,15.5));
#2676 = CARTESIAN_POINT('',(15.5,15.5));
#2677 = ( GEOMETRIC_REPRESENTATION_CONTEXT(2) 
PARAMETRIC_REPRESENTATION_CONTEXT() REPRESENTATION_CONTEXT('2D SPACE',''
  ) );
#2678 = PCURVE('',#1265,#2679);
#2679 = DEFINITIONAL_REPRESENTATION('',(#2680),#2683);
#2680 = B_SPLINE_CURVE_WITH_KNOTS('',1,(#2681,#2682),.UNSPECIFIED.,.F.,
  .F.,(2,2),(-172.75,-7.75),.PIECEWISE_BEZIER_KNOTS.);
#2681 = CARTESIAN_POINT('',(3.6475,165.));
#2682 = CARTESIAN_POINT('',(3.6475,0.));
#2683 = ( GEOMETRIC_REPRESENTATION_CONTEXT(2) 
PARAMETRIC_REPRESENTATION_CONTEXT() REPRESENTATION_CONTEXT('2D SPACE',''
  ) );
#2684 = ORIENTED_EDGE('',*,*,#1229,.T.);
#2685 = ORIENTED_EDGE('',*,*,#1020,.F.);
#2686 = ORIENTED_EDGE('',*,*,#2687,.F.);
#2687 = EDGE_CURVE('',#2665,#1021,#2688,.T.);
#2688 = SURFACE_CURVE('',#2689,(#2693,#2699),.PCURVE_S1.);
#2689 = LINE('',#2690,#2691);
#2690 = CARTESIAN_POINT('',(-82.5,-65.25,48.2));
#2691 = VECTOR('',#2692,1.);
#2692 = DIRECTION('',(-0.,1.,0.));
#2693 = PCURVE('',#1038,#2694);
#2694 = DEFINITIONAL_REPRESENTATION('',(#2695),#2698);
#2695 = B_SPLINE_CURVE_WITH_KNOTS('',1,(#2696,#2697),.UNSPECIFIED.,.F.,
  .F.,(2,2),(7.75,122.75),.PIECEWISE_BEZIER_KNOTS.);
#2696 = CARTESIAN_POINT('',(15.5,15.5));
#2697 = CARTESIAN_POINT('',(15.5,130.5));
#2698 = ( GEOMETRIC_REPRESENTATION_CONTEXT(2) 
PARAMETRIC_REPRESENTATION_CONTEXT() REPRESENTATION_CONTEXT('2D SPACE',''
  ) );
#2699 = PCURVE('',#1159,#2700);
#2700 = DEFINITIONAL_REPRESENTATION('',(#2701),#2704);
#2701 = B_SPLINE_CURVE_WITH_KNOTS('',1,(#2702,#2703),.UNSPECIFIED.,.F.,
  .F.,(2,2),(7.75,122.75),.PIECEWISE_BEZIER_KNOTS.);
#2702 = CARTESIAN_POINT('',(3.6475,0.));
#2703 = CARTESIAN_POINT('',(3.6475,-115.));
#2704 = ( GEOMETRIC_REPRESENTATION_CONTEXT(2) 
PARAMETRIC_REPRESENTATION_CONTEXT() REPRESENTATION_CONTEXT('2D SPACE',''
  ) );
#2705 = ADVANCED_FACE('',(#2706),#1159,.F.);
#2706 = FACE_BOUND('',#2707,.F.);
#2707 = EDGE_LOOP('',(#2708,#2731,#2750,#2751));
#2708 = ORIENTED_EDGE('',*,*,#2709,.F.);
#2709 = EDGE_CURVE('',#2710,#2665,#2712,.T.);
#2710 = VERTEX_POINT('',#2711);
#2711 = CARTESIAN_POINT('',(-82.5,-57.5,45.5525));
#2712 = SURFACE_CURVE('',#2713,(#2717,#2724),.PCURVE_S1.);
#2713 = LINE('',#2714,#2715);
#2714 = CARTESIAN_POINT('',(-82.5,-57.5,44.5525));
#2715 = VECTOR('',#2716,1.);
#2716 = DIRECTION('',(0.,0.,1.));
#2717 = PCURVE('',#1159,#2718);
#2718 = DEFINITIONAL_REPRESENTATION('',(#2719),#2723);
#2719 = LINE('',#2720,#2721);
#2720 = CARTESIAN_POINT('',(0.,0.));
#2721 = VECTOR('',#2722,1.);
#2722 = DIRECTION('',(1.,0.));
#2723 = ( GEOMETRIC_REPRESENTATION_CONTEXT(2) 
PARAMETRIC_REPRESENTATION_CONTEXT() REPRESENTATION_CONTEXT('2D SPACE',''
  ) );
#2724 = PCURVE('',#1265,#2725);
#2725 = DEFINITIONAL_REPRESENTATION('',(#2726),#2730);
#2726 = LINE('',#2727,#2728);
#2727 = CARTESIAN_POINT('',(0.,0.));
#2728 = VECTOR('',#2729,1.);
#2729 = DIRECTION('',(1.,0.));
#2730 = ( GEOMETRIC_REPRESENTATION_CONTEXT(2) 
PARAMETRIC_REPRESENTATION_CONTEXT() REPRESENTATION_CONTEXT('2D SPACE',''
  ) );
#2731 = ORIENTED_EDGE('',*,*,#2732,.T.);
#2732 = EDGE_CURVE('',#2710,#1119,#2733,.T.);
#2733 = SURFACE_CURVE('',#2734,(#2738,#2744),.PCURVE_S1.);
#2734 = LINE('',#2735,#2736);
#2735 = CARTESIAN_POINT('',(-82.5,-59.86962009982,45.5525));
#2736 = VECTOR('',#2737,1.);
#2737 = DIRECTION('',(-0.,1.,0.));
#2738 = PCURVE('',#1159,#2739);
#2739 = DEFINITIONAL_REPRESENTATION('',(#2740),#2743);
#2740 = B_SPLINE_CURVE_WITH_KNOTS('',1,(#2741,#2742),.UNSPECIFIED.,.F.,
  .F.,(2,2),(2.369620099823,117.36962009982),.PIECEWISE_BEZIER_KNOTS.);
#2741 = CARTESIAN_POINT('',(1.,0.));
#2742 = CARTESIAN_POINT('',(1.,-115.));
#2743 = ( GEOMETRIC_REPRESENTATION_CONTEXT(2) 
PARAMETRIC_REPRESENTATION_CONTEXT() REPRESENTATION_CONTEXT('2D SPACE',''
  ) );
#2744 = PCURVE('',#1134,#2745);
#2745 = DEFINITIONAL_REPRESENTATION('',(#2746),#2749);
#2746 = B_SPLINE_CURVE_WITH_KNOTS('',1,(#2747,#2748),.UNSPECIFIED.,.F.,
  .F.,(2,2),(2.369620099823,117.36962009982),.PIECEWISE_BEZIER_KNOTS.);
#2747 = CARTESIAN_POINT('',(4.739240199646,4.739240199646));
#2748 = CARTESIAN_POINT('',(4.739240199646,119.73924019964));
#2749 = ( GEOMETRIC_REPRESENTATION_CONTEXT(2) 
PARAMETRIC_REPRESENTATION_CONTEXT() REPRESENTATION_CONTEXT('2D SPACE',''
  ) );
#2750 = ORIENTED_EDGE('',*,*,#1145,.T.);
#2751 = ORIENTED_EDGE('',*,*,#2687,.F.);
#2752 = ADVANCED_FACE('',(#2753),#1134,.T.);
#2753 = FACE_BOUND('',#2754,.T.);
#2754 = EDGE_LOOP('',(#2755,#2756,#2757,#2758,#2777,#2778));
#2755 = ORIENTED_EDGE('',*,*,#2556,.F.);
#2756 = ORIENTED_EDGE('',*,*,#2583,.T.);
#2757 = ORIENTED_EDGE('',*,*,#1276,.T.);
#2758 = ORIENTED_EDGE('',*,*,#2759,.T.);
#2759 = EDGE_CURVE('',#1251,#2710,#2760,.T.);
#2760 = SURFACE_CURVE('',#2761,(#2765,#2771),.PCURVE_S1.);
#2761 = LINE('',#2762,#2763);
#2762 = CARTESIAN_POINT('',(-84.86962009982,-57.5,45.5525));
#2763 = VECTOR('',#2764,1.);
#2764 = DIRECTION('',(-1.,-0.,0.));
#2765 = PCURVE('',#1134,#2766);
#2766 = DEFINITIONAL_REPRESENTATION('',(#2767),#2770);
#2767 = B_SPLINE_CURVE_WITH_KNOTS('',1,(#2768,#2769),.UNSPECIFIED.,.F.,
  .F.,(2,2),(-167.3696200998,-2.369620099823),.PIECEWISE_BEZIER_KNOTS.);
#2768 = CARTESIAN_POINT('',(169.73924019964,4.739240199646));
#2769 = CARTESIAN_POINT('',(4.739240199646,4.739240199646));
#2770 = ( GEOMETRIC_REPRESENTATION_CONTEXT(2) 
PARAMETRIC_REPRESENTATION_CONTEXT() REPRESENTATION_CONTEXT('2D SPACE',''
  ) );
#2771 = PCURVE('',#1265,#2772);
#2772 = DEFINITIONAL_REPRESENTATION('',(#2773),#2776);
#2773 = B_SPLINE_CURVE_WITH_KNOTS('',1,(#2774,#2775),.UNSPECIFIED.,.F.,
  .F.,(2,2),(-167.3696200998,-2.369620099823),.PIECEWISE_BEZIER_KNOTS.);
#2774 = CARTESIAN_POINT('',(1.,165.));
#2775 = CARTESIAN_POINT('',(1.,0.));
#2776 = ( GEOMETRIC_REPRESENTATION_CONTEXT(2) 
PARAMETRIC_REPRESENTATION_CONTEXT() REPRESENTATION_CONTEXT('2D SPACE',''
  ) );
#2777 = ORIENTED_EDGE('',*,*,#2732,.T.);
#2778 = ORIENTED_EDGE('',*,*,#1118,.T.);
#2779 = ADVANCED_FACE('',(#2780),#1265,.F.);
#2780 = FACE_BOUND('',#2781,.F.);
#2781 = EDGE_LOOP('',(#2782,#2783,#2784,#2785));
#2782 = ORIENTED_EDGE('',*,*,#1250,.T.);
#2783 = ORIENTED_EDGE('',*,*,#2759,.T.);
#2784 = ORIENTED_EDGE('',*,*,#2709,.T.);
#2785 = ORIENTED_EDGE('',*,*,#2664,.F.);
#2786 = ADVANCED_FACE('',(#2787),#1360,.T.);
#2787 = FACE_BOUND('',#2788,.F.);
#2788 = EDGE_LOOP('',(#2789,#2790,#2791,#2792,#2793,#2794,#2795,#2796,
    #2797,#2798,#2799,#2800,#2801));
#2789 = ORIENTED_EDGE('',*,*,#1344,.T.);
#2790 = ORIENTED_EDGE('',*,*,#1398,.T.);
#2791 = ORIENTED_EDGE('',*,*,#1447,.T.);
#2792 = ORIENTED_EDGE('',*,*,#1496,.T.);
#2793 = ORIENTED_EDGE('',*,*,#1545,.T.);
#2794 = ORIENTED_EDGE('',*,*,#1594,.T.);
#2795 = ORIENTED_EDGE('',*,*,#1643,.T.);
#2796 = ORIENTED_EDGE('',*,*,#1692,.T.);
#2797 = ORIENTED_EDGE('',*,*,#1741,.T.);
#2798 = ORIENTED_EDGE('',*,*,#1790,.T.);
#2799 = ORIENTED_EDGE('',*,*,#1839,.T.);
#2800 = ORIENTED_EDGE('',*,*,#1888,.T.);
#2801 = ORIENTED_EDGE('',*,*,#1937,.T.);
#2802 = ADVANCED_FACE('',(#2803,#2816),#2029,.T.);
#2803 = FACE_BOUND('',#2804,.F.);
#2804 = EDGE_LOOP('',(#2805,#2806,#2807,#2808,#2809,#2810,#2811,#2812,
    #2813,#2814,#2815));
#2805 = ORIENTED_EDGE('',*,*,#2013,.T.);
#2806 = ORIENTED_EDGE('',*,*,#2067,.T.);
#2807 = ORIENTED_EDGE('',*,*,#2116,.T.);
#2808 = ORIENTED_EDGE('',*,*,#2165,.T.);
#2809 = ORIENTED_EDGE('',*,*,#2214,.T.);
#2810 = ORIENTED_EDGE('',*,*,#2263,.T.);
#2811 = ORIENTED_EDGE('',*,*,#2312,.T.);
#2812 = ORIENTED_EDGE('',*,*,#2361,.T.);
#2813 = ORIENTED_EDGE('',*,*,#2410,.T.);
#2814 = ORIENTED_EDGE('',*,*,#2459,.T.);
#2815 = ORIENTED_EDGE('',*,*,#2508,.T.);
#2816 = FACE_BOUND('',#2817,.F.);
#2817 = EDGE_LOOP('',(#2818,#2848,#2876));
#2818 = ORIENTED_EDGE('',*,*,#2819,.T.);
#2819 = EDGE_CURVE('',#2820,#2822,#2824,.T.);
#2820 = VERTEX_POINT('',#2821);
#2821 = CARTESIAN_POINT('',(-90.52563476562,-73.6,34.622705078125));
#2822 = VERTEX_POINT('',#2823);
#2823 = CARTESIAN_POINT('',(-90.52563476562,-73.6,36.148583984375));
#2824 = SURFACE_CURVE('',#2825,(#2829,#2836),.PCURVE_S1.);
#2825 = LINE('',#2826,#2827);
#2826 = CARTESIAN_POINT('',(-90.52563476562,-73.6,34.622705078125));
#2827 = VECTOR('',#2828,1.);
#2828 = DIRECTION('',(0.,0.,1.));
#2829 = PCURVE('',#2029,#2830);
#2830 = DEFINITIONAL_REPRESENTATION('',(#2831),#2835);
#2831 = LINE('',#2832,#2833);
#2832 = CARTESIAN_POINT('',(1.8408203125,1.34521484375));
#2833 = VECTOR('',#2834,1.);
#2834 = DIRECTION('',(0.,1.));
#2835 = ( GEOMETRIC_REPRESENTATION_CONTEXT(2) 
PARAMETRIC_REPRESENTATION_CONTEXT() REPRESENTATION_CONTEXT('2D SPACE',''
  ) );
#2836 = PCURVE('',#2837,#2842);
#2837 = PLANE('',#2838);
#2838 = AXIS2_PLACEMENT_3D('',#2839,#2840,#2841);
#2839 = CARTESIAN_POINT('',(-90.52563476562,-72.95,34.622705078125));
#2840 = DIRECTION('',(-1.,0.,0.));
#2841 = DIRECTION('',(0.,0.,1.));
#2842 = DEFINITIONAL_REPRESENTATION('',(#2843),#2847);
#2843 = LINE('',#2844,#2845);
#2844 = CARTESIAN_POINT('',(0.,-0.65));
#2845 = VECTOR('',#2846,1.);
#2846 = DIRECTION('',(1.,0.));
#2847 = ( GEOMETRIC_REPRESENTATION_CONTEXT(2) 
PARAMETRIC_REPRESENTATION_CONTEXT() REPRESENTATION_CONTEXT('2D SPACE',''
  ) );
#2848 = ORIENTED_EDGE('',*,*,#2849,.T.);
#2849 = EDGE_CURVE('',#2822,#2850,#2852,.T.);
#2850 = VERTEX_POINT('',#2851);
#2851 = CARTESIAN_POINT('',(-91.55590820312,-73.6,34.622705078125));
#2852 = SURFACE_CURVE('',#2853,(#2857,#2864),.PCURVE_S1.);
#2853 = LINE('',#2854,#2855);
#2854 = CARTESIAN_POINT('',(-90.52563476562,-73.6,36.148583984375));
#2855 = VECTOR('',#2856,1.);
#2856 = DIRECTION('',(-0.55958672133,-0.,-0.828771802918));
#2857 = PCURVE('',#2029,#2858);
#2858 = DEFINITIONAL_REPRESENTATION('',(#2859),#2863);
#2859 = LINE('',#2860,#2861);
#2860 = CARTESIAN_POINT('',(1.8408203125,2.87109375));
#2861 = VECTOR('',#2862,1.);
#2862 = DIRECTION('',(-0.55958672133,-0.828771802918));
#2863 = ( GEOMETRIC_REPRESENTATION_CONTEXT(2) 
PARAMETRIC_REPRESENTATION_CONTEXT() REPRESENTATION_CONTEXT('2D SPACE',''
  ) );
#2864 = PCURVE('',#2865,#2870);
#2865 = PLANE('',#2866);
#2866 = AXIS2_PLACEMENT_3D('',#2867,#2868,#2869);
#2867 = CARTESIAN_POINT('',(-90.52563476562,-72.95,36.148583984375));
#2868 = DIRECTION('',(0.828771802918,0.,-0.55958672133));
#2869 = DIRECTION('',(-0.55958672133,-0.,-0.828771802918));
#2870 = DEFINITIONAL_REPRESENTATION('',(#2871),#2875);
#2871 = LINE('',#2872,#2873);
#2872 = CARTESIAN_POINT('',(0.,-0.65));
#2873 = VECTOR('',#2874,1.);
#2874 = DIRECTION('',(1.,0.));
#2875 = ( GEOMETRIC_REPRESENTATION_CONTEXT(2) 
PARAMETRIC_REPRESENTATION_CONTEXT() REPRESENTATION_CONTEXT('2D SPACE',''
  ) );
#2876 = ORIENTED_EDGE('',*,*,#2877,.T.);
#2877 = EDGE_CURVE('',#2850,#2820,#2878,.T.);
#2878 = SURFACE_CURVE('',#2879,(#2883,#2890),.PCURVE_S1.);
#2879 = LINE('',#2880,#2881);
#2880 = CARTESIAN_POINT('',(-91.55590820312,-73.6,34.622705078125));
#2881 = VECTOR('',#2882,1.);
#2882 = DIRECTION('',(1.,0.,0.));
#2883 = PCURVE('',#2029,#2884);
#2884 = DEFINITIONAL_REPRESENTATION('',(#2885),#2889);
#2885 = LINE('',#2886,#2887);
#2886 = CARTESIAN_POINT('',(0.810546875,1.34521484375));
#2887 = VECTOR('',#2888,1.);
#2888 = DIRECTION('',(1.,0.));
#2889 = ( GEOMETRIC_REPRESENTATION_CONTEXT(2) 
PARAMETRIC_REPRESENTATION_CONTEXT() REPRESENTATION_CONTEXT('2D SPACE',''
  ) );
#2890 = PCURVE('',#2891,#2896);
#2891 = PLANE('',#2892);
#2892 = AXIS2_PLACEMENT_3D('',#2893,#2894,#2895);
#2893 = CARTESIAN_POINT('',(-91.55590820312,-72.95,34.622705078125));
#2894 = DIRECTION('',(-0.,0.,1.));
#2895 = DIRECTION('',(1.,0.,0.));
#2896 = DEFINITIONAL_REPRESENTATION('',(#2897),#2901);
#2897 = LINE('',#2898,#2899);
#2898 = CARTESIAN_POINT('',(0.,-0.65));
#2899 = VECTOR('',#2900,1.);
#2900 = DIRECTION('',(1.,0.));
#2901 = ( GEOMETRIC_REPRESENTATION_CONTEXT(2) 
PARAMETRIC_REPRESENTATION_CONTEXT() REPRESENTATION_CONTEXT('2D SPACE',''
  ) );
#2902 = ADVANCED_FACE('',(#2903),#2648,.T.);
#2903 = FACE_BOUND('',#2904,.F.);
#2904 = EDGE_LOOP('',(#2905));
#2905 = ORIENTED_EDGE('',*,*,#2633,.F.);
#2906 = ADVANCED_FACE('',(#2907),#2837,.T.);
#2907 = FACE_BOUND('',#2908,.T.);
#2908 = EDGE_LOOP('',(#2909,#2937,#2958,#2959));
#2909 = ORIENTED_EDGE('',*,*,#2910,.F.);
#2910 = EDGE_CURVE('',#2911,#2913,#2915,.T.);
#2911 = VERTEX_POINT('',#2912);
#2912 = CARTESIAN_POINT('',(-90.52563476562,-73.,34.622705078125));
#2913 = VERTEX_POINT('',#2914);
#2914 = CARTESIAN_POINT('',(-90.52563476562,-73.,36.148583984375));
#2915 = SURFACE_CURVE('',#2916,(#2920,#2926),.PCURVE_S1.);
#2916 = LINE('',#2917,#2918);
#2917 = CARTESIAN_POINT('',(-90.52563476562,-73.,17.311352539063));
#2918 = VECTOR('',#2919,1.);
#2919 = DIRECTION('',(0.,0.,1.));
#2920 = PCURVE('',#2837,#2921);
#2921 = DEFINITIONAL_REPRESENTATION('',(#2922),#2925);
#2922 = B_SPLINE_CURVE_WITH_KNOTS('',1,(#2923,#2924),.UNSPECIFIED.,.F.,
  .F.,(2,2),(17.311352539063,18.837231445313),.PIECEWISE_BEZIER_KNOTS.);
#2923 = CARTESIAN_POINT('',(0.,-5.E-02));
#2924 = CARTESIAN_POINT('',(1.52587890625,-5.E-02));
#2925 = ( GEOMETRIC_REPRESENTATION_CONTEXT(2) 
PARAMETRIC_REPRESENTATION_CONTEXT() REPRESENTATION_CONTEXT('2D SPACE',''
  ) );
#2926 = PCURVE('',#2927,#2932);
#2927 = PLANE('',#2928);
#2928 = AXIS2_PLACEMENT_3D('',#2929,#2930,#2931);
#2929 = CARTESIAN_POINT('',(-98.,-73.,0.));
#2930 = DIRECTION('',(-0.,1.,0.));
#2931 = DIRECTION('',(0.,0.,1.));
#2932 = DEFINITIONAL_REPRESENTATION('',(#2933),#2936);
#2933 = B_SPLINE_CURVE_WITH_KNOTS('',1,(#2934,#2935),.UNSPECIFIED.,.F.,
  .F.,(2,2),(17.311352539063,18.837231445313),.PIECEWISE_BEZIER_KNOTS.);
#2934 = CARTESIAN_POINT('',(34.622705078125,7.474365234375));
#2935 = CARTESIAN_POINT('',(36.148583984375,7.474365234375));
#2936 = ( GEOMETRIC_REPRESENTATION_CONTEXT(2) 
PARAMETRIC_REPRESENTATION_CONTEXT() REPRESENTATION_CONTEXT('2D SPACE',''
  ) );
#2937 = ORIENTED_EDGE('',*,*,#2938,.T.);
#2938 = EDGE_CURVE('',#2911,#2820,#2939,.T.);
#2939 = SURFACE_CURVE('',#2940,(#2944,#2951),.PCURVE_S1.);
#2940 = LINE('',#2941,#2942);
#2941 = CARTESIAN_POINT('',(-90.52563476562,-72.95,34.622705078125));
#2942 = VECTOR('',#2943,1.);
#2943 = DIRECTION('',(0.,-1.,0.));
#2944 = PCURVE('',#2837,#2945);
#2945 = DEFINITIONAL_REPRESENTATION('',(#2946),#2950);
#2946 = LINE('',#2947,#2948);
#2947 = CARTESIAN_POINT('',(0.,0.));
#2948 = VECTOR('',#2949,1.);
#2949 = DIRECTION('',(0.,-1.));
#2950 = ( GEOMETRIC_REPRESENTATION_CONTEXT(2) 
PARAMETRIC_REPRESENTATION_CONTEXT() REPRESENTATION_CONTEXT('2D SPACE',''
  ) );
#2951 = PCURVE('',#2891,#2952);
#2952 = DEFINITIONAL_REPRESENTATION('',(#2953),#2957);
#2953 = LINE('',#2954,#2955);
#2954 = CARTESIAN_POINT('',(1.0302734375,0.));
#2955 = VECTOR('',#2956,1.);
#2956 = DIRECTION('',(0.,-1.));
#2957 = ( GEOMETRIC_REPRESENTATION_CONTEXT(2) 
PARAMETRIC_REPRESENTATION_CONTEXT() REPRESENTATION_CONTEXT('2D SPACE',''
  ) );
#2958 = ORIENTED_EDGE('',*,*,#2819,.T.);
#2959 = ORIENTED_EDGE('',*,*,#2960,.F.);
#2960 = EDGE_CURVE('',#2913,#2822,#2961,.T.);
#2961 = SURFACE_CURVE('',#2962,(#2966,#2973),.PCURVE_S1.);
#2962 = LINE('',#2963,#2964);
#2963 = CARTESIAN_POINT('',(-90.52563476562,-72.95,36.148583984375));
#2964 = VECTOR('',#2965,1.);
#2965 = DIRECTION('',(0.,-1.,0.));
#2966 = PCURVE('',#2837,#2967);
#2967 = DEFINITIONAL_REPRESENTATION('',(#2968),#2972);
#2968 = LINE('',#2969,#2970);
#2969 = CARTESIAN_POINT('',(1.52587890625,0.));
#2970 = VECTOR('',#2971,1.);
#2971 = DIRECTION('',(0.,-1.));
#2972 = ( GEOMETRIC_REPRESENTATION_CONTEXT(2) 
PARAMETRIC_REPRESENTATION_CONTEXT() REPRESENTATION_CONTEXT('2D SPACE',''
  ) );
#2973 = PCURVE('',#2865,#2974);
#2974 = DEFINITIONAL_REPRESENTATION('',(#2975),#2979);
#2975 = LINE('',#2976,#2977);
#2976 = CARTESIAN_POINT('',(-0.,0.));
#2977 = VECTOR('',#2978,1.);
#2978 = DIRECTION('',(0.,-1.));
#2979 = ( GEOMETRIC_REPRESENTATION_CONTEXT(2) 
PARAMETRIC_REPRESENTATION_CONTEXT() REPRESENTATION_CONTEXT('2D SPACE',''
  ) );
#2980 = ADVANCED_FACE('',(#2981),#2865,.T.);
#2981 = FACE_BOUND('',#2982,.T.);
#2982 = EDGE_LOOP('',(#2983,#3004,#3005,#3006));
#2983 = ORIENTED_EDGE('',*,*,#2984,.F.);
#2984 = EDGE_CURVE('',#2913,#2985,#2987,.T.);
#2985 = VERTEX_POINT('',#2986);
#2986 = CARTESIAN_POINT('',(-91.55590820312,-73.,34.622705078125));
#2987 = SURFACE_CURVE('',#2988,(#2992,#2998),.PCURVE_S1.);
#2988 = LINE('',#2989,#2990);
#2989 = CARTESIAN_POINT('',(-100.0781949363,-73.,22.000834916343));
#2990 = VECTOR('',#2991,1.);
#2991 = DIRECTION('',(-0.55958672133,0.,-0.828771802918));
#2992 = PCURVE('',#2865,#2993);
#2993 = DEFINITIONAL_REPRESENTATION('',(#2994),#2997);
#2994 = B_SPLINE_CURVE_WITH_KNOTS('',1,(#2995,#2996),.UNSPECIFIED.,.F.,
  .F.,(2,2),(-17.07074132858,-15.22960858145),.PIECEWISE_BEZIER_KNOTS.);
#2995 = CARTESIAN_POINT('',(0.,-5.E-02));
#2996 = CARTESIAN_POINT('',(1.841132747131,-5.E-02));
#2997 = ( GEOMETRIC_REPRESENTATION_CONTEXT(2) 
PARAMETRIC_REPRESENTATION_CONTEXT() REPRESENTATION_CONTEXT('2D SPACE',''
  ) );
#2998 = PCURVE('',#2927,#2999);
#2999 = DEFINITIONAL_REPRESENTATION('',(#3000),#3003);
#3000 = B_SPLINE_CURVE_WITH_KNOTS('',1,(#3001,#3002),.UNSPECIFIED.,.F.,
  .F.,(2,2),(-17.07074132858,-15.22960858145),.PIECEWISE_BEZIER_KNOTS.);
#3001 = CARTESIAN_POINT('',(36.148583984375,7.474365234375));
#3002 = CARTESIAN_POINT('',(34.622705078125,6.444091796875));
#3003 = ( GEOMETRIC_REPRESENTATION_CONTEXT(2) 
PARAMETRIC_REPRESENTATION_CONTEXT() REPRESENTATION_CONTEXT('2D SPACE',''
  ) );
#3004 = ORIENTED_EDGE('',*,*,#2960,.T.);
#3005 = ORIENTED_EDGE('',*,*,#2849,.T.);
#3006 = ORIENTED_EDGE('',*,*,#3007,.F.);
#3007 = EDGE_CURVE('',#2985,#2850,#3008,.T.);
#3008 = SURFACE_CURVE('',#3009,(#3013,#3020),.PCURVE_S1.);
#3009 = LINE('',#3010,#3011);
#3010 = CARTESIAN_POINT('',(-91.55590820312,-72.95,34.622705078125));
#3011 = VECTOR('',#3012,1.);
#3012 = DIRECTION('',(0.,-1.,0.));
#3013 = PCURVE('',#2865,#3014);
#3014 = DEFINITIONAL_REPRESENTATION('',(#3015),#3019);
#3015 = LINE('',#3016,#3017);
#3016 = CARTESIAN_POINT('',(1.841132747131,0.));
#3017 = VECTOR('',#3018,1.);
#3018 = DIRECTION('',(0.,-1.));
#3019 = ( GEOMETRIC_REPRESENTATION_CONTEXT(2) 
PARAMETRIC_REPRESENTATION_CONTEXT() REPRESENTATION_CONTEXT('2D SPACE',''
  ) );
#3020 = PCURVE('',#2891,#3021);
#3021 = DEFINITIONAL_REPRESENTATION('',(#3022),#3026);
#3022 = LINE('',#3023,#3024);
#3023 = CARTESIAN_POINT('',(0.,0.));
#3024 = VECTOR('',#3025,1.);
#3025 = DIRECTION('',(0.,-1.));
#3026 = ( GEOMETRIC_REPRESENTATION_CONTEXT(2) 
PARAMETRIC_REPRESENTATION_CONTEXT() REPRESENTATION_CONTEXT('2D SPACE',''
  ) );
#3027 = ADVANCED_FACE('',(#3028),#2891,.T.);
#3028 = FACE_BOUND('',#3029,.T.);
#3029 = EDGE_LOOP('',(#3030,#3049,#3050,#3051));
#3030 = ORIENTED_EDGE('',*,*,#3031,.F.);
#3031 = EDGE_CURVE('',#2985,#2911,#3032,.T.);
#3032 = SURFACE_CURVE('',#3033,(#3037,#3043),.PCURVE_S1.);
#3033 = LINE('',#3034,#3035);
#3034 = CARTESIAN_POINT('',(-94.77795410156,-73.,34.622705078125));
#3035 = VECTOR('',#3036,1.);
#3036 = DIRECTION('',(1.,0.,0.));
#3037 = PCURVE('',#2891,#3038);
#3038 = DEFINITIONAL_REPRESENTATION('',(#3039),#3042);
#3039 = B_SPLINE_CURVE_WITH_KNOTS('',1,(#3040,#3041),.UNSPECIFIED.,.F.,
  .F.,(2,2),(3.222045898438,4.252319335938),.PIECEWISE_BEZIER_KNOTS.);
#3040 = CARTESIAN_POINT('',(0.,-5.E-02));
#3041 = CARTESIAN_POINT('',(1.0302734375,-5.E-02));
#3042 = ( GEOMETRIC_REPRESENTATION_CONTEXT(2) 
PARAMETRIC_REPRESENTATION_CONTEXT() REPRESENTATION_CONTEXT('2D SPACE',''
  ) );
#3043 = PCURVE('',#2927,#3044);
#3044 = DEFINITIONAL_REPRESENTATION('',(#3045),#3048);
#3045 = B_SPLINE_CURVE_WITH_KNOTS('',1,(#3046,#3047),.UNSPECIFIED.,.F.,
  .F.,(2,2),(3.222045898438,4.252319335938),.PIECEWISE_BEZIER_KNOTS.);
#3046 = CARTESIAN_POINT('',(34.622705078125,6.444091796875));
#3047 = CARTESIAN_POINT('',(34.622705078125,7.474365234375));
#3048 = ( GEOMETRIC_REPRESENTATION_CONTEXT(2) 
PARAMETRIC_REPRESENTATION_CONTEXT() REPRESENTATION_CONTEXT('2D SPACE',''
  ) );
#3049 = ORIENTED_EDGE('',*,*,#3007,.T.);
#3050 = ORIENTED_EDGE('',*,*,#2877,.T.);
#3051 = ORIENTED_EDGE('',*,*,#2938,.F.);
#3052 = ADVANCED_FACE('',(#3053),#2927,.F.);
#3053 = FACE_BOUND('',#3054,.F.);
#3054 = EDGE_LOOP('',(#3055,#3056,#3057));
#3055 = ORIENTED_EDGE('',*,*,#2910,.F.);
#3056 = ORIENTED_EDGE('',*,*,#3031,.F.);
#3057 = ORIENTED_EDGE('',*,*,#2984,.F.);
#3058 = ( GEOMETRIC_REPRESENTATION_CONTEXT(3) 
GLOBAL_UNCERTAINTY_ASSIGNED_CONTEXT((#3062)) 
GLOBAL_UNIT_ASSIGNED_CONTEXT((#3059,#3060,#3061)) REPRESENTATION_CONTEXT
('Context #1','3D Context with UNIT and UNCERTAINTY') );
#3059 = ( LENGTH_UNIT() NAMED_UNIT(*) SI_UNIT(.MILLI.,.METRE.) );
#3060 = ( NAMED_UNIT(*) PLANE_ANGLE_UNIT() SI_UNIT($,.RADIAN.) );
#3061 = ( NAMED_UNIT(*) SI_UNIT($,.STERADIAN.) SOLID_ANGLE_UNIT() );
#3062 = UNCERTAINTY_MEASURE_WITH_UNIT(LENGTH_MEASURE(2.E-07),#3059,
  'distance_accuracy_value','confusion accuracy');
#3063 = CONTEXT_DEPENDENT_SHAPE_REPRESENTATION(#3064,#3066);
#3064 = ( REPRESENTATION_RELATIONSHIP('','',#32,#10) 
REPRESENTATION_RELATIONSHIP_WITH_TRANSFORMATION(#3065) 
SHAPE_REPRESENTATION_RELATIONSHIP() );
#3065 = ITEM_DEFINED_TRANSFORMATION('','',#11,#15);
#3066 = PRODUCT_DEFINITION_SHAPE('Placement','Placement of an item',
  #3067);
#3067 = NEXT_ASSEMBLY_USAGE_OCCURRENCE('8','=>[0:1:1:2]','',#5,#27,$);
#3068 = PRODUCT_RELATED_PRODUCT_CATEGORY('part',$,(#29));
ENDSEC;
END-ISO-10303-21;
