ISO-10303-21;
HEADER;
FILE_DESCRIPTION(('Open CASCADE Model'),'2;1');
FILE_NAME('Open CASCADE Shape Model','2026-10-01T15:20:43',('Author'),(
    'Open CASCADE'),'Open CASCADE STEP processor 8.0','build123d',
  'Unknown');
FILE_SCHEMA(('AUTOMOTIVE_DESIGN { 1 0 10303 214 1 1 1 1 }'));
ENDSEC;
DATA;
#1 = APPLICATION_PROTOCOL_DEFINITION('international standard',
  'automotive_design',2000,#2);
#2 = APPLICATION_CONTEXT(
  'core data for automotive mechanical design processes');
#3 = SHAPE_DEFINITION_REPRESENTATION(#4,#10);
#4 = PRODUCT_DEFINITION_SHAPE('','',#5);
#5 = PRODUCT_DEFINITION('design','',#6,#9);
#6 = PRODUCT_DEFINITION_FORMATION('','',#7);
#7 = PRODUCT('=>[0:1:1:2]','=>[0:1:1:2]','',(#8));
#8 = PRODUCT_CONTEXT('',#2,'mechanical');
#9 = PRODUCT_DEFINITION_CONTEXT('part definition',#2,'design');
#10 = SHAPE_REPRESENTATION('',(#11,#15),#19);
#11 = AXIS2_PLACEMENT_3D('',#12,#13,#14);
#12 = CARTESIAN_POINT('',(0.,0.,0.));
#13 = DIRECTION('',(0.,0.,1.));
#14 = DIRECTION('',(1.,0.,-0.));
#15 = AXIS2_PLACEMENT_3D('',#16,#17,#18);
#16 = CARTESIAN_POINT('',(-1.107213671223E+03,-153.2,6.));
#17 = DIRECTION('',(0.,-1.,2.22044604925E-16));
#18 = DIRECTION('',(1.,0.,0.));
#19 = ( GEOMETRIC_REPRESENTATION_CONTEXT(3) 
GLOBAL_UNCERTAINTY_ASSIGNED_CONTEXT((#23)) GLOBAL_UNIT_ASSIGNED_CONTEXT(
(#20,#21,#22)) REPRESENTATION_CONTEXT('Context #1',
  '3D Context with UNIT and UNCERTAINTY') );
#20 = ( LENGTH_UNIT() NAMED_UNIT(*) SI_UNIT(.MILLI.,.METRE.) );
#21 = ( NAMED_UNIT(*) PLANE_ANGLE_UNIT() SI_UNIT($,.RADIAN.) );
#22 = ( NAMED_UNIT(*) SI_UNIT($,.STERADIAN.) SOLID_ANGLE_UNIT() );
#23 = UNCERTAINTY_MEASURE_WITH_UNIT(LENGTH_MEASURE(1.E-06),#20,
  'distance_accuracy_value','confusion accuracy');
#24 = PRODUCT_RELATED_PRODUCT_CATEGORY('part',$,(#7));
#25 = SHAPE_DEFINITION_REPRESENTATION(#26,#32);
#26 = PRODUCT_DEFINITION_SHAPE('','',#27);
#27 = PRODUCT_DEFINITION('design','',#28,#31);
#28 = PRODUCT_DEFINITION_FORMATION('','',#29);
#29 = PRODUCT('COMPOUND','COMPOUND','',(#30));
#30 = PRODUCT_CONTEXT('',#2,'mechanical');
#31 = PRODUCT_DEFINITION_CONTEXT('part definition',#2,'design');
#32 = ADVANCED_BREP_SHAPE_REPRESENTATION('',(#11,#33),#11050);
#33 = MANIFOLD_SOLID_BREP('',#34);
#34 = CLOSED_SHELL('',(#35,#155,#231,#307,#646,#3849,#3876,#3903,#3930,
    #3957,#3984,#4011,#4038,#4065,#4072,#4099,#4126,#4153,#4229,#4278,
    #4327,#4376,#4425,#4474,#4523,#4572,#4621,#4670,#4697,#4773,#4822,
    #4871,#4920,#4969,#5018,#5067,#5116,#5165,#5214,#5241,#5317,#5366,
    #5415,#5464,#5513,#5540,#5616,#5665,#5714,#5763,#5812,#5861,#5910,
    #5959,#6008,#6057,#6084,#6160,#6209,#6258,#6307,#6356,#6405,#6454,
    #6503,#6530,#6606,#6655,#6704,#6753,#6802,#6851,#6900,#6927,#7003,
    #7052,#7101,#7150,#7199,#7248,#7297,#7346,#7395,#7444,#7493,#7542,
    #7591,#7640,#7689,#7716,#7792,#7841,#7890,#7917,#7931,#7945,#7954,
    #7968,#8186,#8439,#8942,#8949,#9023,#9070,#9117,#9178,#9248,#9318,
    #9357,#9448,#9518,#9588,#9652,#9716,#9786,#9856,#9916,#10013,#10071,
    #10141,#10211,#10281,#10342,#10418,#10466,#10563,#10621,#10691,
    #10761,#10831,#10889,#10959,#11007,#11017,#11028,#11039));
#35 = ADVANCED_FACE('',(#36),#50,.F.);
#36 = FACE_BOUND('',#37,.F.);
#37 = EDGE_LOOP('',(#38,#73,#101,#129));
#38 = ORIENTED_EDGE('',*,*,#39,.T.);
#39 = EDGE_CURVE('',#40,#42,#44,.T.);
#40 = VERTEX_POINT('',#41);
#41 = CARTESIAN_POINT('',(1.087913671223E+03,-6.,-83.));
#42 = VERTEX_POINT('',#43);
#43 = CARTESIAN_POINT('',(1.087913671223E+03,6.,-83.));
#44 = SURFACE_CURVE('',#45,(#49,#61),.PCURVE_S1.);
#45 = LINE('',#46,#47);
#46 = CARTESIAN_POINT('',(1.087913671223E+03,-6.,-83.));
#47 = VECTOR('',#48,1.);
#48 = DIRECTION('',(0.,1.,0.));
#49 = PCURVE('',#50,#55);
#50 = PLANE('',#51);
#51 = AXIS2_PLACEMENT_3D('',#52,#53,#54);
#52 = CARTESIAN_POINT('',(1.087913671223E+03,-6.,-83.));
#53 = DIRECTION('',(0.,0.,-1.));
#54 = DIRECTION('',(1.,0.,0.));
#55 = DEFINITIONAL_REPRESENTATION('',(#56),#60);
#56 = LINE('',#57,#58);
#57 = CARTESIAN_POINT('',(0.,0.));
#58 = VECTOR('',#59,1.);
#59 = DIRECTION('',(0.,-1.));
#60 = ( GEOMETRIC_REPRESENTATION_CONTEXT(2) 
PARAMETRIC_REPRESENTATION_CONTEXT() REPRESENTATION_CONTEXT('2D SPACE',''
  ) );
#61 = PCURVE('',#62,#67);
#62 = PLANE('',#63);
#63 = AXIS2_PLACEMENT_3D('',#64,#65,#66);
#64 = CARTESIAN_POINT('',(1.087913671223E+03,-6.,-97.));
#65 = DIRECTION('',(1.,0.,0.));
#66 = DIRECTION('',(0.,0.,1.));
#67 = DEFINITIONAL_REPRESENTATION('',(#68),#72);
#68 = LINE('',#69,#70);
#69 = CARTESIAN_POINT('',(14.,0.));
#70 = VECTOR('',#71,1.);
#71 = DIRECTION('',(0.,-1.));
#72 = ( GEOMETRIC_REPRESENTATION_CONTEXT(2) 
PARAMETRIC_REPRESENTATION_CONTEXT() REPRESENTATION_CONTEXT('2D SPACE',''
  ) );
#73 = ORIENTED_EDGE('',*,*,#74,.T.);
#74 = EDGE_CURVE('',#42,#75,#77,.T.);
#75 = VERTEX_POINT('',#76);
#76 = CARTESIAN_POINT('',(1.126513671223E+03,6.,-83.));
#77 = SURFACE_CURVE('',#78,(#82,#89),.PCURVE_S1.);
#78 = LINE('',#79,#80);
#79 = CARTESIAN_POINT('',(1.087913671223E+03,6.,-83.));
#80 = VECTOR('',#81,1.);
#81 = DIRECTION('',(1.,0.,0.));
#82 = PCURVE('',#50,#83);
#83 = DEFINITIONAL_REPRESENTATION('',(#84),#88);
#84 = LINE('',#85,#86);
#85 = CARTESIAN_POINT('',(0.,-12.));
#86 = VECTOR('',#87,1.);
#87 = DIRECTION('',(1.,0.));
#88 = ( GEOMETRIC_REPRESENTATION_CONTEXT(2) 
PARAMETRIC_REPRESENTATION_CONTEXT() REPRESENTATION_CONTEXT('2D SPACE',''
  ) );
#89 = PCURVE('',#90,#95);
#90 = PLANE('',#91);
#91 = AXIS2_PLACEMENT_3D('',#92,#93,#94);
#92 = CARTESIAN_POINT('',(1.134423070391E+03,6.,-169.0878342729));
#93 = DIRECTION('',(0.,1.,0.));
#94 = DIRECTION('',(0.,-0.,1.));
#95 = DEFINITIONAL_REPRESENTATION('',(#96),#100);
#96 = LINE('',#97,#98);
#97 = CARTESIAN_POINT('',(86.087834272994,-46.50939916765));
#98 = VECTOR('',#99,1.);
#99 = DIRECTION('',(0.,1.));
#100 = ( GEOMETRIC_REPRESENTATION_CONTEXT(2) 
PARAMETRIC_REPRESENTATION_CONTEXT() REPRESENTATION_CONTEXT('2D SPACE',''
  ) );
#101 = ORIENTED_EDGE('',*,*,#102,.F.);
#102 = EDGE_CURVE('',#103,#75,#105,.T.);
#103 = VERTEX_POINT('',#104);
#104 = CARTESIAN_POINT('',(1.126513671223E+03,-6.,-83.));
#105 = SURFACE_CURVE('',#106,(#110,#117),.PCURVE_S1.);
#106 = LINE('',#107,#108);
#107 = CARTESIAN_POINT('',(1.126513671223E+03,-6.,-83.));
#108 = VECTOR('',#109,1.);
#109 = DIRECTION('',(0.,1.,0.));
#110 = PCURVE('',#50,#111);
#111 = DEFINITIONAL_REPRESENTATION('',(#112),#116);
#112 = LINE('',#113,#114);
#113 = CARTESIAN_POINT('',(38.6,0.));
#114 = VECTOR('',#115,1.);
#115 = DIRECTION('',(0.,-1.));
#116 = ( GEOMETRIC_REPRESENTATION_CONTEXT(2) 
PARAMETRIC_REPRESENTATION_CONTEXT() REPRESENTATION_CONTEXT('2D SPACE',''
  ) );
#117 = PCURVE('',#118,#123);
#118 = PLANE('',#119);
#119 = AXIS2_PLACEMENT_3D('',#120,#121,#122);
#120 = CARTESIAN_POINT('',(1.126513671223E+03,-6.,-83.));
#121 = DIRECTION('',(-1.,0.,0.));
#122 = DIRECTION('',(0.,0.,-1.));
#123 = DEFINITIONAL_REPRESENTATION('',(#124),#128);
#124 = LINE('',#125,#126);
#125 = CARTESIAN_POINT('',(0.,-0.));
#126 = VECTOR('',#127,1.);
#127 = DIRECTION('',(0.,-1.));
#128 = ( GEOMETRIC_REPRESENTATION_CONTEXT(2) 
PARAMETRIC_REPRESENTATION_CONTEXT() REPRESENTATION_CONTEXT('2D SPACE',''
  ) );
#129 = ORIENTED_EDGE('',*,*,#130,.F.);
#130 = EDGE_CURVE('',#40,#103,#131,.T.);
#131 = SURFACE_CURVE('',#132,(#136,#143),.PCURVE_S1.);
#132 = LINE('',#133,#134);
#133 = CARTESIAN_POINT('',(1.087913671223E+03,-6.,-83.));
#134 = VECTOR('',#135,1.);
#135 = DIRECTION('',(1.,0.,0.));
#136 = PCURVE('',#50,#137);
#137 = DEFINITIONAL_REPRESENTATION('',(#138),#142);
#138 = LINE('',#139,#140);
#139 = CARTESIAN_POINT('',(0.,0.));
#140 = VECTOR('',#141,1.);
#141 = DIRECTION('',(1.,0.));
#142 = ( GEOMETRIC_REPRESENTATION_CONTEXT(2) 
PARAMETRIC_REPRESENTATION_CONTEXT() REPRESENTATION_CONTEXT('2D SPACE',''
  ) );
#143 = PCURVE('',#144,#149);
#144 = PLANE('',#145);
#145 = AXIS2_PLACEMENT_3D('',#146,#147,#148);
#146 = CARTESIAN_POINT('',(1.134423070391E+03,-6.,-169.0878342729));
#147 = DIRECTION('',(0.,1.,0.));
#148 = DIRECTION('',(0.,-0.,1.));
#149 = DEFINITIONAL_REPRESENTATION('',(#150),#154);
#150 = LINE('',#151,#152);
#151 = CARTESIAN_POINT('',(86.087834272994,-46.50939916765));
#152 = VECTOR('',#153,1.);
#153 = DIRECTION('',(0.,1.));
#154 = ( GEOMETRIC_REPRESENTATION_CONTEXT(2) 
PARAMETRIC_REPRESENTATION_CONTEXT() REPRESENTATION_CONTEXT('2D SPACE',''
  ) );
#155 = ADVANCED_FACE('',(#156),#62,.F.);
#156 = FACE_BOUND('',#157,.F.);
#157 = EDGE_LOOP('',(#158,#188,#209,#210));
#158 = ORIENTED_EDGE('',*,*,#159,.T.);
#159 = EDGE_CURVE('',#160,#162,#164,.T.);
#160 = VERTEX_POINT('',#161);
#161 = CARTESIAN_POINT('',(1.087913671223E+03,-6.,-97.));
#162 = VERTEX_POINT('',#163);
#163 = CARTESIAN_POINT('',(1.087913671223E+03,6.,-97.));
#164 = SURFACE_CURVE('',#165,(#169,#176),.PCURVE_S1.);
#165 = LINE('',#166,#167);
#166 = CARTESIAN_POINT('',(1.087913671223E+03,-6.,-97.));
#167 = VECTOR('',#168,1.);
#168 = DIRECTION('',(0.,1.,0.));
#169 = PCURVE('',#62,#170);
#170 = DEFINITIONAL_REPRESENTATION('',(#171),#175);
#171 = LINE('',#172,#173);
#172 = CARTESIAN_POINT('',(0.,0.));
#173 = VECTOR('',#174,1.);
#174 = DIRECTION('',(0.,-1.));
#175 = ( GEOMETRIC_REPRESENTATION_CONTEXT(2) 
PARAMETRIC_REPRESENTATION_CONTEXT() REPRESENTATION_CONTEXT('2D SPACE',''
  ) );
#176 = PCURVE('',#177,#182);
#177 = PLANE('',#178);
#178 = AXIS2_PLACEMENT_3D('',#179,#180,#181);
#179 = CARTESIAN_POINT('',(1.096376383347E+03,-6.,-97.));
#180 = DIRECTION('',(0.,-0.,1.));
#181 = DIRECTION('',(-1.,0.,0.));
#182 = DEFINITIONAL_REPRESENTATION('',(#183),#187);
#183 = LINE('',#184,#185);
#184 = CARTESIAN_POINT('',(8.462712123846,0.));
#185 = VECTOR('',#186,1.);
#186 = DIRECTION('',(0.,-1.));
#187 = ( GEOMETRIC_REPRESENTATION_CONTEXT(2) 
PARAMETRIC_REPRESENTATION_CONTEXT() REPRESENTATION_CONTEXT('2D SPACE',''
  ) );
#188 = ORIENTED_EDGE('',*,*,#189,.T.);
#189 = EDGE_CURVE('',#162,#42,#190,.T.);
#190 = SURFACE_CURVE('',#191,(#195,#202),.PCURVE_S1.);
#191 = LINE('',#192,#193);
#192 = CARTESIAN_POINT('',(1.087913671223E+03,6.,-97.));
#193 = VECTOR('',#194,1.);
#194 = DIRECTION('',(0.,0.,1.));
#195 = PCURVE('',#62,#196);
#196 = DEFINITIONAL_REPRESENTATION('',(#197),#201);
#197 = LINE('',#198,#199);
#198 = CARTESIAN_POINT('',(0.,-12.));
#199 = VECTOR('',#200,1.);
#200 = DIRECTION('',(1.,0.));
#201 = ( GEOMETRIC_REPRESENTATION_CONTEXT(2) 
PARAMETRIC_REPRESENTATION_CONTEXT() REPRESENTATION_CONTEXT('2D SPACE',''
  ) );
#202 = PCURVE('',#90,#203);
#203 = DEFINITIONAL_REPRESENTATION('',(#204),#208);
#204 = LINE('',#205,#206);
#205 = CARTESIAN_POINT('',(72.087834272994,-46.50939916765));
#206 = VECTOR('',#207,1.);
#207 = DIRECTION('',(1.,0.));
#208 = ( GEOMETRIC_REPRESENTATION_CONTEXT(2) 
PARAMETRIC_REPRESENTATION_CONTEXT() REPRESENTATION_CONTEXT('2D SPACE',''
  ) );
#209 = ORIENTED_EDGE('',*,*,#39,.F.);
#210 = ORIENTED_EDGE('',*,*,#211,.F.);
#211 = EDGE_CURVE('',#160,#40,#212,.T.);
#212 = SURFACE_CURVE('',#213,(#217,#224),.PCURVE_S1.);
#213 = LINE('',#214,#215);
#214 = CARTESIAN_POINT('',(1.087913671223E+03,-6.,-97.));
#215 = VECTOR('',#216,1.);
#216 = DIRECTION('',(0.,0.,1.));
#217 = PCURVE('',#62,#218);
#218 = DEFINITIONAL_REPRESENTATION('',(#219),#223);
#219 = LINE('',#220,#221);
#220 = CARTESIAN_POINT('',(0.,0.));
#221 = VECTOR('',#222,1.);
#222 = DIRECTION('',(1.,0.));
#223 = ( GEOMETRIC_REPRESENTATION_CONTEXT(2) 
PARAMETRIC_REPRESENTATION_CONTEXT() REPRESENTATION_CONTEXT('2D SPACE',''
  ) );
#224 = PCURVE('',#144,#225);
#225 = DEFINITIONAL_REPRESENTATION('',(#226),#230);
#226 = LINE('',#227,#228);
#227 = CARTESIAN_POINT('',(72.087834272994,-46.50939916765));
#228 = VECTOR('',#229,1.);
#229 = DIRECTION('',(1.,0.));
#230 = ( GEOMETRIC_REPRESENTATION_CONTEXT(2) 
PARAMETRIC_REPRESENTATION_CONTEXT() REPRESENTATION_CONTEXT('2D SPACE',''
  ) );
#231 = ADVANCED_FACE('',(#232),#118,.F.);
#232 = FACE_BOUND('',#233,.F.);
#233 = EDGE_LOOP('',(#234,#235,#258,#286));
#234 = ORIENTED_EDGE('',*,*,#102,.T.);
#235 = ORIENTED_EDGE('',*,*,#236,.T.);
#236 = EDGE_CURVE('',#75,#237,#239,.T.);
#237 = VERTEX_POINT('',#238);
#238 = CARTESIAN_POINT('',(1.126513671223E+03,6.,-97.));
#239 = SURFACE_CURVE('',#240,(#244,#251),.PCURVE_S1.);
#240 = LINE('',#241,#242);
#241 = CARTESIAN_POINT('',(1.126513671223E+03,6.,-83.));
#242 = VECTOR('',#243,1.);
#243 = DIRECTION('',(0.,0.,-1.));
#244 = PCURVE('',#118,#245);
#245 = DEFINITIONAL_REPRESENTATION('',(#246),#250);
#246 = LINE('',#247,#248);
#247 = CARTESIAN_POINT('',(0.,-12.));
#248 = VECTOR('',#249,1.);
#249 = DIRECTION('',(1.,0.));
#250 = ( GEOMETRIC_REPRESENTATION_CONTEXT(2) 
PARAMETRIC_REPRESENTATION_CONTEXT() REPRESENTATION_CONTEXT('2D SPACE',''
  ) );
#251 = PCURVE('',#90,#252);
#252 = DEFINITIONAL_REPRESENTATION('',(#253),#257);
#253 = LINE('',#254,#255);
#254 = CARTESIAN_POINT('',(86.087834272994,-7.909399167654));
#255 = VECTOR('',#256,1.);
#256 = DIRECTION('',(-1.,0.));
#257 = ( GEOMETRIC_REPRESENTATION_CONTEXT(2) 
PARAMETRIC_REPRESENTATION_CONTEXT() REPRESENTATION_CONTEXT('2D SPACE',''
  ) );
#258 = ORIENTED_EDGE('',*,*,#259,.F.);
#259 = EDGE_CURVE('',#260,#237,#262,.T.);
#260 = VERTEX_POINT('',#261);
#261 = CARTESIAN_POINT('',(1.126513671223E+03,-6.,-97.));
#262 = SURFACE_CURVE('',#263,(#267,#274),.PCURVE_S1.);
#263 = LINE('',#264,#265);
#264 = CARTESIAN_POINT('',(1.126513671223E+03,-6.,-97.));
#265 = VECTOR('',#266,1.);
#266 = DIRECTION('',(0.,1.,0.));
#267 = PCURVE('',#118,#268);
#268 = DEFINITIONAL_REPRESENTATION('',(#269),#273);
#269 = LINE('',#270,#271);
#270 = CARTESIAN_POINT('',(14.,0.));
#271 = VECTOR('',#272,1.);
#272 = DIRECTION('',(0.,-1.));
#273 = ( GEOMETRIC_REPRESENTATION_CONTEXT(2) 
PARAMETRIC_REPRESENTATION_CONTEXT() REPRESENTATION_CONTEXT('2D SPACE',''
  ) );
#274 = PCURVE('',#275,#280);
#275 = PLANE('',#276);
#276 = AXIS2_PLACEMENT_3D('',#277,#278,#279);
#277 = CARTESIAN_POINT('',(1.126513671223E+03,-6.,-97.));
#278 = DIRECTION('',(0.,-0.,1.));
#279 = DIRECTION('',(-1.,0.,0.));
#280 = DEFINITIONAL_REPRESENTATION('',(#281),#285);
#281 = LINE('',#282,#283);
#282 = CARTESIAN_POINT('',(0.,0.));
#283 = VECTOR('',#284,1.);
#284 = DIRECTION('',(0.,-1.));
#285 = ( GEOMETRIC_REPRESENTATION_CONTEXT(2) 
PARAMETRIC_REPRESENTATION_CONTEXT() REPRESENTATION_CONTEXT('2D SPACE',''
  ) );
#286 = ORIENTED_EDGE('',*,*,#287,.F.);
#287 = EDGE_CURVE('',#103,#260,#288,.T.);
#288 = SURFACE_CURVE('',#289,(#293,#300),.PCURVE_S1.);
#289 = LINE('',#290,#291);
#290 = CARTESIAN_POINT('',(1.126513671223E+03,-6.,-83.));
#291 = VECTOR('',#292,1.);
#292 = DIRECTION('',(0.,0.,-1.));
#293 = PCURVE('',#118,#294);
#294 = DEFINITIONAL_REPRESENTATION('',(#295),#299);
#295 = LINE('',#296,#297);
#296 = CARTESIAN_POINT('',(0.,-0.));
#297 = VECTOR('',#298,1.);
#298 = DIRECTION('',(1.,0.));
#299 = ( GEOMETRIC_REPRESENTATION_CONTEXT(2) 
PARAMETRIC_REPRESENTATION_CONTEXT() REPRESENTATION_CONTEXT('2D SPACE',''
  ) );
#300 = PCURVE('',#144,#301);
#301 = DEFINITIONAL_REPRESENTATION('',(#302),#306);
#302 = LINE('',#303,#304);
#303 = CARTESIAN_POINT('',(86.087834272994,-7.909399167654));
#304 = VECTOR('',#305,1.);
#305 = DIRECTION('',(-1.,0.));
#306 = ( GEOMETRIC_REPRESENTATION_CONTEXT(2) 
PARAMETRIC_REPRESENTATION_CONTEXT() REPRESENTATION_CONTEXT('2D SPACE',''
  ) );
#307 = ADVANCED_FACE('',(#308,#553,#584,#615),#144,.F.);
#308 = FACE_BOUND('',#309,.F.);
#309 = EDGE_LOOP('',(#310,#340,#361,#362,#363,#364,#387,#415,#443,#471,
    #499,#527));
#310 = ORIENTED_EDGE('',*,*,#311,.F.);
#311 = EDGE_CURVE('',#312,#314,#316,.T.);
#312 = VERTEX_POINT('',#313);
#313 = CARTESIAN_POINT('',(1.096376383347E+03,-6.,-97.));
#314 = VERTEX_POINT('',#315);
#315 = CARTESIAN_POINT('',(1.096376383347E+03,-6.,-105.));
#316 = SURFACE_CURVE('',#317,(#321,#328),.PCURVE_S1.);
#317 = LINE('',#318,#319);
#318 = CARTESIAN_POINT('',(1.096376383347E+03,-6.,-97.));
#319 = VECTOR('',#320,1.);
#320 = DIRECTION('',(0.,0.,-1.));
#321 = PCURVE('',#144,#322);
#322 = DEFINITIONAL_REPRESENTATION('',(#323),#327);
#323 = LINE('',#324,#325);
#324 = CARTESIAN_POINT('',(72.087834272994,-38.0466870438));
#325 = VECTOR('',#326,1.);
#326 = DIRECTION('',(-1.,0.));
#327 = ( GEOMETRIC_REPRESENTATION_CONTEXT(2) 
PARAMETRIC_REPRESENTATION_CONTEXT() REPRESENTATION_CONTEXT('2D SPACE',''
  ) );
#328 = PCURVE('',#329,#334);
#329 = PLANE('',#330);
#330 = AXIS2_PLACEMENT_3D('',#331,#332,#333);
#331 = CARTESIAN_POINT('',(1.096376383347E+03,-6.,-121.));
#332 = DIRECTION('',(1.,0.,0.));
#333 = DIRECTION('',(0.,0.,1.));
#334 = DEFINITIONAL_REPRESENTATION('',(#335),#339);
#335 = LINE('',#336,#337);
#336 = CARTESIAN_POINT('',(24.,0.));
#337 = VECTOR('',#338,1.);
#338 = DIRECTION('',(-1.,0.));
#339 = ( GEOMETRIC_REPRESENTATION_CONTEXT(2) 
PARAMETRIC_REPRESENTATION_CONTEXT() REPRESENTATION_CONTEXT('2D SPACE',''
  ) );
#340 = ORIENTED_EDGE('',*,*,#341,.T.);
#341 = EDGE_CURVE('',#312,#160,#342,.T.);
#342 = SURFACE_CURVE('',#343,(#347,#354),.PCURVE_S1.);
#343 = LINE('',#344,#345);
#344 = CARTESIAN_POINT('',(1.096376383347E+03,-6.,-97.));
#345 = VECTOR('',#346,1.);
#346 = DIRECTION('',(-1.,0.,0.));
#347 = PCURVE('',#144,#348);
#348 = DEFINITIONAL_REPRESENTATION('',(#349),#353);
#349 = LINE('',#350,#351);
#350 = CARTESIAN_POINT('',(72.087834272994,-38.0466870438));
#351 = VECTOR('',#352,1.);
#352 = DIRECTION('',(0.,-1.));
#353 = ( GEOMETRIC_REPRESENTATION_CONTEXT(2) 
PARAMETRIC_REPRESENTATION_CONTEXT() REPRESENTATION_CONTEXT('2D SPACE',''
  ) );
#354 = PCURVE('',#177,#355);
#355 = DEFINITIONAL_REPRESENTATION('',(#356),#360);
#356 = LINE('',#357,#358);
#357 = CARTESIAN_POINT('',(0.,0.));
#358 = VECTOR('',#359,1.);
#359 = DIRECTION('',(1.,0.));
#360 = ( GEOMETRIC_REPRESENTATION_CONTEXT(2) 
PARAMETRIC_REPRESENTATION_CONTEXT() REPRESENTATION_CONTEXT('2D SPACE',''
  ) );
#361 = ORIENTED_EDGE('',*,*,#211,.T.);
#362 = ORIENTED_EDGE('',*,*,#130,.T.);
#363 = ORIENTED_EDGE('',*,*,#287,.T.);
#364 = ORIENTED_EDGE('',*,*,#365,.T.);
#365 = EDGE_CURVE('',#260,#366,#368,.T.);
#366 = VERTEX_POINT('',#367);
#367 = CARTESIAN_POINT('',(1.118050959099E+03,-6.,-97.));
#368 = SURFACE_CURVE('',#369,(#373,#380),.PCURVE_S1.);
#369 = LINE('',#370,#371);
#370 = CARTESIAN_POINT('',(1.126513671223E+03,-6.,-97.));
#371 = VECTOR('',#372,1.);
#372 = DIRECTION('',(-1.,0.,0.));
#373 = PCURVE('',#144,#374);
#374 = DEFINITIONAL_REPRESENTATION('',(#375),#379);
#375 = LINE('',#376,#377);
#376 = CARTESIAN_POINT('',(72.087834272994,-7.909399167654));
#377 = VECTOR('',#378,1.);
#378 = DIRECTION('',(0.,-1.));
#379 = ( GEOMETRIC_REPRESENTATION_CONTEXT(2) 
PARAMETRIC_REPRESENTATION_CONTEXT() REPRESENTATION_CONTEXT('2D SPACE',''
  ) );
#380 = PCURVE('',#275,#381);
#381 = DEFINITIONAL_REPRESENTATION('',(#382),#386);
#382 = LINE('',#383,#384);
#383 = CARTESIAN_POINT('',(0.,0.));
#384 = VECTOR('',#385,1.);
#385 = DIRECTION('',(1.,0.));
#386 = ( GEOMETRIC_REPRESENTATION_CONTEXT(2) 
PARAMETRIC_REPRESENTATION_CONTEXT() REPRESENTATION_CONTEXT('2D SPACE',''
  ) );
#387 = ORIENTED_EDGE('',*,*,#388,.F.);
#388 = EDGE_CURVE('',#389,#366,#391,.T.);
#389 = VERTEX_POINT('',#390);
#390 = CARTESIAN_POINT('',(1.118050959099E+03,-6.,-105.));
#391 = SURFACE_CURVE('',#392,(#396,#403),.PCURVE_S1.);
#392 = LINE('',#393,#394);
#393 = CARTESIAN_POINT('',(1.118050959099E+03,-6.,-105.));
#394 = VECTOR('',#395,1.);
#395 = DIRECTION('',(0.,0.,1.));
#396 = PCURVE('',#144,#397);
#397 = DEFINITIONAL_REPRESENTATION('',(#398),#402);
#398 = LINE('',#399,#400);
#399 = CARTESIAN_POINT('',(64.087834272994,-16.3721112915));
#400 = VECTOR('',#401,1.);
#401 = DIRECTION('',(1.,0.));
#402 = ( GEOMETRIC_REPRESENTATION_CONTEXT(2) 
PARAMETRIC_REPRESENTATION_CONTEXT() REPRESENTATION_CONTEXT('2D SPACE',''
  ) );
#403 = PCURVE('',#404,#409);
#404 = PLANE('',#405);
#405 = AXIS2_PLACEMENT_3D('',#406,#407,#408);
#406 = CARTESIAN_POINT('',(1.118050959099E+03,-6.,-97.));
#407 = DIRECTION('',(-1.,0.,0.));
#408 = DIRECTION('',(0.,0.,-1.));
#409 = DEFINITIONAL_REPRESENTATION('',(#410),#414);
#410 = LINE('',#411,#412);
#411 = CARTESIAN_POINT('',(8.,0.));
#412 = VECTOR('',#413,1.);
#413 = DIRECTION('',(-1.,-0.));
#414 = ( GEOMETRIC_REPRESENTATION_CONTEXT(2) 
PARAMETRIC_REPRESENTATION_CONTEXT() REPRESENTATION_CONTEXT('2D SPACE',''
  ) );
#415 = ORIENTED_EDGE('',*,*,#416,.T.);
#416 = EDGE_CURVE('',#389,#417,#419,.T.);
#417 = VERTEX_POINT('',#418);
#418 = CARTESIAN_POINT('',(1.121302145462E+03,-6.,-108.2511863628));
#419 = SURFACE_CURVE('',#420,(#424,#431),.PCURVE_S1.);
#420 = LINE('',#421,#422);
#421 = CARTESIAN_POINT('',(1.118050959099E+03,-6.,-105.));
#422 = VECTOR('',#423,1.);
#423 = DIRECTION('',(0.707106781187,0.,-0.707106781187));
#424 = PCURVE('',#144,#425);
#425 = DEFINITIONAL_REPRESENTATION('',(#426),#430);
#426 = LINE('',#427,#428);
#427 = CARTESIAN_POINT('',(64.087834272994,-16.3721112915));
#428 = VECTOR('',#429,1.);
#429 = DIRECTION('',(-0.707106781187,0.707106781187));
#430 = ( GEOMETRIC_REPRESENTATION_CONTEXT(2) 
PARAMETRIC_REPRESENTATION_CONTEXT() REPRESENTATION_CONTEXT('2D SPACE',''
  ) );
#431 = PCURVE('',#432,#437);
#432 = PLANE('',#433);
#433 = AXIS2_PLACEMENT_3D('',#434,#435,#436);
#434 = CARTESIAN_POINT('',(1.118050959099E+03,-6.,-105.));
#435 = DIRECTION('',(-0.707106781187,0.,-0.707106781187));
#436 = DIRECTION('',(0.707106781187,0.,-0.707106781187));
#437 = DEFINITIONAL_REPRESENTATION('',(#438),#442);
#438 = LINE('',#439,#440);
#439 = CARTESIAN_POINT('',(0.,0.));
#440 = VECTOR('',#441,1.);
#441 = DIRECTION('',(1.,0.));
#442 = ( GEOMETRIC_REPRESENTATION_CONTEXT(2) 
PARAMETRIC_REPRESENTATION_CONTEXT() REPRESENTATION_CONTEXT('2D SPACE',''
  ) );
#443 = ORIENTED_EDGE('',*,*,#444,.T.);
#444 = EDGE_CURVE('',#417,#445,#447,.T.);
#445 = VERTEX_POINT('',#446);
#446 = CARTESIAN_POINT('',(1.121302145462E+03,-6.,-223.4));
#447 = SURFACE_CURVE('',#448,(#452,#459),.PCURVE_S1.);
#448 = LINE('',#449,#450);
#449 = CARTESIAN_POINT('',(1.121302145462E+03,-6.,-108.2511863628));
#450 = VECTOR('',#451,1.);
#451 = DIRECTION('',(0.,0.,-1.));
#452 = PCURVE('',#144,#453);
#453 = DEFINITIONAL_REPRESENTATION('',(#454),#458);
#454 = LINE('',#455,#456);
#455 = CARTESIAN_POINT('',(60.836647910148,-13.12092492865));
#456 = VECTOR('',#457,1.);
#457 = DIRECTION('',(-1.,0.));
#458 = ( GEOMETRIC_REPRESENTATION_CONTEXT(2) 
PARAMETRIC_REPRESENTATION_CONTEXT() REPRESENTATION_CONTEXT('2D SPACE',''
  ) );
#459 = PCURVE('',#460,#465);
#460 = PLANE('',#461);
#461 = AXIS2_PLACEMENT_3D('',#462,#463,#464);
#462 = CARTESIAN_POINT('',(1.121302145462E+03,-6.,-108.2511863628));
#463 = DIRECTION('',(-1.,0.,0.));
#464 = DIRECTION('',(0.,0.,-1.));
#465 = DEFINITIONAL_REPRESENTATION('',(#466),#470);
#466 = LINE('',#467,#468);
#467 = CARTESIAN_POINT('',(0.,-0.));
#468 = VECTOR('',#469,1.);
#469 = DIRECTION('',(1.,0.));
#470 = ( GEOMETRIC_REPRESENTATION_CONTEXT(2) 
PARAMETRIC_REPRESENTATION_CONTEXT() REPRESENTATION_CONTEXT('2D SPACE',''
  ) );
#471 = ORIENTED_EDGE('',*,*,#472,.T.);
#472 = EDGE_CURVE('',#445,#473,#475,.T.);
#473 = VERTEX_POINT('',#474);
#474 = CARTESIAN_POINT('',(1.093125196984E+03,-6.,-223.4));
#475 = SURFACE_CURVE('',#476,(#480,#487),.PCURVE_S1.);
#476 = LINE('',#477,#478);
#477 = CARTESIAN_POINT('',(1.121302145462E+03,-6.,-223.4));
#478 = VECTOR('',#479,1.);
#479 = DIRECTION('',(-1.,0.,0.));
#480 = PCURVE('',#144,#481);
#481 = DEFINITIONAL_REPRESENTATION('',(#482),#486);
#482 = LINE('',#483,#484);
#483 = CARTESIAN_POINT('',(-54.312165727,-13.12092492865));
#484 = VECTOR('',#485,1.);
#485 = DIRECTION('',(0.,-1.));
#486 = ( GEOMETRIC_REPRESENTATION_CONTEXT(2) 
PARAMETRIC_REPRESENTATION_CONTEXT() REPRESENTATION_CONTEXT('2D SPACE',''
  ) );
#487 = PCURVE('',#488,#493);
#488 = PLANE('',#489);
#489 = AXIS2_PLACEMENT_3D('',#490,#491,#492);
#490 = CARTESIAN_POINT('',(1.121302145462E+03,-6.,-223.4));
#491 = DIRECTION('',(0.,-0.,1.));
#492 = DIRECTION('',(-1.,0.,0.));
#493 = DEFINITIONAL_REPRESENTATION('',(#494),#498);
#494 = LINE('',#495,#496);
#495 = CARTESIAN_POINT('',(0.,0.));
#496 = VECTOR('',#497,1.);
#497 = DIRECTION('',(1.,0.));
#498 = ( GEOMETRIC_REPRESENTATION_CONTEXT(2) 
PARAMETRIC_REPRESENTATION_CONTEXT() REPRESENTATION_CONTEXT('2D SPACE',''
  ) );
#499 = ORIENTED_EDGE('',*,*,#500,.T.);
#500 = EDGE_CURVE('',#473,#501,#503,.T.);
#501 = VERTEX_POINT('',#502);
#502 = CARTESIAN_POINT('',(1.093125196984E+03,-6.,-108.2511863628));
#503 = SURFACE_CURVE('',#504,(#508,#515),.PCURVE_S1.);
#504 = LINE('',#505,#506);
#505 = CARTESIAN_POINT('',(1.093125196984E+03,-6.,-223.4));
#506 = VECTOR('',#507,1.);
#507 = DIRECTION('',(0.,0.,1.));
#508 = PCURVE('',#144,#509);
#509 = DEFINITIONAL_REPRESENTATION('',(#510),#514);
#510 = LINE('',#511,#512);
#511 = CARTESIAN_POINT('',(-54.312165727,-41.29787340665));
#512 = VECTOR('',#513,1.);
#513 = DIRECTION('',(1.,0.));
#514 = ( GEOMETRIC_REPRESENTATION_CONTEXT(2) 
PARAMETRIC_REPRESENTATION_CONTEXT() REPRESENTATION_CONTEXT('2D SPACE',''
  ) );
#515 = PCURVE('',#516,#521);
#516 = PLANE('',#517);
#517 = AXIS2_PLACEMENT_3D('',#518,#519,#520);
#518 = CARTESIAN_POINT('',(1.093125196984E+03,-6.,-223.4));
#519 = DIRECTION('',(1.,0.,0.));
#520 = DIRECTION('',(0.,0.,1.));
#521 = DEFINITIONAL_REPRESENTATION('',(#522),#526);
#522 = LINE('',#523,#524);
#523 = CARTESIAN_POINT('',(0.,0.));
#524 = VECTOR('',#525,1.);
#525 = DIRECTION('',(1.,0.));
#526 = ( GEOMETRIC_REPRESENTATION_CONTEXT(2) 
PARAMETRIC_REPRESENTATION_CONTEXT() REPRESENTATION_CONTEXT('2D SPACE',''
  ) );
#527 = ORIENTED_EDGE('',*,*,#528,.T.);
#528 = EDGE_CURVE('',#501,#314,#529,.T.);
#529 = SURFACE_CURVE('',#530,(#534,#541),.PCURVE_S1.);
#530 = LINE('',#531,#532);
#531 = CARTESIAN_POINT('',(1.093125196984E+03,-6.,-108.2511863628));
#532 = VECTOR('',#533,1.);
#533 = DIRECTION('',(0.707106781187,0.,0.707106781187));
#534 = PCURVE('',#144,#535);
#535 = DEFINITIONAL_REPRESENTATION('',(#536),#540);
#536 = LINE('',#537,#538);
#537 = CARTESIAN_POINT('',(60.836647910148,-41.29787340665));
#538 = VECTOR('',#539,1.);
#539 = DIRECTION('',(0.707106781187,0.707106781187));
#540 = ( GEOMETRIC_REPRESENTATION_CONTEXT(2) 
PARAMETRIC_REPRESENTATION_CONTEXT() REPRESENTATION_CONTEXT('2D SPACE',''
  ) );
#541 = PCURVE('',#542,#547);
#542 = PLANE('',#543);
#543 = AXIS2_PLACEMENT_3D('',#544,#545,#546);
#544 = CARTESIAN_POINT('',(1.093125196984E+03,-6.,-108.2511863628));
#545 = DIRECTION('',(0.707106781187,0.,-0.707106781187));
#546 = DIRECTION('',(0.707106781187,0.,0.707106781187));
#547 = DEFINITIONAL_REPRESENTATION('',(#548),#552);
#548 = LINE('',#549,#550);
#549 = CARTESIAN_POINT('',(0.,0.));
#550 = VECTOR('',#551,1.);
#551 = DIRECTION('',(1.,0.));
#552 = ( GEOMETRIC_REPRESENTATION_CONTEXT(2) 
PARAMETRIC_REPRESENTATION_CONTEXT() REPRESENTATION_CONTEXT('2D SPACE',''
  ) );
#553 = FACE_BOUND('',#554,.F.);
#554 = EDGE_LOOP('',(#555));
#555 = ORIENTED_EDGE('',*,*,#556,.F.);
#556 = EDGE_CURVE('',#557,#557,#559,.T.);
#557 = VERTEX_POINT('',#558);
#558 = CARTESIAN_POINT('',(1.100913671223E+03,-6.,-90.));
#559 = SURFACE_CURVE('',#560,(#565,#572),.PCURVE_S1.);
#560 = CIRCLE('',#561,3.2);
#561 = AXIS2_PLACEMENT_3D('',#562,#563,#564);
#562 = CARTESIAN_POINT('',(1.097713671223E+03,-6.,-90.));
#563 = DIRECTION('',(0.,1.,2.22044604925E-16));
#564 = DIRECTION('',(1.,0.,-0.));
#565 = PCURVE('',#144,#566);
#566 = DEFINITIONAL_REPRESENTATION('',(#567),#571);
#567 = CIRCLE('',#568,3.2);
#568 = AXIS2_PLACEMENT_2D('',#569,#570);
#569 = CARTESIAN_POINT('',(79.087834272994,-36.70939916765));
#570 = DIRECTION('',(0.,1.));
#571 = ( GEOMETRIC_REPRESENTATION_CONTEXT(2) 
PARAMETRIC_REPRESENTATION_CONTEXT() REPRESENTATION_CONTEXT('2D SPACE',''
  ) );
#572 = PCURVE('',#573,#578);
#573 = CYLINDRICAL_SURFACE('',#574,3.2);
#574 = AXIS2_PLACEMENT_3D('',#575,#576,#577);
#575 = CARTESIAN_POINT('',(1.097713671223E+03,-12.,-90.));
#576 = DIRECTION('',(0.,1.,2.22044604925E-16));
#577 = DIRECTION('',(1.,0.,-0.));
#578 = DEFINITIONAL_REPRESENTATION('',(#579),#583);
#579 = LINE('',#580,#581);
#580 = CARTESIAN_POINT('',(0.,6.));
#581 = VECTOR('',#582,1.);
#582 = DIRECTION('',(1.,0.));
#583 = ( GEOMETRIC_REPRESENTATION_CONTEXT(2) 
PARAMETRIC_REPRESENTATION_CONTEXT() REPRESENTATION_CONTEXT('2D SPACE',''
  ) );
#584 = FACE_BOUND('',#585,.F.);
#585 = EDGE_LOOP('',(#586));
#586 = ORIENTED_EDGE('',*,*,#587,.F.);
#587 = EDGE_CURVE('',#588,#588,#590,.T.);
#588 = VERTEX_POINT('',#589);
#589 = CARTESIAN_POINT('',(1.119913671223E+03,-6.,-90.));
#590 = SURFACE_CURVE('',#591,(#596,#603),.PCURVE_S1.);
#591 = CIRCLE('',#592,3.2);
#592 = AXIS2_PLACEMENT_3D('',#593,#594,#595);
#593 = CARTESIAN_POINT('',(1.116713671223E+03,-6.,-90.));
#594 = DIRECTION('',(0.,1.,2.22044604925E-16));
#595 = DIRECTION('',(1.,0.,-0.));
#596 = PCURVE('',#144,#597);
#597 = DEFINITIONAL_REPRESENTATION('',(#598),#602);
#598 = CIRCLE('',#599,3.2);
#599 = AXIS2_PLACEMENT_2D('',#600,#601);
#600 = CARTESIAN_POINT('',(79.087834272994,-17.70939916765));
#601 = DIRECTION('',(0.,1.));
#602 = ( GEOMETRIC_REPRESENTATION_CONTEXT(2) 
PARAMETRIC_REPRESENTATION_CONTEXT() REPRESENTATION_CONTEXT('2D SPACE',''
  ) );
#603 = PCURVE('',#604,#609);
#604 = CYLINDRICAL_SURFACE('',#605,3.2);
#605 = AXIS2_PLACEMENT_3D('',#606,#607,#608);
#606 = CARTESIAN_POINT('',(1.116713671223E+03,-12.,-90.));
#607 = DIRECTION('',(0.,1.,2.22044604925E-16));
#608 = DIRECTION('',(1.,0.,-0.));
#609 = DEFINITIONAL_REPRESENTATION('',(#610),#614);
#610 = LINE('',#611,#612);
#611 = CARTESIAN_POINT('',(0.,6.));
#612 = VECTOR('',#613,1.);
#613 = DIRECTION('',(1.,0.));
#614 = ( GEOMETRIC_REPRESENTATION_CONTEXT(2) 
PARAMETRIC_REPRESENTATION_CONTEXT() REPRESENTATION_CONTEXT('2D SPACE',''
  ) );
#615 = FACE_BOUND('',#616,.F.);
#616 = EDGE_LOOP('',(#617));
#617 = ORIENTED_EDGE('',*,*,#618,.F.);
#618 = EDGE_CURVE('',#619,#619,#621,.T.);
#619 = VERTEX_POINT('',#620);
#620 = CARTESIAN_POINT('',(1.111463671223E+03,-6.,-211.4));
#621 = SURFACE_CURVE('',#622,(#627,#634),.PCURVE_S1.);
#622 = CIRCLE('',#623,4.25);
#623 = AXIS2_PLACEMENT_3D('',#624,#625,#626);
#624 = CARTESIAN_POINT('',(1.107213671223E+03,-6.,-211.4));
#625 = DIRECTION('',(0.,1.,2.22044604925E-16));
#626 = DIRECTION('',(1.,0.,-0.));
#627 = PCURVE('',#144,#628);
#628 = DEFINITIONAL_REPRESENTATION('',(#629),#633);
#629 = CIRCLE('',#630,4.25);
#630 = AXIS2_PLACEMENT_2D('',#631,#632);
#631 = CARTESIAN_POINT('',(-42.312165727,-27.20939916765));
#632 = DIRECTION('',(0.,1.));
#633 = ( GEOMETRIC_REPRESENTATION_CONTEXT(2) 
PARAMETRIC_REPRESENTATION_CONTEXT() REPRESENTATION_CONTEXT('2D SPACE',''
  ) );
#634 = PCURVE('',#635,#640);
#635 = CYLINDRICAL_SURFACE('',#636,4.25);
#636 = AXIS2_PLACEMENT_3D('',#637,#638,#639);
#637 = CARTESIAN_POINT('',(1.107213671223E+03,-12.,-211.4));
#638 = DIRECTION('',(0.,1.,2.22044604925E-16));
#639 = DIRECTION('',(1.,0.,-0.));
#640 = DEFINITIONAL_REPRESENTATION('',(#641),#645);
#641 = LINE('',#642,#643);
#642 = CARTESIAN_POINT('',(0.,6.));
#643 = VECTOR('',#644,1.);
#644 = DIRECTION('',(1.,0.));
#645 = ( GEOMETRIC_REPRESENTATION_CONTEXT(2) 
PARAMETRIC_REPRESENTATION_CONTEXT() REPRESENTATION_CONTEXT('2D SPACE',''
  ) );
#646 = ADVANCED_FACE('',(#647,#857,#1145,#1433,#1591,#1879,#1905,#2277,
    #2303,#2845,#3717,#3823),#90,.T.);
#647 = FACE_BOUND('',#648,.T.);
#648 = EDGE_LOOP('',(#649,#672,#673,#674,#675,#698,#721,#744,#767,#790,
    #813,#836));
#649 = ORIENTED_EDGE('',*,*,#650,.T.);
#650 = EDGE_CURVE('',#651,#162,#653,.T.);
#651 = VERTEX_POINT('',#652);
#652 = CARTESIAN_POINT('',(1.096376383347E+03,6.,-97.));
#653 = SURFACE_CURVE('',#654,(#658,#665),.PCURVE_S1.);
#654 = LINE('',#655,#656);
#655 = CARTESIAN_POINT('',(1.096376383347E+03,6.,-97.));
#656 = VECTOR('',#657,1.);
#657 = DIRECTION('',(-1.,0.,0.));
#658 = PCURVE('',#90,#659);
#659 = DEFINITIONAL_REPRESENTATION('',(#660),#664);
#660 = LINE('',#661,#662);
#661 = CARTESIAN_POINT('',(72.087834272994,-38.0466870438));
#662 = VECTOR('',#663,1.);
#663 = DIRECTION('',(0.,-1.));
#664 = ( GEOMETRIC_REPRESENTATION_CONTEXT(2) 
PARAMETRIC_REPRESENTATION_CONTEXT() REPRESENTATION_CONTEXT('2D SPACE',''
  ) );
#665 = PCURVE('',#177,#666);
#666 = DEFINITIONAL_REPRESENTATION('',(#667),#671);
#667 = LINE('',#668,#669);
#668 = CARTESIAN_POINT('',(0.,-12.));
#669 = VECTOR('',#670,1.);
#670 = DIRECTION('',(1.,0.));
#671 = ( GEOMETRIC_REPRESENTATION_CONTEXT(2) 
PARAMETRIC_REPRESENTATION_CONTEXT() REPRESENTATION_CONTEXT('2D SPACE',''
  ) );
#672 = ORIENTED_EDGE('',*,*,#189,.T.);
#673 = ORIENTED_EDGE('',*,*,#74,.T.);
#674 = ORIENTED_EDGE('',*,*,#236,.T.);
#675 = ORIENTED_EDGE('',*,*,#676,.T.);
#676 = EDGE_CURVE('',#237,#677,#679,.T.);
#677 = VERTEX_POINT('',#678);
#678 = CARTESIAN_POINT('',(1.118050959099E+03,6.,-97.));
#679 = SURFACE_CURVE('',#680,(#684,#691),.PCURVE_S1.);
#680 = LINE('',#681,#682);
#681 = CARTESIAN_POINT('',(1.126513671223E+03,6.,-97.));
#682 = VECTOR('',#683,1.);
#683 = DIRECTION('',(-1.,0.,0.));
#684 = PCURVE('',#90,#685);
#685 = DEFINITIONAL_REPRESENTATION('',(#686),#690);
#686 = LINE('',#687,#688);
#687 = CARTESIAN_POINT('',(72.087834272994,-7.909399167654));
#688 = VECTOR('',#689,1.);
#689 = DIRECTION('',(0.,-1.));
#690 = ( GEOMETRIC_REPRESENTATION_CONTEXT(2) 
PARAMETRIC_REPRESENTATION_CONTEXT() REPRESENTATION_CONTEXT('2D SPACE',''
  ) );
#691 = PCURVE('',#275,#692);
#692 = DEFINITIONAL_REPRESENTATION('',(#693),#697);
#693 = LINE('',#694,#695);
#694 = CARTESIAN_POINT('',(0.,-12.));
#695 = VECTOR('',#696,1.);
#696 = DIRECTION('',(1.,0.));
#697 = ( GEOMETRIC_REPRESENTATION_CONTEXT(2) 
PARAMETRIC_REPRESENTATION_CONTEXT() REPRESENTATION_CONTEXT('2D SPACE',''
  ) );
#698 = ORIENTED_EDGE('',*,*,#699,.T.);
#699 = EDGE_CURVE('',#677,#700,#702,.T.);
#700 = VERTEX_POINT('',#701);
#701 = CARTESIAN_POINT('',(1.118050959099E+03,6.,-105.));
#702 = SURFACE_CURVE('',#703,(#707,#714),.PCURVE_S1.);
#703 = LINE('',#704,#705);
#704 = CARTESIAN_POINT('',(1.118050959099E+03,6.,-97.));
#705 = VECTOR('',#706,1.);
#706 = DIRECTION('',(0.,0.,-1.));
#707 = PCURVE('',#90,#708);
#708 = DEFINITIONAL_REPRESENTATION('',(#709),#713);
#709 = LINE('',#710,#711);
#710 = CARTESIAN_POINT('',(72.087834272994,-16.3721112915));
#711 = VECTOR('',#712,1.);
#712 = DIRECTION('',(-1.,0.));
#713 = ( GEOMETRIC_REPRESENTATION_CONTEXT(2) 
PARAMETRIC_REPRESENTATION_CONTEXT() REPRESENTATION_CONTEXT('2D SPACE',''
  ) );
#714 = PCURVE('',#404,#715);
#715 = DEFINITIONAL_REPRESENTATION('',(#716),#720);
#716 = LINE('',#717,#718);
#717 = CARTESIAN_POINT('',(0.,-12.));
#718 = VECTOR('',#719,1.);
#719 = DIRECTION('',(1.,0.));
#720 = ( GEOMETRIC_REPRESENTATION_CONTEXT(2) 
PARAMETRIC_REPRESENTATION_CONTEXT() REPRESENTATION_CONTEXT('2D SPACE',''
  ) );
#721 = ORIENTED_EDGE('',*,*,#722,.T.);
#722 = EDGE_CURVE('',#700,#723,#725,.T.);
#723 = VERTEX_POINT('',#724);
#724 = CARTESIAN_POINT('',(1.121302145462E+03,6.,-108.2511863628));
#725 = SURFACE_CURVE('',#726,(#730,#737),.PCURVE_S1.);
#726 = LINE('',#727,#728);
#727 = CARTESIAN_POINT('',(1.118050959099E+03,6.,-105.));
#728 = VECTOR('',#729,1.);
#729 = DIRECTION('',(0.707106781187,0.,-0.707106781187));
#730 = PCURVE('',#90,#731);
#731 = DEFINITIONAL_REPRESENTATION('',(#732),#736);
#732 = LINE('',#733,#734);
#733 = CARTESIAN_POINT('',(64.087834272994,-16.3721112915));
#734 = VECTOR('',#735,1.);
#735 = DIRECTION('',(-0.707106781187,0.707106781187));
#736 = ( GEOMETRIC_REPRESENTATION_CONTEXT(2) 
PARAMETRIC_REPRESENTATION_CONTEXT() REPRESENTATION_CONTEXT('2D SPACE',''
  ) );
#737 = PCURVE('',#432,#738);
#738 = DEFINITIONAL_REPRESENTATION('',(#739),#743);
#739 = LINE('',#740,#741);
#740 = CARTESIAN_POINT('',(0.,-12.));
#741 = VECTOR('',#742,1.);
#742 = DIRECTION('',(1.,0.));
#743 = ( GEOMETRIC_REPRESENTATION_CONTEXT(2) 
PARAMETRIC_REPRESENTATION_CONTEXT() REPRESENTATION_CONTEXT('2D SPACE',''
  ) );
#744 = ORIENTED_EDGE('',*,*,#745,.T.);
#745 = EDGE_CURVE('',#723,#746,#748,.T.);
#746 = VERTEX_POINT('',#747);
#747 = CARTESIAN_POINT('',(1.121302145462E+03,6.,-223.4));
#748 = SURFACE_CURVE('',#749,(#753,#760),.PCURVE_S1.);
#749 = LINE('',#750,#751);
#750 = CARTESIAN_POINT('',(1.121302145462E+03,6.,-108.2511863628));
#751 = VECTOR('',#752,1.);
#752 = DIRECTION('',(0.,0.,-1.));
#753 = PCURVE('',#90,#754);
#754 = DEFINITIONAL_REPRESENTATION('',(#755),#759);
#755 = LINE('',#756,#757);
#756 = CARTESIAN_POINT('',(60.836647910148,-13.12092492865));
#757 = VECTOR('',#758,1.);
#758 = DIRECTION('',(-1.,0.));
#759 = ( GEOMETRIC_REPRESENTATION_CONTEXT(2) 
PARAMETRIC_REPRESENTATION_CONTEXT() REPRESENTATION_CONTEXT('2D SPACE',''
  ) );
#760 = PCURVE('',#460,#761);
#761 = DEFINITIONAL_REPRESENTATION('',(#762),#766);
#762 = LINE('',#763,#764);
#763 = CARTESIAN_POINT('',(0.,-12.));
#764 = VECTOR('',#765,1.);
#765 = DIRECTION('',(1.,0.));
#766 = ( GEOMETRIC_REPRESENTATION_CONTEXT(2) 
PARAMETRIC_REPRESENTATION_CONTEXT() REPRESENTATION_CONTEXT('2D SPACE',''
  ) );
#767 = ORIENTED_EDGE('',*,*,#768,.T.);
#768 = EDGE_CURVE('',#746,#769,#771,.T.);
#769 = VERTEX_POINT('',#770);
#770 = CARTESIAN_POINT('',(1.093125196984E+03,6.,-223.4));
#771 = SURFACE_CURVE('',#772,(#776,#783),.PCURVE_S1.);
#772 = LINE('',#773,#774);
#773 = CARTESIAN_POINT('',(1.121302145462E+03,6.,-223.4));
#774 = VECTOR('',#775,1.);
#775 = DIRECTION('',(-1.,0.,0.));
#776 = PCURVE('',#90,#777);
#777 = DEFINITIONAL_REPRESENTATION('',(#778),#782);
#778 = LINE('',#779,#780);
#779 = CARTESIAN_POINT('',(-54.312165727,-13.12092492865));
#780 = VECTOR('',#781,1.);
#781 = DIRECTION('',(0.,-1.));
#782 = ( GEOMETRIC_REPRESENTATION_CONTEXT(2) 
PARAMETRIC_REPRESENTATION_CONTEXT() REPRESENTATION_CONTEXT('2D SPACE',''
  ) );
#783 = PCURVE('',#488,#784);
#784 = DEFINITIONAL_REPRESENTATION('',(#785),#789);
#785 = LINE('',#786,#787);
#786 = CARTESIAN_POINT('',(0.,-12.));
#787 = VECTOR('',#788,1.);
#788 = DIRECTION('',(1.,0.));
#789 = ( GEOMETRIC_REPRESENTATION_CONTEXT(2) 
PARAMETRIC_REPRESENTATION_CONTEXT() REPRESENTATION_CONTEXT('2D SPACE',''
  ) );
#790 = ORIENTED_EDGE('',*,*,#791,.T.);
#791 = EDGE_CURVE('',#769,#792,#794,.T.);
#792 = VERTEX_POINT('',#793);
#793 = CARTESIAN_POINT('',(1.093125196984E+03,6.,-108.2511863628));
#794 = SURFACE_CURVE('',#795,(#799,#806),.PCURVE_S1.);
#795 = LINE('',#796,#797);
#796 = CARTESIAN_POINT('',(1.093125196984E+03,6.,-223.4));
#797 = VECTOR('',#798,1.);
#798 = DIRECTION('',(0.,0.,1.));
#799 = PCURVE('',#90,#800);
#800 = DEFINITIONAL_REPRESENTATION('',(#801),#805);
#801 = LINE('',#802,#803);
#802 = CARTESIAN_POINT('',(-54.312165727,-41.29787340665));
#803 = VECTOR('',#804,1.);
#804 = DIRECTION('',(1.,0.));
#805 = ( GEOMETRIC_REPRESENTATION_CONTEXT(2) 
PARAMETRIC_REPRESENTATION_CONTEXT() REPRESENTATION_CONTEXT('2D SPACE',''
  ) );
#806 = PCURVE('',#516,#807);
#807 = DEFINITIONAL_REPRESENTATION('',(#808),#812);
#808 = LINE('',#809,#810);
#809 = CARTESIAN_POINT('',(0.,-12.));
#810 = VECTOR('',#811,1.);
#811 = DIRECTION('',(1.,0.));
#812 = ( GEOMETRIC_REPRESENTATION_CONTEXT(2) 
PARAMETRIC_REPRESENTATION_CONTEXT() REPRESENTATION_CONTEXT('2D SPACE',''
  ) );
#813 = ORIENTED_EDGE('',*,*,#814,.T.);
#814 = EDGE_CURVE('',#792,#815,#817,.T.);
#815 = VERTEX_POINT('',#816);
#816 = CARTESIAN_POINT('',(1.096376383347E+03,6.,-105.));
#817 = SURFACE_CURVE('',#818,(#822,#829),.PCURVE_S1.);
#818 = LINE('',#819,#820);
#819 = CARTESIAN_POINT('',(1.093125196984E+03,6.,-108.2511863628));
#820 = VECTOR('',#821,1.);
#821 = DIRECTION('',(0.707106781187,0.,0.707106781187));
#822 = PCURVE('',#90,#823);
#823 = DEFINITIONAL_REPRESENTATION('',(#824),#828);
#824 = LINE('',#825,#826);
#825 = CARTESIAN_POINT('',(60.836647910148,-41.29787340665));
#826 = VECTOR('',#827,1.);
#827 = DIRECTION('',(0.707106781187,0.707106781187));
#828 = ( GEOMETRIC_REPRESENTATION_CONTEXT(2) 
PARAMETRIC_REPRESENTATION_CONTEXT() REPRESENTATION_CONTEXT('2D SPACE',''
  ) );
#829 = PCURVE('',#542,#830);
#830 = DEFINITIONAL_REPRESENTATION('',(#831),#835);
#831 = LINE('',#832,#833);
#832 = CARTESIAN_POINT('',(0.,-12.));
#833 = VECTOR('',#834,1.);
#834 = DIRECTION('',(1.,0.));
#835 = ( GEOMETRIC_REPRESENTATION_CONTEXT(2) 
PARAMETRIC_REPRESENTATION_CONTEXT() REPRESENTATION_CONTEXT('2D SPACE',''
  ) );
#836 = ORIENTED_EDGE('',*,*,#837,.T.);
#837 = EDGE_CURVE('',#815,#651,#838,.T.);
#838 = SURFACE_CURVE('',#839,(#843,#850),.PCURVE_S1.);
#839 = LINE('',#840,#841);
#840 = CARTESIAN_POINT('',(1.096376383347E+03,6.,-105.));
#841 = VECTOR('',#842,1.);
#842 = DIRECTION('',(0.,0.,1.));
#843 = PCURVE('',#90,#844);
#844 = DEFINITIONAL_REPRESENTATION('',(#845),#849);
#845 = LINE('',#846,#847);
#846 = CARTESIAN_POINT('',(64.087834272994,-38.0466870438));
#847 = VECTOR('',#848,1.);
#848 = DIRECTION('',(1.,0.));
#849 = ( GEOMETRIC_REPRESENTATION_CONTEXT(2) 
PARAMETRIC_REPRESENTATION_CONTEXT() REPRESENTATION_CONTEXT('2D SPACE',''
  ) );
#850 = PCURVE('',#329,#851);
#851 = DEFINITIONAL_REPRESENTATION('',(#852),#856);
#852 = LINE('',#853,#854);
#853 = CARTESIAN_POINT('',(16.,-12.));
#854 = VECTOR('',#855,1.);
#855 = DIRECTION('',(1.,0.));
#856 = ( GEOMETRIC_REPRESENTATION_CONTEXT(2) 
PARAMETRIC_REPRESENTATION_CONTEXT() REPRESENTATION_CONTEXT('2D SPACE',''
  ) );
#857 = FACE_BOUND('',#858,.T.);
#858 = EDGE_LOOP('',(#859,#887,#913,#939,#965,#991,#1017,#1043,#1069,
    #1095,#1121));
#859 = ORIENTED_EDGE('',*,*,#860,.F.);
#860 = EDGE_CURVE('',#861,#863,#865,.T.);
#861 = VERTEX_POINT('',#862);
#862 = CARTESIAN_POINT('',(1.10838432552E+03,6.,-167.2865306814));
#863 = VERTEX_POINT('',#864);
#864 = CARTESIAN_POINT('',(1.109033739583E+03,6.,-167.2865306814));
#865 = SURFACE_CURVE('',#866,(#870,#876),.PCURVE_S1.);
#866 = LINE('',#867,#868);
#867 = CARTESIAN_POINT('',(1.121728404987E+03,6.,-167.2865306814));
#868 = VECTOR('',#869,1.);
#869 = DIRECTION('',(1.,0.,-0.));
#870 = PCURVE('',#90,#871);
#871 = DEFINITIONAL_REPRESENTATION('',(#872),#875);
#872 = B_SPLINE_CURVE_WITH_KNOTS('',1,(#873,#874),.UNSPECIFIED.,.F.,.F.,
  (2,2),(-13.34407946663,-12.69466540413),.PIECEWISE_BEZIER_KNOTS.);
#873 = CARTESIAN_POINT('',(1.801303591571,-26.03874487077));
#874 = CARTESIAN_POINT('',(1.801303591571,-25.38933080827));
#875 = ( GEOMETRIC_REPRESENTATION_CONTEXT(2) 
PARAMETRIC_REPRESENTATION_CONTEXT() REPRESENTATION_CONTEXT('2D SPACE',''
  ) );
#876 = PCURVE('',#877,#882);
#877 = PLANE('',#878);
#878 = AXIS2_PLACEMENT_3D('',#879,#880,#881);
#879 = CARTESIAN_POINT('',(1.109033739583E+03,5.95,-167.2865306814));
#880 = DIRECTION('',(0.,-0.,1.));
#881 = DIRECTION('',(-1.,0.,0.));
#882 = DEFINITIONAL_REPRESENTATION('',(#883),#886);
#883 = B_SPLINE_CURVE_WITH_KNOTS('',1,(#884,#885),.UNSPECIFIED.,.F.,.F.,
  (2,2),(-13.34407946663,-12.69466540413),.PIECEWISE_BEZIER_KNOTS.);
#884 = CARTESIAN_POINT('',(0.6494140625,-5.E-02));
#885 = CARTESIAN_POINT('',(0.,-5.E-02));
#886 = ( GEOMETRIC_REPRESENTATION_CONTEXT(2) 
PARAMETRIC_REPRESENTATION_CONTEXT() REPRESENTATION_CONTEXT('2D SPACE',''
  ) );
#887 = ORIENTED_EDGE('',*,*,#888,.F.);
#888 = EDGE_CURVE('',#889,#861,#891,.T.);
#889 = VERTEX_POINT('',#890);
#890 = CARTESIAN_POINT('',(1.10838432552E+03,6.,-168.1166088064));
#891 = SURFACE_CURVE('',#892,(#896,#902),.PCURVE_S1.);
#892 = LINE('',#893,#894);
#893 = CARTESIAN_POINT('',(1.10838432552E+03,6.,-168.1871824772));
#894 = VECTOR('',#895,1.);
#895 = DIRECTION('',(0.,-0.,1.));
#896 = PCURVE('',#90,#897);
#897 = DEFINITIONAL_REPRESENTATION('',(#898),#901);
#898 = B_SPLINE_CURVE_WITH_KNOTS('',1,(#899,#900),.UNSPECIFIED.,.F.,.F.,
  (2,2),(7.057367078551E-02,0.900651795786),.PIECEWISE_BEZIER_KNOTS.);
#899 = CARTESIAN_POINT('',(0.971225466571,-26.03874487077));
#900 = CARTESIAN_POINT('',(1.801303591571,-26.03874487077));
#901 = ( GEOMETRIC_REPRESENTATION_CONTEXT(2) 
PARAMETRIC_REPRESENTATION_CONTEXT() REPRESENTATION_CONTEXT('2D SPACE',''
  ) );
#902 = PCURVE('',#903,#908);
#903 = PLANE('',#904);
#904 = AXIS2_PLACEMENT_3D('',#905,#906,#907);
#905 = CARTESIAN_POINT('',(1.10838432552E+03,5.95,-167.2865306814));
#906 = DIRECTION('',(-1.,0.,0.));
#907 = DIRECTION('',(0.,0.,-1.));
#908 = DEFINITIONAL_REPRESENTATION('',(#909),#912);
#909 = B_SPLINE_CURVE_WITH_KNOTS('',1,(#910,#911),.UNSPECIFIED.,.F.,.F.,
  (2,2),(7.057367078551E-02,0.900651795786),.PIECEWISE_BEZIER_KNOTS.);
#910 = CARTESIAN_POINT('',(0.830078125,-5.E-02));
#911 = CARTESIAN_POINT('',(0.,-5.E-02));
#912 = ( GEOMETRIC_REPRESENTATION_CONTEXT(2) 
PARAMETRIC_REPRESENTATION_CONTEXT() REPRESENTATION_CONTEXT('2D SPACE',''
  ) );
#913 = ORIENTED_EDGE('',*,*,#914,.F.);
#914 = EDGE_CURVE('',#915,#889,#917,.T.);
#915 = VERTEX_POINT('',#916);
#916 = CARTESIAN_POINT('',(1.106028368489E+03,6.,-168.1166088064));
#917 = SURFACE_CURVE('',#918,(#922,#928),.PCURVE_S1.);
#918 = LINE('',#919,#920);
#919 = CARTESIAN_POINT('',(1.121403697956E+03,6.,-168.1166088064));
#920 = VECTOR('',#921,1.);
#921 = DIRECTION('',(1.,0.,-0.));
#922 = PCURVE('',#90,#923);
#923 = DEFINITIONAL_REPRESENTATION('',(#924),#927);
#924 = B_SPLINE_CURVE_WITH_KNOTS('',1,(#925,#926),.UNSPECIFIED.,.F.,.F.,
  (2,2),(-15.37532946663,-13.01937243538),.PIECEWISE_BEZIER_KNOTS.);
#925 = CARTESIAN_POINT('',(0.971225466571,-28.39470190202));
#926 = CARTESIAN_POINT('',(0.971225466571,-26.03874487077));
#927 = ( GEOMETRIC_REPRESENTATION_CONTEXT(2) 
PARAMETRIC_REPRESENTATION_CONTEXT() REPRESENTATION_CONTEXT('2D SPACE',''
  ) );
#928 = PCURVE('',#929,#934);
#929 = PLANE('',#930);
#930 = AXIS2_PLACEMENT_3D('',#931,#932,#933);
#931 = CARTESIAN_POINT('',(1.10838432552E+03,5.95,-168.1166088064));
#932 = DIRECTION('',(0.,-0.,1.));
#933 = DIRECTION('',(-1.,0.,0.));
#934 = DEFINITIONAL_REPRESENTATION('',(#935),#938);
#935 = B_SPLINE_CURVE_WITH_KNOTS('',1,(#936,#937),.UNSPECIFIED.,.F.,.F.,
  (2,2),(-15.37532946663,-13.01937243538),.PIECEWISE_BEZIER_KNOTS.);
#936 = CARTESIAN_POINT('',(2.35595703125,-5.E-02));
#937 = CARTESIAN_POINT('',(0.,-5.E-02));
#938 = ( GEOMETRIC_REPRESENTATION_CONTEXT(2) 
PARAMETRIC_REPRESENTATION_CONTEXT() REPRESENTATION_CONTEXT('2D SPACE',''
  ) );
#939 = ORIENTED_EDGE('',*,*,#940,.F.);
#940 = EDGE_CURVE('',#941,#915,#943,.T.);
#941 = VERTEX_POINT('',#942);
#942 = CARTESIAN_POINT('',(1.106204149739E+03,6.,-167.2645580251));
#943 = SURFACE_CURVE('',#944,(#948,#954),.PCURVE_S1.);
#944 = LINE('',#945,#946);
#945 = CARTESIAN_POINT('',(1.106511863316E+03,6.,-165.7730019381));
#946 = VECTOR('',#947,1.);
#947 = DIRECTION('',(-0.202048804344,0.,-0.979375454391));
#948 = PCURVE('',#90,#949);
#949 = DEFINITIONAL_REPRESENTATION('',(#950),#953);
#950 = B_SPLINE_CURVE_WITH_KNOTS('',1,(#951,#952),.UNSPECIFIED.,.F.,.F.,
  (2,2),(1.522966580749,2.392960593188),.PIECEWISE_BEZIER_KNOTS.);
#951 = CARTESIAN_POINT('',(1.823276247821,-28.21892065202));
#952 = CARTESIAN_POINT('',(0.971225466571,-28.39470190202));
#953 = ( GEOMETRIC_REPRESENTATION_CONTEXT(2) 
PARAMETRIC_REPRESENTATION_CONTEXT() REPRESENTATION_CONTEXT('2D SPACE',''
  ) );
#954 = PCURVE('',#955,#960);
#955 = PLANE('',#956);
#956 = AXIS2_PLACEMENT_3D('',#957,#958,#959);
#957 = CARTESIAN_POINT('',(1.106028368489E+03,5.95,-168.1166088064));
#958 = DIRECTION('',(0.979375454391,0.,-0.202048804344));
#959 = DIRECTION('',(0.202048804344,0.,0.979375454391));
#960 = DEFINITIONAL_REPRESENTATION('',(#961),#964);
#961 = B_SPLINE_CURVE_WITH_KNOTS('',1,(#962,#963),.UNSPECIFIED.,.F.,.F.,
  (2,2),(1.522966580749,2.392960593188),.PIECEWISE_BEZIER_KNOTS.);
#962 = CARTESIAN_POINT('',(0.869994012439,-5.E-02));
#963 = CARTESIAN_POINT('',(0.,-5.E-02));
#964 = ( GEOMETRIC_REPRESENTATION_CONTEXT(2) 
PARAMETRIC_REPRESENTATION_CONTEXT() REPRESENTATION_CONTEXT('2D SPACE',''
  ) );
#965 = ORIENTED_EDGE('',*,*,#966,.F.);
#966 = EDGE_CURVE('',#967,#941,#969,.T.);
#967 = VERTEX_POINT('',#968);
#968 = CARTESIAN_POINT('',(1.105564501301E+03,6.,-167.2645580251));
#969 = SURFACE_CURVE('',#970,(#974,#980),.PCURVE_S1.);
#970 = LINE('',#971,#972);
#971 = CARTESIAN_POINT('',(1.120313610065E+03,6.,-167.2645580251));
#972 = VECTOR('',#973,1.);
#973 = DIRECTION('',(1.,0.,-0.));
#974 = PCURVE('',#90,#975);
#975 = DEFINITIONAL_REPRESENTATION('',(#976),#979);
#976 = B_SPLINE_CURVE_WITH_KNOTS('',1,(#977,#978),.UNSPECIFIED.,.F.,.F.,
  (2,2),(-14.74910876351,-14.10946032601),.PIECEWISE_BEZIER_KNOTS.);
#977 = CARTESIAN_POINT('',(1.823276247821,-28.85856908952));
#978 = CARTESIAN_POINT('',(1.823276247821,-28.21892065202));
#979 = ( GEOMETRIC_REPRESENTATION_CONTEXT(2) 
PARAMETRIC_REPRESENTATION_CONTEXT() REPRESENTATION_CONTEXT('2D SPACE',''
  ) );
#980 = PCURVE('',#981,#986);
#981 = PLANE('',#982);
#982 = AXIS2_PLACEMENT_3D('',#983,#984,#985);
#983 = CARTESIAN_POINT('',(1.106204149739E+03,5.95,-167.2645580251));
#984 = DIRECTION('',(0.,-0.,1.));
#985 = DIRECTION('',(-1.,0.,0.));
#986 = DEFINITIONAL_REPRESENTATION('',(#987),#990);
#987 = B_SPLINE_CURVE_WITH_KNOTS('',1,(#988,#989),.UNSPECIFIED.,.F.,.F.,
  (2,2),(-14.74910876351,-14.10946032601),.PIECEWISE_BEZIER_KNOTS.);
#988 = CARTESIAN_POINT('',(0.6396484375,-5.E-02));
#989 = CARTESIAN_POINT('',(0.,-5.E-02));
#990 = ( GEOMETRIC_REPRESENTATION_CONTEXT(2) 
PARAMETRIC_REPRESENTATION_CONTEXT() REPRESENTATION_CONTEXT('2D SPACE',''
  ) );
#991 = ORIENTED_EDGE('',*,*,#992,.F.);
#992 = EDGE_CURVE('',#993,#967,#995,.T.);
#993 = VERTEX_POINT('',#994);
#994 = CARTESIAN_POINT('',(1.105388720051E+03,6.,-168.1117259939));
#995 = SURFACE_CURVE('',#996,(#1000,#1006),.PCURVE_S1.);
#996 = LINE('',#997,#998);
#997 = CARTESIAN_POINT('',(1.105978736523E+03,6.,-165.2681743875));
#998 = VECTOR('',#999,1.);
#999 = DIRECTION('',(0.203165414809,-0.,0.979144429707));
#1000 = PCURVE('',#90,#1001);
#1001 = DEFINITIONAL_REPRESENTATION('',(#1002),#1005);
#1002 = B_SPLINE_CURVE_WITH_KNOTS('',1,(#1003,#1004),.UNSPECIFIED.,.F.,
  .F.,(2,2),(-2.904118657205,-2.038906189005),.PIECEWISE_BEZIER_KNOTS.);
#1003 = CARTESIAN_POINT('',(0.976108279071,-29.03435033952));
#1004 = CARTESIAN_POINT('',(1.823276247821,-28.85856908952));
#1005 = ( GEOMETRIC_REPRESENTATION_CONTEXT(2) 
PARAMETRIC_REPRESENTATION_CONTEXT() REPRESENTATION_CONTEXT('2D SPACE',''
  ) );
#1006 = PCURVE('',#1007,#1012);
#1007 = PLANE('',#1008);
#1008 = AXIS2_PLACEMENT_3D('',#1009,#1010,#1011);
#1009 = CARTESIAN_POINT('',(1.105564501301E+03,5.95,-167.2645580251));
#1010 = DIRECTION('',(-0.979144429707,0.,0.203165414809));
#1011 = DIRECTION('',(-0.203165414809,0.,-0.979144429707));
#1012 = DEFINITIONAL_REPRESENTATION('',(#1013),#1016);
#1013 = B_SPLINE_CURVE_WITH_KNOTS('',1,(#1014,#1015),.UNSPECIFIED.,.F.,
  .F.,(2,2),(-2.904118657205,-2.038906189005),.PIECEWISE_BEZIER_KNOTS.);
#1014 = CARTESIAN_POINT('',(0.865212468199,-5.E-02));
#1015 = CARTESIAN_POINT('',(0.,-5.E-02));
#1016 = ( GEOMETRIC_REPRESENTATION_CONTEXT(2) 
PARAMETRIC_REPRESENTATION_CONTEXT() REPRESENTATION_CONTEXT('2D SPACE',''
  ) );
#1017 = ORIENTED_EDGE('',*,*,#1018,.F.);
#1018 = EDGE_CURVE('',#1019,#993,#1021,.T.);
#1019 = VERTEX_POINT('',#1020);
#1020 = CARTESIAN_POINT('',(1.105388720051E+03,6.,-169.0052806814));
#1021 = SURFACE_CURVE('',#1022,(#1026,#1032),.PCURVE_S1.);
#1022 = LINE('',#1023,#1024);
#1023 = CARTESIAN_POINT('',(1.105388720051E+03,6.,-168.5997801334));
#1024 = VECTOR('',#1025,1.);
#1025 = DIRECTION('',(0.,-0.,1.));
#1026 = PCURVE('',#90,#1027);
#1027 = DEFINITIONAL_REPRESENTATION('',(#1028),#1031);
#1028 = B_SPLINE_CURVE_WITH_KNOTS('',1,(#1029,#1030),.UNSPECIFIED.,.F.,
  .F.,(2,2),(-0.405500547964,0.488054139536),.PIECEWISE_BEZIER_KNOTS.);
#1029 = CARTESIAN_POINT('',(8.255359157098E-02,-29.03435033952));
#1030 = CARTESIAN_POINT('',(0.976108279071,-29.03435033952));
#1031 = ( GEOMETRIC_REPRESENTATION_CONTEXT(2) 
PARAMETRIC_REPRESENTATION_CONTEXT() REPRESENTATION_CONTEXT('2D SPACE',''
  ) );
#1032 = PCURVE('',#1033,#1038);
#1033 = PLANE('',#1034);
#1034 = AXIS2_PLACEMENT_3D('',#1035,#1036,#1037);
#1035 = CARTESIAN_POINT('',(1.105388720051E+03,5.95,-168.1117259939));
#1036 = DIRECTION('',(-1.,0.,0.));
#1037 = DIRECTION('',(0.,0.,-1.));
#1038 = DEFINITIONAL_REPRESENTATION('',(#1039),#1042);
#1039 = B_SPLINE_CURVE_WITH_KNOTS('',1,(#1040,#1041),.UNSPECIFIED.,.F.,
  .F.,(2,2),(-0.405500547964,0.488054139536),.PIECEWISE_BEZIER_KNOTS.);
#1040 = CARTESIAN_POINT('',(0.8935546875,-5.E-02));
#1041 = CARTESIAN_POINT('',(0.,-5.E-02));
#1042 = ( GEOMETRIC_REPRESENTATION_CONTEXT(2) 
PARAMETRIC_REPRESENTATION_CONTEXT() REPRESENTATION_CONTEXT('2D SPACE',''
  ) );
#1043 = ORIENTED_EDGE('',*,*,#1044,.F.);
#1044 = EDGE_CURVE('',#1045,#1019,#1047,.T.);
#1045 = VERTEX_POINT('',#1046);
#1046 = CARTESIAN_POINT('',(1.10838432552E+03,6.,-169.0052806814));
#1047 = SURFACE_CURVE('',#1048,(#1052,#1058),.PCURVE_S1.);
#1048 = LINE('',#1049,#1050);
#1049 = CARTESIAN_POINT('',(1.119905895221E+03,6.,-169.0052806814));
#1050 = VECTOR('',#1051,1.);
#1051 = DIRECTION('',(-1.,0.,0.));
#1052 = PCURVE('',#90,#1053);
#1053 = DEFINITIONAL_REPRESENTATION('',(#1054),#1057);
#1054 = B_SPLINE_CURVE_WITH_KNOTS('',1,(#1055,#1056),.UNSPECIFIED.,.F.,
  .F.,(2,2),(11.521569701014,14.517175169764),.PIECEWISE_BEZIER_KNOTS.);
#1055 = CARTESIAN_POINT('',(8.255359157098E-02,-26.03874487077));
#1056 = CARTESIAN_POINT('',(8.255359157098E-02,-29.03435033952));
#1057 = ( GEOMETRIC_REPRESENTATION_CONTEXT(2) 
PARAMETRIC_REPRESENTATION_CONTEXT() REPRESENTATION_CONTEXT('2D SPACE',''
  ) );
#1058 = PCURVE('',#1059,#1064);
#1059 = PLANE('',#1060);
#1060 = AXIS2_PLACEMENT_3D('',#1061,#1062,#1063);
#1061 = CARTESIAN_POINT('',(1.105388720051E+03,5.95,-169.0052806814));
#1062 = DIRECTION('',(-0.,0.,-1.));
#1063 = DIRECTION('',(1.,0.,-0.));
#1064 = DEFINITIONAL_REPRESENTATION('',(#1065),#1068);
#1065 = B_SPLINE_CURVE_WITH_KNOTS('',1,(#1066,#1067),.UNSPECIFIED.,.F.,
  .F.,(2,2),(11.521569701014,14.517175169764),.PIECEWISE_BEZIER_KNOTS.);
#1066 = CARTESIAN_POINT('',(2.99560546875,-5.E-02));
#1067 = CARTESIAN_POINT('',(0.,-5.E-02));
#1068 = ( GEOMETRIC_REPRESENTATION_CONTEXT(2) 
PARAMETRIC_REPRESENTATION_CONTEXT() REPRESENTATION_CONTEXT('2D SPACE',''
  ) );
#1069 = ORIENTED_EDGE('',*,*,#1070,.F.);
#1070 = EDGE_CURVE('',#1071,#1045,#1073,.T.);
#1071 = VERTEX_POINT('',#1072);
#1072 = CARTESIAN_POINT('',(1.10838432552E+03,6.,-169.8353588064));
#1073 = SURFACE_CURVE('',#1074,(#1078,#1084),.PCURVE_S1.);
#1074 = LINE('',#1075,#1076);
#1075 = CARTESIAN_POINT('',(1.10838432552E+03,6.,-169.0465574772));
#1076 = VECTOR('',#1077,1.);
#1077 = DIRECTION('',(0.,-0.,1.));
#1078 = PCURVE('',#90,#1079);
#1079 = DEFINITIONAL_REPRESENTATION('',(#1080),#1083);
#1080 = B_SPLINE_CURVE_WITH_KNOTS('',1,(#1081,#1082),.UNSPECIFIED.,.F.,
  .F.,(2,2),(-0.788801329214,4.127679578551E-02),
  .PIECEWISE_BEZIER_KNOTS.);
#1081 = CARTESIAN_POINT('',(-0.747524533429,-26.03874487077));
#1082 = CARTESIAN_POINT('',(8.255359157098E-02,-26.03874487077));
#1083 = ( GEOMETRIC_REPRESENTATION_CONTEXT(2) 
PARAMETRIC_REPRESENTATION_CONTEXT() REPRESENTATION_CONTEXT('2D SPACE',''
  ) );
#1084 = PCURVE('',#1085,#1090);
#1085 = PLANE('',#1086);
#1086 = AXIS2_PLACEMENT_3D('',#1087,#1088,#1089);
#1087 = CARTESIAN_POINT('',(1.10838432552E+03,5.95,-169.0052806814));
#1088 = DIRECTION('',(-1.,0.,0.));
#1089 = DIRECTION('',(0.,0.,-1.));
#1090 = DEFINITIONAL_REPRESENTATION('',(#1091),#1094);
#1091 = B_SPLINE_CURVE_WITH_KNOTS('',1,(#1092,#1093),.UNSPECIFIED.,.F.,
  .F.,(2,2),(-0.788801329214,4.127679578551E-02),
  .PIECEWISE_BEZIER_KNOTS.);
#1092 = CARTESIAN_POINT('',(0.830078125,-5.E-02));
#1093 = CARTESIAN_POINT('',(0.,-5.E-02));
#1094 = ( GEOMETRIC_REPRESENTATION_CONTEXT(2) 
PARAMETRIC_REPRESENTATION_CONTEXT() REPRESENTATION_CONTEXT('2D SPACE',''
  ) );
#1095 = ORIENTED_EDGE('',*,*,#1096,.F.);
#1096 = EDGE_CURVE('',#1097,#1071,#1099,.T.);
#1097 = VERTEX_POINT('',#1098);
#1098 = CARTESIAN_POINT('',(1.109033739583E+03,6.,-169.8353588064));
#1099 = SURFACE_CURVE('',#1100,(#1104,#1110),.PCURVE_S1.);
#1100 = LINE('',#1101,#1102);
#1101 = CARTESIAN_POINT('',(1.121403697956E+03,6.,-169.8353588064));
#1102 = VECTOR('',#1103,1.);
#1103 = DIRECTION('',(-1.,0.,0.));
#1104 = PCURVE('',#90,#1105);
#1105 = DEFINITIONAL_REPRESENTATION('',(#1106),#1109);
#1106 = B_SPLINE_CURVE_WITH_KNOTS('',1,(#1107,#1108),.UNSPECIFIED.,.F.,
  .F.,(2,2),(12.369958372889,13.019372435389),.PIECEWISE_BEZIER_KNOTS.);
#1107 = CARTESIAN_POINT('',(-0.747524533429,-25.38933080827));
#1108 = CARTESIAN_POINT('',(-0.747524533429,-26.03874487077));
#1109 = ( GEOMETRIC_REPRESENTATION_CONTEXT(2) 
PARAMETRIC_REPRESENTATION_CONTEXT() REPRESENTATION_CONTEXT('2D SPACE',''
  ) );
#1110 = PCURVE('',#1111,#1116);
#1111 = PLANE('',#1112);
#1112 = AXIS2_PLACEMENT_3D('',#1113,#1114,#1115);
#1113 = CARTESIAN_POINT('',(1.10838432552E+03,5.95,-169.8353588064));
#1114 = DIRECTION('',(-0.,0.,-1.));
#1115 = DIRECTION('',(1.,0.,-0.));
#1116 = DEFINITIONAL_REPRESENTATION('',(#1117),#1120);
#1117 = B_SPLINE_CURVE_WITH_KNOTS('',1,(#1118,#1119),.UNSPECIFIED.,.F.,
  .F.,(2,2),(12.369958372889,13.019372435389),.PIECEWISE_BEZIER_KNOTS.);
#1118 = CARTESIAN_POINT('',(0.6494140625,-5.E-02));
#1119 = CARTESIAN_POINT('',(0.,-5.E-02));
#1120 = ( GEOMETRIC_REPRESENTATION_CONTEXT(2) 
PARAMETRIC_REPRESENTATION_CONTEXT() REPRESENTATION_CONTEXT('2D SPACE',''
  ) );
#1121 = ORIENTED_EDGE('',*,*,#1122,.F.);
#1122 = EDGE_CURVE('',#863,#1097,#1123,.T.);
#1123 = SURFACE_CURVE('',#1124,(#1128,#1134),.PCURVE_S1.);
#1124 = LINE('',#1125,#1126);
#1125 = CARTESIAN_POINT('',(1.109033739583E+03,6.,-169.4615965397));
#1126 = VECTOR('',#1127,1.);
#1127 = DIRECTION('',(0.,0.,-1.));
#1128 = PCURVE('',#90,#1129);
#1129 = DEFINITIONAL_REPRESENTATION('',(#1130),#1133);
#1130 = B_SPLINE_CURVE_WITH_KNOTS('',1,(#1131,#1132),.UNSPECIFIED.,.F.,
  .F.,(2,2),(-2.175065858286,0.373762266714),.PIECEWISE_BEZIER_KNOTS.);
#1131 = CARTESIAN_POINT('',(1.801303591571,-25.38933080827));
#1132 = CARTESIAN_POINT('',(-0.747524533429,-25.38933080827));
#1133 = ( GEOMETRIC_REPRESENTATION_CONTEXT(2) 
PARAMETRIC_REPRESENTATION_CONTEXT() REPRESENTATION_CONTEXT('2D SPACE',''
  ) );
#1134 = PCURVE('',#1135,#1140);
#1135 = PLANE('',#1136);
#1136 = AXIS2_PLACEMENT_3D('',#1137,#1138,#1139);
#1137 = CARTESIAN_POINT('',(1.109033739583E+03,5.95,-169.8353588064));
#1138 = DIRECTION('',(1.,0.,0.));
#1139 = DIRECTION('',(0.,0.,1.));
#1140 = DEFINITIONAL_REPRESENTATION('',(#1141),#1144);
#1141 = B_SPLINE_CURVE_WITH_KNOTS('',1,(#1142,#1143),.UNSPECIFIED.,.F.,
  .F.,(2,2),(-2.175065858286,0.373762266714),.PIECEWISE_BEZIER_KNOTS.);
#1142 = CARTESIAN_POINT('',(2.548828125,-5.E-02));
#1143 = CARTESIAN_POINT('',(0.,-5.E-02));
#1144 = ( GEOMETRIC_REPRESENTATION_CONTEXT(2) 
PARAMETRIC_REPRESENTATION_CONTEXT() REPRESENTATION_CONTEXT('2D SPACE',''
  ) );
#1145 = FACE_BOUND('',#1146,.T.);
#1146 = EDGE_LOOP('',(#1147,#1175,#1201,#1227,#1253,#1279,#1305,#1331,
    #1357,#1383,#1409));
#1147 = ORIENTED_EDGE('',*,*,#1148,.F.);
#1148 = EDGE_CURVE('',#1149,#1151,#1153,.T.);
#1149 = VERTEX_POINT('',#1150);
#1150 = CARTESIAN_POINT('',(1.10838432552E+03,6.,-163.8075267751));
#1151 = VERTEX_POINT('',#1152);
#1152 = CARTESIAN_POINT('',(1.109033739583E+03,6.,-163.8075267751));
#1153 = SURFACE_CURVE('',#1154,(#1158,#1164),.PCURVE_S1.);
#1154 = LINE('',#1155,#1156);
#1155 = CARTESIAN_POINT('',(1.121728404987E+03,6.,-163.8075267751));
#1156 = VECTOR('',#1157,1.);
#1157 = DIRECTION('',(1.,0.,-0.));
#1158 = PCURVE('',#90,#1159);
#1159 = DEFINITIONAL_REPRESENTATION('',(#1160),#1163);
#1160 = B_SPLINE_CURVE_WITH_KNOTS('',1,(#1161,#1162),.UNSPECIFIED.,.F.,
  .F.,(2,2),(-13.34407946663,-12.69466540413),.PIECEWISE_BEZIER_KNOTS.);
#1161 = CARTESIAN_POINT('',(5.280307497821,-26.03874487077));
#1162 = CARTESIAN_POINT('',(5.280307497821,-25.38933080827));
#1163 = ( GEOMETRIC_REPRESENTATION_CONTEXT(2) 
PARAMETRIC_REPRESENTATION_CONTEXT() REPRESENTATION_CONTEXT('2D SPACE',''
  ) );
#1164 = PCURVE('',#1165,#1170);
#1165 = PLANE('',#1166);
#1166 = AXIS2_PLACEMENT_3D('',#1167,#1168,#1169);
#1167 = CARTESIAN_POINT('',(1.109033739583E+03,5.95,-163.8075267751));
#1168 = DIRECTION('',(0.,-0.,1.));
#1169 = DIRECTION('',(-1.,0.,0.));
#1170 = DEFINITIONAL_REPRESENTATION('',(#1171),#1174);
#1171 = B_SPLINE_CURVE_WITH_KNOTS('',1,(#1172,#1173),.UNSPECIFIED.,.F.,
  .F.,(2,2),(-13.34407946663,-12.69466540413),.PIECEWISE_BEZIER_KNOTS.);
#1172 = CARTESIAN_POINT('',(0.6494140625,-5.E-02));
#1173 = CARTESIAN_POINT('',(0.,-5.E-02));
#1174 = ( GEOMETRIC_REPRESENTATION_CONTEXT(2) 
PARAMETRIC_REPRESENTATION_CONTEXT() REPRESENTATION_CONTEXT('2D SPACE',''
  ) );
#1175 = ORIENTED_EDGE('',*,*,#1176,.F.);
#1176 = EDGE_CURVE('',#1177,#1149,#1179,.T.);
#1177 = VERTEX_POINT('',#1178);
#1178 = CARTESIAN_POINT('',(1.10838432552E+03,6.,-164.6376049001));
#1179 = SURFACE_CURVE('',#1180,(#1184,#1190),.PCURVE_S1.);
#1180 = LINE('',#1181,#1182);
#1181 = CARTESIAN_POINT('',(1.10838432552E+03,6.,-166.447680524));
#1182 = VECTOR('',#1183,1.);
#1183 = DIRECTION('',(0.,-0.,1.));
#1184 = PCURVE('',#90,#1185);
#1185 = DEFINITIONAL_REPRESENTATION('',(#1186),#1189);
#1186 = B_SPLINE_CURVE_WITH_KNOTS('',1,(#1187,#1188),.UNSPECIFIED.,.F.,
  .F.,(2,2),(1.810075623911,2.640153748911),.PIECEWISE_BEZIER_KNOTS.);
#1187 = CARTESIAN_POINT('',(4.450229372821,-26.03874487077));
#1188 = CARTESIAN_POINT('',(5.280307497821,-26.03874487077));
#1189 = ( GEOMETRIC_REPRESENTATION_CONTEXT(2) 
PARAMETRIC_REPRESENTATION_CONTEXT() REPRESENTATION_CONTEXT('2D SPACE',''
  ) );
#1190 = PCURVE('',#1191,#1196);
#1191 = PLANE('',#1192);
#1192 = AXIS2_PLACEMENT_3D('',#1193,#1194,#1195);
#1193 = CARTESIAN_POINT('',(1.10838432552E+03,5.95,-163.8075267751));
#1194 = DIRECTION('',(-1.,0.,0.));
#1195 = DIRECTION('',(0.,0.,-1.));
#1196 = DEFINITIONAL_REPRESENTATION('',(#1197),#1200);
#1197 = B_SPLINE_CURVE_WITH_KNOTS('',1,(#1198,#1199),.UNSPECIFIED.,.F.,
  .F.,(2,2),(1.810075623911,2.640153748911),.PIECEWISE_BEZIER_KNOTS.);
#1198 = CARTESIAN_POINT('',(0.830078125,-5.E-02));
#1199 = CARTESIAN_POINT('',(0.,-5.E-02));
#1200 = ( GEOMETRIC_REPRESENTATION_CONTEXT(2) 
PARAMETRIC_REPRESENTATION_CONTEXT() REPRESENTATION_CONTEXT('2D SPACE',''
  ) );
#1201 = ORIENTED_EDGE('',*,*,#1202,.F.);
#1202 = EDGE_CURVE('',#1203,#1177,#1205,.T.);
#1203 = VERTEX_POINT('',#1204);
#1204 = CARTESIAN_POINT('',(1.106028368489E+03,6.,-164.6376049001));
#1205 = SURFACE_CURVE('',#1206,(#1210,#1216),.PCURVE_S1.);
#1206 = LINE('',#1207,#1208);
#1207 = CARTESIAN_POINT('',(1.121403697956E+03,6.,-164.6376049001));
#1208 = VECTOR('',#1209,1.);
#1209 = DIRECTION('',(1.,0.,-0.));
#1210 = PCURVE('',#90,#1211);
#1211 = DEFINITIONAL_REPRESENTATION('',(#1212),#1215);
#1212 = B_SPLINE_CURVE_WITH_KNOTS('',1,(#1213,#1214),.UNSPECIFIED.,.F.,
  .F.,(2,2),(-15.37532946663,-13.01937243538),.PIECEWISE_BEZIER_KNOTS.);
#1213 = CARTESIAN_POINT('',(4.450229372821,-28.39470190202));
#1214 = CARTESIAN_POINT('',(4.450229372821,-26.03874487077));
#1215 = ( GEOMETRIC_REPRESENTATION_CONTEXT(2) 
PARAMETRIC_REPRESENTATION_CONTEXT() REPRESENTATION_CONTEXT('2D SPACE',''
  ) );
#1216 = PCURVE('',#1217,#1222);
#1217 = PLANE('',#1218);
#1218 = AXIS2_PLACEMENT_3D('',#1219,#1220,#1221);
#1219 = CARTESIAN_POINT('',(1.10838432552E+03,5.95,-164.6376049001));
#1220 = DIRECTION('',(0.,-0.,1.));
#1221 = DIRECTION('',(-1.,0.,0.));
#1222 = DEFINITIONAL_REPRESENTATION('',(#1223),#1226);
#1223 = B_SPLINE_CURVE_WITH_KNOTS('',1,(#1224,#1225),.UNSPECIFIED.,.F.,
  .F.,(2,2),(-15.37532946663,-13.01937243538),.PIECEWISE_BEZIER_KNOTS.);
#1224 = CARTESIAN_POINT('',(2.35595703125,-5.E-02));
#1225 = CARTESIAN_POINT('',(0.,-5.E-02));
#1226 = ( GEOMETRIC_REPRESENTATION_CONTEXT(2) 
PARAMETRIC_REPRESENTATION_CONTEXT() REPRESENTATION_CONTEXT('2D SPACE',''
  ) );
#1227 = ORIENTED_EDGE('',*,*,#1228,.F.);
#1228 = EDGE_CURVE('',#1229,#1203,#1231,.T.);
#1229 = VERTEX_POINT('',#1230);
#1230 = CARTESIAN_POINT('',(1.106204149739E+03,6.,-163.7855541189));
#1231 = SURFACE_CURVE('',#1232,(#1236,#1242),.PCURVE_S1.);
#1232 = LINE('',#1233,#1234);
#1233 = CARTESIAN_POINT('',(1.106167647817E+03,6.,-163.9624870454));
#1234 = VECTOR('',#1235,1.);
#1235 = DIRECTION('',(-0.202048804344,0.,-0.979375454391));
#1236 = PCURVE('',#90,#1237);
#1237 = DEFINITIONAL_REPRESENTATION('',(#1238),#1241);
#1238 = B_SPLINE_CURVE_WITH_KNOTS('',1,(#1239,#1240),.UNSPECIFIED.,.F.,
  .F.,(2,2),(-0.180658935006,0.689335077433),.PIECEWISE_BEZIER_KNOTS.);
#1239 = CARTESIAN_POINT('',(5.302280154071,-28.21892065202));
#1240 = CARTESIAN_POINT('',(4.450229372821,-28.39470190202));
#1241 = ( GEOMETRIC_REPRESENTATION_CONTEXT(2) 
PARAMETRIC_REPRESENTATION_CONTEXT() REPRESENTATION_CONTEXT('2D SPACE',''
  ) );
#1242 = PCURVE('',#1243,#1248);
#1243 = PLANE('',#1244);
#1244 = AXIS2_PLACEMENT_3D('',#1245,#1246,#1247);
#1245 = CARTESIAN_POINT('',(1.106028368489E+03,5.95,-164.6376049001));
#1246 = DIRECTION('',(0.979375454391,0.,-0.202048804344));
#1247 = DIRECTION('',(0.202048804344,0.,0.979375454391));
#1248 = DEFINITIONAL_REPRESENTATION('',(#1249),#1252);
#1249 = B_SPLINE_CURVE_WITH_KNOTS('',1,(#1250,#1251),.UNSPECIFIED.,.F.,
  .F.,(2,2),(-0.180658935006,0.689335077433),.PIECEWISE_BEZIER_KNOTS.);
#1250 = CARTESIAN_POINT('',(0.869994012439,-5.E-02));
#1251 = CARTESIAN_POINT('',(0.,-5.E-02));
#1252 = ( GEOMETRIC_REPRESENTATION_CONTEXT(2) 
PARAMETRIC_REPRESENTATION_CONTEXT() REPRESENTATION_CONTEXT('2D SPACE',''
  ) );
#1253 = ORIENTED_EDGE('',*,*,#1254,.F.);
#1254 = EDGE_CURVE('',#1255,#1229,#1257,.T.);
#1255 = VERTEX_POINT('',#1256);
#1256 = CARTESIAN_POINT('',(1.105564501301E+03,6.,-163.7855541189));
#1257 = SURFACE_CURVE('',#1258,(#1262,#1268),.PCURVE_S1.);
#1258 = LINE('',#1259,#1260);
#1259 = CARTESIAN_POINT('',(1.120313610065E+03,6.,-163.7855541189));
#1260 = VECTOR('',#1261,1.);
#1261 = DIRECTION('',(1.,0.,-0.));
#1262 = PCURVE('',#90,#1263);
#1263 = DEFINITIONAL_REPRESENTATION('',(#1264),#1267);
#1264 = B_SPLINE_CURVE_WITH_KNOTS('',1,(#1265,#1266),.UNSPECIFIED.,.F.,
  .F.,(2,2),(-14.74910876351,-14.10946032601),.PIECEWISE_BEZIER_KNOTS.);
#1265 = CARTESIAN_POINT('',(5.302280154071,-28.85856908952));
#1266 = CARTESIAN_POINT('',(5.302280154071,-28.21892065202));
#1267 = ( GEOMETRIC_REPRESENTATION_CONTEXT(2) 
PARAMETRIC_REPRESENTATION_CONTEXT() REPRESENTATION_CONTEXT('2D SPACE',''
  ) );
#1268 = PCURVE('',#1269,#1274);
#1269 = PLANE('',#1270);
#1270 = AXIS2_PLACEMENT_3D('',#1271,#1272,#1273);
#1271 = CARTESIAN_POINT('',(1.106204149739E+03,5.95,-163.7855541189));
#1272 = DIRECTION('',(0.,-0.,1.));
#1273 = DIRECTION('',(-1.,0.,0.));
#1274 = DEFINITIONAL_REPRESENTATION('',(#1275),#1278);
#1275 = B_SPLINE_CURVE_WITH_KNOTS('',1,(#1276,#1277),.UNSPECIFIED.,.F.,
  .F.,(2,2),(-14.74910876351,-14.10946032601),.PIECEWISE_BEZIER_KNOTS.);
#1276 = CARTESIAN_POINT('',(0.6396484375,-5.E-02));
#1277 = CARTESIAN_POINT('',(0.,-5.E-02));
#1278 = ( GEOMETRIC_REPRESENTATION_CONTEXT(2) 
PARAMETRIC_REPRESENTATION_CONTEXT() REPRESENTATION_CONTEXT('2D SPACE',''
  ) );
#1279 = ORIENTED_EDGE('',*,*,#1280,.F.);
#1280 = EDGE_CURVE('',#1281,#1255,#1283,.T.);
#1281 = VERTEX_POINT('',#1282);
#1282 = CARTESIAN_POINT('',(1.105388720051E+03,6.,-164.6327220876));
#1283 = SURFACE_CURVE('',#1284,(#1288,#1294),.PCURVE_S1.);
#1284 = LINE('',#1285,#1286);
#1285 = CARTESIAN_POINT('',(1.105632700384E+03,6.,-163.4568724286));
#1286 = VECTOR('',#1287,1.);
#1287 = DIRECTION('',(0.203165414809,-0.,0.979144429707));
#1288 = PCURVE('',#90,#1289);
#1289 = DEFINITIONAL_REPRESENTATION('',(#1290),#1293);
#1290 = B_SPLINE_CURVE_WITH_KNOTS('',1,(#1291,#1292),.UNSPECIFIED.,.F.,
  .F.,(2,2),(-1.200895009339,-0.335682541139),.PIECEWISE_BEZIER_KNOTS.);
#1291 = CARTESIAN_POINT('',(4.455112185321,-29.03435033952));
#1292 = CARTESIAN_POINT('',(5.302280154071,-28.85856908952));
#1293 = ( GEOMETRIC_REPRESENTATION_CONTEXT(2) 
PARAMETRIC_REPRESENTATION_CONTEXT() REPRESENTATION_CONTEXT('2D SPACE',''
  ) );
#1294 = PCURVE('',#1295,#1300);
#1295 = PLANE('',#1296);
#1296 = AXIS2_PLACEMENT_3D('',#1297,#1298,#1299);
#1297 = CARTESIAN_POINT('',(1.105564501301E+03,5.95,-163.7855541189));
#1298 = DIRECTION('',(-0.979144429707,0.,0.203165414809));
#1299 = DIRECTION('',(-0.203165414809,0.,-0.979144429707));
#1300 = DEFINITIONAL_REPRESENTATION('',(#1301),#1304);
#1301 = B_SPLINE_CURVE_WITH_KNOTS('',1,(#1302,#1303),.UNSPECIFIED.,.F.,
  .F.,(2,2),(-1.200895009339,-0.335682541139),.PIECEWISE_BEZIER_KNOTS.);
#1302 = CARTESIAN_POINT('',(0.865212468199,-5.E-02));
#1303 = CARTESIAN_POINT('',(0.,-5.E-02));
#1304 = ( GEOMETRIC_REPRESENTATION_CONTEXT(2) 
PARAMETRIC_REPRESENTATION_CONTEXT() REPRESENTATION_CONTEXT('2D SPACE',''
  ) );
#1305 = ORIENTED_EDGE('',*,*,#1306,.F.);
#1306 = EDGE_CURVE('',#1307,#1281,#1309,.T.);
#1307 = VERTEX_POINT('',#1308);
#1308 = CARTESIAN_POINT('',(1.105388720051E+03,6.,-165.5262767751));
#1309 = SURFACE_CURVE('',#1310,(#1314,#1320),.PCURVE_S1.);
#1310 = LINE('',#1311,#1312);
#1311 = CARTESIAN_POINT('',(1.105388720051E+03,6.,-166.8602781803));
#1312 = VECTOR('',#1313,1.);
#1313 = DIRECTION('',(0.,-0.,1.));
#1314 = PCURVE('',#90,#1315);
#1315 = DEFINITIONAL_REPRESENTATION('',(#1316),#1319);
#1316 = B_SPLINE_CURVE_WITH_KNOTS('',1,(#1317,#1318),.UNSPECIFIED.,.F.,
  .F.,(2,2),(1.334001405161,2.227556092661),.PIECEWISE_BEZIER_KNOTS.);
#1317 = CARTESIAN_POINT('',(3.561557497821,-29.03435033952));
#1318 = CARTESIAN_POINT('',(4.455112185321,-29.03435033952));
#1319 = ( GEOMETRIC_REPRESENTATION_CONTEXT(2) 
PARAMETRIC_REPRESENTATION_CONTEXT() REPRESENTATION_CONTEXT('2D SPACE',''
  ) );
#1320 = PCURVE('',#1321,#1326);
#1321 = PLANE('',#1322);
#1322 = AXIS2_PLACEMENT_3D('',#1323,#1324,#1325);
#1323 = CARTESIAN_POINT('',(1.105388720051E+03,5.95,-164.6327220876));
#1324 = DIRECTION('',(-1.,0.,0.));
#1325 = DIRECTION('',(0.,0.,-1.));
#1326 = DEFINITIONAL_REPRESENTATION('',(#1327),#1330);
#1327 = B_SPLINE_CURVE_WITH_KNOTS('',1,(#1328,#1329),.UNSPECIFIED.,.F.,
  .F.,(2,2),(1.334001405161,2.227556092661),.PIECEWISE_BEZIER_KNOTS.);
#1328 = CARTESIAN_POINT('',(0.8935546875,-5.E-02));
#1329 = CARTESIAN_POINT('',(0.,-5.E-02));
#1330 = ( GEOMETRIC_REPRESENTATION_CONTEXT(2) 
PARAMETRIC_REPRESENTATION_CONTEXT() REPRESENTATION_CONTEXT('2D SPACE',''
  ) );
#1331 = ORIENTED_EDGE('',*,*,#1332,.F.);
#1332 = EDGE_CURVE('',#1333,#1307,#1335,.T.);
#1333 = VERTEX_POINT('',#1334);
#1334 = CARTESIAN_POINT('',(1.10838432552E+03,6.,-165.5262767751));
#1335 = SURFACE_CURVE('',#1336,(#1340,#1346),.PCURVE_S1.);
#1336 = LINE('',#1337,#1338);
#1337 = CARTESIAN_POINT('',(1.119905895221E+03,6.,-165.5262767751));
#1338 = VECTOR('',#1339,1.);
#1339 = DIRECTION('',(-1.,0.,0.));
#1340 = PCURVE('',#90,#1341);
#1341 = DEFINITIONAL_REPRESENTATION('',(#1342),#1345);
#1342 = B_SPLINE_CURVE_WITH_KNOTS('',1,(#1343,#1344),.UNSPECIFIED.,.F.,
  .F.,(2,2),(11.521569701014,14.517175169764),.PIECEWISE_BEZIER_KNOTS.);
#1343 = CARTESIAN_POINT('',(3.561557497821,-26.03874487077));
#1344 = CARTESIAN_POINT('',(3.561557497821,-29.03435033952));
#1345 = ( GEOMETRIC_REPRESENTATION_CONTEXT(2) 
PARAMETRIC_REPRESENTATION_CONTEXT() REPRESENTATION_CONTEXT('2D SPACE',''
  ) );
#1346 = PCURVE('',#1347,#1352);
#1347 = PLANE('',#1348);
#1348 = AXIS2_PLACEMENT_3D('',#1349,#1350,#1351);
#1349 = CARTESIAN_POINT('',(1.105388720051E+03,5.95,-165.5262767751));
#1350 = DIRECTION('',(-0.,0.,-1.));
#1351 = DIRECTION('',(1.,0.,-0.));
#1352 = DEFINITIONAL_REPRESENTATION('',(#1353),#1356);
#1353 = B_SPLINE_CURVE_WITH_KNOTS('',1,(#1354,#1355),.UNSPECIFIED.,.F.,
  .F.,(2,2),(11.521569701014,14.517175169764),.PIECEWISE_BEZIER_KNOTS.);
#1354 = CARTESIAN_POINT('',(2.99560546875,-5.E-02));
#1355 = CARTESIAN_POINT('',(0.,-5.E-02));
#1356 = ( GEOMETRIC_REPRESENTATION_CONTEXT(2) 
PARAMETRIC_REPRESENTATION_CONTEXT() REPRESENTATION_CONTEXT('2D SPACE',''
  ) );
#1357 = ORIENTED_EDGE('',*,*,#1358,.F.);
#1358 = EDGE_CURVE('',#1359,#1333,#1361,.T.);
#1359 = VERTEX_POINT('',#1360);
#1360 = CARTESIAN_POINT('',(1.10838432552E+03,6.,-166.3563549001));
#1361 = SURFACE_CURVE('',#1362,(#1366,#1372),.PCURVE_S1.);
#1362 = LINE('',#1363,#1364);
#1363 = CARTESIAN_POINT('',(1.10838432552E+03,6.,-167.307055524));
#1364 = VECTOR('',#1365,1.);
#1365 = DIRECTION('',(0.,-0.,1.));
#1366 = PCURVE('',#90,#1367);
#1367 = DEFINITIONAL_REPRESENTATION('',(#1368),#1371);
#1368 = B_SPLINE_CURVE_WITH_KNOTS('',1,(#1369,#1370),.UNSPECIFIED.,.F.,
  .F.,(2,2),(0.950700623911,1.780778748911),.PIECEWISE_BEZIER_KNOTS.);
#1369 = CARTESIAN_POINT('',(2.731479372821,-26.03874487077));
#1370 = CARTESIAN_POINT('',(3.561557497821,-26.03874487077));
#1371 = ( GEOMETRIC_REPRESENTATION_CONTEXT(2) 
PARAMETRIC_REPRESENTATION_CONTEXT() REPRESENTATION_CONTEXT('2D SPACE',''
  ) );
#1372 = PCURVE('',#1373,#1378);
#1373 = PLANE('',#1374);
#1374 = AXIS2_PLACEMENT_3D('',#1375,#1376,#1377);
#1375 = CARTESIAN_POINT('',(1.10838432552E+03,5.95,-165.5262767751));
#1376 = DIRECTION('',(-1.,0.,0.));
#1377 = DIRECTION('',(0.,0.,-1.));
#1378 = DEFINITIONAL_REPRESENTATION('',(#1379),#1382);
#1379 = B_SPLINE_CURVE_WITH_KNOTS('',1,(#1380,#1381),.UNSPECIFIED.,.F.,
  .F.,(2,2),(0.950700623911,1.780778748911),.PIECEWISE_BEZIER_KNOTS.);
#1380 = CARTESIAN_POINT('',(0.830078125,-5.E-02));
#1381 = CARTESIAN_POINT('',(0.,-5.E-02));
#1382 = ( GEOMETRIC_REPRESENTATION_CONTEXT(2) 
PARAMETRIC_REPRESENTATION_CONTEXT() REPRESENTATION_CONTEXT('2D SPACE',''
  ) );
#1383 = ORIENTED_EDGE('',*,*,#1384,.F.);
#1384 = EDGE_CURVE('',#1385,#1359,#1387,.T.);
#1385 = VERTEX_POINT('',#1386);
#1386 = CARTESIAN_POINT('',(1.109033739583E+03,6.,-166.3563549001));
#1387 = SURFACE_CURVE('',#1388,(#1392,#1398),.PCURVE_S1.);
#1388 = LINE('',#1389,#1390);
#1389 = CARTESIAN_POINT('',(1.121403697956E+03,6.,-166.3563549001));
#1390 = VECTOR('',#1391,1.);
#1391 = DIRECTION('',(-1.,0.,0.));
#1392 = PCURVE('',#90,#1393);
#1393 = DEFINITIONAL_REPRESENTATION('',(#1394),#1397);
#1394 = B_SPLINE_CURVE_WITH_KNOTS('',1,(#1395,#1396),.UNSPECIFIED.,.F.,
  .F.,(2,2),(12.369958372889,13.019372435389),.PIECEWISE_BEZIER_KNOTS.);
#1395 = CARTESIAN_POINT('',(2.731479372821,-25.38933080827));
#1396 = CARTESIAN_POINT('',(2.731479372821,-26.03874487077));
#1397 = ( GEOMETRIC_REPRESENTATION_CONTEXT(2) 
PARAMETRIC_REPRESENTATION_CONTEXT() REPRESENTATION_CONTEXT('2D SPACE',''
  ) );
#1398 = PCURVE('',#1399,#1404);
#1399 = PLANE('',#1400);
#1400 = AXIS2_PLACEMENT_3D('',#1401,#1402,#1403);
#1401 = CARTESIAN_POINT('',(1.10838432552E+03,5.95,-166.3563549001));
#1402 = DIRECTION('',(-0.,0.,-1.));
#1403 = DIRECTION('',(1.,0.,-0.));
#1404 = DEFINITIONAL_REPRESENTATION('',(#1405),#1408);
#1405 = B_SPLINE_CURVE_WITH_KNOTS('',1,(#1406,#1407),.UNSPECIFIED.,.F.,
  .F.,(2,2),(12.369958372889,13.019372435389),.PIECEWISE_BEZIER_KNOTS.);
#1406 = CARTESIAN_POINT('',(0.6494140625,-5.E-02));
#1407 = CARTESIAN_POINT('',(0.,-5.E-02));
#1408 = ( GEOMETRIC_REPRESENTATION_CONTEXT(2) 
PARAMETRIC_REPRESENTATION_CONTEXT() REPRESENTATION_CONTEXT('2D SPACE',''
  ) );
#1409 = ORIENTED_EDGE('',*,*,#1410,.F.);
#1410 = EDGE_CURVE('',#1151,#1385,#1411,.T.);
#1411 = SURFACE_CURVE('',#1412,(#1416,#1422),.PCURVE_S1.);
#1412 = LINE('',#1413,#1414);
#1413 = CARTESIAN_POINT('',(1.109033739583E+03,6.,-167.7220945865));
#1414 = VECTOR('',#1415,1.);
#1415 = DIRECTION('',(0.,0.,-1.));
#1416 = PCURVE('',#90,#1417);
#1417 = DEFINITIONAL_REPRESENTATION('',(#1418),#1421);
#1418 = B_SPLINE_CURVE_WITH_KNOTS('',1,(#1419,#1420),.UNSPECIFIED.,.F.,
  .F.,(2,2),(-3.914567811411,-1.365739686411),.PIECEWISE_BEZIER_KNOTS.);
#1419 = CARTESIAN_POINT('',(5.280307497821,-25.38933080827));
#1420 = CARTESIAN_POINT('',(2.731479372821,-25.38933080827));
#1421 = ( GEOMETRIC_REPRESENTATION_CONTEXT(2) 
PARAMETRIC_REPRESENTATION_CONTEXT() REPRESENTATION_CONTEXT('2D SPACE',''
  ) );
#1422 = PCURVE('',#1423,#1428);
#1423 = PLANE('',#1424);
#1424 = AXIS2_PLACEMENT_3D('',#1425,#1426,#1427);
#1425 = CARTESIAN_POINT('',(1.109033739583E+03,5.95,-166.3563549001));
#1426 = DIRECTION('',(1.,0.,0.));
#1427 = DIRECTION('',(0.,0.,1.));
#1428 = DEFINITIONAL_REPRESENTATION('',(#1429),#1432);
#1429 = B_SPLINE_CURVE_WITH_KNOTS('',1,(#1430,#1431),.UNSPECIFIED.,.F.,
  .F.,(2,2),(-3.914567811411,-1.365739686411),.PIECEWISE_BEZIER_KNOTS.);
#1430 = CARTESIAN_POINT('',(2.548828125,-5.E-02));
#1431 = CARTESIAN_POINT('',(0.,-5.E-02));
#1432 = ( GEOMETRIC_REPRESENTATION_CONTEXT(2) 
PARAMETRIC_REPRESENTATION_CONTEXT() REPRESENTATION_CONTEXT('2D SPACE',''
  ) );
#1433 = FACE_BOUND('',#1434,.T.);
#1434 = EDGE_LOOP('',(#1435,#1463,#1489,#1515,#1541,#1567));
#1435 = ORIENTED_EDGE('',*,*,#1436,.F.);
#1436 = EDGE_CURVE('',#1437,#1439,#1441,.T.);
#1437 = VERTEX_POINT('',#1438);
#1438 = CARTESIAN_POINT('',(1.105388720051E+03,6.,-160.4945384939));
#1439 = VERTEX_POINT('',#1440);
#1440 = CARTESIAN_POINT('',(1.109033739583E+03,6.,-160.4945384939));
#1441 = SURFACE_CURVE('',#1442,(#1446,#1452),.PCURVE_S1.);
#1442 = LINE('',#1443,#1444);
#1443 = CARTESIAN_POINT('',(1.121728404987E+03,6.,-160.4945384939));
#1444 = VECTOR('',#1445,1.);
#1445 = DIRECTION('',(1.,0.,-0.));
#1446 = PCURVE('',#90,#1447);
#1447 = DEFINITIONAL_REPRESENTATION('',(#1448),#1451);
#1448 = B_SPLINE_CURVE_WITH_KNOTS('',1,(#1449,#1450),.UNSPECIFIED.,.F.,
  .F.,(2,2),(-16.33968493538,-12.69466540413),.PIECEWISE_BEZIER_KNOTS.);
#1449 = CARTESIAN_POINT('',(8.593295779071,-29.03435033952));
#1450 = CARTESIAN_POINT('',(8.593295779071,-25.38933080827));
#1451 = ( GEOMETRIC_REPRESENTATION_CONTEXT(2) 
PARAMETRIC_REPRESENTATION_CONTEXT() REPRESENTATION_CONTEXT('2D SPACE',''
  ) );
#1452 = PCURVE('',#1453,#1458);
#1453 = PLANE('',#1454);
#1454 = AXIS2_PLACEMENT_3D('',#1455,#1456,#1457);
#1455 = CARTESIAN_POINT('',(1.109033739583E+03,5.95,-160.4945384939));
#1456 = DIRECTION('',(0.,-0.,1.));
#1457 = DIRECTION('',(-1.,0.,0.));
#1458 = DEFINITIONAL_REPRESENTATION('',(#1459),#1462);
#1459 = B_SPLINE_CURVE_WITH_KNOTS('',1,(#1460,#1461),.UNSPECIFIED.,.F.,
  .F.,(2,2),(-16.33968493538,-12.69466540413),.PIECEWISE_BEZIER_KNOTS.);
#1460 = CARTESIAN_POINT('',(3.64501953125,-5.E-02));
#1461 = CARTESIAN_POINT('',(0.,-5.E-02));
#1462 = ( GEOMETRIC_REPRESENTATION_CONTEXT(2) 
PARAMETRIC_REPRESENTATION_CONTEXT() REPRESENTATION_CONTEXT('2D SPACE',''
  ) );
#1463 = ORIENTED_EDGE('',*,*,#1464,.F.);
#1464 = EDGE_CURVE('',#1465,#1437,#1467,.T.);
#1465 = VERTEX_POINT('',#1466);
#1466 = CARTESIAN_POINT('',(1.105388720051E+03,6.,-161.4344799001));
#1467 = SURFACE_CURVE('',#1468,(#1472,#1478),.PCURVE_S1.);
#1468 = LINE('',#1469,#1470);
#1469 = CARTESIAN_POINT('',(1.105388720051E+03,6.,-164.7911863834));
#1470 = VECTOR('',#1471,1.);
#1471 = DIRECTION('',(0.,-0.,1.));
#1472 = PCURVE('',#90,#1473);
#1473 = DEFINITIONAL_REPRESENTATION('',(#1474),#1477);
#1474 = B_SPLINE_CURVE_WITH_KNOTS('',1,(#1475,#1476),.UNSPECIFIED.,.F.,
  .F.,(2,2),(3.356706483286,4.296647889536),.PIECEWISE_BEZIER_KNOTS.);
#1475 = CARTESIAN_POINT('',(7.653354372821,-29.03435033952));
#1476 = CARTESIAN_POINT('',(8.593295779071,-29.03435033952));
#1477 = ( GEOMETRIC_REPRESENTATION_CONTEXT(2) 
PARAMETRIC_REPRESENTATION_CONTEXT() REPRESENTATION_CONTEXT('2D SPACE',''
  ) );
#1478 = PCURVE('',#1479,#1484);
#1479 = PLANE('',#1480);
#1480 = AXIS2_PLACEMENT_3D('',#1481,#1482,#1483);
#1481 = CARTESIAN_POINT('',(1.105388720051E+03,5.95,-160.4945384939));
#1482 = DIRECTION('',(-1.,0.,0.));
#1483 = DIRECTION('',(0.,0.,-1.));
#1484 = DEFINITIONAL_REPRESENTATION('',(#1485),#1488);
#1485 = B_SPLINE_CURVE_WITH_KNOTS('',1,(#1486,#1487),.UNSPECIFIED.,.F.,
  .F.,(2,2),(3.356706483286,4.296647889536),.PIECEWISE_BEZIER_KNOTS.);
#1486 = CARTESIAN_POINT('',(0.93994140625,-5.E-02));
#1487 = CARTESIAN_POINT('',(0.,-5.E-02));
#1488 = ( GEOMETRIC_REPRESENTATION_CONTEXT(2) 
PARAMETRIC_REPRESENTATION_CONTEXT() REPRESENTATION_CONTEXT('2D SPACE',''
  ) );
#1489 = ORIENTED_EDGE('',*,*,#1490,.F.);
#1490 = EDGE_CURVE('',#1491,#1465,#1493,.T.);
#1491 = VERTEX_POINT('',#1492);
#1492 = CARTESIAN_POINT('',(1.108323290364E+03,6.,-161.4344799001));
#1493 = SURFACE_CURVE('',#1494,(#1498,#1504),.PCURVE_S1.);
#1494 = LINE('',#1495,#1496);
#1495 = CARTESIAN_POINT('',(1.119905895221E+03,6.,-161.4344799001));
#1496 = VECTOR('',#1497,1.);
#1497 = DIRECTION('',(-1.,0.,0.));
#1498 = PCURVE('',#90,#1499);
#1499 = DEFINITIONAL_REPRESENTATION('',(#1500),#1503);
#1500 = B_SPLINE_CURVE_WITH_KNOTS('',1,(#1501,#1502),.UNSPECIFIED.,.F.,
  .F.,(2,2),(11.582604857264,14.517175169764),.PIECEWISE_BEZIER_KNOTS.);
#1501 = CARTESIAN_POINT('',(7.653354372821,-26.09978002702));
#1502 = CARTESIAN_POINT('',(7.653354372821,-29.03435033952));
#1503 = ( GEOMETRIC_REPRESENTATION_CONTEXT(2) 
PARAMETRIC_REPRESENTATION_CONTEXT() REPRESENTATION_CONTEXT('2D SPACE',''
  ) );
#1504 = PCURVE('',#1505,#1510);
#1505 = PLANE('',#1506);
#1506 = AXIS2_PLACEMENT_3D('',#1507,#1508,#1509);
#1507 = CARTESIAN_POINT('',(1.105388720051E+03,5.95,-161.4344799001));
#1508 = DIRECTION('',(-0.,0.,-1.));
#1509 = DIRECTION('',(1.,0.,-0.));
#1510 = DEFINITIONAL_REPRESENTATION('',(#1511),#1514);
#1511 = B_SPLINE_CURVE_WITH_KNOTS('',1,(#1512,#1513),.UNSPECIFIED.,.F.,
  .F.,(2,2),(11.582604857264,14.517175169764),.PIECEWISE_BEZIER_KNOTS.);
#1512 = CARTESIAN_POINT('',(2.9345703125,-5.E-02));
#1513 = CARTESIAN_POINT('',(0.,-5.E-02));
#1514 = ( GEOMETRIC_REPRESENTATION_CONTEXT(2) 
PARAMETRIC_REPRESENTATION_CONTEXT() REPRESENTATION_CONTEXT('2D SPACE',''
  ) );
#1515 = ORIENTED_EDGE('',*,*,#1516,.F.);
#1516 = EDGE_CURVE('',#1517,#1491,#1519,.T.);
#1517 = VERTEX_POINT('',#1518);
#1518 = CARTESIAN_POINT('',(1.108323290364E+03,6.,-163.0848705251));
#1519 = SURFACE_CURVE('',#1520,(#1524,#1530),.PCURVE_S1.);
#1520 = LINE('',#1521,#1522);
#1521 = CARTESIAN_POINT('',(1.108323290364E+03,6.,-165.2611570865));
#1522 = VECTOR('',#1523,1.);
#1523 = DIRECTION('',(0.,-0.,1.));
#1524 = PCURVE('',#90,#1525);
#1525 = DEFINITIONAL_REPRESENTATION('',(#1526),#1529);
#1526 = B_SPLINE_CURVE_WITH_KNOTS('',1,(#1527,#1528),.UNSPECIFIED.,.F.,
  .F.,(2,2),(2.176286561411,3.826677186411),.PIECEWISE_BEZIER_KNOTS.);
#1527 = CARTESIAN_POINT('',(6.002963747821,-26.09978002702));
#1528 = CARTESIAN_POINT('',(7.653354372821,-26.09978002702));
#1529 = ( GEOMETRIC_REPRESENTATION_CONTEXT(2) 
PARAMETRIC_REPRESENTATION_CONTEXT() REPRESENTATION_CONTEXT('2D SPACE',''
  ) );
#1530 = PCURVE('',#1531,#1536);
#1531 = PLANE('',#1532);
#1532 = AXIS2_PLACEMENT_3D('',#1533,#1534,#1535);
#1533 = CARTESIAN_POINT('',(1.108323290364E+03,5.95,-161.4344799001));
#1534 = DIRECTION('',(-1.,0.,0.));
#1535 = DIRECTION('',(0.,0.,-1.));
#1536 = DEFINITIONAL_REPRESENTATION('',(#1537),#1540);
#1537 = B_SPLINE_CURVE_WITH_KNOTS('',1,(#1538,#1539),.UNSPECIFIED.,.F.,
  .F.,(2,2),(2.176286561411,3.826677186411),.PIECEWISE_BEZIER_KNOTS.);
#1538 = CARTESIAN_POINT('',(1.650390625,-5.E-02));
#1539 = CARTESIAN_POINT('',(0.,-5.E-02));
#1540 = ( GEOMETRIC_REPRESENTATION_CONTEXT(2) 
PARAMETRIC_REPRESENTATION_CONTEXT() REPRESENTATION_CONTEXT('2D SPACE',''
  ) );
#1541 = ORIENTED_EDGE('',*,*,#1542,.F.);
#1542 = EDGE_CURVE('',#1543,#1517,#1545,.T.);
#1543 = VERTEX_POINT('',#1544);
#1544 = CARTESIAN_POINT('',(1.109033739583E+03,6.,-163.0848705251));
#1545 = SURFACE_CURVE('',#1546,(#1550,#1556),.PCURVE_S1.);
#1546 = LINE('',#1547,#1548);
#1547 = CARTESIAN_POINT('',(1.121373180377E+03,6.,-163.0848705251));
#1548 = VECTOR('',#1549,1.);
#1549 = DIRECTION('',(-1.,0.,0.));
#1550 = PCURVE('',#90,#1551);
#1551 = DEFINITIONAL_REPRESENTATION('',(#1552),#1555);
#1552 = B_SPLINE_CURVE_WITH_KNOTS('',1,(#1553,#1554),.UNSPECIFIED.,.F.,
  .F.,(2,2),(12.339440794764,13.049890013514),.PIECEWISE_BEZIER_KNOTS.);
#1553 = CARTESIAN_POINT('',(6.002963747821,-25.38933080827));
#1554 = CARTESIAN_POINT('',(6.002963747821,-26.09978002702));
#1555 = ( GEOMETRIC_REPRESENTATION_CONTEXT(2) 
PARAMETRIC_REPRESENTATION_CONTEXT() REPRESENTATION_CONTEXT('2D SPACE',''
  ) );
#1556 = PCURVE('',#1557,#1562);
#1557 = PLANE('',#1558);
#1558 = AXIS2_PLACEMENT_3D('',#1559,#1560,#1561);
#1559 = CARTESIAN_POINT('',(1.108323290364E+03,5.95,-163.0848705251));
#1560 = DIRECTION('',(-0.,0.,-1.));
#1561 = DIRECTION('',(1.,0.,-0.));
#1562 = DEFINITIONAL_REPRESENTATION('',(#1563),#1566);
#1563 = B_SPLINE_CURVE_WITH_KNOTS('',1,(#1564,#1565),.UNSPECIFIED.,.F.,
  .F.,(2,2),(12.339440794764,13.049890013514),.PIECEWISE_BEZIER_KNOTS.);
#1564 = CARTESIAN_POINT('',(0.71044921875,-5.E-02));
#1565 = CARTESIAN_POINT('',(0.,-5.E-02));
#1566 = ( GEOMETRIC_REPRESENTATION_CONTEXT(2) 
PARAMETRIC_REPRESENTATION_CONTEXT() REPRESENTATION_CONTEXT('2D SPACE',''
  ) );
#1567 = ORIENTED_EDGE('',*,*,#1568,.F.);
#1568 = EDGE_CURVE('',#1439,#1543,#1569,.T.);
#1569 = SURFACE_CURVE('',#1570,(#1574,#1580),.PCURVE_S1.);
#1570 = LINE('',#1571,#1572);
#1571 = CARTESIAN_POINT('',(1.109033739583E+03,6.,-166.086352399));
#1572 = VECTOR('',#1573,1.);
#1573 = DIRECTION('',(0.,0.,-1.));
#1574 = PCURVE('',#90,#1575);
#1575 = DEFINITIONAL_REPRESENTATION('',(#1576),#1579);
#1576 = B_SPLINE_CURVE_WITH_KNOTS('',1,(#1577,#1578),.UNSPECIFIED.,.F.,
  .F.,(2,2),(-5.591813905161,-3.001481873911),.PIECEWISE_BEZIER_KNOTS.);
#1577 = CARTESIAN_POINT('',(8.593295779071,-25.38933080827));
#1578 = CARTESIAN_POINT('',(6.002963747821,-25.38933080827));
#1579 = ( GEOMETRIC_REPRESENTATION_CONTEXT(2) 
PARAMETRIC_REPRESENTATION_CONTEXT() REPRESENTATION_CONTEXT('2D SPACE',''
  ) );
#1580 = PCURVE('',#1581,#1586);
#1581 = PLANE('',#1582);
#1582 = AXIS2_PLACEMENT_3D('',#1583,#1584,#1585);
#1583 = CARTESIAN_POINT('',(1.109033739583E+03,5.95,-163.0848705251));
#1584 = DIRECTION('',(1.,0.,0.));
#1585 = DIRECTION('',(0.,0.,1.));
#1586 = DEFINITIONAL_REPRESENTATION('',(#1587),#1590);
#1587 = B_SPLINE_CURVE_WITH_KNOTS('',1,(#1588,#1589),.UNSPECIFIED.,.F.,
  .F.,(2,2),(-5.591813905161,-3.001481873911),.PIECEWISE_BEZIER_KNOTS.);
#1588 = CARTESIAN_POINT('',(2.59033203125,-5.E-02));
#1589 = CARTESIAN_POINT('',(0.,-5.E-02));
#1590 = ( GEOMETRIC_REPRESENTATION_CONTEXT(2) 
PARAMETRIC_REPRESENTATION_CONTEXT() REPRESENTATION_CONTEXT('2D SPACE',''
  ) );
#1591 = FACE_BOUND('',#1592,.T.);
#1592 = EDGE_LOOP('',(#1593,#1621,#1647,#1673,#1699,#1725,#1751,#1777,
    #1803,#1829,#1855));
#1593 = ORIENTED_EDGE('',*,*,#1594,.F.);
#1594 = EDGE_CURVE('',#1595,#1597,#1599,.T.);
#1595 = VERTEX_POINT('',#1596);
#1596 = CARTESIAN_POINT('',(1.10838432552E+03,6.,-150.0233470876));
#1597 = VERTEX_POINT('',#1598);
#1598 = CARTESIAN_POINT('',(1.109033739583E+03,6.,-150.0233470876));
#1599 = SURFACE_CURVE('',#1600,(#1604,#1610),.PCURVE_S1.);
#1600 = LINE('',#1601,#1602);
#1601 = CARTESIAN_POINT('',(1.121728404987E+03,6.,-150.0233470876));
#1602 = VECTOR('',#1603,1.);
#1603 = DIRECTION('',(1.,0.,-0.));
#1604 = PCURVE('',#90,#1605);
#1605 = DEFINITIONAL_REPRESENTATION('',(#1606),#1609);
#1606 = B_SPLINE_CURVE_WITH_KNOTS('',1,(#1607,#1608),.UNSPECIFIED.,.F.,
  .F.,(2,2),(-13.34407946663,-12.69466540413),.PIECEWISE_BEZIER_KNOTS.);
#1607 = CARTESIAN_POINT('',(19.064487185321,-26.03874487077));
#1608 = CARTESIAN_POINT('',(19.064487185321,-25.38933080827));
#1609 = ( GEOMETRIC_REPRESENTATION_CONTEXT(2) 
PARAMETRIC_REPRESENTATION_CONTEXT() REPRESENTATION_CONTEXT('2D SPACE',''
  ) );
#1610 = PCURVE('',#1611,#1616);
#1611 = PLANE('',#1612);
#1612 = AXIS2_PLACEMENT_3D('',#1613,#1614,#1615);
#1613 = CARTESIAN_POINT('',(1.109033739583E+03,5.95,-150.0233470876));
#1614 = DIRECTION('',(0.,-0.,1.));
#1615 = DIRECTION('',(-1.,0.,0.));
#1616 = DEFINITIONAL_REPRESENTATION('',(#1617),#1620);
#1617 = B_SPLINE_CURVE_WITH_KNOTS('',1,(#1618,#1619),.UNSPECIFIED.,.F.,
  .F.,(2,2),(-13.34407946663,-12.69466540413),.PIECEWISE_BEZIER_KNOTS.);
#1618 = CARTESIAN_POINT('',(0.6494140625,-5.E-02));
#1619 = CARTESIAN_POINT('',(0.,-5.E-02));
#1620 = ( GEOMETRIC_REPRESENTATION_CONTEXT(2) 
PARAMETRIC_REPRESENTATION_CONTEXT() REPRESENTATION_CONTEXT('2D SPACE',''
  ) );
#1621 = ORIENTED_EDGE('',*,*,#1622,.F.);
#1622 = EDGE_CURVE('',#1623,#1595,#1625,.T.);
#1623 = VERTEX_POINT('',#1624);
#1624 = CARTESIAN_POINT('',(1.10838432552E+03,6.,-150.8534252126));
#1625 = SURFACE_CURVE('',#1626,(#1630,#1636),.PCURVE_S1.);
#1626 = LINE('',#1627,#1628);
#1627 = CARTESIAN_POINT('',(1.10838432552E+03,6.,-159.5555906803));
#1628 = VECTOR('',#1629,1.);
#1629 = DIRECTION('',(0.,-0.,1.));
#1630 = PCURVE('',#90,#1631);
#1631 = DEFINITIONAL_REPRESENTATION('',(#1632),#1635);
#1632 = B_SPLINE_CURVE_WITH_KNOTS('',1,(#1633,#1634),.UNSPECIFIED.,.F.,
  .F.,(2,2),(8.702165467661,9.532243592661),.PIECEWISE_BEZIER_KNOTS.);
#1633 = CARTESIAN_POINT('',(18.234409060321,-26.03874487077));
#1634 = CARTESIAN_POINT('',(19.064487185321,-26.03874487077));
#1635 = ( GEOMETRIC_REPRESENTATION_CONTEXT(2) 
PARAMETRIC_REPRESENTATION_CONTEXT() REPRESENTATION_CONTEXT('2D SPACE',''
  ) );
#1636 = PCURVE('',#1637,#1642);
#1637 = PLANE('',#1638);
#1638 = AXIS2_PLACEMENT_3D('',#1639,#1640,#1641);
#1639 = CARTESIAN_POINT('',(1.10838432552E+03,5.95,-150.0233470876));
#1640 = DIRECTION('',(-1.,0.,0.));
#1641 = DIRECTION('',(0.,0.,-1.));
#1642 = DEFINITIONAL_REPRESENTATION('',(#1643),#1646);
#1643 = B_SPLINE_CURVE_WITH_KNOTS('',1,(#1644,#1645),.UNSPECIFIED.,.F.,
  .F.,(2,2),(8.702165467661,9.532243592661),.PIECEWISE_BEZIER_KNOTS.);
#1644 = CARTESIAN_POINT('',(0.830078125,-5.E-02));
#1645 = CARTESIAN_POINT('',(0.,-5.E-02));
#1646 = ( GEOMETRIC_REPRESENTATION_CONTEXT(2) 
PARAMETRIC_REPRESENTATION_CONTEXT() REPRESENTATION_CONTEXT('2D SPACE',''
  ) );
#1647 = ORIENTED_EDGE('',*,*,#1648,.F.);
#1648 = EDGE_CURVE('',#1649,#1623,#1651,.T.);
#1649 = VERTEX_POINT('',#1650);
#1650 = CARTESIAN_POINT('',(1.106028368489E+03,6.,-150.8534252126));
#1651 = SURFACE_CURVE('',#1652,(#1656,#1662),.PCURVE_S1.);
#1652 = LINE('',#1653,#1654);
#1653 = CARTESIAN_POINT('',(1.121403697956E+03,6.,-150.8534252126));
#1654 = VECTOR('',#1655,1.);
#1655 = DIRECTION('',(1.,0.,-0.));
#1656 = PCURVE('',#90,#1657);
#1657 = DEFINITIONAL_REPRESENTATION('',(#1658),#1661);
#1658 = B_SPLINE_CURVE_WITH_KNOTS('',1,(#1659,#1660),.UNSPECIFIED.,.F.,
  .F.,(2,2),(-15.37532946663,-13.01937243538),.PIECEWISE_BEZIER_KNOTS.);
#1659 = CARTESIAN_POINT('',(18.234409060321,-28.39470190202));
#1660 = CARTESIAN_POINT('',(18.234409060321,-26.03874487077));
#1661 = ( GEOMETRIC_REPRESENTATION_CONTEXT(2) 
PARAMETRIC_REPRESENTATION_CONTEXT() REPRESENTATION_CONTEXT('2D SPACE',''
  ) );
#1662 = PCURVE('',#1663,#1668);
#1663 = PLANE('',#1664);
#1664 = AXIS2_PLACEMENT_3D('',#1665,#1666,#1667);
#1665 = CARTESIAN_POINT('',(1.10838432552E+03,5.95,-150.8534252126));
#1666 = DIRECTION('',(0.,-0.,1.));
#1667 = DIRECTION('',(-1.,0.,0.));
#1668 = DEFINITIONAL_REPRESENTATION('',(#1669),#1672);
#1669 = B_SPLINE_CURVE_WITH_KNOTS('',1,(#1670,#1671),.UNSPECIFIED.,.F.,
  .F.,(2,2),(-15.37532946663,-13.01937243538),.PIECEWISE_BEZIER_KNOTS.);
#1670 = CARTESIAN_POINT('',(2.35595703125,-5.E-02));
#1671 = CARTESIAN_POINT('',(0.,-5.E-02));
#1672 = ( GEOMETRIC_REPRESENTATION_CONTEXT(2) 
PARAMETRIC_REPRESENTATION_CONTEXT() REPRESENTATION_CONTEXT('2D SPACE',''
  ) );
#1673 = ORIENTED_EDGE('',*,*,#1674,.F.);
#1674 = EDGE_CURVE('',#1675,#1649,#1677,.T.);
#1675 = VERTEX_POINT('',#1676);
#1676 = CARTESIAN_POINT('',(1.106204149739E+03,6.,-150.0013744314));
#1677 = SURFACE_CURVE('',#1678,(#1682,#1688),.PCURVE_S1.);
#1678 = LINE('',#1679,#1680);
#1679 = CARTESIAN_POINT('',(1.104803829779E+03,6.,-156.7890364603));
#1680 = VECTOR('',#1681,1.);
#1681 = DIRECTION('',(-0.202048804344,0.,-0.979375454391));
#1682 = PCURVE('',#90,#1683);
#1683 = DEFINITIONAL_REPRESENTATION('',(#1684),#1687);
#1684 = B_SPLINE_CURVE_WITH_KNOTS('',1,(#1685,#1686),.UNSPECIFIED.,.F.,
  .F.,(2,2),(-6.930602557431,-6.060608544991),.PIECEWISE_BEZIER_KNOTS.);
#1685 = CARTESIAN_POINT('',(19.086459841571,-28.21892065202));
#1686 = CARTESIAN_POINT('',(18.234409060321,-28.39470190202));
#1687 = ( GEOMETRIC_REPRESENTATION_CONTEXT(2) 
PARAMETRIC_REPRESENTATION_CONTEXT() REPRESENTATION_CONTEXT('2D SPACE',''
  ) );
#1688 = PCURVE('',#1689,#1694);
#1689 = PLANE('',#1690);
#1690 = AXIS2_PLACEMENT_3D('',#1691,#1692,#1693);
#1691 = CARTESIAN_POINT('',(1.106028368489E+03,5.95,-150.8534252126));
#1692 = DIRECTION('',(0.979375454391,0.,-0.202048804344));
#1693 = DIRECTION('',(0.202048804344,0.,0.979375454391));
#1694 = DEFINITIONAL_REPRESENTATION('',(#1695),#1698);
#1695 = B_SPLINE_CURVE_WITH_KNOTS('',1,(#1696,#1697),.UNSPECIFIED.,.F.,
  .F.,(2,2),(-6.930602557431,-6.060608544991),.PIECEWISE_BEZIER_KNOTS.);
#1696 = CARTESIAN_POINT('',(0.869994012439,-5.E-02));
#1697 = CARTESIAN_POINT('',(0.,-5.E-02));
#1698 = ( GEOMETRIC_REPRESENTATION_CONTEXT(2) 
PARAMETRIC_REPRESENTATION_CONTEXT() REPRESENTATION_CONTEXT('2D SPACE',''
  ) );
#1699 = ORIENTED_EDGE('',*,*,#1700,.F.);
#1700 = EDGE_CURVE('',#1701,#1675,#1703,.T.);
#1701 = VERTEX_POINT('',#1702);
#1702 = CARTESIAN_POINT('',(1.105564501301E+03,6.,-150.0013744314));
#1703 = SURFACE_CURVE('',#1704,(#1708,#1714),.PCURVE_S1.);
#1704 = LINE('',#1705,#1706);
#1705 = CARTESIAN_POINT('',(1.120313610065E+03,6.,-150.0013744314));
#1706 = VECTOR('',#1707,1.);
#1707 = DIRECTION('',(1.,0.,-0.));
#1708 = PCURVE('',#90,#1709);
#1709 = DEFINITIONAL_REPRESENTATION('',(#1710),#1713);
#1710 = B_SPLINE_CURVE_WITH_KNOTS('',1,(#1711,#1712),.UNSPECIFIED.,.F.,
  .F.,(2,2),(-14.74910876351,-14.10946032601),.PIECEWISE_BEZIER_KNOTS.);
#1711 = CARTESIAN_POINT('',(19.086459841571,-28.85856908952));
#1712 = CARTESIAN_POINT('',(19.086459841571,-28.21892065202));
#1713 = ( GEOMETRIC_REPRESENTATION_CONTEXT(2) 
PARAMETRIC_REPRESENTATION_CONTEXT() REPRESENTATION_CONTEXT('2D SPACE',''
  ) );
#1714 = PCURVE('',#1715,#1720);
#1715 = PLANE('',#1716);
#1716 = AXIS2_PLACEMENT_3D('',#1717,#1718,#1719);
#1717 = CARTESIAN_POINT('',(1.106204149739E+03,5.95,-150.0013744314));
#1718 = DIRECTION('',(0.,-0.,1.));
#1719 = DIRECTION('',(-1.,0.,0.));
#1720 = DEFINITIONAL_REPRESENTATION('',(#1721),#1724);
#1721 = B_SPLINE_CURVE_WITH_KNOTS('',1,(#1722,#1723),.UNSPECIFIED.,.F.,
  .F.,(2,2),(-14.74910876351,-14.10946032601),.PIECEWISE_BEZIER_KNOTS.);
#1722 = CARTESIAN_POINT('',(0.6396484375,-5.E-02));
#1723 = CARTESIAN_POINT('',(0.,-5.E-02));
#1724 = ( GEOMETRIC_REPRESENTATION_CONTEXT(2) 
PARAMETRIC_REPRESENTATION_CONTEXT() REPRESENTATION_CONTEXT('2D SPACE',''
  ) );
#1725 = ORIENTED_EDGE('',*,*,#1726,.F.);
#1726 = EDGE_CURVE('',#1727,#1701,#1729,.T.);
#1727 = VERTEX_POINT('',#1728);
#1728 = CARTESIAN_POINT('',(1.105388720051E+03,6.,-150.8485424001));
#1729 = SURFACE_CURVE('',#1730,(#1734,#1740),.PCURVE_S1.);
#1730 = LINE('',#1731,#1732);
#1731 = CARTESIAN_POINT('',(1.104261668777E+03,6.,-156.2803034041));
#1732 = VECTOR('',#1733,1.);
#1733 = DIRECTION('',(0.203165414809,-0.,0.979144429707));
#1734 = PCURVE('',#90,#1735);
#1735 = DEFINITIONAL_REPRESENTATION('',(#1736),#1739);
#1736 = B_SPLINE_CURVE_WITH_KNOTS('',1,(#1737,#1738),.UNSPECIFIED.,.F.,
  .F.,(2,2),(5.547456370206,6.412668838405),.PIECEWISE_BEZIER_KNOTS.);
#1737 = CARTESIAN_POINT('',(18.239291872821,-29.03435033952));
#1738 = CARTESIAN_POINT('',(19.086459841571,-28.85856908952));
#1739 = ( GEOMETRIC_REPRESENTATION_CONTEXT(2) 
PARAMETRIC_REPRESENTATION_CONTEXT() REPRESENTATION_CONTEXT('2D SPACE',''
  ) );
#1740 = PCURVE('',#1741,#1746);
#1741 = PLANE('',#1742);
#1742 = AXIS2_PLACEMENT_3D('',#1743,#1744,#1745);
#1743 = CARTESIAN_POINT('',(1.105564501301E+03,5.95,-150.0013744314));
#1744 = DIRECTION('',(-0.979144429707,0.,0.203165414809));
#1745 = DIRECTION('',(-0.203165414809,0.,-0.979144429707));
#1746 = DEFINITIONAL_REPRESENTATION('',(#1747),#1750);
#1747 = B_SPLINE_CURVE_WITH_KNOTS('',1,(#1748,#1749),.UNSPECIFIED.,.F.,
  .F.,(2,2),(5.547456370206,6.412668838405),.PIECEWISE_BEZIER_KNOTS.);
#1748 = CARTESIAN_POINT('',(0.865212468199,-5.E-02));
#1749 = CARTESIAN_POINT('',(0.,-5.E-02));
#1750 = ( GEOMETRIC_REPRESENTATION_CONTEXT(2) 
PARAMETRIC_REPRESENTATION_CONTEXT() REPRESENTATION_CONTEXT('2D SPACE',''
  ) );
#1751 = ORIENTED_EDGE('',*,*,#1752,.F.);
#1752 = EDGE_CURVE('',#1753,#1727,#1755,.T.);
#1753 = VERTEX_POINT('',#1754);
#1754 = CARTESIAN_POINT('',(1.105388720051E+03,6.,-151.7420970876));
#1755 = SURFACE_CURVE('',#1756,(#1760,#1766),.PCURVE_S1.);
#1756 = LINE('',#1757,#1758);
#1757 = CARTESIAN_POINT('',(1.105388720051E+03,6.,-159.9681883365));
#1758 = VECTOR('',#1759,1.);
#1759 = DIRECTION('',(0.,-0.,1.));
#1760 = PCURVE('',#90,#1761);
#1761 = DEFINITIONAL_REPRESENTATION('',(#1762),#1765);
#1762 = B_SPLINE_CURVE_WITH_KNOTS('',1,(#1763,#1764),.UNSPECIFIED.,.F.,
  .F.,(2,2),(8.226091248911,9.119645936411),.PIECEWISE_BEZIER_KNOTS.);
#1763 = CARTESIAN_POINT('',(17.345737185321,-29.03435033952));
#1764 = CARTESIAN_POINT('',(18.239291872821,-29.03435033952));
#1765 = ( GEOMETRIC_REPRESENTATION_CONTEXT(2) 
PARAMETRIC_REPRESENTATION_CONTEXT() REPRESENTATION_CONTEXT('2D SPACE',''
  ) );
#1766 = PCURVE('',#1767,#1772);
#1767 = PLANE('',#1768);
#1768 = AXIS2_PLACEMENT_3D('',#1769,#1770,#1771);
#1769 = CARTESIAN_POINT('',(1.105388720051E+03,5.95,-150.8485424001));
#1770 = DIRECTION('',(-1.,0.,0.));
#1771 = DIRECTION('',(0.,0.,-1.));
#1772 = DEFINITIONAL_REPRESENTATION('',(#1773),#1776);
#1773 = B_SPLINE_CURVE_WITH_KNOTS('',1,(#1774,#1775),.UNSPECIFIED.,.F.,
  .F.,(2,2),(8.226091248911,9.119645936411),.PIECEWISE_BEZIER_KNOTS.);
#1774 = CARTESIAN_POINT('',(0.8935546875,-5.E-02));
#1775 = CARTESIAN_POINT('',(0.,-5.E-02));
#1776 = ( GEOMETRIC_REPRESENTATION_CONTEXT(2) 
PARAMETRIC_REPRESENTATION_CONTEXT() REPRESENTATION_CONTEXT('2D SPACE',''
  ) );
#1777 = ORIENTED_EDGE('',*,*,#1778,.F.);
#1778 = EDGE_CURVE('',#1779,#1753,#1781,.T.);
#1779 = VERTEX_POINT('',#1780);
#1780 = CARTESIAN_POINT('',(1.10838432552E+03,6.,-151.7420970876));
#1781 = SURFACE_CURVE('',#1782,(#1786,#1792),.PCURVE_S1.);
#1782 = LINE('',#1783,#1784);
#1783 = CARTESIAN_POINT('',(1.119905895221E+03,6.,-151.7420970876));
#1784 = VECTOR('',#1785,1.);
#1785 = DIRECTION('',(-1.,0.,0.));
#1786 = PCURVE('',#90,#1787);
#1787 = DEFINITIONAL_REPRESENTATION('',(#1788),#1791);
#1788 = B_SPLINE_CURVE_WITH_KNOTS('',1,(#1789,#1790),.UNSPECIFIED.,.F.,
  .F.,(2,2),(11.521569701014,14.517175169764),.PIECEWISE_BEZIER_KNOTS.);
#1789 = CARTESIAN_POINT('',(17.345737185321,-26.03874487077));
#1790 = CARTESIAN_POINT('',(17.345737185321,-29.03435033952));
#1791 = ( GEOMETRIC_REPRESENTATION_CONTEXT(2) 
PARAMETRIC_REPRESENTATION_CONTEXT() REPRESENTATION_CONTEXT('2D SPACE',''
  ) );
#1792 = PCURVE('',#1793,#1798);
#1793 = PLANE('',#1794);
#1794 = AXIS2_PLACEMENT_3D('',#1795,#1796,#1797);
#1795 = CARTESIAN_POINT('',(1.105388720051E+03,5.95,-151.7420970876));
#1796 = DIRECTION('',(-0.,0.,-1.));
#1797 = DIRECTION('',(1.,0.,-0.));
#1798 = DEFINITIONAL_REPRESENTATION('',(#1799),#1802);
#1799 = B_SPLINE_CURVE_WITH_KNOTS('',1,(#1800,#1801),.UNSPECIFIED.,.F.,
  .F.,(2,2),(11.521569701014,14.517175169764),.PIECEWISE_BEZIER_KNOTS.);
#1800 = CARTESIAN_POINT('',(2.99560546875,-5.E-02));
#1801 = CARTESIAN_POINT('',(0.,-5.E-02));
#1802 = ( GEOMETRIC_REPRESENTATION_CONTEXT(2) 
PARAMETRIC_REPRESENTATION_CONTEXT() REPRESENTATION_CONTEXT('2D SPACE',''
  ) );
#1803 = ORIENTED_EDGE('',*,*,#1804,.F.);
#1804 = EDGE_CURVE('',#1805,#1779,#1807,.T.);
#1805 = VERTEX_POINT('',#1806);
#1806 = CARTESIAN_POINT('',(1.10838432552E+03,6.,-152.5721752126));
#1807 = SURFACE_CURVE('',#1808,(#1812,#1818),.PCURVE_S1.);
#1808 = LINE('',#1809,#1810);
#1809 = CARTESIAN_POINT('',(1.10838432552E+03,6.,-160.4149656803));
#1810 = VECTOR('',#1811,1.);
#1811 = DIRECTION('',(0.,-0.,1.));
#1812 = PCURVE('',#90,#1813);
#1813 = DEFINITIONAL_REPRESENTATION('',(#1814),#1817);
#1814 = B_SPLINE_CURVE_WITH_KNOTS('',1,(#1815,#1816),.UNSPECIFIED.,.F.,
  .F.,(2,2),(7.842790467661,8.672868592661),.PIECEWISE_BEZIER_KNOTS.);
#1815 = CARTESIAN_POINT('',(16.515659060321,-26.03874487077));
#1816 = CARTESIAN_POINT('',(17.345737185321,-26.03874487077));
#1817 = ( GEOMETRIC_REPRESENTATION_CONTEXT(2) 
PARAMETRIC_REPRESENTATION_CONTEXT() REPRESENTATION_CONTEXT('2D SPACE',''
  ) );
#1818 = PCURVE('',#1819,#1824);
#1819 = PLANE('',#1820);
#1820 = AXIS2_PLACEMENT_3D('',#1821,#1822,#1823);
#1821 = CARTESIAN_POINT('',(1.10838432552E+03,5.95,-151.7420970876));
#1822 = DIRECTION('',(-1.,0.,0.));
#1823 = DIRECTION('',(0.,0.,-1.));
#1824 = DEFINITIONAL_REPRESENTATION('',(#1825),#1828);
#1825 = B_SPLINE_CURVE_WITH_KNOTS('',1,(#1826,#1827),.UNSPECIFIED.,.F.,
  .F.,(2,2),(7.842790467661,8.672868592661),.PIECEWISE_BEZIER_KNOTS.);
#1826 = CARTESIAN_POINT('',(0.830078125,-5.E-02));
#1827 = CARTESIAN_POINT('',(0.,-5.E-02));
#1828 = ( GEOMETRIC_REPRESENTATION_CONTEXT(2) 
PARAMETRIC_REPRESENTATION_CONTEXT() REPRESENTATION_CONTEXT('2D SPACE',''
  ) );
#1829 = ORIENTED_EDGE('',*,*,#1830,.F.);
#1830 = EDGE_CURVE('',#1831,#1805,#1833,.T.);
#1831 = VERTEX_POINT('',#1832);
#1832 = CARTESIAN_POINT('',(1.109033739583E+03,6.,-152.5721752126));
#1833 = SURFACE_CURVE('',#1834,(#1838,#1844),.PCURVE_S1.);
#1834 = LINE('',#1835,#1836);
#1835 = CARTESIAN_POINT('',(1.121403697956E+03,6.,-152.5721752126));
#1836 = VECTOR('',#1837,1.);
#1837 = DIRECTION('',(-1.,0.,0.));
#1838 = PCURVE('',#90,#1839);
#1839 = DEFINITIONAL_REPRESENTATION('',(#1840),#1843);
#1840 = B_SPLINE_CURVE_WITH_KNOTS('',1,(#1841,#1842),.UNSPECIFIED.,.F.,
  .F.,(2,2),(12.369958372889,13.019372435389),.PIECEWISE_BEZIER_KNOTS.);
#1841 = CARTESIAN_POINT('',(16.515659060321,-25.38933080827));
#1842 = CARTESIAN_POINT('',(16.515659060321,-26.03874487077));
#1843 = ( GEOMETRIC_REPRESENTATION_CONTEXT(2) 
PARAMETRIC_REPRESENTATION_CONTEXT() REPRESENTATION_CONTEXT('2D SPACE',''
  ) );
#1844 = PCURVE('',#1845,#1850);
#1845 = PLANE('',#1846);
#1846 = AXIS2_PLACEMENT_3D('',#1847,#1848,#1849);
#1847 = CARTESIAN_POINT('',(1.10838432552E+03,5.95,-152.5721752126));
#1848 = DIRECTION('',(-0.,0.,-1.));
#1849 = DIRECTION('',(1.,0.,-0.));
#1850 = DEFINITIONAL_REPRESENTATION('',(#1851),#1854);
#1851 = B_SPLINE_CURVE_WITH_KNOTS('',1,(#1852,#1853),.UNSPECIFIED.,.F.,
  .F.,(2,2),(12.369958372889,13.019372435389),.PIECEWISE_BEZIER_KNOTS.);
#1852 = CARTESIAN_POINT('',(0.6494140625,-5.E-02));
#1853 = CARTESIAN_POINT('',(0.,-5.E-02));
#1854 = ( GEOMETRIC_REPRESENTATION_CONTEXT(2) 
PARAMETRIC_REPRESENTATION_CONTEXT() REPRESENTATION_CONTEXT('2D SPACE',''
  ) );
#1855 = ORIENTED_EDGE('',*,*,#1856,.F.);
#1856 = EDGE_CURVE('',#1597,#1831,#1857,.T.);
#1857 = SURFACE_CURVE('',#1858,(#1862,#1868),.PCURVE_S1.);
#1858 = LINE('',#1859,#1860);
#1859 = CARTESIAN_POINT('',(1.109033739583E+03,6.,-160.8300047428));
#1860 = VECTOR('',#1861,1.);
#1861 = DIRECTION('',(0.,0.,-1.));
#1862 = PCURVE('',#90,#1863);
#1863 = DEFINITIONAL_REPRESENTATION('',(#1864),#1867);
#1864 = B_SPLINE_CURVE_WITH_KNOTS('',1,(#1865,#1866),.UNSPECIFIED.,.F.,
  .F.,(2,2),(-10.80665765516,-8.257829530161),.PIECEWISE_BEZIER_KNOTS.);
#1865 = CARTESIAN_POINT('',(19.064487185321,-25.38933080827));
#1866 = CARTESIAN_POINT('',(16.515659060321,-25.38933080827));
#1867 = ( GEOMETRIC_REPRESENTATION_CONTEXT(2) 
PARAMETRIC_REPRESENTATION_CONTEXT() REPRESENTATION_CONTEXT('2D SPACE',''
  ) );
#1868 = PCURVE('',#1869,#1874);
#1869 = PLANE('',#1870);
#1870 = AXIS2_PLACEMENT_3D('',#1871,#1872,#1873);
#1871 = CARTESIAN_POINT('',(1.109033739583E+03,5.95,-152.5721752126));
#1872 = DIRECTION('',(1.,0.,0.));
#1873 = DIRECTION('',(0.,0.,1.));
#1874 = DEFINITIONAL_REPRESENTATION('',(#1875),#1878);
#1875 = B_SPLINE_CURVE_WITH_KNOTS('',1,(#1876,#1877),.UNSPECIFIED.,.F.,
  .F.,(2,2),(-10.80665765516,-8.257829530161),.PIECEWISE_BEZIER_KNOTS.);
#1876 = CARTESIAN_POINT('',(2.548828125,-5.E-02));
#1877 = CARTESIAN_POINT('',(0.,-5.E-02));
#1878 = ( GEOMETRIC_REPRESENTATION_CONTEXT(2) 
PARAMETRIC_REPRESENTATION_CONTEXT() REPRESENTATION_CONTEXT('2D SPACE',''
  ) );
#1879 = FACE_BOUND('',#1880,.T.);
#1880 = EDGE_LOOP('',(#1881));
#1881 = ORIENTED_EDGE('',*,*,#1882,.F.);
#1882 = EDGE_CURVE('',#1883,#1883,#1885,.T.);
#1883 = VERTEX_POINT('',#1884);
#1884 = CARTESIAN_POINT('',(1.100913671223E+03,6.,-90.));
#1885 = SURFACE_CURVE('',#1886,(#1891,#1898),.PCURVE_S1.);
#1886 = CIRCLE('',#1887,3.2);
#1887 = AXIS2_PLACEMENT_3D('',#1888,#1889,#1890);
#1888 = CARTESIAN_POINT('',(1.097713671223E+03,6.,-90.));
#1889 = DIRECTION('',(0.,1.,2.22044604925E-16));
#1890 = DIRECTION('',(1.,0.,-0.));
#1891 = PCURVE('',#90,#1892);
#1892 = DEFINITIONAL_REPRESENTATION('',(#1893),#1897);
#1893 = CIRCLE('',#1894,3.2);
#1894 = AXIS2_PLACEMENT_2D('',#1895,#1896);
#1895 = CARTESIAN_POINT('',(79.087834272994,-36.70939916765));
#1896 = DIRECTION('',(0.,1.));
#1897 = ( GEOMETRIC_REPRESENTATION_CONTEXT(2) 
PARAMETRIC_REPRESENTATION_CONTEXT() REPRESENTATION_CONTEXT('2D SPACE',''
  ) );
#1898 = PCURVE('',#573,#1899);
#1899 = DEFINITIONAL_REPRESENTATION('',(#1900),#1904);
#1900 = LINE('',#1901,#1902);
#1901 = CARTESIAN_POINT('',(0.,18.));
#1902 = VECTOR('',#1903,1.);
#1903 = DIRECTION('',(1.,0.));
#1904 = ( GEOMETRIC_REPRESENTATION_CONTEXT(2) 
PARAMETRIC_REPRESENTATION_CONTEXT() REPRESENTATION_CONTEXT('2D SPACE',''
  ) );
#1905 = FACE_BOUND('',#1906,.T.);
#1906 = EDGE_LOOP('',(#1907,#1935,#1961,#2018,#2081,#2144,#2201,#2227,
    #2253));
#1907 = ORIENTED_EDGE('',*,*,#1908,.F.);
#1908 = EDGE_CURVE('',#1909,#1911,#1913,.T.);
#1909 = VERTEX_POINT('',#1910);
#1910 = CARTESIAN_POINT('',(1.105388720051E+03,6.,-146.2318431814));
#1911 = VERTEX_POINT('',#1912);
#1912 = CARTESIAN_POINT('',(1.109033739583E+03,6.,-146.2318431814));
#1913 = SURFACE_CURVE('',#1914,(#1918,#1924),.PCURVE_S1.);
#1914 = LINE('',#1915,#1916);
#1915 = CARTESIAN_POINT('',(1.121728404987E+03,6.,-146.2318431814));
#1916 = VECTOR('',#1917,1.);
#1917 = DIRECTION('',(1.,0.,-0.));
#1918 = PCURVE('',#90,#1919);
#1919 = DEFINITIONAL_REPRESENTATION('',(#1920),#1923);
#1920 = B_SPLINE_CURVE_WITH_KNOTS('',1,(#1921,#1922),.UNSPECIFIED.,.F.,
  .F.,(2,2),(-16.33968493538,-12.69466540413),.PIECEWISE_BEZIER_KNOTS.);
#1921 = CARTESIAN_POINT('',(22.855991091571,-29.03435033952));
#1922 = CARTESIAN_POINT('',(22.855991091571,-25.38933080827));
#1923 = ( GEOMETRIC_REPRESENTATION_CONTEXT(2) 
PARAMETRIC_REPRESENTATION_CONTEXT() REPRESENTATION_CONTEXT('2D SPACE',''
  ) );
#1924 = PCURVE('',#1925,#1930);
#1925 = PLANE('',#1926);
#1926 = AXIS2_PLACEMENT_3D('',#1927,#1928,#1929);
#1927 = CARTESIAN_POINT('',(1.109033739583E+03,5.95,-146.2318431814));
#1928 = DIRECTION('',(0.,-0.,1.));
#1929 = DIRECTION('',(-1.,0.,0.));
#1930 = DEFINITIONAL_REPRESENTATION('',(#1931),#1934);
#1931 = B_SPLINE_CURVE_WITH_KNOTS('',1,(#1932,#1933),.UNSPECIFIED.,.F.,
  .F.,(2,2),(-16.33968493538,-12.69466540413),.PIECEWISE_BEZIER_KNOTS.);
#1932 = CARTESIAN_POINT('',(3.64501953125,-5.E-02));
#1933 = CARTESIAN_POINT('',(0.,-5.E-02));
#1934 = ( GEOMETRIC_REPRESENTATION_CONTEXT(2) 
PARAMETRIC_REPRESENTATION_CONTEXT() REPRESENTATION_CONTEXT('2D SPACE',''
  ) );
#1935 = ORIENTED_EDGE('',*,*,#1936,.F.);
#1936 = EDGE_CURVE('',#1937,#1909,#1939,.T.);
#1937 = VERTEX_POINT('',#1938);
#1938 = CARTESIAN_POINT('',(1.105388720051E+03,6.,-147.7919017751));
#1939 = SURFACE_CURVE('',#1940,(#1944,#1950),.PCURVE_S1.);
#1940 = LINE('',#1941,#1942);
#1941 = CARTESIAN_POINT('',(1.105388720051E+03,6.,-157.6598387272));
#1942 = VECTOR('',#1943,1.);
#1943 = DIRECTION('',(0.,-0.,1.));
#1944 = PCURVE('',#90,#1945);
#1945 = DEFINITIONAL_REPRESENTATION('',(#1946),#1949);
#1946 = B_SPLINE_CURVE_WITH_KNOTS('',1,(#1947,#1948),.UNSPECIFIED.,.F.,
  .F.,(2,2),(9.867936952036,11.427995545786),.PIECEWISE_BEZIER_KNOTS.);
#1947 = CARTESIAN_POINT('',(21.295932497821,-29.03435033952));
#1948 = CARTESIAN_POINT('',(22.855991091571,-29.03435033952));
#1949 = ( GEOMETRIC_REPRESENTATION_CONTEXT(2) 
PARAMETRIC_REPRESENTATION_CONTEXT() REPRESENTATION_CONTEXT('2D SPACE',''
  ) );
#1950 = PCURVE('',#1951,#1956);
#1951 = PLANE('',#1952);
#1952 = AXIS2_PLACEMENT_3D('',#1953,#1954,#1955);
#1953 = CARTESIAN_POINT('',(1.105388720051E+03,5.95,-146.2318431814));
#1954 = DIRECTION('',(-1.,0.,0.));
#1955 = DIRECTION('',(0.,0.,-1.));
#1956 = DEFINITIONAL_REPRESENTATION('',(#1957),#1960);
#1957 = B_SPLINE_CURVE_WITH_KNOTS('',1,(#1958,#1959),.UNSPECIFIED.,.F.,
  .F.,(2,2),(9.867936952036,11.427995545786),.PIECEWISE_BEZIER_KNOTS.);
#1958 = CARTESIAN_POINT('',(1.56005859375,-5.E-02));
#1959 = CARTESIAN_POINT('',(0.,-5.E-02));
#1960 = ( GEOMETRIC_REPRESENTATION_CONTEXT(2) 
PARAMETRIC_REPRESENTATION_CONTEXT() REPRESENTATION_CONTEXT('2D SPACE',''
  ) );
#1961 = ORIENTED_EDGE('',*,*,#1962,.F.);
#1962 = EDGE_CURVE('',#1963,#1937,#1965,.T.);
#1963 = VERTEX_POINT('',#1964);
#1964 = CARTESIAN_POINT('',(1.105697557942E+03,6.,-148.8600170095));
#1965 = SURFACE_CURVE('',#1966,(#1979,#1995),.PCURVE_S1.);
#1966 = B_SPLINE_CURVE_WITH_KNOTS('',6,(#1967,#1968,#1969,#1970,#1971,
    #1972,#1973,#1974,#1975,#1976,#1977,#1978),.UNSPECIFIED.,.F.,.F.,(7,
    5,7),(0.,0.474844336762,1.),.UNSPECIFIED.);
#1967 = CARTESIAN_POINT('',(1.105697557942E+03,6.,-148.8600170095));
#1968 = CARTESIAN_POINT('',(1.105644346379E+03,6.,-148.795868683));
#1969 = CARTESIAN_POINT('',(1.105596914457E+03,6.,-148.7262946305));
#1970 = CARTESIAN_POINT('',(1.105555461754E+03,6.,-148.65177873));
#1971 = CARTESIAN_POINT('',(1.105519894077E+03,6.,-148.5729271385));
#1972 = CARTESIAN_POINT('',(1.105489956467E+03,6.,-148.4903684927));
#1973 = CARTESIAN_POINT('',(1.105438058652E+03,6.,-148.3099408533));
#1974 = CARTESIAN_POINT('',(1.105417277386E+03,6.,-148.21136784));
#1975 = CARTESIAN_POINT('',(1.105402496648E+03,6.,-148.1097038314));
#1976 = CARTESIAN_POINT('',(1.105393154757E+03,6.,-148.005594298));
#1977 = CARTESIAN_POINT('',(1.105388720051E+03,6.,-147.8995436238));
#1978 = CARTESIAN_POINT('',(1.105388720051E+03,6.,-147.7919017751));
#1979 = PCURVE('',#90,#1980);
#1980 = DEFINITIONAL_REPRESENTATION('',(#1981),#1994);
#1981 = B_SPLINE_CURVE_WITH_KNOTS('',6,(#1982,#1983,#1984,#1985,#1986,
    #1987,#1988,#1989,#1990,#1991,#1992,#1993),.UNSPECIFIED.,.F.,.F.,(7,
    5,7),(0.,0.474844336762,1.),.UNSPECIFIED.);
#1982 = CARTESIAN_POINT('',(20.227817263446,-28.7255124489));
#1983 = CARTESIAN_POINT('',(20.29196558992,-28.77872401152));
#1984 = CARTESIAN_POINT('',(20.361539642439,-28.82615593362));
#1985 = CARTESIAN_POINT('',(20.43605554291,-28.86760863701));
#1986 = CARTESIAN_POINT('',(20.514907134476,-28.90317631387));
#1987 = CARTESIAN_POINT('',(20.597465780271,-28.93311392366));
#1988 = CARTESIAN_POINT('',(20.777893419631,-28.98501173886));
#1989 = CARTESIAN_POINT('',(20.876466432982,-29.00579300514));
#1990 = CARTESIAN_POINT('',(20.978130441531,-29.0205737429));
#1991 = CARTESIAN_POINT('',(21.082239974964,-29.0299156335));
#1992 = CARTESIAN_POINT('',(21.188290649131,-29.03435033952));
#1993 = CARTESIAN_POINT('',(21.295932497821,-29.03435033952));
#1994 = ( GEOMETRIC_REPRESENTATION_CONTEXT(2) 
PARAMETRIC_REPRESENTATION_CONTEXT() REPRESENTATION_CONTEXT('2D SPACE',''
  ) );
#1995 = PCURVE('',#1996,#2003);
#1996 = SURFACE_OF_LINEAR_EXTRUSION('',#1997,#2001);
#1997 = B_SPLINE_CURVE_WITH_KNOTS('',2,(#1998,#1999,#2000),
  .UNSPECIFIED.,.F.,.F.,(3,3),(0.,1.),.PIECEWISE_BEZIER_KNOTS.);
#1998 = CARTESIAN_POINT('',(1.105388720051E+03,5.95,-147.7919017751));
#1999 = CARTESIAN_POINT('',(1.105388720051E+03,5.95,-148.4877025564));
#2000 = CARTESIAN_POINT('',(1.105697557942E+03,5.95,-148.8600170095));
#2001 = VECTOR('',#2002,1.);
#2002 = DIRECTION('',(-0.,-1.,-0.));
#2003 = DEFINITIONAL_REPRESENTATION('',(#2004),#2017);
#2004 = B_SPLINE_CURVE_WITH_KNOTS('',6,(#2005,#2006,#2007,#2008,#2009,
    #2010,#2011,#2012,#2013,#2014,#2015,#2016),.UNSPECIFIED.,.F.,.F.,(7,
    5,7),(0.,0.474844336762,1.),.UNSPECIFIED.);
#2005 = CARTESIAN_POINT('',(1.,-5.E-02));
#2006 = CARTESIAN_POINT('',(0.913851952381,-5.E-02));
#2007 = CARTESIAN_POINT('',(0.82815521757,-5.E-02));
#2008 = CARTESIAN_POINT('',(0.743407727221,-5.E-02));
#2009 = CARTESIAN_POINT('',(0.659974166934,-5.E-02));
#2010 = CARTESIAN_POINT('',(0.57811437004,-5.E-02));
#2011 = CARTESIAN_POINT('',(0.409397247738,-5.E-02));
#2012 = CARTESIAN_POINT('',(0.322921380231,-5.E-02));
#2013 = CARTESIAN_POINT('',(0.238740812944,-5.E-02));
#2014 = CARTESIAN_POINT('',(0.156896612185,-5.E-02));
#2015 = CARTESIAN_POINT('',(7.735105477803E-02,-5.E-02));
#2016 = CARTESIAN_POINT('',(0.,-5.E-02));
#2017 = ( GEOMETRIC_REPRESENTATION_CONTEXT(2) 
PARAMETRIC_REPRESENTATION_CONTEXT() REPRESENTATION_CONTEXT('2D SPACE',''
  ) );
#2018 = ORIENTED_EDGE('',*,*,#2019,.F.);
#2019 = EDGE_CURVE('',#2020,#1963,#2022,.T.);
#2020 = VERTEX_POINT('',#2021);
#2021 = CARTESIAN_POINT('',(1.106577684895E+03,6.,-149.2323314626));
#2022 = SURFACE_CURVE('',#2023,(#2038,#2056),.PCURVE_S1.);
#2023 = B_SPLINE_CURVE_WITH_KNOTS('',5,(#2024,#2025,#2026,#2027,#2028,
    #2029,#2030,#2031,#2032,#2033,#2034,#2035,#2036,#2037),
  .UNSPECIFIED.,.F.,.F.,(6,4,4,6),(0.,0.257757086832,0.728191326733,1.),
  .UNSPECIFIED.);
#2024 = CARTESIAN_POINT('',(1.106577684895E+03,6.,-149.2323314626));
#2025 = CARTESIAN_POINT('',(1.106523095181E+03,6.,-149.2323314626));
#2026 = CARTESIAN_POINT('',(1.106469155048E+03,6.,-149.2302067089));
#2027 = CARTESIAN_POINT('',(1.10641598051E+03,6.,-149.225825426));
#2028 = CARTESIAN_POINT('',(1.106363709604E+03,6.,-149.2190577117));
#2029 = CARTESIAN_POINT('',(1.106219017706E+03,6.,-149.1929050458));
#2030 = CARTESIAN_POINT('',(1.106129022426E+03,6.,-149.1677109481));
#2031 = CARTESIAN_POINT('',(1.106043506658E+03,6.,-149.1335983624));
#2032 = CARTESIAN_POINT('',(1.105963450412E+03,6.,-149.0902769112));
#2033 = CARTESIAN_POINT('',(1.105846859659E+03,6.,-149.0081895956));
#2034 = CARTESIAN_POINT('',(1.105806212971E+03,6.,-148.9752176052));
#2035 = CARTESIAN_POINT('',(1.105767744219E+03,6.,-148.9394237685));
#2036 = CARTESIAN_POINT('',(1.105731519718E+03,6.,-148.9009590714));
#2037 = CARTESIAN_POINT('',(1.105697557942E+03,6.,-148.8600170095));
#2038 = PCURVE('',#90,#2039);
#2039 = DEFINITIONAL_REPRESENTATION('',(#2040),#2055);
#2040 = B_SPLINE_CURVE_WITH_KNOTS('',5,(#2041,#2042,#2043,#2044,#2045,
    #2046,#2047,#2048,#2049,#2050,#2051,#2052,#2053,#2054),
  .UNSPECIFIED.,.F.,.F.,(6,4,4,6),(0.,0.257757086832,0.728191326733,1.),
  .UNSPECIFIED.);
#2041 = CARTESIAN_POINT('',(19.855502810321,-27.84538549577));
#2042 = CARTESIAN_POINT('',(19.855502810321,-27.89997520989));
#2043 = CARTESIAN_POINT('',(19.857627564091,-27.95391534338));
#2044 = CARTESIAN_POINT('',(19.862008846955,-28.00708988052));
#2045 = CARTESIAN_POINT('',(19.868776561249,-28.05936078651));
#2046 = CARTESIAN_POINT('',(19.894929227137,-28.20405268491));
#2047 = CARTESIAN_POINT('',(19.920123324809,-28.29404796541));
#2048 = CARTESIAN_POINT('',(19.954235910558,-28.37956373292));
#2049 = CARTESIAN_POINT('',(19.997557361698,-28.45961997908));
#2050 = CARTESIAN_POINT('',(20.079644677306,-28.57621073201));
#2051 = CARTESIAN_POINT('',(20.11261666772,-28.61685742));
#2052 = CARTESIAN_POINT('',(20.148410504436,-28.65532617222));
#2053 = CARTESIAN_POINT('',(20.186875201509,-28.69155067293));
#2054 = CARTESIAN_POINT('',(20.227817263446,-28.7255124489));
#2055 = ( GEOMETRIC_REPRESENTATION_CONTEXT(2) 
PARAMETRIC_REPRESENTATION_CONTEXT() REPRESENTATION_CONTEXT('2D SPACE',''
  ) );
#2056 = PCURVE('',#2057,#2064);
#2057 = SURFACE_OF_LINEAR_EXTRUSION('',#2058,#2062);
#2058 = B_SPLINE_CURVE_WITH_KNOTS('',2,(#2059,#2060,#2061),
  .UNSPECIFIED.,.F.,.F.,(3,3),(0.,1.),.PIECEWISE_BEZIER_KNOTS.);
#2059 = CARTESIAN_POINT('',(1.105697557942E+03,5.95,-148.8600170095));
#2060 = CARTESIAN_POINT('',(1.106006395833E+03,5.95,-149.2323314626));
#2061 = CARTESIAN_POINT('',(1.106577684895E+03,5.95,-149.2323314626));
#2062 = VECTOR('',#2063,1.);
#2063 = DIRECTION('',(-0.,-1.,-0.));
#2064 = DEFINITIONAL_REPRESENTATION('',(#2065),#2080);
#2065 = B_SPLINE_CURVE_WITH_KNOTS('',5,(#2066,#2067,#2068,#2069,#2070,
    #2071,#2072,#2073,#2074,#2075,#2076,#2077,#2078,#2079),
  .UNSPECIFIED.,.F.,.F.,(6,4,4,6),(0.,0.257757086832,0.728191326733,1.),
  .UNSPECIFIED.);
#2066 = CARTESIAN_POINT('',(1.,-5.E-02));
#2067 = CARTESIAN_POINT('',(0.952222335677,-5.E-02));
#2068 = CARTESIAN_POINT('',(0.903702318075,-5.E-02));
#2069 = CARTESIAN_POINT('',(0.854460186435,-5.E-02));
#2070 = CARTESIAN_POINT('',(0.804536606955,-5.E-02));
#2071 = CARTESIAN_POINT('',(0.661765289512,-5.E-02));
#2072 = CARTESIAN_POINT('',(0.567456592447,-5.E-02));
#2073 = CARTESIAN_POINT('',(0.471566130386,-5.E-02));
#2074 = CARTESIAN_POINT('',(0.374772470623,-5.E-02));
#2075 = CARTESIAN_POINT('',(0.22208655957,-5.E-02));
#2076 = CARTESIAN_POINT('',(0.166169824243,-5.E-02));
#2077 = CARTESIAN_POINT('',(0.110418298996,-5.E-02));
#2078 = CARTESIAN_POINT('',(5.49831756369E-02,-5.E-02));
#2079 = CARTESIAN_POINT('',(0.,-5.E-02));
#2080 = ( GEOMETRIC_REPRESENTATION_CONTEXT(2) 
PARAMETRIC_REPRESENTATION_CONTEXT() REPRESENTATION_CONTEXT('2D SPACE',''
  ) );
#2081 = ORIENTED_EDGE('',*,*,#2082,.F.);
#2082 = EDGE_CURVE('',#2083,#2020,#2085,.T.);
#2083 = VERTEX_POINT('',#2084);
#2084 = CARTESIAN_POINT('',(1.107460253255E+03,6.,-148.8600170095));
#2085 = SURFACE_CURVE('',#2086,(#2101,#2119),.PCURVE_S1.);
#2086 = B_SPLINE_CURVE_WITH_KNOTS('',5,(#2087,#2088,#2089,#2090,#2091,
    #2092,#2093,#2094,#2095,#2096,#2097,#2098,#2099,#2100),
  .UNSPECIFIED.,.F.,.F.,(6,4,4,6),(0.,0.265730391054,0.737915191369,1.),
  .UNSPECIFIED.);
#2087 = CARTESIAN_POINT('',(1.107460253255E+03,6.,-148.8600170095));
#2088 = CARTESIAN_POINT('',(1.10742701199E+03,6.,-148.9000904705));
#2089 = CARTESIAN_POINT('',(1.107391588877E+03,6.,-148.9377862733));
#2090 = CARTESIAN_POINT('',(1.107354002203E+03,6.,-148.9729232742));
#2091 = CARTESIAN_POINT('',(1.107314314813E+03,6.,-149.0053598951));
#2092 = CARTESIAN_POINT('',(1.107198607884E+03,6.,-149.0876983254));
#2093 = CARTESIAN_POINT('',(1.107118292837E+03,6.,-149.1316066732));
#2094 = CARTESIAN_POINT('',(1.10703241473E+03,6.,-149.1662172124));
#2095 = CARTESIAN_POINT('',(1.106941975029E+03,6.,-149.1918254237));
#2096 = CARTESIAN_POINT('',(1.106795830635E+03,6.,-149.2186288153));
#2097 = CARTESIAN_POINT('',(1.106742565795E+03,6.,-149.2256185958));
#2098 = CARTESIAN_POINT('',(1.106688359807E+03,6.,-149.2301402379));
#2099 = CARTESIAN_POINT('',(1.106633358791E+03,6.,-149.2323314626));
#2100 = CARTESIAN_POINT('',(1.106577684895E+03,6.,-149.2323314626));
#2101 = PCURVE('',#90,#2102);
#2102 = DEFINITIONAL_REPRESENTATION('',(#2103),#2118);
#2103 = B_SPLINE_CURVE_WITH_KNOTS('',5,(#2104,#2105,#2106,#2107,#2108,
    #2109,#2110,#2111,#2112,#2113,#2114,#2115,#2116,#2117),
  .UNSPECIFIED.,.F.,.F.,(6,4,4,6),(0.,0.265730391054,0.737915191369,1.),
  .UNSPECIFIED.);
#2104 = CARTESIAN_POINT('',(20.227817263446,-26.9628171364));
#2105 = CARTESIAN_POINT('',(20.187743802405,-26.9960584008));
#2106 = CARTESIAN_POINT('',(20.150047999628,-27.03148151428));
#2107 = CARTESIAN_POINT('',(20.11491099879,-27.06906818813));
#2108 = CARTESIAN_POINT('',(20.082474377838,-27.10875557841));
#2109 = CARTESIAN_POINT('',(20.000135947576,-27.22446250673));
#2110 = CARTESIAN_POINT('',(19.956227599738,-27.30477755373));
#2111 = CARTESIAN_POINT('',(19.921617060588,-27.39065566076));
#2112 = CARTESIAN_POINT('',(19.896008849244,-27.48109536145));
#2113 = CARTESIAN_POINT('',(19.869205457632,-27.62723975571));
#2114 = CARTESIAN_POINT('',(19.862215677119,-27.68050459639));
#2115 = CARTESIAN_POINT('',(19.857694035013,-27.73471058436));
#2116 = CARTESIAN_POINT('',(19.855502810321,-27.78971160021));
#2117 = CARTESIAN_POINT('',(19.855502810321,-27.84538549577));
#2118 = ( GEOMETRIC_REPRESENTATION_CONTEXT(2) 
PARAMETRIC_REPRESENTATION_CONTEXT() REPRESENTATION_CONTEXT('2D SPACE',''
  ) );
#2119 = PCURVE('',#2120,#2127);
#2120 = SURFACE_OF_LINEAR_EXTRUSION('',#2121,#2125);
#2121 = B_SPLINE_CURVE_WITH_KNOTS('',2,(#2122,#2123,#2124),
  .UNSPECIFIED.,.F.,.F.,(3,3),(0.,1.),.PIECEWISE_BEZIER_KNOTS.);
#2122 = CARTESIAN_POINT('',(1.106577684895E+03,5.95,-149.2323314626));
#2123 = CARTESIAN_POINT('',(1.107151415364E+03,5.95,-149.2323314626));
#2124 = CARTESIAN_POINT('',(1.107460253255E+03,5.95,-148.8600170095));
#2125 = VECTOR('',#2126,1.);
#2126 = DIRECTION('',(-0.,-1.,-0.));
#2127 = DEFINITIONAL_REPRESENTATION('',(#2128),#2143);
#2128 = B_SPLINE_CURVE_WITH_KNOTS('',5,(#2129,#2130,#2131,#2132,#2133,
    #2134,#2135,#2136,#2137,#2138,#2139,#2140,#2141,#2142),
  .UNSPECIFIED.,.F.,.F.,(6,4,4,6),(0.,0.265730391054,0.737915191369,1.),
  .UNSPECIFIED.);
#2129 = CARTESIAN_POINT('',(1.,-5.E-02));
#2130 = CARTESIAN_POINT('',(0.946183312648,-5.E-02));
#2131 = CARTESIAN_POINT('',(0.891939418,-5.E-02));
#2132 = CARTESIAN_POINT('',(0.837396571379,-5.E-02));
#2133 = CARTESIAN_POINT('',(0.782697325054,-5.E-02));
#2134 = CARTESIAN_POINT('',(0.630806579985,-5.E-02));
#2135 = CARTESIAN_POINT('',(0.533587796205,-5.E-02));
#2136 = CARTESIAN_POINT('',(0.437285908323,-5.E-02));
#2137 = CARTESIAN_POINT('',(0.342590472691,-5.E-02));
#2138 = CARTESIAN_POINT('',(0.198607925753,-5.E-02));
#2139 = CARTESIAN_POINT('',(0.147854217515,-5.E-02));
#2140 = CARTESIAN_POINT('',(9.781066198805E-02,-5.E-02));
#2141 = CARTESIAN_POINT('',(4.851920770967E-02,-5.E-02));
#2142 = CARTESIAN_POINT('',(0.,-5.E-02));
#2143 = ( GEOMETRIC_REPRESENTATION_CONTEXT(2) 
PARAMETRIC_REPRESENTATION_CONTEXT() REPRESENTATION_CONTEXT('2D SPACE',''
  ) );
#2144 = ORIENTED_EDGE('',*,*,#2145,.F.);
#2145 = EDGE_CURVE('',#2146,#2083,#2148,.T.);
#2146 = VERTEX_POINT('',#2147);
#2147 = CARTESIAN_POINT('',(1.107769091145E+03,6.,-147.7919017751));
#2148 = SURFACE_CURVE('',#2149,(#2162,#2178),.PCURVE_S1.);
#2149 = B_SPLINE_CURVE_WITH_KNOTS('',6,(#2150,#2151,#2152,#2153,#2154,
    #2155,#2156,#2157,#2158,#2159,#2160,#2161),.UNSPECIFIED.,.F.,.F.,(7,
    5,7),(0.,0.527130792829,1.),.UNSPECIFIED.);
#2150 = CARTESIAN_POINT('',(1.107769091145E+03,6.,-147.7919017751));
#2151 = CARTESIAN_POINT('',(1.107769091145E+03,6.,-147.8999485209));
#2152 = CARTESIAN_POINT('',(1.107764623016E+03,6.,-148.0063920418));
#2153 = CARTESIAN_POINT('',(1.107755208925E+03,6.,-148.1108785416));
#2154 = CARTESIAN_POINT('',(1.107740310963E+03,6.,-148.2128973298));
#2155 = CARTESIAN_POINT('',(1.10771936082E+03,6.,-148.3117943971));
#2156 = CARTESIAN_POINT('',(1.107667231163E+03,6.,-148.4920847132));
#2157 = CARTESIAN_POINT('',(1.107637324789E+03,6.,-148.5742385116));
#2158 = CARTESIAN_POINT('',(1.107601831882E+03,6.,-148.6527083239));
#2159 = CARTESIAN_POINT('',(1.107560502022E+03,6.,-148.7268733636));
#2160 = CARTESIAN_POINT('',(1.107513243476E+03,6.,-148.7961355169));
#2161 = CARTESIAN_POINT('',(1.107460253255E+03,6.,-148.8600170095));
#2162 = PCURVE('',#90,#2163);
#2163 = DEFINITIONAL_REPRESENTATION('',(#2164),#2177);
#2164 = B_SPLINE_CURVE_WITH_KNOTS('',6,(#2165,#2166,#2167,#2168,#2169,
    #2170,#2171,#2172,#2173,#2174,#2175,#2176),.UNSPECIFIED.,.F.,.F.,(7,
    5,7),(0.,0.527130792829,1.),.UNSPECIFIED.);
#2165 = CARTESIAN_POINT('',(21.295932497821,-26.65397924577));
#2166 = CARTESIAN_POINT('',(21.187885752044,-26.65397924577));
#2167 = CARTESIAN_POINT('',(21.081442231159,-26.65844737503));
#2168 = CARTESIAN_POINT('',(20.976955731354,-26.66786146577));
#2169 = CARTESIAN_POINT('',(20.874936943104,-26.68275942825));
#2170 = CARTESIAN_POINT('',(20.776039875851,-26.70370957095));
#2171 = CARTESIAN_POINT('',(20.595749559783,-26.75583922806));
#2172 = CARTESIAN_POINT('',(20.513595761389,-26.78574560221));
#2173 = CARTESIAN_POINT('',(20.435125949014,-26.82123850852));
#2174 = CARTESIAN_POINT('',(20.360960909346,-26.86256836851));
#2175 = CARTESIAN_POINT('',(20.291698756029,-26.90982691468));
#2176 = CARTESIAN_POINT('',(20.227817263446,-26.9628171364));
#2177 = ( GEOMETRIC_REPRESENTATION_CONTEXT(2) 
PARAMETRIC_REPRESENTATION_CONTEXT() REPRESENTATION_CONTEXT('2D SPACE',''
  ) );
#2178 = PCURVE('',#2179,#2186);
#2179 = SURFACE_OF_LINEAR_EXTRUSION('',#2180,#2184);
#2180 = B_SPLINE_CURVE_WITH_KNOTS('',2,(#2181,#2182,#2183),
  .UNSPECIFIED.,.F.,.F.,(3,3),(0.,1.),.PIECEWISE_BEZIER_KNOTS.);
#2181 = CARTESIAN_POINT('',(1.107460253255E+03,5.95,-148.8600170095));
#2182 = CARTESIAN_POINT('',(1.107769091145E+03,5.95,-148.4877025564));
#2183 = CARTESIAN_POINT('',(1.107769091145E+03,5.95,-147.7919017751));
#2184 = VECTOR('',#2185,1.);
#2185 = DIRECTION('',(-0.,-1.,-0.));
#2186 = DEFINITIONAL_REPRESENTATION('',(#2187),#2200);
#2187 = B_SPLINE_CURVE_WITH_KNOTS('',6,(#2188,#2189,#2190,#2191,#2192,
    #2193,#2194,#2195,#2196,#2197,#2198,#2199),.UNSPECIFIED.,.F.,.F.,(7,
    5,7),(0.,0.527130792829,1.),.UNSPECIFIED.);
#2188 = CARTESIAN_POINT('',(1.,-5.E-02));
#2189 = CARTESIAN_POINT('',(0.922357987596,-5.E-02));
#2190 = CARTESIAN_POINT('',(0.842504974914,-5.E-02));
#2191 = CARTESIAN_POINT('',(0.760335543828,-5.E-02));
#2192 = CARTESIAN_POINT('',(0.675811800378,-5.E-02));
#2193 = CARTESIAN_POINT('',(0.588975958951,-5.E-02));
#2194 = CARTESIAN_POINT('',(0.420183013896,-5.E-02));
#2195 = CARTESIAN_POINT('',(0.338637649367,-5.E-02));
#2196 = CARTESIAN_POINT('',(0.255534712565,-5.E-02));
#2197 = CARTESIAN_POINT('',(0.171131811346,-5.E-02));
#2198 = CARTESIAN_POINT('',(8.578970282602E-02,-5.E-02));
#2199 = CARTESIAN_POINT('',(0.,-5.E-02));
#2200 = ( GEOMETRIC_REPRESENTATION_CONTEXT(2) 
PARAMETRIC_REPRESENTATION_CONTEXT() REPRESENTATION_CONTEXT('2D SPACE',''
  ) );
#2201 = ORIENTED_EDGE('',*,*,#2202,.F.);
#2202 = EDGE_CURVE('',#2203,#2146,#2205,.T.);
#2203 = VERTEX_POINT('',#2204);
#2204 = CARTESIAN_POINT('',(1.107769091145E+03,6.,-147.1717845876));
#2205 = SURFACE_CURVE('',#2206,(#2210,#2216),.PCURVE_S1.);
#2206 = LINE('',#2207,#2208);
#2207 = CARTESIAN_POINT('',(1.107769091145E+03,6.,-158.439868024));
#2208 = VECTOR('',#2209,1.);
#2209 = DIRECTION('',(0.,0.,-1.));
#2210 = PCURVE('',#90,#2211);
#2211 = DEFINITIONAL_REPRESENTATION('',(#2212),#2215);
#2212 = B_SPLINE_CURVE_WITH_KNOTS('',1,(#2213,#2214),.UNSPECIFIED.,.F.,
  .F.,(2,2),(-11.26808343641,-10.64796624891),.PIECEWISE_BEZIER_KNOTS.);
#2213 = CARTESIAN_POINT('',(21.916049685321,-26.65397924577));
#2214 = CARTESIAN_POINT('',(21.295932497821,-26.65397924577));
#2215 = ( GEOMETRIC_REPRESENTATION_CONTEXT(2) 
PARAMETRIC_REPRESENTATION_CONTEXT() REPRESENTATION_CONTEXT('2D SPACE',''
  ) );
#2216 = PCURVE('',#2217,#2222);
#2217 = PLANE('',#2218);
#2218 = AXIS2_PLACEMENT_3D('',#2219,#2220,#2221);
#2219 = CARTESIAN_POINT('',(1.107769091145E+03,5.95,-147.7919017751));
#2220 = DIRECTION('',(1.,0.,0.));
#2221 = DIRECTION('',(0.,0.,1.));
#2222 = DEFINITIONAL_REPRESENTATION('',(#2223),#2226);
#2223 = B_SPLINE_CURVE_WITH_KNOTS('',1,(#2224,#2225),.UNSPECIFIED.,.F.,
  .F.,(2,2),(-11.26808343641,-10.64796624891),.PIECEWISE_BEZIER_KNOTS.);
#2224 = CARTESIAN_POINT('',(0.6201171875,-5.E-02));
#2225 = CARTESIAN_POINT('',(0.,-5.E-02));
#2226 = ( GEOMETRIC_REPRESENTATION_CONTEXT(2) 
PARAMETRIC_REPRESENTATION_CONTEXT() REPRESENTATION_CONTEXT('2D SPACE',''
  ) );
#2227 = ORIENTED_EDGE('',*,*,#2228,.F.);
#2228 = EDGE_CURVE('',#2229,#2203,#2231,.T.);
#2229 = VERTEX_POINT('',#2230);
#2230 = CARTESIAN_POINT('',(1.109033739583E+03,6.,-147.1717845876));
#2231 = SURFACE_CURVE('',#2232,(#2236,#2242),.PCURVE_S1.);
#2232 = LINE('',#2233,#2234);
#2233 = CARTESIAN_POINT('',(1.121096080768E+03,6.,-147.1717845876));
#2234 = VECTOR('',#2235,1.);
#2235 = DIRECTION('',(-1.,0.,0.));
#2236 = PCURVE('',#90,#2237);
#2237 = DEFINITIONAL_REPRESENTATION('',(#2238),#2241);
#2238 = B_SPLINE_CURVE_WITH_KNOTS('',1,(#2239,#2240),.UNSPECIFIED.,.F.,
  .F.,(2,2),(12.062341185389,13.326989622889),.PIECEWISE_BEZIER_KNOTS.);
#2239 = CARTESIAN_POINT('',(21.916049685321,-25.38933080827));
#2240 = CARTESIAN_POINT('',(21.916049685321,-26.65397924577));
#2241 = ( GEOMETRIC_REPRESENTATION_CONTEXT(2) 
PARAMETRIC_REPRESENTATION_CONTEXT() REPRESENTATION_CONTEXT('2D SPACE',''
  ) );
#2242 = PCURVE('',#2243,#2248);
#2243 = PLANE('',#2244);
#2244 = AXIS2_PLACEMENT_3D('',#2245,#2246,#2247);
#2245 = CARTESIAN_POINT('',(1.107769091145E+03,5.95,-147.1717845876));
#2246 = DIRECTION('',(-0.,0.,-1.));
#2247 = DIRECTION('',(1.,0.,-0.));
#2248 = DEFINITIONAL_REPRESENTATION('',(#2249),#2252);
#2249 = B_SPLINE_CURVE_WITH_KNOTS('',1,(#2250,#2251),.UNSPECIFIED.,.F.,
  .F.,(2,2),(12.062341185389,13.326989622889),.PIECEWISE_BEZIER_KNOTS.);
#2250 = CARTESIAN_POINT('',(1.2646484375,-5.E-02));
#2251 = CARTESIAN_POINT('',(0.,-5.E-02));
#2252 = ( GEOMETRIC_REPRESENTATION_CONTEXT(2) 
PARAMETRIC_REPRESENTATION_CONTEXT() REPRESENTATION_CONTEXT('2D SPACE',''
  ) );
#2253 = ORIENTED_EDGE('',*,*,#2254,.F.);
#2254 = EDGE_CURVE('',#1911,#2229,#2255,.T.);
#2255 = SURFACE_CURVE('',#2256,(#2260,#2266),.PCURVE_S1.);
#2256 = LINE('',#2257,#2258);
#2257 = CARTESIAN_POINT('',(1.109033739583E+03,6.,-158.1298094303));
#2258 = VECTOR('',#2259,1.);
#2259 = DIRECTION('',(0.,0.,-1.));
#2260 = PCURVE('',#90,#2261);
#2261 = DEFINITIONAL_REPRESENTATION('',(#2262),#2265);
#2262 = B_SPLINE_CURVE_WITH_KNOTS('',1,(#2263,#2264),.UNSPECIFIED.,.F.,
  .F.,(2,2),(-11.89796624891,-10.95802484266),.PIECEWISE_BEZIER_KNOTS.);
#2263 = CARTESIAN_POINT('',(22.855991091571,-25.38933080827));
#2264 = CARTESIAN_POINT('',(21.916049685321,-25.38933080827));
#2265 = ( GEOMETRIC_REPRESENTATION_CONTEXT(2) 
PARAMETRIC_REPRESENTATION_CONTEXT() REPRESENTATION_CONTEXT('2D SPACE',''
  ) );
#2266 = PCURVE('',#2267,#2272);
#2267 = PLANE('',#2268);
#2268 = AXIS2_PLACEMENT_3D('',#2269,#2270,#2271);
#2269 = CARTESIAN_POINT('',(1.109033739583E+03,5.95,-147.1717845876));
#2270 = DIRECTION('',(1.,0.,0.));
#2271 = DIRECTION('',(0.,0.,1.));
#2272 = DEFINITIONAL_REPRESENTATION('',(#2273),#2276);
#2273 = B_SPLINE_CURVE_WITH_KNOTS('',1,(#2274,#2275),.UNSPECIFIED.,.F.,
  .F.,(2,2),(-11.89796624891,-10.95802484266),.PIECEWISE_BEZIER_KNOTS.);
#2274 = CARTESIAN_POINT('',(0.93994140625,-5.E-02));
#2275 = CARTESIAN_POINT('',(0.,-5.E-02));
#2276 = ( GEOMETRIC_REPRESENTATION_CONTEXT(2) 
PARAMETRIC_REPRESENTATION_CONTEXT() REPRESENTATION_CONTEXT('2D SPACE',''
  ) );
#2277 = FACE_BOUND('',#2278,.T.);
#2278 = EDGE_LOOP('',(#2279));
#2279 = ORIENTED_EDGE('',*,*,#2280,.F.);
#2280 = EDGE_CURVE('',#2281,#2281,#2283,.T.);
#2281 = VERTEX_POINT('',#2282);
#2282 = CARTESIAN_POINT('',(1.111463671223E+03,6.,-211.4));
#2283 = SURFACE_CURVE('',#2284,(#2289,#2296),.PCURVE_S1.);
#2284 = CIRCLE('',#2285,4.25);
#2285 = AXIS2_PLACEMENT_3D('',#2286,#2287,#2288);
#2286 = CARTESIAN_POINT('',(1.107213671223E+03,6.,-211.4));
#2287 = DIRECTION('',(0.,1.,2.22044604925E-16));
#2288 = DIRECTION('',(1.,0.,-0.));
#2289 = PCURVE('',#90,#2290);
#2290 = DEFINITIONAL_REPRESENTATION('',(#2291),#2295);
#2291 = CIRCLE('',#2292,4.25);
#2292 = AXIS2_PLACEMENT_2D('',#2293,#2294);
#2293 = CARTESIAN_POINT('',(-42.312165727,-27.20939916765));
#2294 = DIRECTION('',(0.,1.));
#2295 = ( GEOMETRIC_REPRESENTATION_CONTEXT(2) 
PARAMETRIC_REPRESENTATION_CONTEXT() REPRESENTATION_CONTEXT('2D SPACE',''
  ) );
#2296 = PCURVE('',#635,#2297);
#2297 = DEFINITIONAL_REPRESENTATION('',(#2298),#2302);
#2298 = LINE('',#2299,#2300);
#2299 = CARTESIAN_POINT('',(0.,18.));
#2300 = VECTOR('',#2301,1.);
#2301 = DIRECTION('',(1.,0.));
#2302 = ( GEOMETRIC_REPRESENTATION_CONTEXT(2) 
PARAMETRIC_REPRESENTATION_CONTEXT() REPRESENTATION_CONTEXT('2D SPACE',''
  ) );
#2303 = FACE_BOUND('',#2304,.T.);
#2304 = EDGE_LOOP('',(#2305,#2379,#2442,#2505,#2577,#2649,#2712,#2775));
#2305 = ORIENTED_EDGE('',*,*,#2306,.F.);
#2306 = EDGE_CURVE('',#2307,#2309,#2311,.T.);
#2307 = VERTEX_POINT('',#2308);
#2308 = CARTESIAN_POINT('',(1.108612597005E+03,6.,-173.0287181814));
#2309 = VERTEX_POINT('',#2310);
#2310 = CARTESIAN_POINT('',(1.107214891926E+03,6.,-173.4193431814));
#2311 = SURFACE_CURVE('',#2312,(#2330,#2351),.PCURVE_S1.);
#2312 = B_SPLINE_CURVE_WITH_KNOTS('',6,(#2313,#2314,#2315,#2316,#2317,
    #2318,#2319,#2320,#2321,#2322,#2323,#2324,#2325,#2326,#2327,#2328,
    #2329),.UNSPECIFIED.,.F.,.F.,(7,5,5,7),(0.,0.222355391983,
    0.502565221459,1.),.UNSPECIFIED.);
#2313 = CARTESIAN_POINT('',(1.108612597005E+03,6.,-173.0287181814));
#2314 = CARTESIAN_POINT('',(1.108572006297E+03,6.,-173.0609490163));
#2315 = CARTESIAN_POINT('',(1.108529883503E+03,6.,-173.0914585007));
#2316 = CARTESIAN_POINT('',(1.108486314441E+03,6.,-173.1202215576));
#2317 = CARTESIAN_POINT('',(1.108441393304E+03,6.,-173.1472353488));
#2318 = CARTESIAN_POINT('',(1.108395219011E+03,6.,-173.172514601));
#2319 = CARTESIAN_POINT('',(1.108288250014E+03,6.,-173.2257925239));
#2320 = CARTESIAN_POINT('',(1.108226775976E+03,6.,-173.2527878682));
#2321 = CARTESIAN_POINT('',(1.108163666034E+03,6.,-173.2771306544));
#2322 = CARTESIAN_POINT('',(1.108099110677E+03,6.,-173.2989123723));
#2323 = CARTESIAN_POINT('',(1.108033285991E+03,6.,-173.3182442481));
#2324 = CARTESIAN_POINT('',(1.107847510861E+03,6.,-173.3654200692));
#2325 = CARTESIAN_POINT('',(1.10772518246E+03,6.,-173.3882394289));
#2326 = CARTESIAN_POINT('',(1.107600174906E+03,6.,-173.404376913));
#2327 = CARTESIAN_POINT('',(1.107473159944E+03,6.,-173.4145346915));
#2328 = CARTESIAN_POINT('',(1.107344629937E+03,6.,-173.4193431814));
#2329 = CARTESIAN_POINT('',(1.107214891926E+03,6.,-173.4193431814));
#2330 = PCURVE('',#90,#2331);
#2331 = DEFINITIONAL_REPRESENTATION('',(#2332),#2350);
#2332 = B_SPLINE_CURVE_WITH_KNOTS('',6,(#2333,#2334,#2335,#2336,#2337,
    #2338,#2339,#2340,#2341,#2342,#2343,#2344,#2345,#2346,#2347,#2348,
    #2349),.UNSPECIFIED.,.F.,.F.,(7,5,5,7),(0.,0.222355391983,
    0.502565221459,1.),.UNSPECIFIED.);
#2333 = CARTESIAN_POINT('',(-3.940883908429,-25.8104733864));
#2334 = CARTESIAN_POINT('',(-3.973114743323,-25.85106409409));
#2335 = CARTESIAN_POINT('',(-4.003624227782,-25.89318688792));
#2336 = CARTESIAN_POINT('',(-4.032387284649,-25.93675594984));
#2337 = CARTESIAN_POINT('',(-4.059401075855,-25.9816770868));
#2338 = CARTESIAN_POINT('',(-4.08468032808,-26.02785138023));
#2339 = CARTESIAN_POINT('',(-4.137958250942,-26.13482037651));
#2340 = CARTESIAN_POINT('',(-4.164953595276,-26.19629441459));
#2341 = CARTESIAN_POINT('',(-4.189296381472,-26.2594043566));
#2342 = CARTESIAN_POINT('',(-4.211078099346,-26.32395971407));
#2343 = CARTESIAN_POINT('',(-4.230409975182,-26.38978440024));
#2344 = CARTESIAN_POINT('',(-4.277585796266,-26.57555953016));
#2345 = CARTESIAN_POINT('',(-4.300405155961,-26.69788793071));
#2346 = CARTESIAN_POINT('',(-4.316542640037,-26.8228954854));
#2347 = CARTESIAN_POINT('',(-4.326700418587,-26.94991044719));
#2348 = CARTESIAN_POINT('',(-4.331508908429,-27.07844045344));
#2349 = CARTESIAN_POINT('',(-4.331508908429,-27.20817846452));
#2350 = ( GEOMETRIC_REPRESENTATION_CONTEXT(2) 
PARAMETRIC_REPRESENTATION_CONTEXT() REPRESENTATION_CONTEXT('2D SPACE',''
  ) );
#2351 = PCURVE('',#2352,#2359);
#2352 = SURFACE_OF_LINEAR_EXTRUSION('',#2353,#2357);
#2353 = B_SPLINE_CURVE_WITH_KNOTS('',2,(#2354,#2355,#2356),
  .UNSPECIFIED.,.F.,.F.,(3,3),(0.,1.),.PIECEWISE_BEZIER_KNOTS.);
#2354 = CARTESIAN_POINT('',(1.107214891926E+03,5.95,-173.4193431814));
#2355 = CARTESIAN_POINT('',(1.108120653645E+03,5.95,-173.4193431814));
#2356 = CARTESIAN_POINT('',(1.108612597005E+03,5.95,-173.0287181814));
#2357 = VECTOR('',#2358,1.);
#2358 = DIRECTION('',(-0.,-1.,-0.));
#2359 = DEFINITIONAL_REPRESENTATION('',(#2360),#2378);
#2360 = B_SPLINE_CURVE_WITH_KNOTS('',6,(#2361,#2362,#2363,#2364,#2365,
    #2366,#2367,#2368,#2369,#2370,#2371,#2372,#2373,#2374,#2375,#2376,
    #2377),.UNSPECIFIED.,.F.,.F.,(7,5,5,7),(0.,0.222355391983,
    0.502565221459,1.),.UNSPECIFIED.);
#2361 = CARTESIAN_POINT('',(1.,-5.E-02));
#2362 = CARTESIAN_POINT('',(0.958744531336,-5.E-02));
#2363 = CARTESIAN_POINT('',(0.917649960114,-5.E-02));
#2364 = CARTESIAN_POINT('',(0.876778324804,-5.E-02));
#2365 = CARTESIAN_POINT('',(0.836183281707,-5.E-02));
#2366 = CARTESIAN_POINT('',(0.795910823871,-5.E-02));
#2367 = CARTESIAN_POINT('',(0.705704816908,-5.E-02));
#2368 = CARTESIAN_POINT('',(0.655983003147,-5.E-02));
#2369 = CARTESIAN_POINT('',(0.606909345421,-5.E-02));
#2370 = CARTESIAN_POINT('',(0.558535494427,-5.E-02));
#2371 = CARTESIAN_POINT('',(0.510893608956,-5.E-02));
#2372 = CARTESIAN_POINT('',(0.380753412863,-5.E-02));
#2373 = CARTESIAN_POINT('',(0.299880785608,-5.E-02));
#2374 = CARTESIAN_POINT('',(0.221436753947,-5.E-02));
#2375 = CARTESIAN_POINT('',(0.14538150918,-5.E-02));
#2376 = CARTESIAN_POINT('',(7.161817970644E-02,-5.E-02));
#2377 = CARTESIAN_POINT('',(0.,-5.E-02));
#2378 = ( GEOMETRIC_REPRESENTATION_CONTEXT(2) 
PARAMETRIC_REPRESENTATION_CONTEXT() REPRESENTATION_CONTEXT('2D SPACE',''
  ) );
#2379 = ORIENTED_EDGE('',*,*,#2380,.F.);
#2380 = EDGE_CURVE('',#2381,#2307,#2383,.T.);
#2381 = VERTEX_POINT('',#2382);
#2382 = CARTESIAN_POINT('',(1.109104540364E+03,6.,-171.9203197439));
#2383 = SURFACE_CURVE('',#2384,(#2399,#2417),.PCURVE_S1.);
#2384 = B_SPLINE_CURVE_WITH_KNOTS('',5,(#2385,#2386,#2387,#2388,#2389,
    #2390,#2391,#2392,#2393,#2394,#2395,#2396,#2397,#2398),
  .UNSPECIFIED.,.F.,.F.,(6,4,4,6),(0.,0.246433669644,0.67975096624,1.),
  .UNSPECIFIED.);
#2385 = CARTESIAN_POINT('',(1.109104540364E+03,6.,-171.9203197439));
#2386 = CARTESIAN_POINT('',(1.109104540364E+03,6.,-171.9853249337));
#2387 = CARTESIAN_POINT('',(1.109102018457E+03,6.,-172.049782181));
#2388 = CARTESIAN_POINT('',(1.109096799887E+03,6.,-172.1135537244));
#2389 = CARTESIAN_POINT('',(1.109088708463E+03,6.,-172.1764667583));
#2390 = CARTESIAN_POINT('',(1.109058077096E+03,6.,-172.3470918733));
#2391 = CARTESIAN_POINT('',(1.109029225154E+03,6.,-172.4526404544));
#2392 = CARTESIAN_POINT('',(1.108990293978E+03,6.,-172.5537853825));
#2393 = CARTESIAN_POINT('',(1.108940914156E+03,6.,-172.6493077426));
#2394 = CARTESIAN_POINT('',(1.108837980363E+03,6.,-172.8040148972));
#2395 = CARTESIAN_POINT('',(1.108788863601E+03,6.,-172.8661992968));
#2396 = CARTESIAN_POINT('',(1.108734617491E+03,6.,-172.9244510567));
#2397 = CARTESIAN_POINT('',(1.10867568298E+03,6.,-172.9786250987));
#2398 = CARTESIAN_POINT('',(1.108612597005E+03,6.,-173.0287181814));
#2399 = PCURVE('',#90,#2400);
#2400 = DEFINITIONAL_REPRESENTATION('',(#2401),#2416);
#2401 = B_SPLINE_CURVE_WITH_KNOTS('',5,(#2402,#2403,#2404,#2405,#2406,
    #2407,#2408,#2409,#2410,#2411,#2412,#2413,#2414,#2415),
  .UNSPECIFIED.,.F.,.F.,(6,4,4,6),(0.,0.246433669644,0.67975096624,1.),
  .UNSPECIFIED.);
#2402 = CARTESIAN_POINT('',(-2.832485470929,-25.31853002702));
#2403 = CARTESIAN_POINT('',(-2.897490660798,-25.31853002702));
#2404 = CARTESIAN_POINT('',(-2.961947908075,-25.32105193367));
#2405 = CARTESIAN_POINT('',(-3.025719451447,-25.32627050407));
#2406 = CARTESIAN_POINT('',(-3.088632485352,-25.33436192802));
#2407 = CARTESIAN_POINT('',(-3.259257600317,-25.36499329518));
#2408 = CARTESIAN_POINT('',(-3.364806181453,-25.3938452374));
#2409 = CARTESIAN_POINT('',(-3.465951109587,-25.43277641247));
#2410 = CARTESIAN_POINT('',(-3.56147346961,-25.48215623445));
#2411 = CARTESIAN_POINT('',(-3.716180624284,-25.58509002779));
#2412 = CARTESIAN_POINT('',(-3.778365023835,-25.63420678947));
#2413 = CARTESIAN_POINT('',(-3.836616783758,-25.68845289973));
#2414 = CARTESIAN_POINT('',(-3.890790825769,-25.74738741042));
#2415 = CARTESIAN_POINT('',(-3.940883908429,-25.8104733864));
#2416 = ( GEOMETRIC_REPRESENTATION_CONTEXT(2) 
PARAMETRIC_REPRESENTATION_CONTEXT() REPRESENTATION_CONTEXT('2D SPACE',''
  ) );
#2417 = PCURVE('',#2418,#2425);
#2418 = SURFACE_OF_LINEAR_EXTRUSION('',#2419,#2423);
#2419 = B_SPLINE_CURVE_WITH_KNOTS('',2,(#2420,#2421,#2422),
  .UNSPECIFIED.,.F.,.F.,(3,3),(0.,1.),.PIECEWISE_BEZIER_KNOTS.);
#2420 = CARTESIAN_POINT('',(1.108612597005E+03,5.95,-173.0287181814));
#2421 = CARTESIAN_POINT('',(1.109104540364E+03,5.95,-172.6380931814));
#2422 = CARTESIAN_POINT('',(1.109104540364E+03,5.95,-171.9203197439));
#2423 = VECTOR('',#2424,1.);
#2424 = DIRECTION('',(-0.,-1.,-0.));
#2425 = DEFINITIONAL_REPRESENTATION('',(#2426),#2441);
#2426 = B_SPLINE_CURVE_WITH_KNOTS('',5,(#2427,#2428,#2429,#2430,#2431,
    #2432,#2433,#2434,#2435,#2436,#2437,#2438,#2439,#2440),
  .UNSPECIFIED.,.F.,.F.,(6,4,4,6),(0.,0.246433669644,0.67975096624,1.),
  .UNSPECIFIED.);
#2427 = CARTESIAN_POINT('',(1.,-5.E-02));
#2428 = CARTESIAN_POINT('',(0.95471747318,-5.E-02));
#2429 = CARTESIAN_POINT('',(0.908648377398,-5.E-02));
#2430 = CARTESIAN_POINT('',(0.861807721332,-5.E-02));
#2431 = CARTESIAN_POINT('',(0.814234261762,-5.E-02));
#2432 = CARTESIAN_POINT('',(0.681187157907,-5.E-02));
#2433 = CARTESIAN_POINT('',(0.594296591775,-5.E-02));
#2434 = CARTESIAN_POINT('',(0.505804432593,-5.E-02));
#2435 = CARTESIAN_POINT('',(0.416388645115,-5.E-02));
#2436 = CARTESIAN_POINT('',(0.260936107669,-5.E-02));
#2437 = CARTESIAN_POINT('',(0.194865359923,-5.E-02));
#2438 = CARTESIAN_POINT('',(0.129157929595,-5.E-02));
#2439 = CARTESIAN_POINT('',(6.411914580524E-02,-5.E-02));
#2440 = CARTESIAN_POINT('',(0.,-5.E-02));
#2441 = ( GEOMETRIC_REPRESENTATION_CONTEXT(2) 
PARAMETRIC_REPRESENTATION_CONTEXT() REPRESENTATION_CONTEXT('2D SPACE',''
  ) );
#2442 = ORIENTED_EDGE('',*,*,#2443,.F.);
#2443 = EDGE_CURVE('',#2444,#2381,#2446,.T.);
#2444 = VERTEX_POINT('',#2445);
#2445 = CARTESIAN_POINT('',(1.108612597005E+03,6.,-170.8094799001));
#2446 = SURFACE_CURVE('',#2447,(#2462,#2480),.PCURVE_S1.);
#2447 = B_SPLINE_CURVE_WITH_KNOTS('',5,(#2448,#2449,#2450,#2451,#2452,
    #2453,#2454,#2455,#2456,#2457,#2458,#2459,#2460,#2461),
  .UNSPECIFIED.,.F.,.F.,(6,4,4,6),(0.,0.316107044499,0.751295576736,1.),
  .UNSPECIFIED.);
#2448 = CARTESIAN_POINT('',(1.108612597005E+03,6.,-170.8094799001));
#2449 = CARTESIAN_POINT('',(1.108674937534E+03,6.,-170.8589810647));
#2450 = CARTESIAN_POINT('',(1.108733216582E+03,6.,-170.9124858216));
#2451 = CARTESIAN_POINT('',(1.108786916299E+03,6.,-170.9699891759));
#2452 = CARTESIAN_POINT('',(1.108835612126E+03,6.,-171.0313493057));
#2453 = CARTESIAN_POINT('',(1.108938895331E+03,6.,-171.1855031739));
#2454 = CARTESIAN_POINT('',(1.108988817847E+03,6.,-171.281470687));
#2455 = CARTESIAN_POINT('',(1.109028181651E+03,6.,-171.3831554308));
#2456 = CARTESIAN_POINT('',(1.109057366516E+03,6.,-171.4893126128));
#2457 = CARTESIAN_POINT('',(1.109088441989E+03,6.,-171.6612687029));
#2458 = CARTESIAN_POINT('',(1.10909667232E+03,6.,-171.7248835178));
#2459 = CARTESIAN_POINT('',(1.10910197772E+03,6.,-171.7893762546));
#2460 = CARTESIAN_POINT('',(1.109104540364E+03,6.,-171.8545687937));
#2461 = CARTESIAN_POINT('',(1.109104540364E+03,6.,-171.9203197439));
#2462 = PCURVE('',#90,#2463);
#2463 = DEFINITIONAL_REPRESENTATION('',(#2464),#2479);
#2464 = B_SPLINE_CURVE_WITH_KNOTS('',5,(#2465,#2466,#2467,#2468,#2469,
    #2470,#2471,#2472,#2473,#2474,#2475,#2476,#2477,#2478),
  .UNSPECIFIED.,.F.,.F.,(6,4,4,6),(0.,0.316107044499,0.751295576736,1.),
  .UNSPECIFIED.);
#2465 = CARTESIAN_POINT('',(-1.721645627179,-25.8104733864));
#2466 = CARTESIAN_POINT('',(-1.771146791785,-25.74813285722));
#2467 = CARTESIAN_POINT('',(-1.824651548615,-25.68985380876));
#2468 = CARTESIAN_POINT('',(-1.882154902959,-25.63615409239));
#2469 = CARTESIAN_POINT('',(-1.943515032764,-25.58745826533));
#2470 = CARTESIAN_POINT('',(-2.097668900995,-25.48417506004));
#2471 = CARTESIAN_POINT('',(-2.19363641408,-25.43425254353));
#2472 = CARTESIAN_POINT('',(-2.295321157807,-25.39488873959));
#2473 = CARTESIAN_POINT('',(-2.401478339846,-25.36570387477));
#2474 = CARTESIAN_POINT('',(-2.573434430001,-25.33462840197));
#2475 = CARTESIAN_POINT('',(-2.637049244899,-25.32639807111));
#2476 = CARTESIAN_POINT('',(-2.701541981652,-25.32109267051));
#2477 = CARTESIAN_POINT('',(-2.76673452075,-25.31853002702));
#2478 = CARTESIAN_POINT('',(-2.832485470929,-25.31853002702));
#2479 = ( GEOMETRIC_REPRESENTATION_CONTEXT(2) 
PARAMETRIC_REPRESENTATION_CONTEXT() REPRESENTATION_CONTEXT('2D SPACE',''
  ) );
#2480 = PCURVE('',#2481,#2488);
#2481 = SURFACE_OF_LINEAR_EXTRUSION('',#2482,#2486);
#2482 = B_SPLINE_CURVE_WITH_KNOTS('',2,(#2483,#2484,#2485),
  .UNSPECIFIED.,.F.,.F.,(3,3),(0.,1.),.PIECEWISE_BEZIER_KNOTS.);
#2483 = CARTESIAN_POINT('',(1.109104540364E+03,5.95,-171.9203197439));
#2484 = CARTESIAN_POINT('',(1.109104540364E+03,5.95,-171.2001049001));
#2485 = CARTESIAN_POINT('',(1.108612597005E+03,5.95,-170.8094799001));
#2486 = VECTOR('',#2487,1.);
#2487 = DIRECTION('',(-0.,-1.,-0.));
#2488 = DEFINITIONAL_REPRESENTATION('',(#2489),#2504);
#2489 = B_SPLINE_CURVE_WITH_KNOTS('',5,(#2490,#2491,#2492,#2493,#2494,
    #2495,#2496,#2497,#2498,#2499,#2500,#2501,#2502,#2503),
  .UNSPECIFIED.,.F.,.F.,(6,4,4,6),(0.,0.316107044499,0.751295576736,1.),
  .UNSPECIFIED.);
#2490 = CARTESIAN_POINT('',(1.,-5.E-02));
#2491 = CARTESIAN_POINT('',(0.936638509305,-5.E-02));
#2492 = CARTESIAN_POINT('',(0.87238665864,-5.E-02));
#2493 = CARTESIAN_POINT('',(0.807488779472,-5.E-02));
#2494 = CARTESIAN_POINT('',(0.742240800748,-5.E-02));
#2495 = CARTESIAN_POINT('',(0.587182171472,-5.E-02));
#2496 = CARTESIAN_POINT('',(0.497337896877,-5.E-02));
#2497 = CARTESIAN_POINT('',(0.408435594524,-5.E-02));
#2498 = CARTESIAN_POINT('',(0.321162804765,-5.E-02));
#2499 = CARTESIAN_POINT('',(0.187330596572,-5.E-02));
#2500 = CARTESIAN_POINT('',(0.139338714044,-5.E-02));
#2501 = CARTESIAN_POINT('',(9.209779413235E-02,-5.E-02));
#2502 = CARTESIAN_POINT('',(4.564676134488E-02,-5.E-02));
#2503 = CARTESIAN_POINT('',(0.,-5.E-02));
#2504 = ( GEOMETRIC_REPRESENTATION_CONTEXT(2) 
PARAMETRIC_REPRESENTATION_CONTEXT() REPRESENTATION_CONTEXT('2D SPACE',''
  ) );
#2505 = ORIENTED_EDGE('',*,*,#2506,.F.);
#2506 = EDGE_CURVE('',#2507,#2444,#2509,.T.);
#2507 = VERTEX_POINT('',#2508);
#2508 = CARTESIAN_POINT('',(1.107214891926E+03,6.,-170.4188549001));
#2509 = SURFACE_CURVE('',#2510,(#2528,#2549),.PCURVE_S1.);
#2510 = B_SPLINE_CURVE_WITH_KNOTS('',6,(#2511,#2512,#2513,#2514,#2515,
    #2516,#2517,#2518,#2519,#2520,#2521,#2522,#2523,#2524,#2525,#2526,
    #2527),.UNSPECIFIED.,.F.,.F.,(7,5,5,7),(0.,0.497434795765,
    0.778573071315,1.),.UNSPECIFIED.);
#2511 = CARTESIAN_POINT('',(1.107214891926E+03,6.,-170.4188549001));
#2512 = CARTESIAN_POINT('',(1.107344629937E+03,6.,-170.4188549001));
#2513 = CARTESIAN_POINT('',(1.107473159944E+03,6.,-170.42366339));
#2514 = CARTESIAN_POINT('',(1.107600174906E+03,6.,-170.4338211685));
#2515 = CARTESIAN_POINT('',(1.10772518246E+03,6.,-170.4499586526));
#2516 = CARTESIAN_POINT('',(1.107847510861E+03,6.,-170.4727780123));
#2517 = CARTESIAN_POINT('',(1.108033507789E+03,6.,-170.520010157));
#2518 = CARTESIAN_POINT('',(1.108099546878E+03,6.,-170.5394138466));
#2519 = CARTESIAN_POINT('',(1.108164307705E+03,6.,-170.5612840277));
#2520 = CARTESIAN_POINT('',(1.108227612339E+03,6.,-170.5857330188));
#2521 = CARTESIAN_POINT('',(1.108289268295E+03,6.,-170.6128530919));
#2522 = CARTESIAN_POINT('',(1.108396182801E+03,6.,-170.6662115535));
#2523 = CARTESIAN_POINT('',(1.108442143442E+03,6.,-170.6914141038));
#2524 = CARTESIAN_POINT('',(1.108486860143E+03,6.,-170.7183369221));
#2525 = CARTESIAN_POINT('',(1.108530235251E+03,6.,-170.7469944008));
#2526 = CARTESIAN_POINT('',(1.108572175784E+03,6.,-170.7773836456));
#2527 = CARTESIAN_POINT('',(1.108612597005E+03,6.,-170.8094799001));
#2528 = PCURVE('',#90,#2529);
#2529 = DEFINITIONAL_REPRESENTATION('',(#2530),#2548);
#2530 = B_SPLINE_CURVE_WITH_KNOTS('',6,(#2531,#2532,#2533,#2534,#2535,
    #2536,#2537,#2538,#2539,#2540,#2541,#2542,#2543,#2544,#2545,#2546,
    #2547),.UNSPECIFIED.,.F.,.F.,(7,5,5,7),(0.,0.497434795765,
    0.778573071315,1.),.UNSPECIFIED.);
#2531 = CARTESIAN_POINT('',(-1.331020627179,-27.20817846452));
#2532 = CARTESIAN_POINT('',(-1.331020627179,-27.07844045344));
#2533 = CARTESIAN_POINT('',(-1.335829117021,-26.94991044719));
#2534 = CARTESIAN_POINT('',(-1.345986895571,-26.8228954854));
#2535 = CARTESIAN_POINT('',(-1.362124379647,-26.69788793071));
#2536 = CARTESIAN_POINT('',(-1.384943739342,-26.57555953016));
#2537 = CARTESIAN_POINT('',(-1.432175884029,-26.38956260177));
#2538 = CARTESIAN_POINT('',(-1.451579573701,-26.32352351299));
#2539 = CARTESIAN_POINT('',(-1.473449754742,-26.25876268623));
#2540 = CARTESIAN_POINT('',(-1.497898745827,-26.19545805146));
#2541 = CARTESIAN_POINT('',(-1.525018818981,-26.13380209631));
#2542 = CARTESIAN_POINT('',(-1.578377280588,-26.02688758996));
#2543 = CARTESIAN_POINT('',(-1.603579830874,-25.98092694886));
#2544 = CARTESIAN_POINT('',(-1.630502649112,-25.93621024769));
#2545 = CARTESIAN_POINT('',(-1.659160127896,-25.89283513978));
#2546 = CARTESIAN_POINT('',(-1.689549372626,-25.85089460698));
#2547 = CARTESIAN_POINT('',(-1.721645627179,-25.8104733864));
#2548 = ( GEOMETRIC_REPRESENTATION_CONTEXT(2) 
PARAMETRIC_REPRESENTATION_CONTEXT() REPRESENTATION_CONTEXT('2D SPACE',''
  ) );
#2549 = PCURVE('',#2550,#2557);
#2550 = SURFACE_OF_LINEAR_EXTRUSION('',#2551,#2555);
#2551 = B_SPLINE_CURVE_WITH_KNOTS('',2,(#2552,#2553,#2554),
  .UNSPECIFIED.,.F.,.F.,(3,3),(0.,1.),.PIECEWISE_BEZIER_KNOTS.);
#2552 = CARTESIAN_POINT('',(1.108612597005E+03,5.95,-170.8094799001));
#2553 = CARTESIAN_POINT('',(1.108120653645E+03,5.95,-170.4188549001));
#2554 = CARTESIAN_POINT('',(1.107214891926E+03,5.95,-170.4188549001));
#2555 = VECTOR('',#2556,1.);
#2556 = DIRECTION('',(-0.,-1.,-0.));
#2557 = DEFINITIONAL_REPRESENTATION('',(#2558),#2576);
#2558 = B_SPLINE_CURVE_WITH_KNOTS('',6,(#2559,#2560,#2561,#2562,#2563,
    #2564,#2565,#2566,#2567,#2568,#2569,#2570,#2571,#2572,#2573,#2574,
    #2575),.UNSPECIFIED.,.F.,.F.,(7,5,5,7),(0.,0.497434795765,
    0.778573071315,1.),.UNSPECIFIED.);
#2559 = CARTESIAN_POINT('',(1.,-5.E-02));
#2560 = CARTESIAN_POINT('',(0.928381820294,-5.E-02));
#2561 = CARTESIAN_POINT('',(0.85461849082,-5.E-02));
#2562 = CARTESIAN_POINT('',(0.778563246053,-5.E-02));
#2563 = CARTESIAN_POINT('',(0.700119214392,-5.E-02));
#2564 = CARTESIAN_POINT('',(0.619246587137,-5.E-02));
#2565 = CARTESIAN_POINT('',(0.488951015586,-5.E-02));
#2566 = CARTESIAN_POINT('',(0.441148778672,-5.E-02));
#2567 = CARTESIAN_POINT('',(0.392609771127,-5.E-02));
#2568 = CARTESIAN_POINT('',(0.343366530409,-5.E-02));
#2569 = CARTESIAN_POINT('',(0.29347135336,-5.E-02));
#2570 = CARTESIAN_POINT('',(0.203248327129,-5.E-02));
#2571 = CARTESIAN_POINT('',(0.163138665118,-5.E-02));
#2572 = CARTESIAN_POINT('',(0.122709675778,-5.E-02));
#2573 = CARTESIAN_POINT('',(8.200684910237E-02,-5.E-02));
#2574 = CARTESIAN_POINT('',(4.108320582795E-02,-5.E-02));
#2575 = CARTESIAN_POINT('',(0.,-5.E-02));
#2576 = ( GEOMETRIC_REPRESENTATION_CONTEXT(2) 
PARAMETRIC_REPRESENTATION_CONTEXT() REPRESENTATION_CONTEXT('2D SPACE',''
  ) );
#2577 = ORIENTED_EDGE('',*,*,#2578,.F.);
#2578 = EDGE_CURVE('',#2579,#2507,#2581,.T.);
#2579 = VERTEX_POINT('',#2580);
#2580 = CARTESIAN_POINT('',(1.105814745442E+03,6.,-170.8094799001));
#2581 = SURFACE_CURVE('',#2582,(#2600,#2621),.PCURVE_S1.);
#2582 = B_SPLINE_CURVE_WITH_KNOTS('',6,(#2583,#2584,#2585,#2586,#2587,
    #2588,#2589,#2590,#2591,#2592,#2593,#2594,#2595,#2596,#2597,#2598,
    #2599),.UNSPECIFIED.,.F.,.F.,(7,5,5,7),(0.,0.222161885211,
    0.500304972391,1.),.UNSPECIFIED.);
#2583 = CARTESIAN_POINT('',(1.105814745442E+03,6.,-170.8094799001));
#2584 = CARTESIAN_POINT('',(1.105855346286E+03,6.,-170.7772410164));
#2585 = CARTESIAN_POINT('',(1.105897486211E+03,6.,-170.7467273205));
#2586 = CARTESIAN_POINT('',(1.105941078354E+03,6.,-170.7179635449));
#2587 = CARTESIAN_POINT('',(1.105986027478E+03,6.,-170.6909519869));
#2588 = CARTESIAN_POINT('',(1.106032233704E+03,6.,-170.6656772773));
#2589 = CARTESIAN_POINT('',(1.106138893375E+03,6.,-170.61260674));
#2590 = CARTESIAN_POINT('',(1.106200004127E+03,6.,-170.5857800158));
#2591 = CARTESIAN_POINT('',(1.106262734228E+03,6.,-170.5615730845));
#2592 = CARTESIAN_POINT('',(1.106326895633E+03,6.,-170.5398951923));
#2593 = CARTESIAN_POINT('',(1.106392314623E+03,6.,-170.5206364343));
#2594 = CARTESIAN_POINT('',(1.106578355238E+03,6.,-170.4732211873));
#2595 = CARTESIAN_POINT('',(1.106701417347E+03,6.,-170.4502022416));
#2596 = CARTESIAN_POINT('',(1.106827194056E+03,6.,-170.433933305));
#2597 = CARTESIAN_POINT('',(1.106955000551E+03,6.,-170.4236980261));
#2598 = CARTESIAN_POINT('',(1.107084336503E+03,6.,-170.4188549001));
#2599 = CARTESIAN_POINT('',(1.107214891926E+03,6.,-170.4188549001));
#2600 = PCURVE('',#90,#2601);
#2601 = DEFINITIONAL_REPRESENTATION('',(#2602),#2620);
#2602 = B_SPLINE_CURVE_WITH_KNOTS('',6,(#2603,#2604,#2605,#2606,#2607,
    #2608,#2609,#2610,#2611,#2612,#2613,#2614,#2615,#2616,#2617,#2618,
    #2619),.UNSPECIFIED.,.F.,.F.,(7,5,5,7),(0.,0.222161885211,
    0.500304972391,1.),.UNSPECIFIED.);
#2603 = CARTESIAN_POINT('',(-1.721645627179,-28.6083249489));
#2604 = CARTESIAN_POINT('',(-1.689406743448,-28.5677241047));
#2605 = CARTESIAN_POINT('',(-1.658893047524,-28.52558417977));
#2606 = CARTESIAN_POINT('',(-1.630129271949,-28.48199203681));
#2607 = CARTESIAN_POINT('',(-1.603117713908,-28.43704291268));
#2608 = CARTESIAN_POINT('',(-1.577843004362,-28.39083668656));
#2609 = CARTESIAN_POINT('',(-1.524772467089,-28.284177016));
#2610 = CARTESIAN_POINT('',(-1.497945742874,-28.22306626435));
#2611 = CARTESIAN_POINT('',(-1.473738811527,-28.1603361628));
#2612 = CARTESIAN_POINT('',(-1.452060919402,-28.0961747582));
#2613 = CARTESIAN_POINT('',(-1.432802161321,-28.03075576762));
#2614 = CARTESIAN_POINT('',(-1.385386914327,-27.84471515251));
#2615 = CARTESIAN_POINT('',(-1.362367968653,-27.72165304406));
#2616 = CARTESIAN_POINT('',(-1.346099032097,-27.5958763345));
#2617 = CARTESIAN_POINT('',(-1.335863753112,-27.46806984005));
#2618 = CARTESIAN_POINT('',(-1.331020627179,-27.33873388765));
#2619 = CARTESIAN_POINT('',(-1.331020627179,-27.20817846452));
#2620 = ( GEOMETRIC_REPRESENTATION_CONTEXT(2) 
PARAMETRIC_REPRESENTATION_CONTEXT() REPRESENTATION_CONTEXT('2D SPACE',''
  ) );
#2621 = PCURVE('',#2622,#2629);
#2622 = SURFACE_OF_LINEAR_EXTRUSION('',#2623,#2627);
#2623 = B_SPLINE_CURVE_WITH_KNOTS('',2,(#2624,#2625,#2626),
  .UNSPECIFIED.,.F.,.F.,(3,3),(0.,1.),.PIECEWISE_BEZIER_KNOTS.);
#2624 = CARTESIAN_POINT('',(1.107214891926E+03,5.95,-170.4188549001));
#2625 = CARTESIAN_POINT('',(1.106306688801E+03,5.95,-170.4188549001));
#2626 = CARTESIAN_POINT('',(1.105814745442E+03,5.95,-170.8094799001));
#2627 = VECTOR('',#2628,1.);
#2628 = DIRECTION('',(-0.,-1.,-0.));
#2629 = DEFINITIONAL_REPRESENTATION('',(#2630),#2648);
#2630 = B_SPLINE_CURVE_WITH_KNOTS('',6,(#2631,#2632,#2633,#2634,#2635,
    #2636,#2637,#2638,#2639,#2640,#2641,#2642,#2643,#2644,#2645,#2646,
    #2647),.UNSPECIFIED.,.F.,.F.,(7,5,5,7),(0.,0.222161885211,
    0.500304972391,1.),.UNSPECIFIED.);
#2631 = CARTESIAN_POINT('',(1.,-5.E-02));
#2632 = CARTESIAN_POINT('',(0.958734228824,-5.E-02));
#2633 = CARTESIAN_POINT('',(0.917633245962,-5.E-02));
#2634 = CARTESIAN_POINT('',(0.87675938236,-5.E-02));
#2635 = CARTESIAN_POINT('',(0.836166417176,-5.E-02));
#2636 = CARTESIAN_POINT('',(0.795900321156,-5.E-02));
#2637 = CARTESIAN_POINT('',(0.706045443235,-5.E-02));
#2638 = CARTESIAN_POINT('',(0.656663329713,-5.E-02));
#2639 = CARTESIAN_POINT('',(0.607926648278,-5.E-02));
#2640 = CARTESIAN_POINT('',(0.559885683656,-5.E-02));
#2641 = CARTESIAN_POINT('',(0.512571595926,-5.E-02));
#2642 = CARTESIAN_POINT('',(0.38233229088,-5.E-02));
#2643 = CARTESIAN_POINT('',(0.301077520676,-5.E-02));
#2644 = CARTESIAN_POINT('',(0.222288265755,-5.E-02));
#2645 = CARTESIAN_POINT('',(0.145921283632,-5.E-02));
#2646 = CARTESIAN_POINT('',(7.187567380832E-02,-5.E-02));
#2647 = CARTESIAN_POINT('',(0.,-5.E-02));
#2648 = ( GEOMETRIC_REPRESENTATION_CONTEXT(2) 
PARAMETRIC_REPRESENTATION_CONTEXT() REPRESENTATION_CONTEXT('2D SPACE',''
  ) );
#2649 = ORIENTED_EDGE('',*,*,#2650,.F.);
#2650 = EDGE_CURVE('',#2651,#2579,#2653,.T.);
#2651 = VERTEX_POINT('',#2652);
#2652 = CARTESIAN_POINT('',(1.105322802083E+03,6.,-171.9203197439));
#2653 = SURFACE_CURVE('',#2654,(#2669,#2687),.PCURVE_S1.);
#2654 = B_SPLINE_CURVE_WITH_KNOTS('',5,(#2655,#2656,#2657,#2658,#2659,
    #2660,#2661,#2662,#2663,#2664,#2665,#2666,#2667,#2668),
  .UNSPECIFIED.,.F.,.F.,(6,4,4,6),(0.,0.248704423264,0.683892955501,1.),
  .UNSPECIFIED.);
#2655 = CARTESIAN_POINT('',(1.105322802083E+03,6.,-171.9203197439));
#2656 = CARTESIAN_POINT('',(1.105322802083E+03,6.,-171.8545687937));
#2657 = CARTESIAN_POINT('',(1.105325364726E+03,6.,-171.7893762546));
#2658 = CARTESIAN_POINT('',(1.105330670127E+03,6.,-171.7248835178));
#2659 = CARTESIAN_POINT('',(1.105338900458E+03,6.,-171.6612687029));
#2660 = CARTESIAN_POINT('',(1.10536997593E+03,6.,-171.4893126128));
#2661 = CARTESIAN_POINT('',(1.105399160795E+03,6.,-171.3831554308));
#2662 = CARTESIAN_POINT('',(1.105438524599E+03,6.,-171.281470687));
#2663 = CARTESIAN_POINT('',(1.105488447116E+03,6.,-171.1855031739));
#2664 = CARTESIAN_POINT('',(1.105591730321E+03,6.,-171.0313493057));
#2665 = CARTESIAN_POINT('',(1.105640426148E+03,6.,-170.9699891759));
#2666 = CARTESIAN_POINT('',(1.105694125864E+03,6.,-170.9124858216));
#2667 = CARTESIAN_POINT('',(1.105752404913E+03,6.,-170.8589810647));
#2668 = CARTESIAN_POINT('',(1.105814745442E+03,6.,-170.8094799001));
#2669 = PCURVE('',#90,#2670);
#2670 = DEFINITIONAL_REPRESENTATION('',(#2671),#2686);
#2671 = B_SPLINE_CURVE_WITH_KNOTS('',5,(#2672,#2673,#2674,#2675,#2676,
    #2677,#2678,#2679,#2680,#2681,#2682,#2683,#2684,#2685),
  .UNSPECIFIED.,.F.,.F.,(6,4,4,6),(0.,0.248704423264,0.683892955501,1.),
  .UNSPECIFIED.);
#2672 = CARTESIAN_POINT('',(-2.832485470929,-29.10026830827));
#2673 = CARTESIAN_POINT('',(-2.76673452075,-29.10026830827));
#2674 = CARTESIAN_POINT('',(-2.701541981652,-29.09770566479));
#2675 = CARTESIAN_POINT('',(-2.637049244899,-29.09240026419));
#2676 = CARTESIAN_POINT('',(-2.573434430001,-29.08416993333));
#2677 = CARTESIAN_POINT('',(-2.401478339846,-29.05309446053));
#2678 = CARTESIAN_POINT('',(-2.295321157807,-29.02390959571));
#2679 = CARTESIAN_POINT('',(-2.19363641408,-28.98454579177));
#2680 = CARTESIAN_POINT('',(-2.097668900995,-28.93462327525));
#2681 = CARTESIAN_POINT('',(-1.943515032764,-28.83134006997));
#2682 = CARTESIAN_POINT('',(-1.882154902959,-28.78264424291));
#2683 = CARTESIAN_POINT('',(-1.824651548615,-28.72894452654));
#2684 = CARTESIAN_POINT('',(-1.771146791785,-28.67066547807));
#2685 = CARTESIAN_POINT('',(-1.721645627179,-28.6083249489));
#2686 = ( GEOMETRIC_REPRESENTATION_CONTEXT(2) 
PARAMETRIC_REPRESENTATION_CONTEXT() REPRESENTATION_CONTEXT('2D SPACE',''
  ) );
#2687 = PCURVE('',#2688,#2695);
#2688 = SURFACE_OF_LINEAR_EXTRUSION('',#2689,#2693);
#2689 = B_SPLINE_CURVE_WITH_KNOTS('',2,(#2690,#2691,#2692),
  .UNSPECIFIED.,.F.,.F.,(3,3),(0.,1.),.PIECEWISE_BEZIER_KNOTS.);
#2690 = CARTESIAN_POINT('',(1.105814745442E+03,5.95,-170.8094799001));
#2691 = CARTESIAN_POINT('',(1.105322802083E+03,5.95,-171.2001049001));
#2692 = CARTESIAN_POINT('',(1.105322802083E+03,5.95,-171.9203197439));
#2693 = VECTOR('',#2694,1.);
#2694 = DIRECTION('',(-0.,-1.,-0.));
#2695 = DEFINITIONAL_REPRESENTATION('',(#2696),#2711);
#2696 = B_SPLINE_CURVE_WITH_KNOTS('',5,(#2697,#2698,#2699,#2700,#2701,
    #2702,#2703,#2704,#2705,#2706,#2707,#2708,#2709,#2710),
  .UNSPECIFIED.,.F.,.F.,(6,4,4,6),(0.,0.248704423264,0.683892955501,1.),
  .UNSPECIFIED.);
#2697 = CARTESIAN_POINT('',(1.,-5.E-02));
#2698 = CARTESIAN_POINT('',(0.954353238655,-5.E-02));
#2699 = CARTESIAN_POINT('',(0.907902205868,-5.E-02));
#2700 = CARTESIAN_POINT('',(0.860661285956,-5.E-02));
#2701 = CARTESIAN_POINT('',(0.812669403428,-5.E-02));
#2702 = CARTESIAN_POINT('',(0.678837195235,-5.E-02));
#2703 = CARTESIAN_POINT('',(0.591564405476,-5.E-02));
#2704 = CARTESIAN_POINT('',(0.502662103123,-5.E-02));
#2705 = CARTESIAN_POINT('',(0.412817828528,-5.E-02));
#2706 = CARTESIAN_POINT('',(0.257759199252,-5.E-02));
#2707 = CARTESIAN_POINT('',(0.192511220529,-5.E-02));
#2708 = CARTESIAN_POINT('',(0.12761334136,-5.E-02));
#2709 = CARTESIAN_POINT('',(6.33614906953E-02,-5.E-02));
#2710 = CARTESIAN_POINT('',(0.,-5.E-02));
#2711 = ( GEOMETRIC_REPRESENTATION_CONTEXT(2) 
PARAMETRIC_REPRESENTATION_CONTEXT() REPRESENTATION_CONTEXT('2D SPACE',''
  ) );
#2712 = ORIENTED_EDGE('',*,*,#2713,.F.);
#2713 = EDGE_CURVE('',#2714,#2651,#2716,.T.);
#2714 = VERTEX_POINT('',#2715);
#2715 = CARTESIAN_POINT('',(1.105814745442E+03,6.,-173.0287181814));
#2716 = SURFACE_CURVE('',#2717,(#2732,#2750),.PCURVE_S1.);
#2717 = B_SPLINE_CURVE_WITH_KNOTS('',5,(#2718,#2719,#2720,#2721,#2722,
    #2723,#2724,#2725,#2726,#2727,#2728,#2729,#2730,#2731),
  .UNSPECIFIED.,.F.,.F.,(6,4,4,6),(0.,0.32024903376,0.753566330356,1.),
  .UNSPECIFIED.);
#2718 = CARTESIAN_POINT('',(1.105814745442E+03,6.,-173.0287181814));
#2719 = CARTESIAN_POINT('',(1.105751659466E+03,6.,-172.9786250987));
#2720 = CARTESIAN_POINT('',(1.105692724955E+03,6.,-172.9244510567));
#2721 = CARTESIAN_POINT('',(1.105638478845E+03,6.,-172.8661992968));
#2722 = CARTESIAN_POINT('',(1.105589362083E+03,6.,-172.8040148972));
#2723 = CARTESIAN_POINT('',(1.10548642829E+03,6.,-172.6493077426));
#2724 = CARTESIAN_POINT('',(1.105437048468E+03,6.,-172.5537853825));
#2725 = CARTESIAN_POINT('',(1.105398117293E+03,6.,-172.4526404544));
#2726 = CARTESIAN_POINT('',(1.105369265351E+03,6.,-172.3470918733));
#2727 = CARTESIAN_POINT('',(1.105338633984E+03,6.,-172.1764667583));
#2728 = CARTESIAN_POINT('',(1.10533054256E+03,6.,-172.1135537244));
#2729 = CARTESIAN_POINT('',(1.105325323989E+03,6.,-172.049782181));
#2730 = CARTESIAN_POINT('',(1.105322802083E+03,6.,-171.9853249337));
#2731 = CARTESIAN_POINT('',(1.105322802083E+03,6.,-171.9203197439));
#2732 = PCURVE('',#90,#2733);
#2733 = DEFINITIONAL_REPRESENTATION('',(#2734),#2749);
#2734 = B_SPLINE_CURVE_WITH_KNOTS('',5,(#2735,#2736,#2737,#2738,#2739,
    #2740,#2741,#2742,#2743,#2744,#2745,#2746,#2747,#2748),
  .UNSPECIFIED.,.F.,.F.,(6,4,4,6),(0.,0.32024903376,0.753566330356,1.),
  .UNSPECIFIED.);
#2735 = CARTESIAN_POINT('',(-3.940883908429,-28.6083249489));
#2736 = CARTESIAN_POINT('',(-3.890790825769,-28.67141092487));
#2737 = CARTESIAN_POINT('',(-3.836616783758,-28.73034543557));
#2738 = CARTESIAN_POINT('',(-3.778365023835,-28.78459154583));
#2739 = CARTESIAN_POINT('',(-3.716180624284,-28.83370830751));
#2740 = CARTESIAN_POINT('',(-3.56147346961,-28.93664210085));
#2741 = CARTESIAN_POINT('',(-3.465951109587,-28.98602192282));
#2742 = CARTESIAN_POINT('',(-3.364806181453,-29.0249530979));
#2743 = CARTESIAN_POINT('',(-3.259257600317,-29.05380504012));
#2744 = CARTESIAN_POINT('',(-3.088632485352,-29.08443640728));
#2745 = CARTESIAN_POINT('',(-3.025719451447,-29.09252783123));
#2746 = CARTESIAN_POINT('',(-2.961947908075,-29.09774640163));
#2747 = CARTESIAN_POINT('',(-2.897490660798,-29.10026830827));
#2748 = CARTESIAN_POINT('',(-2.832485470929,-29.10026830827));
#2749 = ( GEOMETRIC_REPRESENTATION_CONTEXT(2) 
PARAMETRIC_REPRESENTATION_CONTEXT() REPRESENTATION_CONTEXT('2D SPACE',''
  ) );
#2750 = PCURVE('',#2751,#2758);
#2751 = SURFACE_OF_LINEAR_EXTRUSION('',#2752,#2756);
#2752 = B_SPLINE_CURVE_WITH_KNOTS('',2,(#2753,#2754,#2755),
  .UNSPECIFIED.,.F.,.F.,(3,3),(0.,1.),.PIECEWISE_BEZIER_KNOTS.);
#2753 = CARTESIAN_POINT('',(1.105322802083E+03,5.95,-171.9203197439));
#2754 = CARTESIAN_POINT('',(1.105322802083E+03,5.95,-172.6380931814));
#2755 = CARTESIAN_POINT('',(1.105814745442E+03,5.95,-173.0287181814));
#2756 = VECTOR('',#2757,1.);
#2757 = DIRECTION('',(-0.,-1.,-0.));
#2758 = DEFINITIONAL_REPRESENTATION('',(#2759),#2774);
#2759 = B_SPLINE_CURVE_WITH_KNOTS('',5,(#2760,#2761,#2762,#2763,#2764,
    #2765,#2766,#2767,#2768,#2769,#2770,#2771,#2772,#2773),
  .UNSPECIFIED.,.F.,.F.,(6,4,4,6),(0.,0.32024903376,0.753566330356,1.),
  .UNSPECIFIED.);
#2760 = CARTESIAN_POINT('',(1.,-5.E-02));
#2761 = CARTESIAN_POINT('',(0.935880854195,-5.E-02));
#2762 = CARTESIAN_POINT('',(0.870842070405,-5.E-02));
#2763 = CARTESIAN_POINT('',(0.805134640077,-5.E-02));
#2764 = CARTESIAN_POINT('',(0.739063892331,-5.E-02));
#2765 = CARTESIAN_POINT('',(0.583611354885,-5.E-02));
#2766 = CARTESIAN_POINT('',(0.494195567407,-5.E-02));
#2767 = CARTESIAN_POINT('',(0.405703408225,-5.E-02));
#2768 = CARTESIAN_POINT('',(0.318812842093,-5.E-02));
#2769 = CARTESIAN_POINT('',(0.185765738238,-5.E-02));
#2770 = CARTESIAN_POINT('',(0.138192278668,-5.E-02));
#2771 = CARTESIAN_POINT('',(9.135162260229E-02,-5.E-02));
#2772 = CARTESIAN_POINT('',(4.528252682001E-02,-5.E-02));
#2773 = CARTESIAN_POINT('',(0.,-5.E-02));
#2774 = ( GEOMETRIC_REPRESENTATION_CONTEXT(2) 
PARAMETRIC_REPRESENTATION_CONTEXT() REPRESENTATION_CONTEXT('2D SPACE',''
  ) );
#2775 = ORIENTED_EDGE('',*,*,#2776,.F.);
#2776 = EDGE_CURVE('',#2309,#2714,#2777,.T.);
#2777 = SURFACE_CURVE('',#2778,(#2796,#2817),.PCURVE_S1.);
#2778 = B_SPLINE_CURVE_WITH_KNOTS('',6,(#2779,#2780,#2781,#2782,#2783,
    #2784,#2785,#2786,#2787,#2788,#2789,#2790,#2791,#2792,#2793,#2794,
    #2795),.UNSPECIFIED.,.F.,.F.,(7,5,5,7),(0.,0.499695027609,
    0.777838114789,1.),.UNSPECIFIED.);
#2779 = CARTESIAN_POINT('',(1.107214891926E+03,6.,-173.4193431814));
#2780 = CARTESIAN_POINT('',(1.107084336503E+03,6.,-173.4193431814));
#2781 = CARTESIAN_POINT('',(1.106955000551E+03,6.,-173.4145000554));
#2782 = CARTESIAN_POINT('',(1.106827194056E+03,6.,-173.4042647765));
#2783 = CARTESIAN_POINT('',(1.106701417347E+03,6.,-173.3879958399));
#2784 = CARTESIAN_POINT('',(1.106578355238E+03,6.,-173.3649768942));
#2785 = CARTESIAN_POINT('',(1.106392314623E+03,6.,-173.3175616472));
#2786 = CARTESIAN_POINT('',(1.106326895633E+03,6.,-173.2983028892));
#2787 = CARTESIAN_POINT('',(1.106262734228E+03,6.,-173.276624997));
#2788 = CARTESIAN_POINT('',(1.106200004127E+03,6.,-173.2524180657));
#2789 = CARTESIAN_POINT('',(1.106138893375E+03,6.,-173.2255913415));
#2790 = CARTESIAN_POINT('',(1.106032233704E+03,6.,-173.1725208042));
#2791 = CARTESIAN_POINT('',(1.105986027478E+03,6.,-173.1472460946));
#2792 = CARTESIAN_POINT('',(1.105941078354E+03,6.,-173.1202345366));
#2793 = CARTESIAN_POINT('',(1.105897486211E+03,6.,-173.091470761));
#2794 = CARTESIAN_POINT('',(1.105855346286E+03,6.,-173.0609570651));
#2795 = CARTESIAN_POINT('',(1.105814745442E+03,6.,-173.0287181814));
#2796 = PCURVE('',#90,#2797);
#2797 = DEFINITIONAL_REPRESENTATION('',(#2798),#2816);
#2798 = B_SPLINE_CURVE_WITH_KNOTS('',6,(#2799,#2800,#2801,#2802,#2803,
    #2804,#2805,#2806,#2807,#2808,#2809,#2810,#2811,#2812,#2813,#2814,
    #2815),.UNSPECIFIED.,.F.,.F.,(7,5,5,7),(0.,0.499695027609,
    0.777838114789,1.),.UNSPECIFIED.);
#2799 = CARTESIAN_POINT('',(-4.331508908429,-27.20817846452));
#2800 = CARTESIAN_POINT('',(-4.331508908429,-27.33873388765));
#2801 = CARTESIAN_POINT('',(-4.326665782496,-27.46806984005));
#2802 = CARTESIAN_POINT('',(-4.316430503512,-27.5958763345));
#2803 = CARTESIAN_POINT('',(-4.300161566955,-27.72165304406));
#2804 = CARTESIAN_POINT('',(-4.277142621281,-27.84471515251));
#2805 = CARTESIAN_POINT('',(-4.229727374287,-28.03075576762));
#2806 = CARTESIAN_POINT('',(-4.210468616206,-28.0961747582));
#2807 = CARTESIAN_POINT('',(-4.188790724081,-28.1603361628));
#2808 = CARTESIAN_POINT('',(-4.164583792734,-28.22306626435));
#2809 = CARTESIAN_POINT('',(-4.137757068519,-28.284177016));
#2810 = CARTESIAN_POINT('',(-4.084686531246,-28.39083668656));
#2811 = CARTESIAN_POINT('',(-4.0594118217,-28.43704291268));
#2812 = CARTESIAN_POINT('',(-4.032400263659,-28.48199203681));
#2813 = CARTESIAN_POINT('',(-4.003636488084,-28.52558417977));
#2814 = CARTESIAN_POINT('',(-3.97312279216,-28.5677241047));
#2815 = CARTESIAN_POINT('',(-3.940883908429,-28.6083249489));
#2816 = ( GEOMETRIC_REPRESENTATION_CONTEXT(2) 
PARAMETRIC_REPRESENTATION_CONTEXT() REPRESENTATION_CONTEXT('2D SPACE',''
  ) );
#2817 = PCURVE('',#2818,#2825);
#2818 = SURFACE_OF_LINEAR_EXTRUSION('',#2819,#2823);
#2819 = B_SPLINE_CURVE_WITH_KNOTS('',2,(#2820,#2821,#2822),
  .UNSPECIFIED.,.F.,.F.,(3,3),(0.,1.),.PIECEWISE_BEZIER_KNOTS.);
#2820 = CARTESIAN_POINT('',(1.105814745442E+03,5.95,-173.0287181814));
#2821 = CARTESIAN_POINT('',(1.106306688801E+03,5.95,-173.4193431814));
#2822 = CARTESIAN_POINT('',(1.107214891926E+03,5.95,-173.4193431814));
#2823 = VECTOR('',#2824,1.);
#2824 = DIRECTION('',(-0.,-1.,-0.));
#2825 = DEFINITIONAL_REPRESENTATION('',(#2826),#2844);
#2826 = B_SPLINE_CURVE_WITH_KNOTS('',6,(#2827,#2828,#2829,#2830,#2831,
    #2832,#2833,#2834,#2835,#2836,#2837,#2838,#2839,#2840,#2841,#2842,
    #2843),.UNSPECIFIED.,.F.,.F.,(7,5,5,7),(0.,0.499695027609,
    0.777838114789,1.),.UNSPECIFIED.);
#2827 = CARTESIAN_POINT('',(1.,-5.E-02));
#2828 = CARTESIAN_POINT('',(0.928124326192,-5.E-02));
#2829 = CARTESIAN_POINT('',(0.854078716368,-5.E-02));
#2830 = CARTESIAN_POINT('',(0.777711734245,-5.E-02));
#2831 = CARTESIAN_POINT('',(0.698922479324,-5.E-02));
#2832 = CARTESIAN_POINT('',(0.61766770912,-5.E-02));
#2833 = CARTESIAN_POINT('',(0.487428404074,-5.E-02));
#2834 = CARTESIAN_POINT('',(0.440114316344,-5.E-02));
#2835 = CARTESIAN_POINT('',(0.392073351722,-5.E-02));
#2836 = CARTESIAN_POINT('',(0.343336670287,-5.E-02));
#2837 = CARTESIAN_POINT('',(0.293954556765,-5.E-02));
#2838 = CARTESIAN_POINT('',(0.204099678844,-5.E-02));
#2839 = CARTESIAN_POINT('',(0.163833582824,-5.E-02));
#2840 = CARTESIAN_POINT('',(0.12324061764,-5.E-02));
#2841 = CARTESIAN_POINT('',(8.236675403765E-02,-5.E-02));
#2842 = CARTESIAN_POINT('',(4.126577117591E-02,-5.E-02));
#2843 = CARTESIAN_POINT('',(0.,-5.E-02));
#2844 = ( GEOMETRIC_REPRESENTATION_CONTEXT(2) 
PARAMETRIC_REPRESENTATION_CONTEXT() REPRESENTATION_CONTEXT('2D SPACE',''
  ) );
#2845 = FACE_BOUND('',#2846,.T.);
#2846 = EDGE_LOOP('',(#2847,#2891,#2942,#3005,#3062,#3119,#3182,#3233,
    #3275,#3326,#3377,#3440,#3497,#3554,#3617,#3668));
#2847 = ORIENTED_EDGE('',*,*,#2848,.F.);
#2848 = EDGE_CURVE('',#2849,#2851,#2853,.T.);
#2849 = VERTEX_POINT('',#2850);
#2850 = CARTESIAN_POINT('',(1.106785204426E+03,6.,-155.3700267751));
#2851 = VERTEX_POINT('',#2852);
#2852 = CARTESIAN_POINT('',(1.107092821614E+03,6.,-155.8705150564));
#2853 = SURFACE_CURVE('',#2854,(#2862,#2873),.PCURVE_S1.);
#2854 = B_SPLINE_CURVE_WITH_KNOTS('',6,(#2855,#2856,#2857,#2858,#2859,
    #2860,#2861),.UNSPECIFIED.,.F.,.F.,(7,7),(0.,1.),
  .PIECEWISE_BEZIER_KNOTS.);
#2855 = CARTESIAN_POINT('',(1.106785204426E+03,6.,-155.3700267751));
#2856 = CARTESIAN_POINT('',(1.106856273779E+03,6.,-155.427718367));
#2857 = CARTESIAN_POINT('',(1.106919556754E+03,6.,-155.4967366694));
#2858 = CARTESIAN_POINT('',(1.106974659668E+03,6.,-155.5765513709));
#2859 = CARTESIAN_POINT('',(1.107021655926E+03,6.,-155.6662083264));
#2860 = CARTESIAN_POINT('',(1.10706088464E+03,6.,-155.7645777778));
#2861 = CARTESIAN_POINT('',(1.107092821614E+03,6.,-155.8705150564));
#2862 = PCURVE('',#90,#2863);
#2863 = DEFINITIONAL_REPRESENTATION('',(#2864),#2872);
#2864 = B_SPLINE_CURVE_WITH_KNOTS('',6,(#2865,#2866,#2867,#2868,#2869,
    #2870,#2871),.UNSPECIFIED.,.F.,.F.,(7,7),(0.,1.),
  .PIECEWISE_BEZIER_KNOTS.);
#2865 = CARTESIAN_POINT('',(13.717807497821,-27.63786596452));
#2866 = CARTESIAN_POINT('',(13.66011590592,-27.56679661218));
#2867 = CARTESIAN_POINT('',(13.591097603558,-27.50351363656));
#2868 = CARTESIAN_POINT('',(13.511282902018,-27.44841072335));
#2869 = CARTESIAN_POINT('',(13.421625946555,-27.40141446455));
#2870 = CARTESIAN_POINT('',(13.323256495158,-27.36218575072));
#2871 = CARTESIAN_POINT('',(13.217319216571,-27.33024877702));
#2872 = ( GEOMETRIC_REPRESENTATION_CONTEXT(2) 
PARAMETRIC_REPRESENTATION_CONTEXT() REPRESENTATION_CONTEXT('2D SPACE',''
  ) );
#2873 = PCURVE('',#2874,#2881);
#2874 = SURFACE_OF_LINEAR_EXTRUSION('',#2875,#2879);
#2875 = B_SPLINE_CURVE_WITH_KNOTS('',2,(#2876,#2877,#2878),
  .UNSPECIFIED.,.F.,.F.,(3,3),(0.,1.),.PIECEWISE_BEZIER_KNOTS.);
#2876 = CARTESIAN_POINT('',(1.107092821614E+03,5.95,-155.8705150564));
#2877 = CARTESIAN_POINT('',(1.106992723958E+03,5.95,-155.5384838064));
#2878 = CARTESIAN_POINT('',(1.106785204426E+03,5.95,-155.3700267751));
#2879 = VECTOR('',#2880,1.);
#2880 = DIRECTION('',(-0.,-1.,-0.));
#2881 = DEFINITIONAL_REPRESENTATION('',(#2882),#2890);
#2882 = B_SPLINE_CURVE_WITH_KNOTS('',6,(#2883,#2884,#2885,#2886,#2887,
    #2888,#2889),.UNSPECIFIED.,.F.,.F.,(7,7),(0.,1.),
  .PIECEWISE_BEZIER_KNOTS.);
#2883 = CARTESIAN_POINT('',(1.,-5.E-02));
#2884 = CARTESIAN_POINT('',(0.828764666357,-5.E-02));
#2885 = CARTESIAN_POINT('',(0.658076153639,-5.E-02));
#2886 = CARTESIAN_POINT('',(0.489100506816,-5.E-02));
#2887 = CARTESIAN_POINT('',(0.322707124409,-5.E-02));
#2888 = CARTESIAN_POINT('',(0.159529078343,-5.E-02));
#2889 = CARTESIAN_POINT('',(0.,-5.E-02));
#2890 = ( GEOMETRIC_REPRESENTATION_CONTEXT(2) 
PARAMETRIC_REPRESENTATION_CONTEXT() REPRESENTATION_CONTEXT('2D SPACE',''
  ) );
#2891 = ORIENTED_EDGE('',*,*,#2892,.F.);
#2892 = EDGE_CURVE('',#2893,#2849,#2895,.T.);
#2893 = VERTEX_POINT('',#2894);
#2894 = CARTESIAN_POINT('',(1.106267626301E+03,6.,-155.2015697439));
#2895 = SURFACE_CURVE('',#2896,(#2907,#2921),.PCURVE_S1.);
#2896 = B_SPLINE_CURVE_WITH_KNOTS('',5,(#2897,#2898,#2899,#2900,#2901,
    #2902,#2903,#2904,#2905,#2906),.UNSPECIFIED.,.F.,.F.,(6,4,6),(0.,
    0.819863196313,1.),.UNSPECIFIED.);
#2897 = CARTESIAN_POINT('',(1.106267626301E+03,6.,-155.2015697439));
#2898 = CARTESIAN_POINT('',(1.106366491928E+03,6.,-155.2015697439));
#2899 = CARTESIAN_POINT('',(1.106460674983E+03,6.,-155.2122745591));
#2900 = CARTESIAN_POINT('',(1.10654922471E+03,6.,-155.2344770506));
#2901 = CARTESIAN_POINT('',(1.106631277743E+03,6.,-155.2685999569));
#2902 = CARTESIAN_POINT('',(1.106722747967E+03,6.,-155.324326851));
#2903 = CARTESIAN_POINT('',(1.106738884972E+03,6.,-155.3349240471));
#2904 = CARTESIAN_POINT('',(1.106754676273E+03,6.,-155.3460765692));
#2905 = CARTESIAN_POINT('',(1.106770117293E+03,6.,-155.357779573));
#2906 = CARTESIAN_POINT('',(1.106785204426E+03,6.,-155.3700267751));
#2907 = PCURVE('',#90,#2908);
#2908 = DEFINITIONAL_REPRESENTATION('',(#2909),#2920);
#2909 = B_SPLINE_CURVE_WITH_KNOTS('',5,(#2910,#2911,#2912,#2913,#2914,
    #2915,#2916,#2917,#2918,#2919),.UNSPECIFIED.,.F.,.F.,(6,4,6),(0.,
    0.819863196313,1.),.UNSPECIFIED.);
#2910 = CARTESIAN_POINT('',(13.886264529071,-28.15544408952));
#2911 = CARTESIAN_POINT('',(13.886264529071,-28.05657846295));
#2912 = CARTESIAN_POINT('',(13.875559713873,-27.9623954084));
#2913 = CARTESIAN_POINT('',(13.853357222299,-27.87384568112));
#2914 = CARTESIAN_POINT('',(13.81923431604,-27.79179264798));
#2915 = CARTESIAN_POINT('',(13.763507421904,-27.70032242403));
#2916 = CARTESIAN_POINT('',(13.752910225866,-27.6841854194));
#2917 = CARTESIAN_POINT('',(13.741757703754,-27.6683941175));
#2918 = CARTESIAN_POINT('',(13.730054699946,-27.65295309758));
#2919 = CARTESIAN_POINT('',(13.717807497821,-27.63786596452));
#2920 = ( GEOMETRIC_REPRESENTATION_CONTEXT(2) 
PARAMETRIC_REPRESENTATION_CONTEXT() REPRESENTATION_CONTEXT('2D SPACE',''
  ) );
#2921 = PCURVE('',#2922,#2929);
#2922 = SURFACE_OF_LINEAR_EXTRUSION('',#2923,#2927);
#2923 = B_SPLINE_CURVE_WITH_KNOTS('',2,(#2924,#2925,#2926),
  .UNSPECIFIED.,.F.,.F.,(3,3),(0.,1.),.PIECEWISE_BEZIER_KNOTS.);
#2924 = CARTESIAN_POINT('',(1.106785204426E+03,5.95,-155.3700267751));
#2925 = CARTESIAN_POINT('',(1.106577684895E+03,5.95,-155.2015697439));
#2926 = CARTESIAN_POINT('',(1.106267626301E+03,5.95,-155.2015697439));
#2927 = VECTOR('',#2928,1.);
#2928 = DIRECTION('',(-0.,-1.,-0.));
#2929 = DEFINITIONAL_REPRESENTATION('',(#2930),#2941);
#2930 = B_SPLINE_CURVE_WITH_KNOTS('',5,(#2931,#2932,#2933,#2934,#2935,
    #2936,#2937,#2938,#2939,#2940),.UNSPECIFIED.,.F.,.F.,(6,4,6),(0.,
    0.819863196313,1.),.UNSPECIFIED.);
#2931 = CARTESIAN_POINT('',(1.,-5.E-02));
#2932 = CARTESIAN_POINT('',(0.840569446281,-5.E-02));
#2933 = CARTESIAN_POINT('',(0.678182350675,-5.E-02));
#2934 = CARTESIAN_POINT('',(0.513593641585,-5.E-02));
#2935 = CARTESIAN_POINT('',(0.347780630935,-5.E-02));
#2936 = CARTESIAN_POINT('',(0.145575395134,-5.E-02));
#2937 = CARTESIAN_POINT('',(0.109150873704,-5.E-02));
#2938 = CARTESIAN_POINT('',(7.273873407336E-02,-5.E-02));
#2939 = CARTESIAN_POINT('',(3.635111587196E-02,-5.E-02));
#2940 = CARTESIAN_POINT('',(0.,-5.E-02));
#2941 = ( GEOMETRIC_REPRESENTATION_CONTEXT(2) 
PARAMETRIC_REPRESENTATION_CONTEXT() REPRESENTATION_CONTEXT('2D SPACE',''
  ) );
#2942 = ORIENTED_EDGE('',*,*,#2943,.F.);
#2943 = EDGE_CURVE('',#2944,#2893,#2946,.T.);
#2944 = VERTEX_POINT('',#2945);
#2945 = CARTESIAN_POINT('',(1.105564501301E+03,6.,-155.5458080251));
#2946 = SURFACE_CURVE('',#2947,(#2962,#2980),.PCURVE_S1.);
#2947 = B_SPLINE_CURVE_WITH_KNOTS('',5,(#2948,#2949,#2950,#2951,#2952,
    #2953,#2954,#2955,#2956,#2957,#2958,#2959,#2960,#2961),
  .UNSPECIFIED.,.F.,.F.,(6,4,4,6),(0.,0.38861053243,0.795452781849,1.),
  .UNSPECIFIED.);
#2948 = CARTESIAN_POINT('',(1.105564501301E+03,6.,-155.5458080251));
#2949 = CARTESIAN_POINT('',(1.105601630365E+03,6.,-155.4929272376));
#2950 = CARTESIAN_POINT('',(1.105642551811E+03,6.,-155.4443378764));
#2951 = CARTESIAN_POINT('',(1.105687308711E+03,6.,-155.4005544024));
#2952 = CARTESIAN_POINT('',(1.105735812285E+03,6.,-155.3619855134));
#2953 = CARTESIAN_POINT('',(1.105842139838E+03,6.,-155.2941031149));
#2954 = CARTESIAN_POINT('',(1.105900309064E+03,6.,-155.2652993244));
#2955 = CARTESIAN_POINT('',(1.105961917588E+03,6.,-155.2426376439));
#2956 = CARTESIAN_POINT('',(1.106026491585E+03,6.,-155.2259963486));
#2957 = CARTESIAN_POINT('',(1.106127213501E+03,6.,-155.2095694619));
#2958 = CARTESIAN_POINT('',(1.106161533606E+03,6.,-155.2055165583));
#2959 = CARTESIAN_POINT('',(1.106196414532E+03,6.,-155.2028669765));
#2960 = CARTESIAN_POINT('',(1.106231796877E+03,6.,-155.2015697439));
#2961 = CARTESIAN_POINT('',(1.106267626301E+03,6.,-155.2015697439));
#2962 = PCURVE('',#90,#2963);
#2963 = DEFINITIONAL_REPRESENTATION('',(#2964),#2979);
#2964 = B_SPLINE_CURVE_WITH_KNOTS('',5,(#2965,#2966,#2967,#2968,#2969,
    #2970,#2971,#2972,#2973,#2974,#2975,#2976,#2977,#2978),
  .UNSPECIFIED.,.F.,.F.,(6,4,4,6),(0.,0.38861053243,0.795452781849,1.),
  .UNSPECIFIED.);
#2965 = CARTESIAN_POINT('',(13.542026247821,-28.85856908952));
#2966 = CARTESIAN_POINT('',(13.594907035329,-28.82144002595));
#2967 = CARTESIAN_POINT('',(13.643496396507,-28.78051857942));
#2968 = CARTESIAN_POINT('',(13.687279870537,-28.73576167948));
#2969 = CARTESIAN_POINT('',(13.725848759508,-28.68725810638));
#2970 = CARTESIAN_POINT('',(13.793731158022,-28.58093055328));
#2971 = CARTESIAN_POINT('',(13.822534948509,-28.52276132684));
#2972 = CARTESIAN_POINT('',(13.845196629071,-28.46115280254));
#2973 = CARTESIAN_POINT('',(13.861837924376,-28.39657880598));
#2974 = CARTESIAN_POINT('',(13.878264811067,-28.29585688952));
#2975 = CARTESIAN_POINT('',(13.882317714617,-28.26153678485));
#2976 = CARTESIAN_POINT('',(13.884967296457,-28.22665585881));
#2977 = CARTESIAN_POINT('',(13.886264529071,-28.1912735136));
#2978 = CARTESIAN_POINT('',(13.886264529071,-28.15544408952));
#2979 = ( GEOMETRIC_REPRESENTATION_CONTEXT(2) 
PARAMETRIC_REPRESENTATION_CONTEXT() REPRESENTATION_CONTEXT('2D SPACE',''
  ) );
#2980 = PCURVE('',#2981,#2988);
#2981 = SURFACE_OF_LINEAR_EXTRUSION('',#2982,#2986);
#2982 = B_SPLINE_CURVE_WITH_KNOTS('',2,(#2983,#2984,#2985),
  .UNSPECIFIED.,.F.,.F.,(3,3),(0.,1.),.PIECEWISE_BEZIER_KNOTS.);
#2983 = CARTESIAN_POINT('',(1.106267626301E+03,5.95,-155.2015697439));
#2984 = CARTESIAN_POINT('',(1.10580620052E+03,5.95,-155.2015697439));
#2985 = CARTESIAN_POINT('',(1.105564501301E+03,5.95,-155.5458080251));
#2986 = VECTOR('',#2987,1.);
#2987 = DIRECTION('',(-0.,-1.,-0.));
#2988 = DEFINITIONAL_REPRESENTATION('',(#2989),#3004);
#2989 = B_SPLINE_CURVE_WITH_KNOTS('',5,(#2990,#2991,#2992,#2993,#2994,
    #2995,#2996,#2997,#2998,#2999,#3000,#3001,#3002,#3003),
  .UNSPECIFIED.,.F.,.F.,(6,4,4,6),(0.,0.38861053243,0.795452781849,1.),
  .UNSPECIFIED.);
#2990 = CARTESIAN_POINT('',(1.,-5.E-02));
#2991 = CARTESIAN_POINT('',(0.923191593747,-5.E-02));
#2992 = CARTESIAN_POINT('',(0.845241969656,-5.E-02));
#2993 = CARTESIAN_POINT('',(0.766460287732,-5.E-02));
#2994 = CARTESIAN_POINT('',(0.687225429341,-5.E-02));
#2995 = CARTESIAN_POINT('',(0.525057698661,-5.E-02));
#2996 = CARTESIAN_POINT('',(0.442103269445,-5.E-02));
#2997 = CARTESIAN_POINT('',(0.359670265178,-5.E-02));
#2998 = CARTESIAN_POINT('',(0.278187930424,-5.E-02));
#2999 = CARTESIAN_POINT('',(0.157684083644,-5.E-02));
#3000 = CARTESIAN_POINT('',(0.117691666792,-5.E-02));
#3001 = CARTESIAN_POINT('',(7.806216408864E-02,-5.E-02));
#3002 = CARTESIAN_POINT('',(3.882468809768E-02,-5.E-02));
#3003 = CARTESIAN_POINT('',(0.,-5.E-02));
#3004 = ( GEOMETRIC_REPRESENTATION_CONTEXT(2) 
PARAMETRIC_REPRESENTATION_CONTEXT() REPRESENTATION_CONTEXT('2D SPACE',''
  ) );
#3005 = ORIENTED_EDGE('',*,*,#3006,.F.);
#3006 = EDGE_CURVE('',#3007,#2944,#3009,.T.);
#3007 = VERTEX_POINT('',#3008);
#3008 = CARTESIAN_POINT('',(1.105322802083E+03,6.,-156.5565502126));
#3009 = SURFACE_CURVE('',#3010,(#3023,#3039),.PCURVE_S1.);
#3010 = B_SPLINE_CURVE_WITH_KNOTS('',6,(#3011,#3012,#3013,#3014,#3015,
    #3016,#3017,#3018,#3019,#3020,#3021,#3022),.UNSPECIFIED.,.F.,.F.,(7,
    5,7),(0.,0.531344799191,1.),.UNSPECIFIED.);
#3011 = CARTESIAN_POINT('',(1.105322802083E+03,6.,-156.5565502126));
#3012 = CARTESIAN_POINT('',(1.105322802083E+03,6.,-156.4533367672));
#3013 = CARTESIAN_POINT('',(1.105326279742E+03,6.,-156.3518055069));
#3014 = CARTESIAN_POINT('',(1.105333608759E+03,6.,-156.252261445));
#3015 = CARTESIAN_POINT('',(1.105345222454E+03,6.,-156.1551478176));
#3016 = CARTESIAN_POINT('',(1.105361602978E+03,6.,-156.0610399705));
#3017 = CARTESIAN_POINT('',(1.105402299545E+03,6.,-155.8908543246));
#3018 = CARTESIAN_POINT('',(1.105425450008E+03,6.,-155.8139643261));
#3019 = CARTESIAN_POINT('',(1.105452997996E+03,6.,-155.7404312945));
#3020 = CARTESIAN_POINT('',(1.105485240408E+03,6.,-155.6708288319));
#3021 = CARTESIAN_POINT('',(1.105522399541E+03,6.,-155.6057711383));
#3022 = CARTESIAN_POINT('',(1.105564501301E+03,6.,-155.5458080251));
#3023 = PCURVE('',#90,#3024);
#3024 = DEFINITIONAL_REPRESENTATION('',(#3025),#3038);
#3025 = B_SPLINE_CURVE_WITH_KNOTS('',6,(#3026,#3027,#3028,#3029,#3030,
    #3031,#3032,#3033,#3034,#3035,#3036,#3037),.UNSPECIFIED.,.F.,.F.,(7,
    5,7),(0.,0.531344799191,1.),.UNSPECIFIED.);
#3026 = CARTESIAN_POINT('',(12.531284060321,-29.10026830827));
#3027 = CARTESIAN_POINT('',(12.634497505727,-29.10026830827));
#3028 = CARTESIAN_POINT('',(12.736028766061,-29.09679064935));
#3029 = CARTESIAN_POINT('',(12.835572827897,-29.08946163149));
#3030 = CARTESIAN_POINT('',(12.93268645532,-29.07784793723));
#3031 = CARTESIAN_POINT('',(13.026794302469,-29.06146741307));
#3032 = CARTESIAN_POINT('',(13.19697994838,-29.02077084557));
#3033 = CARTESIAN_POINT('',(13.273869946859,-28.99762038242));
#3034 = CARTESIAN_POINT('',(13.347402978455,-28.970072395));
#3035 = CARTESIAN_POINT('',(13.417005441046,-28.93782998301));
#3036 = CARTESIAN_POINT('',(13.482063134661,-28.90067084983));
#3037 = CARTESIAN_POINT('',(13.542026247821,-28.85856908952));
#3038 = ( GEOMETRIC_REPRESENTATION_CONTEXT(2) 
PARAMETRIC_REPRESENTATION_CONTEXT() REPRESENTATION_CONTEXT('2D SPACE',''
  ) );
#3039 = PCURVE('',#3040,#3047);
#3040 = SURFACE_OF_LINEAR_EXTRUSION('',#3041,#3045);
#3041 = B_SPLINE_CURVE_WITH_KNOTS('',2,(#3042,#3043,#3044),
  .UNSPECIFIED.,.F.,.F.,(3,3),(0.,1.),.PIECEWISE_BEZIER_KNOTS.);
#3042 = CARTESIAN_POINT('',(1.105564501301E+03,5.95,-155.5458080251));
#3043 = CARTESIAN_POINT('',(1.105322802083E+03,5.95,-155.8900463064));
#3044 = CARTESIAN_POINT('',(1.105322802083E+03,5.95,-156.5565502126));
#3045 = VECTOR('',#3046,1.);
#3046 = DIRECTION('',(-0.,-1.,-0.));
#3047 = DEFINITIONAL_REPRESENTATION('',(#3048),#3061);
#3048 = B_SPLINE_CURVE_WITH_KNOTS('',6,(#3049,#3050,#3051,#3052,#3053,
    #3054,#3055,#3056,#3057,#3058,#3059,#3060),.UNSPECIFIED.,.F.,.F.,(7,
    5,7),(0.,0.531344799191,1.),.UNSPECIFIED.);
#3049 = CARTESIAN_POINT('',(1.,-5.E-02));
#3050 = CARTESIAN_POINT('',(0.922571012384,-5.E-02));
#3051 = CARTESIAN_POINT('',(0.842925463498,-5.E-02));
#3052 = CARTESIAN_POINT('',(0.760918378,-5.E-02));
#3053 = CARTESIAN_POINT('',(0.676448840724,-5.E-02));
#3054 = CARTESIAN_POINT('',(0.589466195208,-5.E-02));
#3055 = CARTESIAN_POINT('',(0.42108928563,-5.E-02));
#3056 = CARTESIAN_POINT('',(0.340251587854,-5.E-02));
#3057 = CARTESIAN_POINT('',(0.257533631921,-5.E-02));
#3058 = CARTESIAN_POINT('',(0.17306875168,-5.E-02));
#3059 = CARTESIAN_POINT('',(8.70953586897E-02,-5.E-02));
#3060 = CARTESIAN_POINT('',(0.,-5.E-02));
#3061 = ( GEOMETRIC_REPRESENTATION_CONTEXT(2) 
PARAMETRIC_REPRESENTATION_CONTEXT() REPRESENTATION_CONTEXT('2D SPACE',''
  ) );
#3062 = ORIENTED_EDGE('',*,*,#3063,.F.);
#3063 = EDGE_CURVE('',#3064,#3007,#3066,.T.);
#3064 = VERTEX_POINT('',#3065);
#3065 = CARTESIAN_POINT('',(1.105563280598E+03,6.,-157.5624095876));
#3066 = SURFACE_CURVE('',#3067,(#3080,#3096),.PCURVE_S1.);
#3067 = B_SPLINE_CURVE_WITH_KNOTS('',6,(#3068,#3069,#3070,#3071,#3072,
    #3073,#3074,#3075,#3076,#3077,#3078,#3079),.UNSPECIFIED.,.F.,.F.,(7,
    5,7),(0.,0.471162218371,1.),.UNSPECIFIED.);
#3068 = CARTESIAN_POINT('',(1.105563280598E+03,6.,-157.5624095876));
#3069 = CARTESIAN_POINT('',(1.105521250227E+03,6.,-157.502244285));
#3070 = CARTESIAN_POINT('',(1.105484160034E+03,6.,-157.4370241615));
#3071 = CARTESIAN_POINT('',(1.105451984987E+03,6.,-157.367290087));
#3072 = CARTESIAN_POINT('',(1.105424506425E+03,6.,-157.2936464404));
#3073 = CARTESIAN_POINT('',(1.105401430947E+03,6.,-157.2166592851));
#3074 = CARTESIAN_POINT('',(1.10536112799E+03,6.,-157.0471918129));
#3075 = CARTESIAN_POINT('',(1.105344963595E+03,6.,-156.95397417));
#3076 = CARTESIAN_POINT('',(1.105333490657E+03,6.,-156.8578087625));
#3077 = CARTESIAN_POINT('',(1.105326243594E+03,6.,-156.7592511964));
#3078 = CARTESIAN_POINT('',(1.105322802083E+03,6.,-156.6587319696));
#3079 = CARTESIAN_POINT('',(1.105322802083E+03,6.,-156.5565502126));
#3080 = PCURVE('',#90,#3081);
#3081 = DEFINITIONAL_REPRESENTATION('',(#3082),#3095);
#3082 = B_SPLINE_CURVE_WITH_KNOTS('',6,(#3083,#3084,#3085,#3086,#3087,
    #3088,#3089,#3090,#3091,#3092,#3093,#3094),.UNSPECIFIED.,.F.,.F.,(7,
    5,7),(0.,0.471162218371,1.),.UNSPECIFIED.);
#3083 = CARTESIAN_POINT('',(11.525424685321,-28.85978979265));
#3084 = CARTESIAN_POINT('',(11.585589987897,-28.9018201636));
#3085 = CARTESIAN_POINT('',(11.650810111436,-28.93891035691));
#3086 = CARTESIAN_POINT('',(11.720544185985,-28.97108540416));
#3087 = CARTESIAN_POINT('',(11.794187832553,-28.99856396568));
#3088 = CARTESIAN_POINT('',(11.871174987866,-29.02163944386));
#3089 = CARTESIAN_POINT('',(12.040642459997,-29.06194240086));
#3090 = CARTESIAN_POINT('',(12.13386010295,-29.07810679548));
#3091 = CARTESIAN_POINT('',(12.23002551041,-29.08957973401));
#3092 = CARTESIAN_POINT('',(12.328583076495,-29.09682679663));
#3093 = CARTESIAN_POINT('',(12.429102303324,-29.10026830827));
#3094 = CARTESIAN_POINT('',(12.531284060321,-29.10026830827));
#3095 = ( GEOMETRIC_REPRESENTATION_CONTEXT(2) 
PARAMETRIC_REPRESENTATION_CONTEXT() REPRESENTATION_CONTEXT('2D SPACE',''
  ) );
#3096 = PCURVE('',#3097,#3104);
#3097 = SURFACE_OF_LINEAR_EXTRUSION('',#3098,#3102);
#3098 = B_SPLINE_CURVE_WITH_KNOTS('',2,(#3099,#3100,#3101),
  .UNSPECIFIED.,.F.,.F.,(3,3),(0.,1.),.PIECEWISE_BEZIER_KNOTS.);
#3099 = CARTESIAN_POINT('',(1.105322802083E+03,5.95,-156.5565502126));
#3100 = CARTESIAN_POINT('',(1.105322802083E+03,5.95,-157.2181713064));
#3101 = CARTESIAN_POINT('',(1.105563280598E+03,5.95,-157.5624095876));
#3102 = VECTOR('',#3103,1.);
#3103 = DIRECTION('',(-0.,-1.,-0.));
#3104 = DEFINITIONAL_REPRESENTATION('',(#3105),#3118);
#3105 = B_SPLINE_CURVE_WITH_KNOTS('',6,(#3106,#3107,#3108,#3109,#3110,
    #3111,#3112,#3113,#3114,#3115,#3116,#3117),.UNSPECIFIED.,.F.,.F.,(7,
    5,7),(0.,0.471162218371,1.),.UNSPECIFIED.);
#3106 = CARTESIAN_POINT('',(1.,-5.E-02));
#3107 = CARTESIAN_POINT('',(0.91261096477,-5.E-02));
#3108 = CARTESIAN_POINT('',(0.826329217723,-5.E-02));
#3109 = CARTESIAN_POINT('',(0.741538538446,-5.E-02));
#3110 = CARTESIAN_POINT('',(0.658477576965,-5.E-02));
#3111 = CARTESIAN_POINT('',(0.577281479874,-5.E-02));
#3112 = CARTESIAN_POINT('',(0.409013573869,-5.E-02));
#3113 = CARTESIAN_POINT('',(0.322444869492,-5.E-02));
#3114 = CARTESIAN_POINT('',(0.238327723111,-5.E-02));
#3115 = CARTESIAN_POINT('',(0.156617648961,-5.E-02));
#3116 = CARTESIAN_POINT('',(7.722075215121E-02,-5.E-02));
#3117 = CARTESIAN_POINT('',(0.,-5.E-02));
#3118 = ( GEOMETRIC_REPRESENTATION_CONTEXT(2) 
PARAMETRIC_REPRESENTATION_CONTEXT() REPRESENTATION_CONTEXT('2D SPACE',''
  ) );
#3119 = ORIENTED_EDGE('',*,*,#3120,.F.);
#3120 = EDGE_CURVE('',#3121,#3064,#3123,.T.);
#3121 = VERTEX_POINT('',#3122);
#3122 = CARTESIAN_POINT('',(1.106267626301E+03,6.,-157.9066478689));
#3123 = SURFACE_CURVE('',#3124,(#3139,#3157),.PCURVE_S1.);
#3124 = B_SPLINE_CURVE_WITH_KNOTS('',5,(#3125,#3126,#3127,#3128,#3129,
    #3130,#3131,#3132,#3133,#3134,#3135,#3136,#3137,#3138),
  .UNSPECIFIED.,.F.,.F.,(6,4,4,6),(0.,0.208894745807,0.619615711443,1.),
  .UNSPECIFIED.);
#3125 = CARTESIAN_POINT('',(1.106267626301E+03,6.,-157.9066478689));
#3126 = CARTESIAN_POINT('',(1.10623090689E+03,6.,-157.9066478689));
#3127 = CARTESIAN_POINT('',(1.106194657563E+03,6.,-157.9052996935));
#3128 = CARTESIAN_POINT('',(1.106158936676E+03,6.,-157.9025439551));
#3129 = CARTESIAN_POINT('',(1.106123808321E+03,6.,-157.8983255046));
#3130 = CARTESIAN_POINT('',(1.106021567046E+03,6.,-157.8813473859));
#3131 = CARTESIAN_POINT('',(1.105956330071E+03,6.,-157.8642711384));
#3132 = CARTESIAN_POINT('',(1.105894166791E+03,6.,-157.8410491499));
#3133 = CARTESIAN_POINT('',(1.105835572805E+03,6.,-157.8115536197));
#3134 = CARTESIAN_POINT('',(1.105730281037E+03,6.,-157.7431198014));
#3135 = CARTESIAN_POINT('',(1.105683011345E+03,6.,-157.7050315315));
#3136 = CARTESIAN_POINT('',(1.105639385901E+03,6.,-157.6619435515));
#3137 = CARTESIAN_POINT('',(1.105599489151E+03,6.,-157.6142411197));
#3138 = CARTESIAN_POINT('',(1.105563280598E+03,6.,-157.5624095876));
#3139 = PCURVE('',#90,#3140);
#3140 = DEFINITIONAL_REPRESENTATION('',(#3141),#3156);
#3141 = B_SPLINE_CURVE_WITH_KNOTS('',5,(#3142,#3143,#3144,#3145,#3146,
    #3147,#3148,#3149,#3150,#3151,#3152,#3153,#3154,#3155),
  .UNSPECIFIED.,.F.,.F.,(6,4,4,6),(0.,0.208894745807,0.619615711443,1.),
  .UNSPECIFIED.);
#3142 = CARTESIAN_POINT('',(11.181186404071,-28.15544408952));
#3143 = CARTESIAN_POINT('',(11.181186404071,-28.19216350107));
#3144 = CARTESIAN_POINT('',(11.1825345794,-28.22841282816));
#3145 = CARTESIAN_POINT('',(11.185290317811,-28.26413371535));
#3146 = CARTESIAN_POINT('',(11.189508768308,-28.29926207015));
#3147 = CARTESIAN_POINT('',(11.206486887074,-28.40150334522));
#3148 = CARTESIAN_POINT('',(11.22356313451,-28.46674032006));
#3149 = CARTESIAN_POINT('',(11.246785123001,-28.52890359995));
#3150 = CARTESIAN_POINT('',(11.276280653242,-28.58749758634));
#3151 = CARTESIAN_POINT('',(11.34471447159,-28.69278935374));
#3152 = CARTESIAN_POINT('',(11.382802741428,-28.7400590463));
#3153 = CARTESIAN_POINT('',(11.425890721474,-28.78368449015));
#3154 = CARTESIAN_POINT('',(11.473593153281,-28.82358124012));
#3155 = CARTESIAN_POINT('',(11.525424685321,-28.85978979265));
#3156 = ( GEOMETRIC_REPRESENTATION_CONTEXT(2) 
PARAMETRIC_REPRESENTATION_CONTEXT() REPRESENTATION_CONTEXT('2D SPACE',''
  ) );
#3157 = PCURVE('',#3158,#3165);
#3158 = SURFACE_OF_LINEAR_EXTRUSION('',#3159,#3163);
#3159 = B_SPLINE_CURVE_WITH_KNOTS('',2,(#3160,#3161,#3162),
  .UNSPECIFIED.,.F.,.F.,(3,3),(0.,1.),.PIECEWISE_BEZIER_KNOTS.);
#3160 = CARTESIAN_POINT('',(1.105563280598E+03,5.95,-157.5624095876));
#3161 = CARTESIAN_POINT('',(1.105803759114E+03,5.95,-157.9066478689));
#3162 = CARTESIAN_POINT('',(1.106267626301E+03,5.95,-157.9066478689));
#3163 = VECTOR('',#3164,1.);
#3164 = DIRECTION('',(-0.,-1.,-0.));
#3165 = DEFINITIONAL_REPRESENTATION('',(#3166),#3181);
#3166 = B_SPLINE_CURVE_WITH_KNOTS('',5,(#3167,#3168,#3169,#3170,#3171,
    #3172,#3173,#3174,#3175,#3176,#3177,#3178,#3179,#3180),
  .UNSPECIFIED.,.F.,.F.,(6,4,4,6),(0.,0.208894745807,0.619615711443,1.),
  .UNSPECIFIED.);
#3167 = CARTESIAN_POINT('',(1.,-5.E-02));
#3168 = CARTESIAN_POINT('',(0.960420339558,-5.E-02));
#3169 = CARTESIAN_POINT('',(0.920404352409,-5.E-02));
#3170 = CARTESIAN_POINT('',(0.87997339875,-5.E-02));
#3171 = CARTESIAN_POINT('',(0.839157987651,-5.E-02));
#3172 = CARTESIAN_POINT('',(0.717076717959,-5.E-02));
#3173 = CARTESIAN_POINT('',(0.634813549199,-5.E-02));
#3174 = CARTESIAN_POINT('',(0.551564647092,-5.E-02));
#3175 = CARTESIAN_POINT('',(0.467774820044,-5.E-02));
#3176 = CARTESIAN_POINT('',(0.306412956758,-5.E-02));
#3177 = CARTESIAN_POINT('',(0.228819034981,-5.E-02));
#3178 = CARTESIAN_POINT('',(0.151656008003,-5.E-02));
#3179 = CARTESIAN_POINT('',(7.528438128956E-02,-5.E-02));
#3180 = CARTESIAN_POINT('',(0.,-5.E-02));
#3181 = ( GEOMETRIC_REPRESENTATION_CONTEXT(2) 
PARAMETRIC_REPRESENTATION_CONTEXT() REPRESENTATION_CONTEXT('2D SPACE',''
  ) );
#3182 = ORIENTED_EDGE('',*,*,#3183,.F.);
#3183 = EDGE_CURVE('',#3184,#3121,#3186,.T.);
#3184 = VERTEX_POINT('',#3185);
#3185 = CARTESIAN_POINT('',(1.106785204426E+03,6.,-157.7369701345));
#3186 = SURFACE_CURVE('',#3187,(#3198,#3212),.PCURVE_S1.);
#3187 = B_SPLINE_CURVE_WITH_KNOTS('',5,(#3188,#3189,#3190,#3191,#3192,
    #3193,#3194,#3195,#3196,#3197),.UNSPECIFIED.,.F.,.F.,(6,4,6),(0.,
    0.188109075345,1.),.UNSPECIFIED.);
#3188 = CARTESIAN_POINT('',(1.106785204426E+03,6.,-157.7369701345));
#3189 = CARTESIAN_POINT('',(1.106769456346E+03,6.,-157.7498465063));
#3190 = CARTESIAN_POINT('',(1.106753321754E+03,6.,-157.7621264256));
#3191 = CARTESIAN_POINT('',(1.106736804709E+03,6.,-157.7738025094));
#3192 = CARTESIAN_POINT('',(1.106719910438E+03,6.,-157.7848691084));
#3193 = CARTESIAN_POINT('',(1.106628128085E+03,6.,-157.8404389897));
#3194 = CARTESIAN_POINT('',(1.106546689364E+03,6.,-157.8741372264));
#3195 = CARTESIAN_POINT('',(1.106458882506E+03,6.,-157.8960696545));
#3196 = CARTESIAN_POINT('',(1.106365551455E+03,6.,-157.9066478689));
#3197 = CARTESIAN_POINT('',(1.106267626301E+03,6.,-157.9066478689));
#3198 = PCURVE('',#90,#3199);
#3199 = DEFINITIONAL_REPRESENTATION('',(#3200),#3211);
#3200 = B_SPLINE_CURVE_WITH_KNOTS('',5,(#3201,#3202,#3203,#3204,#3205,
    #3206,#3207,#3208,#3209,#3210),.UNSPECIFIED.,.F.,.F.,(6,4,6),(0.,
    0.188109075345,1.),.UNSPECIFIED.);
#3201 = CARTESIAN_POINT('',(11.350864138446,-27.63786596452));
#3202 = CARTESIAN_POINT('',(11.337987766637,-27.65361404515));
#3203 = CARTESIAN_POINT('',(11.325707847325,-27.66974863655));
#3204 = CARTESIAN_POINT('',(11.314031763588,-27.68626568226));
#3205 = CARTESIAN_POINT('',(11.302965164592,-27.70315995298));
#3206 = CARTESIAN_POINT('',(11.247395283245,-27.79494230608));
#3207 = CARTESIAN_POINT('',(11.213697046564,-27.87638102687));
#3208 = CARTESIAN_POINT('',(11.191764618399,-27.9641878848));
#3209 = CARTESIAN_POINT('',(11.181186404071,-28.05751893623));
#3210 = CARTESIAN_POINT('',(11.181186404071,-28.15544408952));
#3211 = ( GEOMETRIC_REPRESENTATION_CONTEXT(2) 
PARAMETRIC_REPRESENTATION_CONTEXT() REPRESENTATION_CONTEXT('2D SPACE',''
  ) );
#3212 = PCURVE('',#3213,#3220);
#3213 = SURFACE_OF_LINEAR_EXTRUSION('',#3214,#3218);
#3214 = B_SPLINE_CURVE_WITH_KNOTS('',2,(#3215,#3216,#3217),
  .UNSPECIFIED.,.F.,.F.,(3,3),(0.,1.),.PIECEWISE_BEZIER_KNOTS.);
#3215 = CARTESIAN_POINT('',(1.106267626301E+03,5.95,-157.9066478689));
#3216 = CARTESIAN_POINT('',(1.106577684895E+03,5.95,-157.9066478689));
#3217 = CARTESIAN_POINT('',(1.106785204426E+03,5.95,-157.7369701345));
#3218 = VECTOR('',#3219,1.);
#3219 = DIRECTION('',(-0.,-1.,-0.));
#3220 = DEFINITIONAL_REPRESENTATION('',(#3221),#3232);
#3221 = B_SPLINE_CURVE_WITH_KNOTS('',5,(#3222,#3223,#3224,#3225,#3226,
    #3227,#3228,#3229,#3230,#3231),.UNSPECIFIED.,.F.,.F.,(6,4,6),(0.,
    0.188109075345,1.),.UNSPECIFIED.);
#3222 = CARTESIAN_POINT('',(1.,-5.E-02));
#3223 = CARTESIAN_POINT('',(0.962056389258,-5.E-02));
#3224 = CARTESIAN_POINT('',(0.924070746702,-5.E-02));
#3225 = CARTESIAN_POINT('',(0.886056808709,-5.E-02));
#3226 = CARTESIAN_POINT('',(0.848028513272,-5.E-02));
#3227 = CARTESIAN_POINT('',(0.645866479345,-5.E-02));
#3228 = CARTESIAN_POINT('',(0.481698923825,-5.E-02));
#3229 = CARTESIAN_POINT('',(0.318728135043,-5.E-02));
#3230 = CARTESIAN_POINT('',(0.157913947989,-5.E-02));
#3231 = CARTESIAN_POINT('',(0.,-5.E-02));
#3232 = ( GEOMETRIC_REPRESENTATION_CONTEXT(2) 
PARAMETRIC_REPRESENTATION_CONTEXT() REPRESENTATION_CONTEXT('2D SPACE',''
  ) );
#3233 = ORIENTED_EDGE('',*,*,#3234,.F.);
#3234 = EDGE_CURVE('',#3235,#3184,#3237,.T.);
#3235 = VERTEX_POINT('',#3236);
#3236 = CARTESIAN_POINT('',(1.107092821614E+03,6.,-157.2352611501));
#3237 = SURFACE_CURVE('',#3238,(#3246,#3257),.PCURVE_S1.);
#3238 = B_SPLINE_CURVE_WITH_KNOTS('',6,(#3239,#3240,#3241,#3242,#3243,
    #3244,#3245),.UNSPECIFIED.,.F.,.F.,(7,7),(0.,1.),
  .PIECEWISE_BEZIER_KNOTS.);
#3239 = CARTESIAN_POINT('',(1.107092821614E+03,6.,-157.2352611501));
#3240 = CARTESIAN_POINT('',(1.107060871564E+03,6.,-157.3412418037));
#3241 = CARTESIAN_POINT('',(1.107021630789E+03,6.,-157.439699877));
#3242 = CARTESIAN_POINT('',(1.106974627856E+03,6.,-157.5295052452));
#3243 = CARTESIAN_POINT('',(1.106919527367E+03,6.,-157.6095437296));
#3244 = CARTESIAN_POINT('',(1.106856256955E+03,6.,-157.6788742436));
#3245 = CARTESIAN_POINT('',(1.106785204426E+03,6.,-157.7369701345));
#3246 = PCURVE('',#90,#3247);
#3247 = DEFINITIONAL_REPRESENTATION('',(#3248),#3256);
#3248 = B_SPLINE_CURVE_WITH_KNOTS('',6,(#3249,#3250,#3251,#3252,#3253,
    #3254,#3255),.UNSPECIFIED.,.F.,.F.,(7,7),(0.,1.),
  .PIECEWISE_BEZIER_KNOTS.);
#3249 = CARTESIAN_POINT('',(11.852573122821,-27.33024877702));
#3250 = CARTESIAN_POINT('',(11.746592469202,-27.36219882701));
#3251 = CARTESIAN_POINT('',(11.648134395925,-27.40143960228));
#3252 = CARTESIAN_POINT('',(11.558329027768,-27.44844253521));
#3253 = CARTESIAN_POINT('',(11.478290543297,-27.50354302408));
#3254 = CARTESIAN_POINT('',(11.408960029331,-27.5668134361));
#3255 = CARTESIAN_POINT('',(11.350864138446,-27.63786596452));
#3256 = ( GEOMETRIC_REPRESENTATION_CONTEXT(2) 
PARAMETRIC_REPRESENTATION_CONTEXT() REPRESENTATION_CONTEXT('2D SPACE',''
  ) );
#3257 = PCURVE('',#3258,#3265);
#3258 = SURFACE_OF_LINEAR_EXTRUSION('',#3259,#3263);
#3259 = B_SPLINE_CURVE_WITH_KNOTS('',2,(#3260,#3261,#3262),
  .UNSPECIFIED.,.F.,.F.,(3,3),(0.,1.),.PIECEWISE_BEZIER_KNOTS.);
#3260 = CARTESIAN_POINT('',(1.106785204426E+03,5.95,-157.7369701345));
#3261 = CARTESIAN_POINT('',(1.106992723958E+03,5.95,-157.5672924001));
#3262 = CARTESIAN_POINT('',(1.107092821614E+03,5.95,-157.2352611501));
#3263 = VECTOR('',#3264,1.);
#3264 = DIRECTION('',(-0.,-1.,-0.));
#3265 = DEFINITIONAL_REPRESENTATION('',(#3266),#3274);
#3266 = B_SPLINE_CURVE_WITH_KNOTS('',6,(#3267,#3268,#3269,#3270,#3271,
    #3272,#3273),.UNSPECIFIED.,.F.,.F.,(7,7),(0.,1.),
  .PIECEWISE_BEZIER_KNOTS.);
#3267 = CARTESIAN_POINT('',(1.,-5.E-02));
#3268 = CARTESIAN_POINT('',(0.840405603962,-5.E-02));
#3269 = CARTESIAN_POINT('',(0.677194151523,-5.E-02));
#3270 = CARTESIAN_POINT('',(0.510797678575,-5.E-02));
#3271 = CARTESIAN_POINT('',(0.341844418788,-5.E-02));
#3272 = CARTESIAN_POINT('',(0.171194797889,-5.E-02));
#3273 = CARTESIAN_POINT('',(0.,-5.E-02));
#3274 = ( GEOMETRIC_REPRESENTATION_CONTEXT(2) 
PARAMETRIC_REPRESENTATION_CONTEXT() REPRESENTATION_CONTEXT('2D SPACE',''
  ) );
#3275 = ORIENTED_EDGE('',*,*,#3276,.F.);
#3276 = EDGE_CURVE('',#3277,#3235,#3279,.T.);
#3277 = VERTEX_POINT('',#3278);
#3278 = CARTESIAN_POINT('',(1.107426073567E+03,6.,-157.7955638845));
#3279 = SURFACE_CURVE('',#3280,(#3291,#3305),.PCURVE_S1.);
#3280 = B_SPLINE_CURVE_WITH_KNOTS('',5,(#3281,#3282,#3283,#3284,#3285,
    #3286,#3287,#3288,#3289,#3290),.UNSPECIFIED.,.F.,.F.,(6,4,6),(0.,
    0.491741332526,1.),.UNSPECIFIED.);
#3281 = CARTESIAN_POINT('',(1.107426073567E+03,6.,-157.7955638845));
#3282 = CARTESIAN_POINT('',(1.107379299964E+03,6.,-157.7572045807));
#3283 = CARTESIAN_POINT('',(1.107335901696E+03,6.,-157.7142407926));
#3284 = CARTESIAN_POINT('',(1.107296007043E+03,6.,-157.6668299323));
#3285 = CARTESIAN_POINT('',(1.107259636196E+03,6.,-157.6152316462));
#3286 = CARTESIAN_POINT('',(1.10719273506E+03,6.,-157.5024299214));
#3287 = CARTESIAN_POINT('',(1.107162440211E+03,6.,-157.4409588135));
#3288 = CARTESIAN_POINT('',(1.107135793831E+03,6.,-157.3756923195));
#3289 = CARTESIAN_POINT('',(1.107112646743E+03,6.,-157.3070092351));
#3290 = CARTESIAN_POINT('',(1.107092821614E+03,6.,-157.2352611501));
#3291 = PCURVE('',#90,#3292);
#3292 = DEFINITIONAL_REPRESENTATION('',(#3293),#3304);
#3293 = B_SPLINE_CURVE_WITH_KNOTS('',5,(#3294,#3295,#3296,#3297,#3298,
    #3299,#3300,#3301,#3302,#3303),.UNSPECIFIED.,.F.,.F.,(6,4,6),(0.,
    0.491741332526,1.),.UNSPECIFIED.);
#3294 = CARTESIAN_POINT('',(11.292270388446,-26.9969968239));
#3295 = CARTESIAN_POINT('',(11.330629692292,-27.04377042665));
#3296 = CARTESIAN_POINT('',(11.373593480372,-27.08716869472));
#3297 = CARTESIAN_POINT('',(11.421004340667,-27.12706334817));
#3298 = CARTESIAN_POINT('',(11.472602626767,-27.16343419532));
#3299 = CARTESIAN_POINT('',(11.585404351574,-27.23033533055));
#3300 = CARTESIAN_POINT('',(11.646875459466,-27.26063017987));
#3301 = CARTESIAN_POINT('',(11.712141953494,-27.28727655942));
#3302 = CARTESIAN_POINT('',(11.780825037863,-27.31042364829));
#3303 = CARTESIAN_POINT('',(11.852573122821,-27.33024877702));
#3304 = ( GEOMETRIC_REPRESENTATION_CONTEXT(2) 
PARAMETRIC_REPRESENTATION_CONTEXT() REPRESENTATION_CONTEXT('2D SPACE',''
  ) );
#3305 = PCURVE('',#3306,#3313);
#3306 = SURFACE_OF_LINEAR_EXTRUSION('',#3307,#3311);
#3307 = B_SPLINE_CURVE_WITH_KNOTS('',2,(#3308,#3309,#3310),
  .UNSPECIFIED.,.F.,.F.,(3,3),(0.,1.),.PIECEWISE_BEZIER_KNOTS.);
#3308 = CARTESIAN_POINT('',(1.107092821614E+03,5.95,-157.2352611501));
#3309 = CARTESIAN_POINT('',(1.107195360676E+03,5.95,-157.6063549001));
#3310 = CARTESIAN_POINT('',(1.107426073567E+03,5.95,-157.7955638845));
#3311 = VECTOR('',#3312,1.);
#3312 = DIRECTION('',(-0.,-1.,-0.));
#3313 = DEFINITIONAL_REPRESENTATION('',(#3314),#3325);
#3314 = B_SPLINE_CURVE_WITH_KNOTS('',5,(#3315,#3316,#3317,#3318,#3319,
    #3320,#3321,#3322,#3323,#3324),.UNSPECIFIED.,.F.,.F.,(6,4,6),(0.,
    0.491741332526,1.),.UNSPECIFIED.);
#3315 = CARTESIAN_POINT('',(1.,-5.E-02));
#3316 = CARTESIAN_POINT('',(0.898632446096,-5.E-02));
#3317 = CARTESIAN_POINT('',(0.797444214549,-5.E-02));
#3318 = CARTESIAN_POINT('',(0.696763844178,-5.E-02));
#3319 = CARTESIAN_POINT('',(0.596870369557,-5.E-02));
#3320 = CARTESIAN_POINT('',(0.395808626284,-5.E-02));
#3321 = CARTESIAN_POINT('',(0.294704652472,-5.E-02));
#3322 = CARTESIAN_POINT('',(0.194938233862,-5.E-02));
#3323 = CARTESIAN_POINT('',(9.667110394323E-02,-5.E-02));
#3324 = CARTESIAN_POINT('',(0.,-5.E-02));
#3325 = ( GEOMETRIC_REPRESENTATION_CONTEXT(2) 
PARAMETRIC_REPRESENTATION_CONTEXT() REPRESENTATION_CONTEXT('2D SPACE',''
  ) );
#3326 = ORIENTED_EDGE('',*,*,#3327,.F.);
#3327 = EDGE_CURVE('',#3328,#3277,#3330,.T.);
#3328 = VERTEX_POINT('',#3329);
#3329 = CARTESIAN_POINT('',(1.108008348958E+03,6.,-157.9847728689));
#3330 = SURFACE_CURVE('',#3331,(#3342,#3356),.PCURVE_S1.);
#3331 = B_SPLINE_CURVE_WITH_KNOTS('',5,(#3332,#3333,#3334,#3335,#3336,
    #3337,#3338,#3339,#3340,#3341),.UNSPECIFIED.,.F.,.F.,(6,4,6),(0.,
    0.846168850971,1.),.UNSPECIFIED.);
#3332 = CARTESIAN_POINT('',(1.108008348958E+03,6.,-157.9847728689));
#3333 = CARTESIAN_POINT('',(1.107893544276E+03,6.,-157.9847728689));
#3334 = CARTESIAN_POINT('',(1.107784084682E+03,6.,-157.9721616223));
#3335 = CARTESIAN_POINT('',(1.107681360491E+03,6.,-157.9457528149));
#3336 = CARTESIAN_POINT('',(1.107586710615E+03,6.,-157.904839092));
#3337 = CARTESIAN_POINT('',(1.107485414485E+03,6.,-157.8400215391));
#3338 = CARTESIAN_POINT('',(1.10747012654E+03,6.,-157.8295896093));
#3339 = CARTESIAN_POINT('',(1.107455137885E+03,6.,-157.8186997628));
#3340 = CARTESIAN_POINT('',(1.107440452491E+03,6.,-157.8073561235));
#3341 = CARTESIAN_POINT('',(1.107426073567E+03,6.,-157.7955638845));
#3342 = PCURVE('',#90,#3343);
#3343 = DEFINITIONAL_REPRESENTATION('',(#3344),#3355);
#3344 = B_SPLINE_CURVE_WITH_KNOTS('',5,(#3345,#3346,#3347,#3348,#3349,
    #3350,#3351,#3352,#3353,#3354),.UNSPECIFIED.,.F.,.F.,(6,4,6),(0.,
    0.846168850971,1.),.UNSPECIFIED.);
#3345 = CARTESIAN_POINT('',(11.103061404071,-26.41472143327));
#3346 = CARTESIAN_POINT('',(11.103061404071,-26.52952611538));
#3347 = CARTESIAN_POINT('',(11.115672650655,-26.638985709));
#3348 = CARTESIAN_POINT('',(11.142081458035,-26.74170990001));
#3349 = CARTESIAN_POINT('',(11.182995180937,-26.83635977567));
#3350 = CARTESIAN_POINT('',(11.247812733799,-26.93765590606));
#3351 = CARTESIAN_POINT('',(11.258244663595,-26.95294385045));
#3352 = CARTESIAN_POINT('',(11.269134510099,-26.96793250574));
#3353 = CARTESIAN_POINT('',(11.280478149463,-26.98261790024));
#3354 = CARTESIAN_POINT('',(11.292270388446,-26.9969968239));
#3355 = ( GEOMETRIC_REPRESENTATION_CONTEXT(2) 
PARAMETRIC_REPRESENTATION_CONTEXT() REPRESENTATION_CONTEXT('2D SPACE',''
  ) );
#3356 = PCURVE('',#3357,#3364);
#3357 = SURFACE_OF_LINEAR_EXTRUSION('',#3358,#3362);
#3358 = B_SPLINE_CURVE_WITH_KNOTS('',2,(#3359,#3360,#3361),
  .UNSPECIFIED.,.F.,.F.,(3,3),(0.,1.),.PIECEWISE_BEZIER_KNOTS.);
#3359 = CARTESIAN_POINT('',(1.107426073567E+03,5.95,-157.7955638845));
#3360 = CARTESIAN_POINT('',(1.107656786458E+03,5.95,-157.9847728689));
#3361 = CARTESIAN_POINT('',(1.108008348958E+03,5.95,-157.9847728689));
#3362 = VECTOR('',#3363,1.);
#3363 = DIRECTION('',(-0.,-1.,-0.));
#3364 = DEFINITIONAL_REPRESENTATION('',(#3365),#3376);
#3365 = B_SPLINE_CURVE_WITH_KNOTS('',5,(#3366,#3367,#3368,#3369,#3370,
    #3371,#3372,#3373,#3374,#3375),.UNSPECIFIED.,.F.,.F.,(6,4,6),(0.,
    0.846168850971,1.),.UNSPECIFIED.);
#3366 = CARTESIAN_POINT('',(1.,-5.E-02));
#3367 = CARTESIAN_POINT('',(0.83672222989,-5.E-02));
#3368 = CARTESIAN_POINT('',(0.669590469745,-5.E-02));
#3369 = CARTESIAN_POINT('',(0.499504422655,-5.E-02));
#3370 = CARTESIAN_POINT('',(0.327725768197,-5.E-02));
#3371 = CARTESIAN_POINT('',(0.124780731873,-5.E-02));
#3372 = CARTESIAN_POINT('',(9.356164720517E-02,-5.E-02));
#3373 = CARTESIAN_POINT('',(6.235225251908E-02,-5.E-02));
#3374 = CARTESIAN_POINT('',(3.116194250035E-02,-5.E-02));
#3375 = CARTESIAN_POINT('',(0.,-5.E-02));
#3376 = ( GEOMETRIC_REPRESENTATION_CONTEXT(2) 
PARAMETRIC_REPRESENTATION_CONTEXT() REPRESENTATION_CONTEXT('2D SPACE',''
  ) );
#3377 = ORIENTED_EDGE('',*,*,#3378,.F.);
#3378 = EDGE_CURVE('',#3379,#3328,#3381,.T.);
#3379 = VERTEX_POINT('',#3380);
#3380 = CARTESIAN_POINT('',(1.108827440755E+03,6.,-157.624665447));
#3381 = SURFACE_CURVE('',#3382,(#3397,#3415),.PCURVE_S1.);
#3382 = B_SPLINE_CURVE_WITH_KNOTS('',5,(#3383,#3384,#3385,#3386,#3387,
    #3388,#3389,#3390,#3391,#3392,#3393,#3394,#3395,#3396),
  .UNSPECIFIED.,.F.,.F.,(6,4,4,6),(0.,0.275738022171,0.74214349996,1.),
  .UNSPECIFIED.);
#3383 = CARTESIAN_POINT('',(1.108827440755E+03,6.,-157.624665447));
#3384 = CARTESIAN_POINT('',(1.108796548819E+03,6.,-157.6648113544));
#3385 = CARTESIAN_POINT('',(1.108763332327E+03,6.,-157.702506913));
#3386 = CARTESIAN_POINT('',(1.108727799645E+03,6.,-157.7375520571));
#3387 = CARTESIAN_POINT('',(1.10869001012E+03,6.,-157.7697902302));
#3388 = CARTESIAN_POINT('',(1.108582569281E+03,6.,-157.8487545531));
#3389 = CARTESIAN_POINT('',(1.108508932685E+03,6.,-157.890100379));
#3390 = CARTESIAN_POINT('',(1.108429825948E+03,6.,-157.9226828316));
#3391 = CARTESIAN_POINT('',(1.108346185999E+03,6.,-157.9467790479));
#3392 = CARTESIAN_POINT('',(1.108210765624E+03,6.,-157.9719377877));
#3393 = CARTESIAN_POINT('',(1.108161452763E+03,6.,-157.9784837289));
#3394 = CARTESIAN_POINT('',(1.108111190362E+03,6.,-157.9827195511));
#3395 = CARTESIAN_POINT('',(1.108060116841E+03,6.,-157.9847728689));
#3396 = CARTESIAN_POINT('',(1.108008348958E+03,6.,-157.9847728689));
#3397 = PCURVE('',#90,#3398);
#3398 = DEFINITIONAL_REPRESENTATION('',(#3399),#3414);
#3399 = B_SPLINE_CURVE_WITH_KNOTS('',5,(#3400,#3401,#3402,#3403,#3404,
    #3405,#3406,#3407,#3408,#3409,#3410,#3411,#3412,#3413),
  .UNSPECIFIED.,.F.,.F.,(6,4,4,6),(0.,0.275738022171,0.74214349996,1.),
  .UNSPECIFIED.);
#3400 = CARTESIAN_POINT('',(11.463168825946,-25.5956296364));
#3401 = CARTESIAN_POINT('',(11.423022918536,-25.62652157193));
#3402 = CARTESIAN_POINT('',(11.385327359915,-25.65973806423));
#3403 = CARTESIAN_POINT('',(11.350282215797,-25.69527074542));
#3404 = CARTESIAN_POINT('',(11.318044042736,-25.73306027089));
#3405 = CARTESIAN_POINT('',(11.239079719857,-25.84050110969));
#3406 = CARTESIAN_POINT('',(11.197733893964,-25.91413770637));
#3407 = CARTESIAN_POINT('',(11.165151441339,-25.99324444268));
#3408 = CARTESIAN_POINT('',(11.141055225019,-26.07688439151));
#3409 = CARTESIAN_POINT('',(11.115896485259,-26.21230476643));
#3410 = CARTESIAN_POINT('',(11.109350544008,-26.26161762748));
#3411 = CARTESIAN_POINT('',(11.105114721847,-26.31188002898));
#3412 = CARTESIAN_POINT('',(11.103061404071,-26.36295354983));
#3413 = CARTESIAN_POINT('',(11.103061404071,-26.41472143327));
#3414 = ( GEOMETRIC_REPRESENTATION_CONTEXT(2) 
PARAMETRIC_REPRESENTATION_CONTEXT() REPRESENTATION_CONTEXT('2D SPACE',''
  ) );
#3415 = PCURVE('',#3416,#3423);
#3416 = SURFACE_OF_LINEAR_EXTRUSION('',#3417,#3421);
#3417 = B_SPLINE_CURVE_WITH_KNOTS('',2,(#3418,#3419,#3420),
  .UNSPECIFIED.,.F.,.F.,(3,3),(0.,1.),.PIECEWISE_BEZIER_KNOTS.);
#3418 = CARTESIAN_POINT('',(1.108008348958E+03,5.95,-157.9847728689));
#3419 = CARTESIAN_POINT('',(1.108550341145E+03,5.95,-157.9847728689));
#3420 = CARTESIAN_POINT('',(1.108827440755E+03,5.95,-157.624665447));
#3421 = VECTOR('',#3422,1.);
#3422 = DIRECTION('',(-0.,-1.,-0.));
#3423 = DEFINITIONAL_REPRESENTATION('',(#3424),#3439);
#3424 = B_SPLINE_CURVE_WITH_KNOTS('',5,(#3425,#3426,#3427,#3428,#3429,
    #3430,#3431,#3432,#3433,#3434,#3435,#3436,#3437,#3438),
  .UNSPECIFIED.,.F.,.F.,(6,4,4,6),(0.,0.275738022171,0.74214349996,1.),
  .UNSPECIFIED.);
#3425 = CARTESIAN_POINT('',(1.,-5.E-02));
#3426 = CARTESIAN_POINT('',(0.944258428219,-5.E-02));
#3427 = CARTESIAN_POINT('',(0.888035210373,-5.E-02));
#3428 = CARTESIAN_POINT('',(0.831473830876,-5.E-02));
#3429 = CARTESIAN_POINT('',(0.774735275941,-5.E-02));
#3430 = CARTESIAN_POINT('',(0.622033389104,-5.E-02));
#3431 = CARTESIAN_POINT('',(0.526044638444,-5.E-02));
#3432 = CARTESIAN_POINT('',(0.43095639737,-5.E-02));
#3433 = CARTESIAN_POINT('',(0.337444936754,-5.E-02));
#3434 = CARTESIAN_POINT('',(0.195443837046,-5.E-02));
#3435 = CARTESIAN_POINT('',(0.145509527753,-5.E-02));
#3436 = CARTESIAN_POINT('',(9.626689584878E-02,-5.E-02));
#3437 = CARTESIAN_POINT('',(4.775703841806E-02,-5.E-02));
#3438 = CARTESIAN_POINT('',(0.,-5.E-02));
#3439 = ( GEOMETRIC_REPRESENTATION_CONTEXT(2) 
PARAMETRIC_REPRESENTATION_CONTEXT() REPRESENTATION_CONTEXT('2D SPACE',''
  ) );
#3440 = ORIENTED_EDGE('',*,*,#3441,.F.);
#3441 = EDGE_CURVE('',#3442,#3379,#3444,.T.);
#3442 = VERTEX_POINT('',#3443);
#3443 = CARTESIAN_POINT('',(1.109104540364E+03,6.,-156.5565502126));
#3444 = SURFACE_CURVE('',#3445,(#3458,#3474),.PCURVE_S1.);
#3445 = B_SPLINE_CURVE_WITH_KNOTS('',6,(#3446,#3447,#3448,#3449,#3450,
    #3451,#3452,#3453,#3454,#3455,#3456,#3457),.UNSPECIFIED.,.F.,.F.,(7,
    5,7),(0.,0.532301806363,1.),.UNSPECIFIED.);
#3446 = CARTESIAN_POINT('',(1.109104540364E+03,6.,-156.5565502126));
#3447 = CARTESIAN_POINT('',(1.109104540364E+03,6.,-156.665751142));
#3448 = CARTESIAN_POINT('',(1.109100585292E+03,6.,-156.7732837144));
#3449 = CARTESIAN_POINT('',(1.10909222673E+03,6.,-156.8788152339));
#3450 = CARTESIAN_POINT('',(1.109078940676E+03,6.,-156.9818413964));
#3451 = CARTESIAN_POINT('',(1.109060141912E+03,6.,-157.0816935255));
#3452 = CARTESIAN_POINT('',(1.109013408179E+03,6.,-157.2618345673));
#3453 = CARTESIAN_POINT('',(1.108986859873E+03,6.,-157.3430239167));
#3454 = CARTESIAN_POINT('',(1.108955248829E+03,6.,-157.4205753467));
#3455 = CARTESIAN_POINT('',(1.108918243008E+03,6.,-157.4938191694));
#3456 = CARTESIAN_POINT('',(1.10887562213E+03,6.,-157.5620508843));
#3457 = CARTESIAN_POINT('',(1.108827440755E+03,6.,-157.624665447));
#3458 = PCURVE('',#90,#3459);
#3459 = DEFINITIONAL_REPRESENTATION('',(#3460),#3473);
#3460 = B_SPLINE_CURVE_WITH_KNOTS('',6,(#3461,#3462,#3463,#3464,#3465,
    #3466,#3467,#3468,#3469,#3470,#3471,#3472),.UNSPECIFIED.,.F.,.F.,(7,
    5,7),(0.,0.532301806363,1.),.UNSPECIFIED.);
#3461 = CARTESIAN_POINT('',(12.531284060321,-25.31853002702));
#3462 = CARTESIAN_POINT('',(12.422083130962,-25.31853002702));
#3463 = CARTESIAN_POINT('',(12.314550558509,-25.32248509877));
#3464 = CARTESIAN_POINT('',(12.209019039074,-25.33084366132));
#3465 = CARTESIAN_POINT('',(12.105992876556,-25.34412971518));
#3466 = CARTESIAN_POINT('',(12.006140747458,-25.3629284788));
#3467 = CARTESIAN_POINT('',(11.825999705601,-25.40966221194));
#3468 = CARTESIAN_POINT('',(11.744810356207,-25.43621051819));
#3469 = CARTESIAN_POINT('',(11.667258926203,-25.46782156195));
#3470 = CARTESIAN_POINT('',(11.594015103528,-25.50482738332));
#3471 = CARTESIAN_POINT('',(11.525783388629,-25.54744826105));
#3472 = CARTESIAN_POINT('',(11.463168825946,-25.5956296364));
#3473 = ( GEOMETRIC_REPRESENTATION_CONTEXT(2) 
PARAMETRIC_REPRESENTATION_CONTEXT() REPRESENTATION_CONTEXT('2D SPACE',''
  ) );
#3474 = PCURVE('',#3475,#3482);
#3475 = SURFACE_OF_LINEAR_EXTRUSION('',#3476,#3480);
#3476 = B_SPLINE_CURVE_WITH_KNOTS('',2,(#3477,#3478,#3479),
  .UNSPECIFIED.,.F.,.F.,(3,3),(0.,1.),.PIECEWISE_BEZIER_KNOTS.);
#3477 = CARTESIAN_POINT('',(1.108827440755E+03,5.95,-157.624665447));
#3478 = CARTESIAN_POINT('',(1.109104540364E+03,5.95,-157.2645580251));
#3479 = CARTESIAN_POINT('',(1.109104540364E+03,5.95,-156.5565502126));
#3480 = VECTOR('',#3481,1.);
#3481 = DIRECTION('',(-0.,-1.,-0.));
#3482 = DEFINITIONAL_REPRESENTATION('',(#3483),#3496);
#3483 = B_SPLINE_CURVE_WITH_KNOTS('',6,(#3484,#3485,#3486,#3487,#3488,
    #3489,#3490,#3491,#3492,#3493,#3494,#3495),.UNSPECIFIED.,.F.,.F.,(7,
    5,7),(0.,0.532301806363,1.),.UNSPECIFIED.);
#3484 = CARTESIAN_POINT('',(1.,-5.E-02));
#3485 = CARTESIAN_POINT('',(0.922881550577,-5.E-02));
#3486 = CARTESIAN_POINT('',(0.843434552125,-5.E-02));
#3487 = CARTESIAN_POINT('',(0.761496367339,-5.E-02));
#3488 = CARTESIAN_POINT('',(0.676958535393,-5.E-02));
#3489 = CARTESIAN_POINT('',(0.589774397832,-5.E-02));
#3490 = CARTESIAN_POINT('',(0.421121207558,-5.E-02));
#3491 = CARTESIAN_POINT('',(0.340245741712,-5.E-02));
#3492 = CARTESIAN_POINT('',(0.25745053645,-5.E-02));
#3493 = CARTESIAN_POINT('',(0.172914127508,-5.E-02));
#3494 = CARTESIAN_POINT('',(8.693872838955E-02,-5.E-02));
#3495 = CARTESIAN_POINT('',(0.,-5.E-02));
#3496 = ( GEOMETRIC_REPRESENTATION_CONTEXT(2) 
PARAMETRIC_REPRESENTATION_CONTEXT() REPRESENTATION_CONTEXT('2D SPACE',''
  ) );
#3497 = ORIENTED_EDGE('',*,*,#3498,.F.);
#3498 = EDGE_CURVE('',#3499,#3442,#3501,.T.);
#3499 = VERTEX_POINT('',#3500);
#3500 = CARTESIAN_POINT('',(1.108827440755E+03,6.,-155.4835521657));
#3501 = SURFACE_CURVE('',#3502,(#3515,#3531),.PCURVE_S1.);
#3502 = B_SPLINE_CURVE_WITH_KNOTS('',6,(#3503,#3504,#3505,#3506,#3507,
    #3508,#3509,#3510,#3511,#3512,#3513,#3514),.UNSPECIFIED.,.F.,.F.,(7,
    5,7),(0.,0.46963625059,1.),.UNSPECIFIED.);
#3503 = CARTESIAN_POINT('',(1.108827440755E+03,6.,-155.4835521657));
#3504 = CARTESIAN_POINT('',(1.108875838666E+03,6.,-155.5468745431));
#3505 = CARTESIAN_POINT('',(1.108918618463E+03,6.,-155.6158500888));
#3506 = CARTESIAN_POINT('',(1.10895573018E+03,6.,-155.6898625764));
#3507 = CARTESIAN_POINT('',(1.108987401573E+03,6.,-155.7681972969));
#3508 = CARTESIAN_POINT('',(1.109013971764E+03,6.,-155.8501774268));
#3509 = CARTESIAN_POINT('',(1.109060490294E+03,6.,-156.0312666257));
#3510 = CARTESIAN_POINT('',(1.109079136932E+03,6.,-156.1312159123));
#3511 = CARTESIAN_POINT('',(1.109092318886E+03,6.,-156.2342949579));
#3512 = CARTESIAN_POINT('',(1.109100614205E+03,6.,-156.3398463563));
#3513 = CARTESIAN_POINT('',(1.109104540364E+03,6.,-156.4473740326));
#3514 = CARTESIAN_POINT('',(1.109104540364E+03,6.,-156.5565502126));
#3515 = PCURVE('',#90,#3516);
#3516 = DEFINITIONAL_REPRESENTATION('',(#3517),#3530);
#3517 = B_SPLINE_CURVE_WITH_KNOTS('',6,(#3518,#3519,#3520,#3521,#3522,
    #3523,#3524,#3525,#3526,#3527,#3528,#3529),.UNSPECIFIED.,.F.,.F.,(7,
    5,7),(0.,0.46963625059,1.),.UNSPECIFIED.);
#3518 = CARTESIAN_POINT('',(13.604282107196,-25.5956296364));
#3519 = CARTESIAN_POINT('',(13.540959729892,-25.54723172513));
#3520 = CARTESIAN_POINT('',(13.471984184173,-25.50445192815));
#3521 = CARTESIAN_POINT('',(13.39797169656,-25.46734021087));
#3522 = CARTESIAN_POINT('',(13.319636976013,-25.43566881751));
#3523 = CARTESIAN_POINT('',(13.237656846118,-25.40909862665));
#3524 = CARTESIAN_POINT('',(13.056567647208,-25.36258009646));
#3525 = CARTESIAN_POINT('',(12.956618360616,-25.34393345933));
#3526 = CARTESIAN_POINT('',(12.853539315039,-25.3307515053));
#3527 = CARTESIAN_POINT('',(12.747987916662,-25.32245618569));
#3528 = CARTESIAN_POINT('',(12.640460240366,-25.31853002702));
#3529 = CARTESIAN_POINT('',(12.531284060321,-25.31853002702));
#3530 = ( GEOMETRIC_REPRESENTATION_CONTEXT(2) 
PARAMETRIC_REPRESENTATION_CONTEXT() REPRESENTATION_CONTEXT('2D SPACE',''
  ) );
#3531 = PCURVE('',#3532,#3539);
#3532 = SURFACE_OF_LINEAR_EXTRUSION('',#3533,#3537);
#3533 = B_SPLINE_CURVE_WITH_KNOTS('',2,(#3534,#3535,#3536),
  .UNSPECIFIED.,.F.,.F.,(3,3),(0.,1.),.PIECEWISE_BEZIER_KNOTS.);
#3534 = CARTESIAN_POINT('',(1.109104540364E+03,5.95,-156.5565502126));
#3535 = CARTESIAN_POINT('',(1.109104540364E+03,5.95,-155.8461009939));
#3536 = CARTESIAN_POINT('',(1.108827440755E+03,5.95,-155.4835521657));
#3537 = VECTOR('',#3538,1.);
#3538 = DIRECTION('',(-0.,-1.,-0.));
#3539 = DEFINITIONAL_REPRESENTATION('',(#3540),#3553);
#3540 = B_SPLINE_CURVE_WITH_KNOTS('',6,(#3541,#3542,#3543,#3544,#3545,
    #3546,#3547,#3548,#3549,#3550,#3551,#3552),.UNSPECIFIED.,.F.,.F.,(7,
    5,7),(0.,0.46963625059,1.),.UNSPECIFIED.);
#3541 = CARTESIAN_POINT('',(1.,-5.E-02));
#3542 = CARTESIAN_POINT('',(0.912670553051,-5.E-02));
#3543 = CARTESIAN_POINT('',(0.826326687596,-5.E-02));
#3544 = CARTESIAN_POINT('',(0.741446241038,-5.E-02));
#3545 = CARTESIAN_POINT('',(0.658330966171,-5.E-02));
#3546 = CARTESIAN_POINT('',(0.577157550077,-5.E-02));
#3547 = CARTESIAN_POINT('',(0.408606783441,-5.E-02));
#3548 = CARTESIAN_POINT('',(0.321788289263,-5.E-02));
#3549 = CARTESIAN_POINT('',(0.237595729956,-5.E-02));
#3550 = CARTESIAN_POINT('',(0.155981010776,-5.E-02));
#3551 = CARTESIAN_POINT('',(7.683601949526E-02,-5.E-02));
#3552 = CARTESIAN_POINT('',(0.,-5.E-02));
#3553 = ( GEOMETRIC_REPRESENTATION_CONTEXT(2) 
PARAMETRIC_REPRESENTATION_CONTEXT() REPRESENTATION_CONTEXT('2D SPACE',''
  ) );
#3554 = ORIENTED_EDGE('',*,*,#3555,.F.);
#3555 = EDGE_CURVE('',#3556,#3499,#3558,.T.);
#3556 = VERTEX_POINT('',#3557);
#3557 = CARTESIAN_POINT('',(1.108008348958E+03,6.,-155.1210033376));
#3558 = SURFACE_CURVE('',#3559,(#3574,#3592),.PCURVE_S1.);
#3559 = B_SPLINE_CURVE_WITH_KNOTS('',5,(#3560,#3561,#3562,#3563,#3564,
    #3565,#3566,#3567,#3568,#3569,#3570,#3571,#3572,#3573),
  .UNSPECIFIED.,.F.,.F.,(6,4,4,6),(0.,0.255660174133,0.71819970883,1.),
  .UNSPECIFIED.);
#3560 = CARTESIAN_POINT('',(1.108008348958E+03,6.,-155.1210033376));
#3561 = CARTESIAN_POINT('',(1.108059708951E+03,6.,-155.1210033376));
#3562 = CARTESIAN_POINT('',(1.108110385491E+03,6.,-155.1230381272));
#3563 = CARTESIAN_POINT('',(1.108160263748E+03,6.,-155.1272347238));
#3564 = CARTESIAN_POINT('',(1.108209207828E+03,6.,-155.1337183492));
#3565 = CARTESIAN_POINT('',(1.108343663488E+03,6.,-155.158635068));
#3566 = CARTESIAN_POINT('',(1.108426746496E+03,6.,-155.182497845));
#3567 = CARTESIAN_POINT('',(1.108505371636E+03,6.,-155.2147563232));
#3568 = CARTESIAN_POINT('',(1.108578620935E+03,6.,-155.2556800388));
#3569 = CARTESIAN_POINT('',(1.108686825329E+03,6.,-155.3347185541));
#3570 = CARTESIAN_POINT('',(1.108725567984E+03,6.,-155.3676882768));
#3571 = CARTESIAN_POINT('',(1.108761950406E+03,6.,-155.4036049763));
#3572 = CARTESIAN_POINT('',(1.108795910253E+03,6.,-155.4422986026));
#3573 = CARTESIAN_POINT('',(1.108827440755E+03,6.,-155.4835521657));
#3574 = PCURVE('',#90,#3575);
#3575 = DEFINITIONAL_REPRESENTATION('',(#3576),#3591);
#3576 = B_SPLINE_CURVE_WITH_KNOTS('',5,(#3577,#3578,#3579,#3580,#3581,
    #3582,#3583,#3584,#3585,#3586,#3587,#3588,#3589,#3590),
  .UNSPECIFIED.,.F.,.F.,(6,4,4,6),(0.,0.255660174133,0.71819970883,1.),
  .UNSPECIFIED.);
#3577 = CARTESIAN_POINT('',(13.966830935321,-26.41472143327));
#3578 = CARTESIAN_POINT('',(13.966830935321,-26.36336143942));
#3579 = CARTESIAN_POINT('',(13.964796145753,-26.31268490006));
#3580 = CARTESIAN_POINT('',(13.960599549095,-26.26280664248));
#3581 = CARTESIAN_POINT('',(13.954115923707,-26.21386256255));
#3582 = CARTESIAN_POINT('',(13.929199204912,-26.07940690325));
#3583 = CARTESIAN_POINT('',(13.905336427927,-25.99632389531));
#3584 = CARTESIAN_POINT('',(13.873077949753,-25.91769875476));
#3585 = CARTESIAN_POINT('',(13.832154234133,-25.84444945566));
#3586 = CARTESIAN_POINT('',(13.753115718867,-25.73624506146));
#3587 = CARTESIAN_POINT('',(13.720145996179,-25.69750240668));
#3588 = CARTESIAN_POINT('',(13.68422929669,-25.66111998505));
#3589 = CARTESIAN_POINT('',(13.645535670343,-25.62716013753));
#3590 = CARTESIAN_POINT('',(13.604282107196,-25.5956296364));
#3591 = ( GEOMETRIC_REPRESENTATION_CONTEXT(2) 
PARAMETRIC_REPRESENTATION_CONTEXT() REPRESENTATION_CONTEXT('2D SPACE',''
  ) );
#3592 = PCURVE('',#3593,#3600);
#3593 = SURFACE_OF_LINEAR_EXTRUSION('',#3594,#3598);
#3594 = B_SPLINE_CURVE_WITH_KNOTS('',2,(#3595,#3596,#3597),
  .UNSPECIFIED.,.F.,.F.,(3,3),(0.,1.),.PIECEWISE_BEZIER_KNOTS.);
#3595 = CARTESIAN_POINT('',(1.108827440755E+03,5.95,-155.4835521657));
#3596 = CARTESIAN_POINT('',(1.108550341145E+03,5.95,-155.1210033376));
#3597 = CARTESIAN_POINT('',(1.108008348958E+03,5.95,-155.1210033376));
#3598 = VECTOR('',#3599,1.);
#3599 = DIRECTION('',(-0.,-1.,-0.));
#3600 = DEFINITIONAL_REPRESENTATION('',(#3601),#3616);
#3601 = B_SPLINE_CURVE_WITH_KNOTS('',5,(#3602,#3603,#3604,#3605,#3606,
    #3607,#3608,#3609,#3610,#3611,#3612,#3613,#3614,#3615),
  .UNSPECIFIED.,.F.,.F.,(6,4,4,6),(0.,0.255660174133,0.71819970883,1.),
  .UNSPECIFIED.);
#3602 = CARTESIAN_POINT('',(1.,-5.E-02));
#3603 = CARTESIAN_POINT('',(0.952619248915,-5.E-02));
#3604 = CARTESIAN_POINT('',(0.904497487509,-5.E-02));
#3605 = CARTESIAN_POINT('',(0.855655032713,-5.E-02));
#3606 = CARTESIAN_POINT('',(0.806132848191,-5.E-02));
#3607 = CARTESIAN_POINT('',(0.66529981819,-5.E-02));
#3608 = CARTESIAN_POINT('',(0.572569606194,-5.E-02));
#3609 = CARTESIAN_POINT('',(0.478292909311,-5.E-02));
#3610 = CARTESIAN_POINT('',(0.383134903309,-5.E-02));
#3611 = CARTESIAN_POINT('',(0.230039455135,-5.E-02));
#3612 = CARTESIAN_POINT('',(0.172075848343,-5.E-02));
#3613 = CARTESIAN_POINT('',(0.114303254279,-5.E-02));
#3614 = CARTESIAN_POINT('',(5.689380291232E-02,-5.E-02));
#3615 = CARTESIAN_POINT('',(0.,-5.E-02));
#3616 = ( GEOMETRIC_REPRESENTATION_CONTEXT(2) 
PARAMETRIC_REPRESENTATION_CONTEXT() REPRESENTATION_CONTEXT('2D SPACE',''
  ) );
#3617 = ORIENTED_EDGE('',*,*,#3618,.F.);
#3618 = EDGE_CURVE('',#3619,#3556,#3621,.T.);
#3619 = VERTEX_POINT('',#3620);
#3620 = CARTESIAN_POINT('',(1.107426073567E+03,6.,-155.310212322));
#3621 = SURFACE_CURVE('',#3622,(#3633,#3647),.PCURVE_S1.);
#3622 = B_SPLINE_CURVE_WITH_KNOTS('',5,(#3623,#3624,#3625,#3626,#3627,
    #3628,#3629,#3630,#3631,#3632),.UNSPECIFIED.,.F.,.F.,(6,4,6),(0.,
    0.153831149029,1.),.UNSPECIFIED.);
#3623 = CARTESIAN_POINT('',(1.107426073567E+03,6.,-155.310212322));
#3624 = CARTESIAN_POINT('',(1.107440452491E+03,6.,-155.298420083));
#3625 = CARTESIAN_POINT('',(1.107455137885E+03,6.,-155.2870764437));
#3626 = CARTESIAN_POINT('',(1.10747012654E+03,6.,-155.2761865971));
#3627 = CARTESIAN_POINT('',(1.107485414485E+03,6.,-155.2657546674));
#3628 = CARTESIAN_POINT('',(1.107586710615E+03,6.,-155.2009371145));
#3629 = CARTESIAN_POINT('',(1.107681360491E+03,6.,-155.1600233916));
#3630 = CARTESIAN_POINT('',(1.107784084682E+03,6.,-155.1336145842));
#3631 = CARTESIAN_POINT('',(1.107893544276E+03,6.,-155.1210033376));
#3632 = CARTESIAN_POINT('',(1.108008348958E+03,6.,-155.1210033376));
#3633 = PCURVE('',#90,#3634);
#3634 = DEFINITIONAL_REPRESENTATION('',(#3635),#3646);
#3635 = B_SPLINE_CURVE_WITH_KNOTS('',5,(#3636,#3637,#3638,#3639,#3640,
    #3641,#3642,#3643,#3644,#3645),.UNSPECIFIED.,.F.,.F.,(6,4,6),(0.,
    0.153831149029,1.),.UNSPECIFIED.);
#3636 = CARTESIAN_POINT('',(13.777621950946,-26.9969968239));
#3637 = CARTESIAN_POINT('',(13.789414189929,-26.98261790024));
#3638 = CARTESIAN_POINT('',(13.800757829293,-26.96793250574));
#3639 = CARTESIAN_POINT('',(13.811647675797,-26.95294385045));
#3640 = CARTESIAN_POINT('',(13.822079605593,-26.93765590606));
#3641 = CARTESIAN_POINT('',(13.886897158455,-26.83635977567));
#3642 = CARTESIAN_POINT('',(13.927810881357,-26.74170990001));
#3643 = CARTESIAN_POINT('',(13.954219688737,-26.638985709));
#3644 = CARTESIAN_POINT('',(13.966830935321,-26.52952611538));
#3645 = CARTESIAN_POINT('',(13.966830935321,-26.41472143327));
#3646 = ( GEOMETRIC_REPRESENTATION_CONTEXT(2) 
PARAMETRIC_REPRESENTATION_CONTEXT() REPRESENTATION_CONTEXT('2D SPACE',''
  ) );
#3647 = PCURVE('',#3648,#3655);
#3648 = SURFACE_OF_LINEAR_EXTRUSION('',#3649,#3653);
#3649 = B_SPLINE_CURVE_WITH_KNOTS('',2,(#3650,#3651,#3652),
  .UNSPECIFIED.,.F.,.F.,(3,3),(0.,1.),.PIECEWISE_BEZIER_KNOTS.);
#3650 = CARTESIAN_POINT('',(1.108008348958E+03,5.95,-155.1210033376));
#3651 = CARTESIAN_POINT('',(1.107656786458E+03,5.95,-155.1210033376));
#3652 = CARTESIAN_POINT('',(1.107426073567E+03,5.95,-155.310212322));
#3653 = VECTOR('',#3654,1.);
#3654 = DIRECTION('',(-0.,-1.,-0.));
#3655 = DEFINITIONAL_REPRESENTATION('',(#3656),#3667);
#3656 = B_SPLINE_CURVE_WITH_KNOTS('',5,(#3657,#3658,#3659,#3660,#3661,
    #3662,#3663,#3664,#3665,#3666),.UNSPECIFIED.,.F.,.F.,(6,4,6),(0.,
    0.153831149029,1.),.UNSPECIFIED.);
#3657 = CARTESIAN_POINT('',(1.,-5.E-02));
#3658 = CARTESIAN_POINT('',(0.9688380575,-5.E-02));
#3659 = CARTESIAN_POINT('',(0.937647747481,-5.E-02));
#3660 = CARTESIAN_POINT('',(0.906438352795,-5.E-02));
#3661 = CARTESIAN_POINT('',(0.875219268127,-5.E-02));
#3662 = CARTESIAN_POINT('',(0.672274231803,-5.E-02));
#3663 = CARTESIAN_POINT('',(0.500495577345,-5.E-02));
#3664 = CARTESIAN_POINT('',(0.330409530255,-5.E-02));
#3665 = CARTESIAN_POINT('',(0.16327777011,-5.E-02));
#3666 = CARTESIAN_POINT('',(0.,-5.E-02));
#3667 = ( GEOMETRIC_REPRESENTATION_CONTEXT(2) 
PARAMETRIC_REPRESENTATION_CONTEXT() REPRESENTATION_CONTEXT('2D SPACE',''
  ) );
#3668 = ORIENTED_EDGE('',*,*,#3669,.F.);
#3669 = EDGE_CURVE('',#2851,#3619,#3670,.T.);
#3670 = SURFACE_CURVE('',#3671,(#3682,#3696),.PCURVE_S1.);
#3671 = B_SPLINE_CURVE_WITH_KNOTS('',5,(#3672,#3673,#3674,#3675,#3676,
    #3677,#3678,#3679,#3680,#3681),.UNSPECIFIED.,.F.,.F.,(6,4,6),(0.,
    0.510247882802,1.),.UNSPECIFIED.);
#3672 = CARTESIAN_POINT('',(1.107092821614E+03,6.,-155.8705150564));
#3673 = CARTESIAN_POINT('',(1.107112724334E+03,6.,-155.7984861644));
#3674 = CARTESIAN_POINT('',(1.107135975075E+03,6.,-155.7295462922));
#3675 = CARTESIAN_POINT('',(1.107162753247E+03,6.,-155.6640512014));
#3676 = CARTESIAN_POINT('',(1.107193209679E+03,6.,-155.6023842736));
#3677 = CARTESIAN_POINT('',(1.107260225057E+03,6.,-155.4897100661));
#3678 = CARTESIAN_POINT('',(1.107296491373E+03,6.,-155.4383711117));
#3679 = CARTESIAN_POINT('',(1.107336252881E+03,6.,-155.391187878));
#3680 = CARTESIAN_POINT('',(1.107379489174E+03,6.,-155.3484164542));
#3681 = CARTESIAN_POINT('',(1.107426073567E+03,6.,-155.310212322));
#3682 = PCURVE('',#90,#3683);
#3683 = DEFINITIONAL_REPRESENTATION('',(#3684),#3695);
#3684 = B_SPLINE_CURVE_WITH_KNOTS('',5,(#3685,#3686,#3687,#3688,#3689,
    #3690,#3691,#3692,#3693,#3694),.UNSPECIFIED.,.F.,.F.,(6,4,6),(0.,
    0.510247882802,1.),.UNSPECIFIED.);
#3685 = CARTESIAN_POINT('',(13.217319216571,-27.33024877702));
#3686 = CARTESIAN_POINT('',(13.289348108555,-27.31034605687));
#3687 = CARTESIAN_POINT('',(13.358287980783,-27.28709531556));
#3688 = CARTESIAN_POINT('',(13.423783071559,-27.2603171438));
#3689 = CARTESIAN_POINT('',(13.485449999339,-27.2298607124));
#3690 = CARTESIAN_POINT('',(13.598124206844,-27.16284533408));
#3691 = CARTESIAN_POINT('',(13.649463161226,-27.12657901813));
#3692 = CARTESIAN_POINT('',(13.696646394933,-27.08681751019));
#3693 = CARTESIAN_POINT('',(13.739417818725,-27.04358121738));
#3694 = CARTESIAN_POINT('',(13.777621950946,-26.9969968239));
#3695 = ( GEOMETRIC_REPRESENTATION_CONTEXT(2) 
PARAMETRIC_REPRESENTATION_CONTEXT() REPRESENTATION_CONTEXT('2D SPACE',''
  ) );
#3696 = PCURVE('',#3697,#3704);
#3697 = SURFACE_OF_LINEAR_EXTRUSION('',#3698,#3702);
#3698 = B_SPLINE_CURVE_WITH_KNOTS('',2,(#3699,#3700,#3701),
  .UNSPECIFIED.,.F.,.F.,(3,3),(0.,1.),.PIECEWISE_BEZIER_KNOTS.);
#3699 = CARTESIAN_POINT('',(1.107426073567E+03,5.95,-155.310212322));
#3700 = CARTESIAN_POINT('',(1.107195360676E+03,5.95,-155.4994213064));
#3701 = CARTESIAN_POINT('',(1.107092821614E+03,5.95,-155.8705150564));
#3702 = VECTOR('',#3703,1.);
#3703 = DIRECTION('',(-0.,-1.,-0.));
#3704 = DEFINITIONAL_REPRESENTATION('',(#3705),#3716);
#3705 = B_SPLINE_CURVE_WITH_KNOTS('',5,(#3706,#3707,#3708,#3709,#3710,
    #3711,#3712,#3713,#3714,#3715),.UNSPECIFIED.,.F.,.F.,(6,4,6),(0.,
    0.510247882802,1.),.UNSPECIFIED.);
#3706 = CARTESIAN_POINT('',(1.,-5.E-02));
#3707 = CARTESIAN_POINT('',(0.902950545537,-5.E-02));
#3708 = CARTESIAN_POINT('',(0.804292518994,-5.E-02));
#3709 = CARTESIAN_POINT('',(0.704123840499,-5.E-02));
#3710 = CARTESIAN_POINT('',(0.602608415592,-5.E-02));
#3711 = CARTESIAN_POINT('',(0.401513185116,-5.E-02));
#3712 = CARTESIAN_POINT('',(0.302014276147,-5.E-02));
#3713 = CARTESIAN_POINT('',(0.201737085367,-5.E-02));
#3714 = CARTESIAN_POINT('',(0.100957500372,-5.E-02));
#3715 = CARTESIAN_POINT('',(0.,-5.E-02));
#3716 = ( GEOMETRIC_REPRESENTATION_CONTEXT(2) 
PARAMETRIC_REPRESENTATION_CONTEXT() REPRESENTATION_CONTEXT('2D SPACE',''
  ) );
#3717 = FACE_BOUND('',#3718,.T.);
#3718 = EDGE_LOOP('',(#3719,#3747,#3773,#3799));
#3719 = ORIENTED_EDGE('',*,*,#3720,.F.);
#3720 = EDGE_CURVE('',#3721,#3723,#3725,.T.);
#3721 = VERTEX_POINT('',#3722);
#3722 = CARTESIAN_POINT('',(1.108088915364E+03,6.,-153.4266674001));
#3723 = VERTEX_POINT('',#3724);
#3724 = CARTESIAN_POINT('',(1.109033739583E+03,6.,-153.4266674001));
#3725 = SURFACE_CURVE('',#3726,(#3730,#3736),.PCURVE_S1.);
#3726 = LINE('',#3727,#3728);
#3727 = CARTESIAN_POINT('',(1.121728404987E+03,6.,-153.4266674001));
#3728 = VECTOR('',#3729,1.);
#3729 = DIRECTION('',(1.,0.,-0.));
#3730 = PCURVE('',#90,#3731);
#3731 = DEFINITIONAL_REPRESENTATION('',(#3732),#3735);
#3732 = B_SPLINE_CURVE_WITH_KNOTS('',1,(#3733,#3734),.UNSPECIFIED.,.F.,
  .F.,(2,2),(-13.63948962288,-12.69466540413),.PIECEWISE_BEZIER_KNOTS.);
#3733 = CARTESIAN_POINT('',(15.661166872821,-26.33415502702));
#3734 = CARTESIAN_POINT('',(15.661166872821,-25.38933080827));
#3735 = ( GEOMETRIC_REPRESENTATION_CONTEXT(2) 
PARAMETRIC_REPRESENTATION_CONTEXT() REPRESENTATION_CONTEXT('2D SPACE',''
  ) );
#3736 = PCURVE('',#3737,#3742);
#3737 = PLANE('',#3738);
#3738 = AXIS2_PLACEMENT_3D('',#3739,#3740,#3741);
#3739 = CARTESIAN_POINT('',(1.109033739583E+03,5.95,-153.4266674001));
#3740 = DIRECTION('',(0.,-0.,1.));
#3741 = DIRECTION('',(-1.,0.,0.));
#3742 = DEFINITIONAL_REPRESENTATION('',(#3743),#3746);
#3743 = B_SPLINE_CURVE_WITH_KNOTS('',1,(#3744,#3745),.UNSPECIFIED.,.F.,
  .F.,(2,2),(-13.63948962288,-12.69466540413),.PIECEWISE_BEZIER_KNOTS.);
#3744 = CARTESIAN_POINT('',(0.94482421875,-5.E-02));
#3745 = CARTESIAN_POINT('',(0.,-5.E-02));
#3746 = ( GEOMETRIC_REPRESENTATION_CONTEXT(2) 
PARAMETRIC_REPRESENTATION_CONTEXT() REPRESENTATION_CONTEXT('2D SPACE',''
  ) );
#3747 = ORIENTED_EDGE('',*,*,#3748,.F.);
#3748 = EDGE_CURVE('',#3749,#3721,#3751,.T.);
#3749 = VERTEX_POINT('',#3750);
#3750 = CARTESIAN_POINT('',(1.108088915364E+03,6.,-154.3055736501));
#3751 = SURFACE_CURVE('',#3752,(#3756,#3762),.PCURVE_S1.);
#3752 = LINE('',#3753,#3754);
#3753 = CARTESIAN_POINT('',(1.108088915364E+03,6.,-161.2572508365));
#3754 = VECTOR('',#3755,1.);
#3755 = DIRECTION('',(0.,-0.,1.));
#3756 = PCURVE('',#90,#3757);
#3757 = DEFINITIONAL_REPRESENTATION('',(#3758),#3761);
#3758 = B_SPLINE_CURVE_WITH_KNOTS('',1,(#3759,#3760),.UNSPECIFIED.,.F.,
  .F.,(2,2),(6.951677186411,7.830583436411),.PIECEWISE_BEZIER_KNOTS.);
#3759 = CARTESIAN_POINT('',(14.782260622821,-26.33415502702));
#3760 = CARTESIAN_POINT('',(15.661166872821,-26.33415502702));
#3761 = ( GEOMETRIC_REPRESENTATION_CONTEXT(2) 
PARAMETRIC_REPRESENTATION_CONTEXT() REPRESENTATION_CONTEXT('2D SPACE',''
  ) );
#3762 = PCURVE('',#3763,#3768);
#3763 = PLANE('',#3764);
#3764 = AXIS2_PLACEMENT_3D('',#3765,#3766,#3767);
#3765 = CARTESIAN_POINT('',(1.108088915364E+03,5.95,-153.4266674001));
#3766 = DIRECTION('',(-1.,0.,0.));
#3767 = DIRECTION('',(0.,0.,-1.));
#3768 = DEFINITIONAL_REPRESENTATION('',(#3769),#3772);
#3769 = B_SPLINE_CURVE_WITH_KNOTS('',1,(#3770,#3771),.UNSPECIFIED.,.F.,
  .F.,(2,2),(6.951677186411,7.830583436411),.PIECEWISE_BEZIER_KNOTS.);
#3770 = CARTESIAN_POINT('',(0.87890625,-5.E-02));
#3771 = CARTESIAN_POINT('',(0.,-5.E-02));
#3772 = ( GEOMETRIC_REPRESENTATION_CONTEXT(2) 
PARAMETRIC_REPRESENTATION_CONTEXT() REPRESENTATION_CONTEXT('2D SPACE',''
  ) );
#3773 = ORIENTED_EDGE('',*,*,#3774,.F.);
#3774 = EDGE_CURVE('',#3775,#3749,#3777,.T.);
#3775 = VERTEX_POINT('',#3776);
#3776 = CARTESIAN_POINT('',(1.109033739583E+03,6.,-154.3055736501));
#3777 = SURFACE_CURVE('',#3778,(#3782,#3788),.PCURVE_S1.);
#3778 = LINE('',#3779,#3780);
#3779 = CARTESIAN_POINT('',(1.121255992877E+03,6.,-154.3055736501));
#3780 = VECTOR('',#3781,1.);
#3781 = DIRECTION('',(-1.,0.,0.));
#3782 = PCURVE('',#90,#3783);
#3783 = DEFINITIONAL_REPRESENTATION('',(#3784),#3787);
#3784 = B_SPLINE_CURVE_WITH_KNOTS('',1,(#3785,#3786),.UNSPECIFIED.,.F.,
  .F.,(2,2),(12.222253294764,13.167077513514),.PIECEWISE_BEZIER_KNOTS.);
#3785 = CARTESIAN_POINT('',(14.782260622821,-25.38933080827));
#3786 = CARTESIAN_POINT('',(14.782260622821,-26.33415502702));
#3787 = ( GEOMETRIC_REPRESENTATION_CONTEXT(2) 
PARAMETRIC_REPRESENTATION_CONTEXT() REPRESENTATION_CONTEXT('2D SPACE',''
  ) );
#3788 = PCURVE('',#3789,#3794);
#3789 = PLANE('',#3790);
#3790 = AXIS2_PLACEMENT_3D('',#3791,#3792,#3793);
#3791 = CARTESIAN_POINT('',(1.108088915364E+03,5.95,-154.3055736501));
#3792 = DIRECTION('',(-0.,0.,-1.));
#3793 = DIRECTION('',(1.,0.,-0.));
#3794 = DEFINITIONAL_REPRESENTATION('',(#3795),#3798);
#3795 = B_SPLINE_CURVE_WITH_KNOTS('',1,(#3796,#3797),.UNSPECIFIED.,.F.,
  .F.,(2,2),(12.222253294764,13.167077513514),.PIECEWISE_BEZIER_KNOTS.);
#3796 = CARTESIAN_POINT('',(0.94482421875,-5.E-02));
#3797 = CARTESIAN_POINT('',(0.,-5.E-02));
#3798 = ( GEOMETRIC_REPRESENTATION_CONTEXT(2) 
PARAMETRIC_REPRESENTATION_CONTEXT() REPRESENTATION_CONTEXT('2D SPACE',''
  ) );
#3799 = ORIENTED_EDGE('',*,*,#3800,.F.);
#3800 = EDGE_CURVE('',#3723,#3775,#3801,.T.);
#3801 = SURFACE_CURVE('',#3802,(#3806,#3812),.PCURVE_S1.);
#3802 = LINE('',#3803,#3804);
#3803 = CARTESIAN_POINT('',(1.109033739583E+03,6.,-161.6967039615));
#3804 = VECTOR('',#3805,1.);
#3805 = DIRECTION('',(0.,0.,-1.));
#3806 = PCURVE('',#90,#3807);
#3807 = DEFINITIONAL_REPRESENTATION('',(#3808),#3811);
#3808 = B_SPLINE_CURVE_WITH_KNOTS('',1,(#3809,#3810),.UNSPECIFIED.,.F.,
  .F.,(2,2),(-8.270036561411,-7.391130311411),.PIECEWISE_BEZIER_KNOTS.);
#3809 = CARTESIAN_POINT('',(15.661166872821,-25.38933080827));
#3810 = CARTESIAN_POINT('',(14.782260622821,-25.38933080827));
#3811 = ( GEOMETRIC_REPRESENTATION_CONTEXT(2) 
PARAMETRIC_REPRESENTATION_CONTEXT() REPRESENTATION_CONTEXT('2D SPACE',''
  ) );
#3812 = PCURVE('',#3813,#3818);
#3813 = PLANE('',#3814);
#3814 = AXIS2_PLACEMENT_3D('',#3815,#3816,#3817);
#3815 = CARTESIAN_POINT('',(1.109033739583E+03,5.95,-154.3055736501));
#3816 = DIRECTION('',(1.,0.,0.));
#3817 = DIRECTION('',(0.,0.,1.));
#3818 = DEFINITIONAL_REPRESENTATION('',(#3819),#3822);
#3819 = B_SPLINE_CURVE_WITH_KNOTS('',1,(#3820,#3821),.UNSPECIFIED.,.F.,
  .F.,(2,2),(-8.270036561411,-7.391130311411),.PIECEWISE_BEZIER_KNOTS.);
#3820 = CARTESIAN_POINT('',(0.87890625,-5.E-02));
#3821 = CARTESIAN_POINT('',(0.,-5.E-02));
#3822 = ( GEOMETRIC_REPRESENTATION_CONTEXT(2) 
PARAMETRIC_REPRESENTATION_CONTEXT() REPRESENTATION_CONTEXT('2D SPACE',''
  ) );
#3823 = FACE_BOUND('',#3824,.T.);
#3824 = EDGE_LOOP('',(#3825));
#3825 = ORIENTED_EDGE('',*,*,#3826,.F.);
#3826 = EDGE_CURVE('',#3827,#3827,#3829,.T.);
#3827 = VERTEX_POINT('',#3828);
#3828 = CARTESIAN_POINT('',(1.119913671223E+03,6.,-90.));
#3829 = SURFACE_CURVE('',#3830,(#3835,#3842),.PCURVE_S1.);
#3830 = CIRCLE('',#3831,3.2);
#3831 = AXIS2_PLACEMENT_3D('',#3832,#3833,#3834);
#3832 = CARTESIAN_POINT('',(1.116713671223E+03,6.,-90.));
#3833 = DIRECTION('',(0.,1.,2.22044604925E-16));
#3834 = DIRECTION('',(1.,0.,-0.));
#3835 = PCURVE('',#90,#3836);
#3836 = DEFINITIONAL_REPRESENTATION('',(#3837),#3841);
#3837 = CIRCLE('',#3838,3.2);
#3838 = AXIS2_PLACEMENT_2D('',#3839,#3840);
#3839 = CARTESIAN_POINT('',(79.087834272994,-17.70939916765));
#3840 = DIRECTION('',(0.,1.));
#3841 = ( GEOMETRIC_REPRESENTATION_CONTEXT(2) 
PARAMETRIC_REPRESENTATION_CONTEXT() REPRESENTATION_CONTEXT('2D SPACE',''
  ) );
#3842 = PCURVE('',#604,#3843);
#3843 = DEFINITIONAL_REPRESENTATION('',(#3844),#3848);
#3844 = LINE('',#3845,#3846);
#3845 = CARTESIAN_POINT('',(0.,18.));
#3846 = VECTOR('',#3847,1.);
#3847 = DIRECTION('',(1.,0.));
#3848 = ( GEOMETRIC_REPRESENTATION_CONTEXT(2) 
PARAMETRIC_REPRESENTATION_CONTEXT() REPRESENTATION_CONTEXT('2D SPACE',''
  ) );
#3849 = ADVANCED_FACE('',(#3850),#177,.F.);
#3850 = FACE_BOUND('',#3851,.F.);
#3851 = EDGE_LOOP('',(#3852,#3873,#3874,#3875));
#3852 = ORIENTED_EDGE('',*,*,#3853,.T.);
#3853 = EDGE_CURVE('',#312,#651,#3854,.T.);
#3854 = SURFACE_CURVE('',#3855,(#3859,#3866),.PCURVE_S1.);
#3855 = LINE('',#3856,#3857);
#3856 = CARTESIAN_POINT('',(1.096376383347E+03,-6.,-97.));
#3857 = VECTOR('',#3858,1.);
#3858 = DIRECTION('',(0.,1.,0.));
#3859 = PCURVE('',#177,#3860);
#3860 = DEFINITIONAL_REPRESENTATION('',(#3861),#3865);
#3861 = LINE('',#3862,#3863);
#3862 = CARTESIAN_POINT('',(0.,0.));
#3863 = VECTOR('',#3864,1.);
#3864 = DIRECTION('',(0.,-1.));
#3865 = ( GEOMETRIC_REPRESENTATION_CONTEXT(2) 
PARAMETRIC_REPRESENTATION_CONTEXT() REPRESENTATION_CONTEXT('2D SPACE',''
  ) );
#3866 = PCURVE('',#329,#3867);
#3867 = DEFINITIONAL_REPRESENTATION('',(#3868),#3872);
#3868 = LINE('',#3869,#3870);
#3869 = CARTESIAN_POINT('',(24.,0.));
#3870 = VECTOR('',#3871,1.);
#3871 = DIRECTION('',(0.,-1.));
#3872 = ( GEOMETRIC_REPRESENTATION_CONTEXT(2) 
PARAMETRIC_REPRESENTATION_CONTEXT() REPRESENTATION_CONTEXT('2D SPACE',''
  ) );
#3873 = ORIENTED_EDGE('',*,*,#650,.T.);
#3874 = ORIENTED_EDGE('',*,*,#159,.F.);
#3875 = ORIENTED_EDGE('',*,*,#341,.F.);
#3876 = ADVANCED_FACE('',(#3877),#275,.F.);
#3877 = FACE_BOUND('',#3878,.F.);
#3878 = EDGE_LOOP('',(#3879,#3880,#3881,#3902));
#3879 = ORIENTED_EDGE('',*,*,#259,.T.);
#3880 = ORIENTED_EDGE('',*,*,#676,.T.);
#3881 = ORIENTED_EDGE('',*,*,#3882,.F.);
#3882 = EDGE_CURVE('',#366,#677,#3883,.T.);
#3883 = SURFACE_CURVE('',#3884,(#3888,#3895),.PCURVE_S1.);
#3884 = LINE('',#3885,#3886);
#3885 = CARTESIAN_POINT('',(1.118050959099E+03,-6.,-97.));
#3886 = VECTOR('',#3887,1.);
#3887 = DIRECTION('',(0.,1.,0.));
#3888 = PCURVE('',#275,#3889);
#3889 = DEFINITIONAL_REPRESENTATION('',(#3890),#3894);
#3890 = LINE('',#3891,#3892);
#3891 = CARTESIAN_POINT('',(8.462712123846,0.));
#3892 = VECTOR('',#3893,1.);
#3893 = DIRECTION('',(0.,-1.));
#3894 = ( GEOMETRIC_REPRESENTATION_CONTEXT(2) 
PARAMETRIC_REPRESENTATION_CONTEXT() REPRESENTATION_CONTEXT('2D SPACE',''
  ) );
#3895 = PCURVE('',#404,#3896);
#3896 = DEFINITIONAL_REPRESENTATION('',(#3897),#3901);
#3897 = LINE('',#3898,#3899);
#3898 = CARTESIAN_POINT('',(0.,-0.));
#3899 = VECTOR('',#3900,1.);
#3900 = DIRECTION('',(0.,-1.));
#3901 = ( GEOMETRIC_REPRESENTATION_CONTEXT(2) 
PARAMETRIC_REPRESENTATION_CONTEXT() REPRESENTATION_CONTEXT('2D SPACE',''
  ) );
#3902 = ORIENTED_EDGE('',*,*,#365,.F.);
#3903 = ADVANCED_FACE('',(#3904),#329,.F.);
#3904 = FACE_BOUND('',#3905,.F.);
#3905 = EDGE_LOOP('',(#3906,#3907,#3928,#3929));
#3906 = ORIENTED_EDGE('',*,*,#311,.T.);
#3907 = ORIENTED_EDGE('',*,*,#3908,.F.);
#3908 = EDGE_CURVE('',#815,#314,#3909,.T.);
#3909 = SURFACE_CURVE('',#3910,(#3914,#3921),.PCURVE_S1.);
#3910 = LINE('',#3911,#3912);
#3911 = CARTESIAN_POINT('',(1.096376383347E+03,-9.,-105.));
#3912 = VECTOR('',#3913,1.);
#3913 = DIRECTION('',(0.,-1.,0.));
#3914 = PCURVE('',#329,#3915);
#3915 = DEFINITIONAL_REPRESENTATION('',(#3916),#3920);
#3916 = LINE('',#3917,#3918);
#3917 = CARTESIAN_POINT('',(16.,3.));
#3918 = VECTOR('',#3919,1.);
#3919 = DIRECTION('',(0.,1.));
#3920 = ( GEOMETRIC_REPRESENTATION_CONTEXT(2) 
PARAMETRIC_REPRESENTATION_CONTEXT() REPRESENTATION_CONTEXT('2D SPACE',''
  ) );
#3921 = PCURVE('',#542,#3922);
#3922 = DEFINITIONAL_REPRESENTATION('',(#3923),#3927);
#3923 = LINE('',#3924,#3925);
#3924 = CARTESIAN_POINT('',(4.597871848139,3.));
#3925 = VECTOR('',#3926,1.);
#3926 = DIRECTION('',(0.,1.));
#3927 = ( GEOMETRIC_REPRESENTATION_CONTEXT(2) 
PARAMETRIC_REPRESENTATION_CONTEXT() REPRESENTATION_CONTEXT('2D SPACE',''
  ) );
#3928 = ORIENTED_EDGE('',*,*,#837,.T.);
#3929 = ORIENTED_EDGE('',*,*,#3853,.F.);
#3930 = ADVANCED_FACE('',(#3931),#404,.F.);
#3931 = FACE_BOUND('',#3932,.F.);
#3932 = EDGE_LOOP('',(#3933,#3934,#3935,#3956));
#3933 = ORIENTED_EDGE('',*,*,#3882,.T.);
#3934 = ORIENTED_EDGE('',*,*,#699,.T.);
#3935 = ORIENTED_EDGE('',*,*,#3936,.F.);
#3936 = EDGE_CURVE('',#389,#700,#3937,.T.);
#3937 = SURFACE_CURVE('',#3938,(#3942,#3949),.PCURVE_S1.);
#3938 = LINE('',#3939,#3940);
#3939 = CARTESIAN_POINT('',(1.118050959099E+03,-6.,-105.));
#3940 = VECTOR('',#3941,1.);
#3941 = DIRECTION('',(0.,1.,0.));
#3942 = PCURVE('',#404,#3943);
#3943 = DEFINITIONAL_REPRESENTATION('',(#3944),#3948);
#3944 = LINE('',#3945,#3946);
#3945 = CARTESIAN_POINT('',(8.,0.));
#3946 = VECTOR('',#3947,1.);
#3947 = DIRECTION('',(0.,-1.));
#3948 = ( GEOMETRIC_REPRESENTATION_CONTEXT(2) 
PARAMETRIC_REPRESENTATION_CONTEXT() REPRESENTATION_CONTEXT('2D SPACE',''
  ) );
#3949 = PCURVE('',#432,#3950);
#3950 = DEFINITIONAL_REPRESENTATION('',(#3951),#3955);
#3951 = LINE('',#3952,#3953);
#3952 = CARTESIAN_POINT('',(0.,0.));
#3953 = VECTOR('',#3954,1.);
#3954 = DIRECTION('',(0.,-1.));
#3955 = ( GEOMETRIC_REPRESENTATION_CONTEXT(2) 
PARAMETRIC_REPRESENTATION_CONTEXT() REPRESENTATION_CONTEXT('2D SPACE',''
  ) );
#3956 = ORIENTED_EDGE('',*,*,#388,.T.);
#3957 = ADVANCED_FACE('',(#3958),#432,.F.);
#3958 = FACE_BOUND('',#3959,.F.);
#3959 = EDGE_LOOP('',(#3960,#3961,#3962,#3983));
#3960 = ORIENTED_EDGE('',*,*,#3936,.T.);
#3961 = ORIENTED_EDGE('',*,*,#722,.T.);
#3962 = ORIENTED_EDGE('',*,*,#3963,.F.);
#3963 = EDGE_CURVE('',#417,#723,#3964,.T.);
#3964 = SURFACE_CURVE('',#3965,(#3969,#3976),.PCURVE_S1.);
#3965 = LINE('',#3966,#3967);
#3966 = CARTESIAN_POINT('',(1.121302145462E+03,-6.,-108.2511863628));
#3967 = VECTOR('',#3968,1.);
#3968 = DIRECTION('',(0.,1.,0.));
#3969 = PCURVE('',#432,#3970);
#3970 = DEFINITIONAL_REPRESENTATION('',(#3971),#3975);
#3971 = LINE('',#3972,#3973);
#3972 = CARTESIAN_POINT('',(4.597871848139,0.));
#3973 = VECTOR('',#3974,1.);
#3974 = DIRECTION('',(0.,-1.));
#3975 = ( GEOMETRIC_REPRESENTATION_CONTEXT(2) 
PARAMETRIC_REPRESENTATION_CONTEXT() REPRESENTATION_CONTEXT('2D SPACE',''
  ) );
#3976 = PCURVE('',#460,#3977);
#3977 = DEFINITIONAL_REPRESENTATION('',(#3978),#3982);
#3978 = LINE('',#3979,#3980);
#3979 = CARTESIAN_POINT('',(0.,-0.));
#3980 = VECTOR('',#3981,1.);
#3981 = DIRECTION('',(0.,-1.));
#3982 = ( GEOMETRIC_REPRESENTATION_CONTEXT(2) 
PARAMETRIC_REPRESENTATION_CONTEXT() REPRESENTATION_CONTEXT('2D SPACE',''
  ) );
#3983 = ORIENTED_EDGE('',*,*,#416,.F.);
#3984 = ADVANCED_FACE('',(#3985),#460,.F.);
#3985 = FACE_BOUND('',#3986,.F.);
#3986 = EDGE_LOOP('',(#3987,#3988,#3989,#4010));
#3987 = ORIENTED_EDGE('',*,*,#3963,.T.);
#3988 = ORIENTED_EDGE('',*,*,#745,.T.);
#3989 = ORIENTED_EDGE('',*,*,#3990,.F.);
#3990 = EDGE_CURVE('',#445,#746,#3991,.T.);
#3991 = SURFACE_CURVE('',#3992,(#3996,#4003),.PCURVE_S1.);
#3992 = LINE('',#3993,#3994);
#3993 = CARTESIAN_POINT('',(1.121302145462E+03,-6.,-223.4));
#3994 = VECTOR('',#3995,1.);
#3995 = DIRECTION('',(0.,1.,0.));
#3996 = PCURVE('',#460,#3997);
#3997 = DEFINITIONAL_REPRESENTATION('',(#3998),#4002);
#3998 = LINE('',#3999,#4000);
#3999 = CARTESIAN_POINT('',(115.14881363715,0.));
#4000 = VECTOR('',#4001,1.);
#4001 = DIRECTION('',(0.,-1.));
#4002 = ( GEOMETRIC_REPRESENTATION_CONTEXT(2) 
PARAMETRIC_REPRESENTATION_CONTEXT() REPRESENTATION_CONTEXT('2D SPACE',''
  ) );
#4003 = PCURVE('',#488,#4004);
#4004 = DEFINITIONAL_REPRESENTATION('',(#4005),#4009);
#4005 = LINE('',#4006,#4007);
#4006 = CARTESIAN_POINT('',(0.,0.));
#4007 = VECTOR('',#4008,1.);
#4008 = DIRECTION('',(0.,-1.));
#4009 = ( GEOMETRIC_REPRESENTATION_CONTEXT(2) 
PARAMETRIC_REPRESENTATION_CONTEXT() REPRESENTATION_CONTEXT('2D SPACE',''
  ) );
#4010 = ORIENTED_EDGE('',*,*,#444,.F.);
#4011 = ADVANCED_FACE('',(#4012),#488,.F.);
#4012 = FACE_BOUND('',#4013,.F.);
#4013 = EDGE_LOOP('',(#4014,#4015,#4016,#4037));
#4014 = ORIENTED_EDGE('',*,*,#3990,.T.);
#4015 = ORIENTED_EDGE('',*,*,#768,.T.);
#4016 = ORIENTED_EDGE('',*,*,#4017,.F.);
#4017 = EDGE_CURVE('',#473,#769,#4018,.T.);
#4018 = SURFACE_CURVE('',#4019,(#4023,#4030),.PCURVE_S1.);
#4019 = LINE('',#4020,#4021);
#4020 = CARTESIAN_POINT('',(1.093125196984E+03,-6.,-223.4));
#4021 = VECTOR('',#4022,1.);
#4022 = DIRECTION('',(0.,1.,0.));
#4023 = PCURVE('',#488,#4024);
#4024 = DEFINITIONAL_REPRESENTATION('',(#4025),#4029);
#4025 = LINE('',#4026,#4027);
#4026 = CARTESIAN_POINT('',(28.176948478001,0.));
#4027 = VECTOR('',#4028,1.);
#4028 = DIRECTION('',(0.,-1.));
#4029 = ( GEOMETRIC_REPRESENTATION_CONTEXT(2) 
PARAMETRIC_REPRESENTATION_CONTEXT() REPRESENTATION_CONTEXT('2D SPACE',''
  ) );
#4030 = PCURVE('',#516,#4031);
#4031 = DEFINITIONAL_REPRESENTATION('',(#4032),#4036);
#4032 = LINE('',#4033,#4034);
#4033 = CARTESIAN_POINT('',(0.,0.));
#4034 = VECTOR('',#4035,1.);
#4035 = DIRECTION('',(0.,-1.));
#4036 = ( GEOMETRIC_REPRESENTATION_CONTEXT(2) 
PARAMETRIC_REPRESENTATION_CONTEXT() REPRESENTATION_CONTEXT('2D SPACE',''
  ) );
#4037 = ORIENTED_EDGE('',*,*,#472,.F.);
#4038 = ADVANCED_FACE('',(#4039),#516,.F.);
#4039 = FACE_BOUND('',#4040,.F.);
#4040 = EDGE_LOOP('',(#4041,#4042,#4043,#4064));
#4041 = ORIENTED_EDGE('',*,*,#4017,.T.);
#4042 = ORIENTED_EDGE('',*,*,#791,.T.);
#4043 = ORIENTED_EDGE('',*,*,#4044,.F.);
#4044 = EDGE_CURVE('',#501,#792,#4045,.T.);
#4045 = SURFACE_CURVE('',#4046,(#4050,#4057),.PCURVE_S1.);
#4046 = LINE('',#4047,#4048);
#4047 = CARTESIAN_POINT('',(1.093125196984E+03,-6.,-108.2511863628));
#4048 = VECTOR('',#4049,1.);
#4049 = DIRECTION('',(0.,1.,0.));
#4050 = PCURVE('',#516,#4051);
#4051 = DEFINITIONAL_REPRESENTATION('',(#4052),#4056);
#4052 = LINE('',#4053,#4054);
#4053 = CARTESIAN_POINT('',(115.14881363715,0.));
#4054 = VECTOR('',#4055,1.);
#4055 = DIRECTION('',(0.,-1.));
#4056 = ( GEOMETRIC_REPRESENTATION_CONTEXT(2) 
PARAMETRIC_REPRESENTATION_CONTEXT() REPRESENTATION_CONTEXT('2D SPACE',''
  ) );
#4057 = PCURVE('',#542,#4058);
#4058 = DEFINITIONAL_REPRESENTATION('',(#4059),#4063);
#4059 = LINE('',#4060,#4061);
#4060 = CARTESIAN_POINT('',(0.,0.));
#4061 = VECTOR('',#4062,1.);
#4062 = DIRECTION('',(0.,-1.));
#4063 = ( GEOMETRIC_REPRESENTATION_CONTEXT(2) 
PARAMETRIC_REPRESENTATION_CONTEXT() REPRESENTATION_CONTEXT('2D SPACE',''
  ) );
#4064 = ORIENTED_EDGE('',*,*,#500,.F.);
#4065 = ADVANCED_FACE('',(#4066),#542,.F.);
#4066 = FACE_BOUND('',#4067,.F.);
#4067 = EDGE_LOOP('',(#4068,#4069,#4070,#4071));
#4068 = ORIENTED_EDGE('',*,*,#4044,.T.);
#4069 = ORIENTED_EDGE('',*,*,#814,.T.);
#4070 = ORIENTED_EDGE('',*,*,#3908,.T.);
#4071 = ORIENTED_EDGE('',*,*,#528,.F.);
#4072 = ADVANCED_FACE('',(#4073),#573,.F.);
#4073 = FACE_BOUND('',#4074,.F.);
#4074 = EDGE_LOOP('',(#4075,#4076,#4097,#4098));
#4075 = ORIENTED_EDGE('',*,*,#1882,.F.);
#4076 = ORIENTED_EDGE('',*,*,#4077,.F.);
#4077 = EDGE_CURVE('',#557,#1883,#4078,.T.);
#4078 = SEAM_CURVE('',#4079,(#4083,#4090),.PCURVE_S1.);
#4079 = LINE('',#4080,#4081);
#4080 = CARTESIAN_POINT('',(1.100913671223E+03,-12.,-90.));
#4081 = VECTOR('',#4082,1.);
#4082 = DIRECTION('',(0.,1.,2.22044604925E-16));
#4083 = PCURVE('',#573,#4084);
#4084 = DEFINITIONAL_REPRESENTATION('',(#4085),#4089);
#4085 = LINE('',#4086,#4087);
#4086 = CARTESIAN_POINT('',(6.28318530718,-0.));
#4087 = VECTOR('',#4088,1.);
#4088 = DIRECTION('',(0.,1.));
#4089 = ( GEOMETRIC_REPRESENTATION_CONTEXT(2) 
PARAMETRIC_REPRESENTATION_CONTEXT() REPRESENTATION_CONTEXT('2D SPACE',''
  ) );
#4090 = PCURVE('',#573,#4091);
#4091 = DEFINITIONAL_REPRESENTATION('',(#4092),#4096);
#4092 = LINE('',#4093,#4094);
#4093 = CARTESIAN_POINT('',(0.,-0.));
#4094 = VECTOR('',#4095,1.);
#4095 = DIRECTION('',(0.,1.));
#4096 = ( GEOMETRIC_REPRESENTATION_CONTEXT(2) 
PARAMETRIC_REPRESENTATION_CONTEXT() REPRESENTATION_CONTEXT('2D SPACE',''
  ) );
#4097 = ORIENTED_EDGE('',*,*,#556,.T.);
#4098 = ORIENTED_EDGE('',*,*,#4077,.T.);
#4099 = ADVANCED_FACE('',(#4100),#604,.F.);
#4100 = FACE_BOUND('',#4101,.F.);
#4101 = EDGE_LOOP('',(#4102,#4103,#4124,#4125));
#4102 = ORIENTED_EDGE('',*,*,#3826,.F.);
#4103 = ORIENTED_EDGE('',*,*,#4104,.F.);
#4104 = EDGE_CURVE('',#588,#3827,#4105,.T.);
#4105 = SEAM_CURVE('',#4106,(#4110,#4117),.PCURVE_S1.);
#4106 = LINE('',#4107,#4108);
#4107 = CARTESIAN_POINT('',(1.119913671223E+03,-12.,-90.));
#4108 = VECTOR('',#4109,1.);
#4109 = DIRECTION('',(0.,1.,2.22044604925E-16));
#4110 = PCURVE('',#604,#4111);
#4111 = DEFINITIONAL_REPRESENTATION('',(#4112),#4116);
#4112 = LINE('',#4113,#4114);
#4113 = CARTESIAN_POINT('',(6.28318530718,-0.));
#4114 = VECTOR('',#4115,1.);
#4115 = DIRECTION('',(0.,1.));
#4116 = ( GEOMETRIC_REPRESENTATION_CONTEXT(2) 
PARAMETRIC_REPRESENTATION_CONTEXT() REPRESENTATION_CONTEXT('2D SPACE',''
  ) );
#4117 = PCURVE('',#604,#4118);
#4118 = DEFINITIONAL_REPRESENTATION('',(#4119),#4123);
#4119 = LINE('',#4120,#4121);
#4120 = CARTESIAN_POINT('',(0.,-0.));
#4121 = VECTOR('',#4122,1.);
#4122 = DIRECTION('',(0.,1.));
#4123 = ( GEOMETRIC_REPRESENTATION_CONTEXT(2) 
PARAMETRIC_REPRESENTATION_CONTEXT() REPRESENTATION_CONTEXT('2D SPACE',''
  ) );
#4124 = ORIENTED_EDGE('',*,*,#587,.T.);
#4125 = ORIENTED_EDGE('',*,*,#4104,.T.);
#4126 = ADVANCED_FACE('',(#4127),#635,.F.);
#4127 = FACE_BOUND('',#4128,.F.);
#4128 = EDGE_LOOP('',(#4129,#4130,#4151,#4152));
#4129 = ORIENTED_EDGE('',*,*,#2280,.F.);
#4130 = ORIENTED_EDGE('',*,*,#4131,.F.);
#4131 = EDGE_CURVE('',#619,#2281,#4132,.T.);
#4132 = SEAM_CURVE('',#4133,(#4137,#4144),.PCURVE_S1.);
#4133 = LINE('',#4134,#4135);
#4134 = CARTESIAN_POINT('',(1.111463671223E+03,-12.,-211.4));
#4135 = VECTOR('',#4136,1.);
#4136 = DIRECTION('',(0.,1.,2.22044604925E-16));
#4137 = PCURVE('',#635,#4138);
#4138 = DEFINITIONAL_REPRESENTATION('',(#4139),#4143);
#4139 = LINE('',#4140,#4141);
#4140 = CARTESIAN_POINT('',(6.28318530718,-0.));
#4141 = VECTOR('',#4142,1.);
#4142 = DIRECTION('',(0.,1.));
#4143 = ( GEOMETRIC_REPRESENTATION_CONTEXT(2) 
PARAMETRIC_REPRESENTATION_CONTEXT() REPRESENTATION_CONTEXT('2D SPACE',''
  ) );
#4144 = PCURVE('',#635,#4145);
#4145 = DEFINITIONAL_REPRESENTATION('',(#4146),#4150);
#4146 = LINE('',#4147,#4148);
#4147 = CARTESIAN_POINT('',(0.,-0.));
#4148 = VECTOR('',#4149,1.);
#4149 = DIRECTION('',(0.,1.));
#4150 = ( GEOMETRIC_REPRESENTATION_CONTEXT(2) 
PARAMETRIC_REPRESENTATION_CONTEXT() REPRESENTATION_CONTEXT('2D SPACE',''
  ) );
#4151 = ORIENTED_EDGE('',*,*,#618,.T.);
#4152 = ORIENTED_EDGE('',*,*,#4131,.T.);
#4153 = ADVANCED_FACE('',(#4154),#877,.T.);
#4154 = FACE_BOUND('',#4155,.T.);
#4155 = EDGE_LOOP('',(#4156,#4157,#4180,#4208));
#4156 = ORIENTED_EDGE('',*,*,#860,.T.);
#4157 = ORIENTED_EDGE('',*,*,#4158,.T.);
#4158 = EDGE_CURVE('',#863,#4159,#4161,.T.);
#4159 = VERTEX_POINT('',#4160);
#4160 = CARTESIAN_POINT('',(1.109033739583E+03,6.6,-167.2865306814));
#4161 = SURFACE_CURVE('',#4162,(#4166,#4173),.PCURVE_S1.);
#4162 = LINE('',#4163,#4164);
#4163 = CARTESIAN_POINT('',(1.109033739583E+03,5.95,-167.2865306814));
#4164 = VECTOR('',#4165,1.);
#4165 = DIRECTION('',(0.,1.,0.));
#4166 = PCURVE('',#877,#4167);
#4167 = DEFINITIONAL_REPRESENTATION('',(#4168),#4172);
#4168 = LINE('',#4169,#4170);
#4169 = CARTESIAN_POINT('',(0.,0.));
#4170 = VECTOR('',#4171,1.);
#4171 = DIRECTION('',(0.,-1.));
#4172 = ( GEOMETRIC_REPRESENTATION_CONTEXT(2) 
PARAMETRIC_REPRESENTATION_CONTEXT() REPRESENTATION_CONTEXT('2D SPACE',''
  ) );
#4173 = PCURVE('',#1135,#4174);
#4174 = DEFINITIONAL_REPRESENTATION('',(#4175),#4179);
#4175 = LINE('',#4176,#4177);
#4176 = CARTESIAN_POINT('',(2.548828125,0.));
#4177 = VECTOR('',#4178,1.);
#4178 = DIRECTION('',(0.,-1.));
#4179 = ( GEOMETRIC_REPRESENTATION_CONTEXT(2) 
PARAMETRIC_REPRESENTATION_CONTEXT() REPRESENTATION_CONTEXT('2D SPACE',''
  ) );
#4180 = ORIENTED_EDGE('',*,*,#4181,.T.);
#4181 = EDGE_CURVE('',#4159,#4182,#4184,.T.);
#4182 = VERTEX_POINT('',#4183);
#4183 = CARTESIAN_POINT('',(1.10838432552E+03,6.6,-167.2865306814));
#4184 = SURFACE_CURVE('',#4185,(#4189,#4196),.PCURVE_S1.);
#4185 = LINE('',#4186,#4187);
#4186 = CARTESIAN_POINT('',(1.109033739583E+03,6.6,-167.2865306814));
#4187 = VECTOR('',#4188,1.);
#4188 = DIRECTION('',(-1.,0.,0.));
#4189 = PCURVE('',#877,#4190);
#4190 = DEFINITIONAL_REPRESENTATION('',(#4191),#4195);
#4191 = LINE('',#4192,#4193);
#4192 = CARTESIAN_POINT('',(0.,-0.65));
#4193 = VECTOR('',#4194,1.);
#4194 = DIRECTION('',(1.,0.));
#4195 = ( GEOMETRIC_REPRESENTATION_CONTEXT(2) 
PARAMETRIC_REPRESENTATION_CONTEXT() REPRESENTATION_CONTEXT('2D SPACE',''
  ) );
#4196 = PCURVE('',#4197,#4202);
#4197 = PLANE('',#4198);
#4198 = AXIS2_PLACEMENT_3D('',#4199,#4200,#4201);
#4199 = CARTESIAN_POINT('',(1.109033739583E+03,6.6,-166.7005931814));
#4200 = DIRECTION('',(0.,1.,0.));
#4201 = DIRECTION('',(0.,0.,-1.));
#4202 = DEFINITIONAL_REPRESENTATION('',(#4203),#4207);
#4203 = LINE('',#4204,#4205);
#4204 = CARTESIAN_POINT('',(0.5859375,0.));
#4205 = VECTOR('',#4206,1.);
#4206 = DIRECTION('',(0.,1.));
#4207 = ( GEOMETRIC_REPRESENTATION_CONTEXT(2) 
PARAMETRIC_REPRESENTATION_CONTEXT() REPRESENTATION_CONTEXT('2D SPACE',''
  ) );
#4208 = ORIENTED_EDGE('',*,*,#4209,.F.);
#4209 = EDGE_CURVE('',#861,#4182,#4210,.T.);
#4210 = SURFACE_CURVE('',#4211,(#4215,#4222),.PCURVE_S1.);
#4211 = LINE('',#4212,#4213);
#4212 = CARTESIAN_POINT('',(1.10838432552E+03,5.95,-167.2865306814));
#4213 = VECTOR('',#4214,1.);
#4214 = DIRECTION('',(0.,1.,0.));
#4215 = PCURVE('',#877,#4216);
#4216 = DEFINITIONAL_REPRESENTATION('',(#4217),#4221);
#4217 = LINE('',#4218,#4219);
#4218 = CARTESIAN_POINT('',(0.6494140625,0.));
#4219 = VECTOR('',#4220,1.);
#4220 = DIRECTION('',(0.,-1.));
#4221 = ( GEOMETRIC_REPRESENTATION_CONTEXT(2) 
PARAMETRIC_REPRESENTATION_CONTEXT() REPRESENTATION_CONTEXT('2D SPACE',''
  ) );
#4222 = PCURVE('',#903,#4223);
#4223 = DEFINITIONAL_REPRESENTATION('',(#4224),#4228);
#4224 = LINE('',#4225,#4226);
#4225 = CARTESIAN_POINT('',(0.,-0.));
#4226 = VECTOR('',#4227,1.);
#4227 = DIRECTION('',(0.,-1.));
#4228 = ( GEOMETRIC_REPRESENTATION_CONTEXT(2) 
PARAMETRIC_REPRESENTATION_CONTEXT() REPRESENTATION_CONTEXT('2D SPACE',''
  ) );
#4229 = ADVANCED_FACE('',(#4230),#1135,.T.);
#4230 = FACE_BOUND('',#4231,.T.);
#4231 = EDGE_LOOP('',(#4232,#4233,#4256,#4277));
#4232 = ORIENTED_EDGE('',*,*,#1122,.T.);
#4233 = ORIENTED_EDGE('',*,*,#4234,.T.);
#4234 = EDGE_CURVE('',#1097,#4235,#4237,.T.);
#4235 = VERTEX_POINT('',#4236);
#4236 = CARTESIAN_POINT('',(1.109033739583E+03,6.6,-169.8353588064));
#4237 = SURFACE_CURVE('',#4238,(#4242,#4249),.PCURVE_S1.);
#4238 = LINE('',#4239,#4240);
#4239 = CARTESIAN_POINT('',(1.109033739583E+03,5.95,-169.8353588064));
#4240 = VECTOR('',#4241,1.);
#4241 = DIRECTION('',(0.,1.,0.));
#4242 = PCURVE('',#1135,#4243);
#4243 = DEFINITIONAL_REPRESENTATION('',(#4244),#4248);
#4244 = LINE('',#4245,#4246);
#4245 = CARTESIAN_POINT('',(0.,0.));
#4246 = VECTOR('',#4247,1.);
#4247 = DIRECTION('',(0.,-1.));
#4248 = ( GEOMETRIC_REPRESENTATION_CONTEXT(2) 
PARAMETRIC_REPRESENTATION_CONTEXT() REPRESENTATION_CONTEXT('2D SPACE',''
  ) );
#4249 = PCURVE('',#1111,#4250);
#4250 = DEFINITIONAL_REPRESENTATION('',(#4251),#4255);
#4251 = LINE('',#4252,#4253);
#4252 = CARTESIAN_POINT('',(0.6494140625,0.));
#4253 = VECTOR('',#4254,1.);
#4254 = DIRECTION('',(0.,-1.));
#4255 = ( GEOMETRIC_REPRESENTATION_CONTEXT(2) 
PARAMETRIC_REPRESENTATION_CONTEXT() REPRESENTATION_CONTEXT('2D SPACE',''
  ) );
#4256 = ORIENTED_EDGE('',*,*,#4257,.T.);
#4257 = EDGE_CURVE('',#4235,#4159,#4258,.T.);
#4258 = SURFACE_CURVE('',#4259,(#4263,#4270),.PCURVE_S1.);
#4259 = LINE('',#4260,#4261);
#4260 = CARTESIAN_POINT('',(1.109033739583E+03,6.6,-169.8353588064));
#4261 = VECTOR('',#4262,1.);
#4262 = DIRECTION('',(0.,0.,1.));
#4263 = PCURVE('',#1135,#4264);
#4264 = DEFINITIONAL_REPRESENTATION('',(#4265),#4269);
#4265 = LINE('',#4266,#4267);
#4266 = CARTESIAN_POINT('',(0.,-0.65));
#4267 = VECTOR('',#4268,1.);
#4268 = DIRECTION('',(1.,0.));
#4269 = ( GEOMETRIC_REPRESENTATION_CONTEXT(2) 
PARAMETRIC_REPRESENTATION_CONTEXT() REPRESENTATION_CONTEXT('2D SPACE',''
  ) );
#4270 = PCURVE('',#4197,#4271);
#4271 = DEFINITIONAL_REPRESENTATION('',(#4272),#4276);
#4272 = LINE('',#4273,#4274);
#4273 = CARTESIAN_POINT('',(3.134765625,0.));
#4274 = VECTOR('',#4275,1.);
#4275 = DIRECTION('',(-1.,0.));
#4276 = ( GEOMETRIC_REPRESENTATION_CONTEXT(2) 
PARAMETRIC_REPRESENTATION_CONTEXT() REPRESENTATION_CONTEXT('2D SPACE',''
  ) );
#4277 = ORIENTED_EDGE('',*,*,#4158,.F.);
#4278 = ADVANCED_FACE('',(#4279),#1111,.T.);
#4279 = FACE_BOUND('',#4280,.T.);
#4280 = EDGE_LOOP('',(#4281,#4282,#4305,#4326));
#4281 = ORIENTED_EDGE('',*,*,#1096,.T.);
#4282 = ORIENTED_EDGE('',*,*,#4283,.T.);
#4283 = EDGE_CURVE('',#1071,#4284,#4286,.T.);
#4284 = VERTEX_POINT('',#4285);
#4285 = CARTESIAN_POINT('',(1.10838432552E+03,6.6,-169.8353588064));
#4286 = SURFACE_CURVE('',#4287,(#4291,#4298),.PCURVE_S1.);
#4287 = LINE('',#4288,#4289);
#4288 = CARTESIAN_POINT('',(1.10838432552E+03,5.95,-169.8353588064));
#4289 = VECTOR('',#4290,1.);
#4290 = DIRECTION('',(0.,1.,0.));
#4291 = PCURVE('',#1111,#4292);
#4292 = DEFINITIONAL_REPRESENTATION('',(#4293),#4297);
#4293 = LINE('',#4294,#4295);
#4294 = CARTESIAN_POINT('',(0.,0.));
#4295 = VECTOR('',#4296,1.);
#4296 = DIRECTION('',(0.,-1.));
#4297 = ( GEOMETRIC_REPRESENTATION_CONTEXT(2) 
PARAMETRIC_REPRESENTATION_CONTEXT() REPRESENTATION_CONTEXT('2D SPACE',''
  ) );
#4298 = PCURVE('',#1085,#4299);
#4299 = DEFINITIONAL_REPRESENTATION('',(#4300),#4304);
#4300 = LINE('',#4301,#4302);
#4301 = CARTESIAN_POINT('',(0.830078125,0.));
#4302 = VECTOR('',#4303,1.);
#4303 = DIRECTION('',(0.,-1.));
#4304 = ( GEOMETRIC_REPRESENTATION_CONTEXT(2) 
PARAMETRIC_REPRESENTATION_CONTEXT() REPRESENTATION_CONTEXT('2D SPACE',''
  ) );
#4305 = ORIENTED_EDGE('',*,*,#4306,.T.);
#4306 = EDGE_CURVE('',#4284,#4235,#4307,.T.);
#4307 = SURFACE_CURVE('',#4308,(#4312,#4319),.PCURVE_S1.);
#4308 = LINE('',#4309,#4310);
#4309 = CARTESIAN_POINT('',(1.10838432552E+03,6.6,-169.8353588064));
#4310 = VECTOR('',#4311,1.);
#4311 = DIRECTION('',(1.,0.,-0.));
#4312 = PCURVE('',#1111,#4313);
#4313 = DEFINITIONAL_REPRESENTATION('',(#4314),#4318);
#4314 = LINE('',#4315,#4316);
#4315 = CARTESIAN_POINT('',(0.,-0.65));
#4316 = VECTOR('',#4317,1.);
#4317 = DIRECTION('',(1.,0.));
#4318 = ( GEOMETRIC_REPRESENTATION_CONTEXT(2) 
PARAMETRIC_REPRESENTATION_CONTEXT() REPRESENTATION_CONTEXT('2D SPACE',''
  ) );
#4319 = PCURVE('',#4197,#4320);
#4320 = DEFINITIONAL_REPRESENTATION('',(#4321),#4325);
#4321 = LINE('',#4322,#4323);
#4322 = CARTESIAN_POINT('',(3.134765625,0.6494140625));
#4323 = VECTOR('',#4324,1.);
#4324 = DIRECTION('',(0.,-1.));
#4325 = ( GEOMETRIC_REPRESENTATION_CONTEXT(2) 
PARAMETRIC_REPRESENTATION_CONTEXT() REPRESENTATION_CONTEXT('2D SPACE',''
  ) );
#4326 = ORIENTED_EDGE('',*,*,#4234,.F.);
#4327 = ADVANCED_FACE('',(#4328),#1085,.T.);
#4328 = FACE_BOUND('',#4329,.T.);
#4329 = EDGE_LOOP('',(#4330,#4331,#4354,#4375));
#4330 = ORIENTED_EDGE('',*,*,#1070,.T.);
#4331 = ORIENTED_EDGE('',*,*,#4332,.T.);
#4332 = EDGE_CURVE('',#1045,#4333,#4335,.T.);
#4333 = VERTEX_POINT('',#4334);
#4334 = CARTESIAN_POINT('',(1.10838432552E+03,6.6,-169.0052806814));
#4335 = SURFACE_CURVE('',#4336,(#4340,#4347),.PCURVE_S1.);
#4336 = LINE('',#4337,#4338);
#4337 = CARTESIAN_POINT('',(1.10838432552E+03,5.95,-169.0052806814));
#4338 = VECTOR('',#4339,1.);
#4339 = DIRECTION('',(0.,1.,0.));
#4340 = PCURVE('',#1085,#4341);
#4341 = DEFINITIONAL_REPRESENTATION('',(#4342),#4346);
#4342 = LINE('',#4343,#4344);
#4343 = CARTESIAN_POINT('',(0.,-0.));
#4344 = VECTOR('',#4345,1.);
#4345 = DIRECTION('',(0.,-1.));
#4346 = ( GEOMETRIC_REPRESENTATION_CONTEXT(2) 
PARAMETRIC_REPRESENTATION_CONTEXT() REPRESENTATION_CONTEXT('2D SPACE',''
  ) );
#4347 = PCURVE('',#1059,#4348);
#4348 = DEFINITIONAL_REPRESENTATION('',(#4349),#4353);
#4349 = LINE('',#4350,#4351);
#4350 = CARTESIAN_POINT('',(2.99560546875,0.));
#4351 = VECTOR('',#4352,1.);
#4352 = DIRECTION('',(0.,-1.));
#4353 = ( GEOMETRIC_REPRESENTATION_CONTEXT(2) 
PARAMETRIC_REPRESENTATION_CONTEXT() REPRESENTATION_CONTEXT('2D SPACE',''
  ) );
#4354 = ORIENTED_EDGE('',*,*,#4355,.T.);
#4355 = EDGE_CURVE('',#4333,#4284,#4356,.T.);
#4356 = SURFACE_CURVE('',#4357,(#4361,#4368),.PCURVE_S1.);
#4357 = LINE('',#4358,#4359);
#4358 = CARTESIAN_POINT('',(1.10838432552E+03,6.6,-169.0052806814));
#4359 = VECTOR('',#4360,1.);
#4360 = DIRECTION('',(0.,0.,-1.));
#4361 = PCURVE('',#1085,#4362);
#4362 = DEFINITIONAL_REPRESENTATION('',(#4363),#4367);
#4363 = LINE('',#4364,#4365);
#4364 = CARTESIAN_POINT('',(0.,-0.65));
#4365 = VECTOR('',#4366,1.);
#4366 = DIRECTION('',(1.,0.));
#4367 = ( GEOMETRIC_REPRESENTATION_CONTEXT(2) 
PARAMETRIC_REPRESENTATION_CONTEXT() REPRESENTATION_CONTEXT('2D SPACE',''
  ) );
#4368 = PCURVE('',#4197,#4369);
#4369 = DEFINITIONAL_REPRESENTATION('',(#4370),#4374);
#4370 = LINE('',#4371,#4372);
#4371 = CARTESIAN_POINT('',(2.3046875,0.6494140625));
#4372 = VECTOR('',#4373,1.);
#4373 = DIRECTION('',(1.,0.));
#4374 = ( GEOMETRIC_REPRESENTATION_CONTEXT(2) 
PARAMETRIC_REPRESENTATION_CONTEXT() REPRESENTATION_CONTEXT('2D SPACE',''
  ) );
#4375 = ORIENTED_EDGE('',*,*,#4283,.F.);
#4376 = ADVANCED_FACE('',(#4377),#1059,.T.);
#4377 = FACE_BOUND('',#4378,.T.);
#4378 = EDGE_LOOP('',(#4379,#4380,#4403,#4424));
#4379 = ORIENTED_EDGE('',*,*,#1044,.T.);
#4380 = ORIENTED_EDGE('',*,*,#4381,.T.);
#4381 = EDGE_CURVE('',#1019,#4382,#4384,.T.);
#4382 = VERTEX_POINT('',#4383);
#4383 = CARTESIAN_POINT('',(1.105388720051E+03,6.6,-169.0052806814));
#4384 = SURFACE_CURVE('',#4385,(#4389,#4396),.PCURVE_S1.);
#4385 = LINE('',#4386,#4387);
#4386 = CARTESIAN_POINT('',(1.105388720051E+03,5.95,-169.0052806814));
#4387 = VECTOR('',#4388,1.);
#4388 = DIRECTION('',(0.,1.,0.));
#4389 = PCURVE('',#1059,#4390);
#4390 = DEFINITIONAL_REPRESENTATION('',(#4391),#4395);
#4391 = LINE('',#4392,#4393);
#4392 = CARTESIAN_POINT('',(0.,0.));
#4393 = VECTOR('',#4394,1.);
#4394 = DIRECTION('',(0.,-1.));
#4395 = ( GEOMETRIC_REPRESENTATION_CONTEXT(2) 
PARAMETRIC_REPRESENTATION_CONTEXT() REPRESENTATION_CONTEXT('2D SPACE',''
  ) );
#4396 = PCURVE('',#1033,#4397);
#4397 = DEFINITIONAL_REPRESENTATION('',(#4398),#4402);
#4398 = LINE('',#4399,#4400);
#4399 = CARTESIAN_POINT('',(0.8935546875,0.));
#4400 = VECTOR('',#4401,1.);
#4401 = DIRECTION('',(0.,-1.));
#4402 = ( GEOMETRIC_REPRESENTATION_CONTEXT(2) 
PARAMETRIC_REPRESENTATION_CONTEXT() REPRESENTATION_CONTEXT('2D SPACE',''
  ) );
#4403 = ORIENTED_EDGE('',*,*,#4404,.T.);
#4404 = EDGE_CURVE('',#4382,#4333,#4405,.T.);
#4405 = SURFACE_CURVE('',#4406,(#4410,#4417),.PCURVE_S1.);
#4406 = LINE('',#4407,#4408);
#4407 = CARTESIAN_POINT('',(1.105388720051E+03,6.6,-169.0052806814));
#4408 = VECTOR('',#4409,1.);
#4409 = DIRECTION('',(1.,0.,-0.));
#4410 = PCURVE('',#1059,#4411);
#4411 = DEFINITIONAL_REPRESENTATION('',(#4412),#4416);
#4412 = LINE('',#4413,#4414);
#4413 = CARTESIAN_POINT('',(0.,-0.65));
#4414 = VECTOR('',#4415,1.);
#4415 = DIRECTION('',(1.,0.));
#4416 = ( GEOMETRIC_REPRESENTATION_CONTEXT(2) 
PARAMETRIC_REPRESENTATION_CONTEXT() REPRESENTATION_CONTEXT('2D SPACE',''
  ) );
#4417 = PCURVE('',#4197,#4418);
#4418 = DEFINITIONAL_REPRESENTATION('',(#4419),#4423);
#4419 = LINE('',#4420,#4421);
#4420 = CARTESIAN_POINT('',(2.3046875,3.64501953125));
#4421 = VECTOR('',#4422,1.);
#4422 = DIRECTION('',(0.,-1.));
#4423 = ( GEOMETRIC_REPRESENTATION_CONTEXT(2) 
PARAMETRIC_REPRESENTATION_CONTEXT() REPRESENTATION_CONTEXT('2D SPACE',''
  ) );
#4424 = ORIENTED_EDGE('',*,*,#4332,.F.);
#4425 = ADVANCED_FACE('',(#4426),#1033,.T.);
#4426 = FACE_BOUND('',#4427,.T.);
#4427 = EDGE_LOOP('',(#4428,#4429,#4452,#4473));
#4428 = ORIENTED_EDGE('',*,*,#1018,.T.);
#4429 = ORIENTED_EDGE('',*,*,#4430,.T.);
#4430 = EDGE_CURVE('',#993,#4431,#4433,.T.);
#4431 = VERTEX_POINT('',#4432);
#4432 = CARTESIAN_POINT('',(1.105388720051E+03,6.6,-168.1117259939));
#4433 = SURFACE_CURVE('',#4434,(#4438,#4445),.PCURVE_S1.);
#4434 = LINE('',#4435,#4436);
#4435 = CARTESIAN_POINT('',(1.105388720051E+03,5.95,-168.1117259939));
#4436 = VECTOR('',#4437,1.);
#4437 = DIRECTION('',(0.,1.,0.));
#4438 = PCURVE('',#1033,#4439);
#4439 = DEFINITIONAL_REPRESENTATION('',(#4440),#4444);
#4440 = LINE('',#4441,#4442);
#4441 = CARTESIAN_POINT('',(0.,-0.));
#4442 = VECTOR('',#4443,1.);
#4443 = DIRECTION('',(0.,-1.));
#4444 = ( GEOMETRIC_REPRESENTATION_CONTEXT(2) 
PARAMETRIC_REPRESENTATION_CONTEXT() REPRESENTATION_CONTEXT('2D SPACE',''
  ) );
#4445 = PCURVE('',#1007,#4446);
#4446 = DEFINITIONAL_REPRESENTATION('',(#4447),#4451);
#4447 = LINE('',#4448,#4449);
#4448 = CARTESIAN_POINT('',(0.865212468199,0.));
#4449 = VECTOR('',#4450,1.);
#4450 = DIRECTION('',(0.,-1.));
#4451 = ( GEOMETRIC_REPRESENTATION_CONTEXT(2) 
PARAMETRIC_REPRESENTATION_CONTEXT() REPRESENTATION_CONTEXT('2D SPACE',''
  ) );
#4452 = ORIENTED_EDGE('',*,*,#4453,.T.);
#4453 = EDGE_CURVE('',#4431,#4382,#4454,.T.);
#4454 = SURFACE_CURVE('',#4455,(#4459,#4466),.PCURVE_S1.);
#4455 = LINE('',#4456,#4457);
#4456 = CARTESIAN_POINT('',(1.105388720051E+03,6.6,-168.1117259939));
#4457 = VECTOR('',#4458,1.);
#4458 = DIRECTION('',(0.,0.,-1.));
#4459 = PCURVE('',#1033,#4460);
#4460 = DEFINITIONAL_REPRESENTATION('',(#4461),#4465);
#4461 = LINE('',#4462,#4463);
#4462 = CARTESIAN_POINT('',(0.,-0.65));
#4463 = VECTOR('',#4464,1.);
#4464 = DIRECTION('',(1.,0.));
#4465 = ( GEOMETRIC_REPRESENTATION_CONTEXT(2) 
PARAMETRIC_REPRESENTATION_CONTEXT() REPRESENTATION_CONTEXT('2D SPACE',''
  ) );
#4466 = PCURVE('',#4197,#4467);
#4467 = DEFINITIONAL_REPRESENTATION('',(#4468),#4472);
#4468 = LINE('',#4469,#4470);
#4469 = CARTESIAN_POINT('',(1.4111328125,3.64501953125));
#4470 = VECTOR('',#4471,1.);
#4471 = DIRECTION('',(1.,0.));
#4472 = ( GEOMETRIC_REPRESENTATION_CONTEXT(2) 
PARAMETRIC_REPRESENTATION_CONTEXT() REPRESENTATION_CONTEXT('2D SPACE',''
  ) );
#4473 = ORIENTED_EDGE('',*,*,#4381,.F.);
#4474 = ADVANCED_FACE('',(#4475),#1007,.T.);
#4475 = FACE_BOUND('',#4476,.T.);
#4476 = EDGE_LOOP('',(#4477,#4478,#4501,#4522));
#4477 = ORIENTED_EDGE('',*,*,#992,.T.);
#4478 = ORIENTED_EDGE('',*,*,#4479,.T.);
#4479 = EDGE_CURVE('',#967,#4480,#4482,.T.);
#4480 = VERTEX_POINT('',#4481);
#4481 = CARTESIAN_POINT('',(1.105564501301E+03,6.6,-167.2645580251));
#4482 = SURFACE_CURVE('',#4483,(#4487,#4494),.PCURVE_S1.);
#4483 = LINE('',#4484,#4485);
#4484 = CARTESIAN_POINT('',(1.105564501301E+03,5.95,-167.2645580251));
#4485 = VECTOR('',#4486,1.);
#4486 = DIRECTION('',(0.,1.,0.));
#4487 = PCURVE('',#1007,#4488);
#4488 = DEFINITIONAL_REPRESENTATION('',(#4489),#4493);
#4489 = LINE('',#4490,#4491);
#4490 = CARTESIAN_POINT('',(0.,0.));
#4491 = VECTOR('',#4492,1.);
#4492 = DIRECTION('',(0.,-1.));
#4493 = ( GEOMETRIC_REPRESENTATION_CONTEXT(2) 
PARAMETRIC_REPRESENTATION_CONTEXT() REPRESENTATION_CONTEXT('2D SPACE',''
  ) );
#4494 = PCURVE('',#981,#4495);
#4495 = DEFINITIONAL_REPRESENTATION('',(#4496),#4500);
#4496 = LINE('',#4497,#4498);
#4497 = CARTESIAN_POINT('',(0.6396484375,0.));
#4498 = VECTOR('',#4499,1.);
#4499 = DIRECTION('',(0.,-1.));
#4500 = ( GEOMETRIC_REPRESENTATION_CONTEXT(2) 
PARAMETRIC_REPRESENTATION_CONTEXT() REPRESENTATION_CONTEXT('2D SPACE',''
  ) );
#4501 = ORIENTED_EDGE('',*,*,#4502,.T.);
#4502 = EDGE_CURVE('',#4480,#4431,#4503,.T.);
#4503 = SURFACE_CURVE('',#4504,(#4508,#4515),.PCURVE_S1.);
#4504 = LINE('',#4505,#4506);
#4505 = CARTESIAN_POINT('',(1.105564501301E+03,6.6,-167.2645580251));
#4506 = VECTOR('',#4507,1.);
#4507 = DIRECTION('',(-0.203165414809,0.,-0.979144429707));
#4508 = PCURVE('',#1007,#4509);
#4509 = DEFINITIONAL_REPRESENTATION('',(#4510),#4514);
#4510 = LINE('',#4511,#4512);
#4511 = CARTESIAN_POINT('',(0.,-0.65));
#4512 = VECTOR('',#4513,1.);
#4513 = DIRECTION('',(1.,0.));
#4514 = ( GEOMETRIC_REPRESENTATION_CONTEXT(2) 
PARAMETRIC_REPRESENTATION_CONTEXT() REPRESENTATION_CONTEXT('2D SPACE',''
  ) );
#4515 = PCURVE('',#4197,#4516);
#4516 = DEFINITIONAL_REPRESENTATION('',(#4517),#4521);
#4517 = LINE('',#4518,#4519);
#4518 = CARTESIAN_POINT('',(0.56396484375,3.46923828125));
#4519 = VECTOR('',#4520,1.);
#4520 = DIRECTION('',(0.979144429707,0.203165414809));
#4521 = ( GEOMETRIC_REPRESENTATION_CONTEXT(2) 
PARAMETRIC_REPRESENTATION_CONTEXT() REPRESENTATION_CONTEXT('2D SPACE',''
  ) );
#4522 = ORIENTED_EDGE('',*,*,#4430,.F.);
#4523 = ADVANCED_FACE('',(#4524),#981,.T.);
#4524 = FACE_BOUND('',#4525,.T.);
#4525 = EDGE_LOOP('',(#4526,#4527,#4550,#4571));
#4526 = ORIENTED_EDGE('',*,*,#966,.T.);
#4527 = ORIENTED_EDGE('',*,*,#4528,.T.);
#4528 = EDGE_CURVE('',#941,#4529,#4531,.T.);
#4529 = VERTEX_POINT('',#4530);
#4530 = CARTESIAN_POINT('',(1.106204149739E+03,6.6,-167.2645580251));
#4531 = SURFACE_CURVE('',#4532,(#4536,#4543),.PCURVE_S1.);
#4532 = LINE('',#4533,#4534);
#4533 = CARTESIAN_POINT('',(1.106204149739E+03,5.95,-167.2645580251));
#4534 = VECTOR('',#4535,1.);
#4535 = DIRECTION('',(0.,1.,0.));
#4536 = PCURVE('',#981,#4537);
#4537 = DEFINITIONAL_REPRESENTATION('',(#4538),#4542);
#4538 = LINE('',#4539,#4540);
#4539 = CARTESIAN_POINT('',(0.,0.));
#4540 = VECTOR('',#4541,1.);
#4541 = DIRECTION('',(0.,-1.));
#4542 = ( GEOMETRIC_REPRESENTATION_CONTEXT(2) 
PARAMETRIC_REPRESENTATION_CONTEXT() REPRESENTATION_CONTEXT('2D SPACE',''
  ) );
#4543 = PCURVE('',#955,#4544);
#4544 = DEFINITIONAL_REPRESENTATION('',(#4545),#4549);
#4545 = LINE('',#4546,#4547);
#4546 = CARTESIAN_POINT('',(0.869994012439,0.));
#4547 = VECTOR('',#4548,1.);
#4548 = DIRECTION('',(0.,-1.));
#4549 = ( GEOMETRIC_REPRESENTATION_CONTEXT(2) 
PARAMETRIC_REPRESENTATION_CONTEXT() REPRESENTATION_CONTEXT('2D SPACE',''
  ) );
#4550 = ORIENTED_EDGE('',*,*,#4551,.T.);
#4551 = EDGE_CURVE('',#4529,#4480,#4552,.T.);
#4552 = SURFACE_CURVE('',#4553,(#4557,#4564),.PCURVE_S1.);
#4553 = LINE('',#4554,#4555);
#4554 = CARTESIAN_POINT('',(1.106204149739E+03,6.6,-167.2645580251));
#4555 = VECTOR('',#4556,1.);
#4556 = DIRECTION('',(-1.,0.,0.));
#4557 = PCURVE('',#981,#4558);
#4558 = DEFINITIONAL_REPRESENTATION('',(#4559),#4563);
#4559 = LINE('',#4560,#4561);
#4560 = CARTESIAN_POINT('',(0.,-0.65));
#4561 = VECTOR('',#4562,1.);
#4562 = DIRECTION('',(1.,0.));
#4563 = ( GEOMETRIC_REPRESENTATION_CONTEXT(2) 
PARAMETRIC_REPRESENTATION_CONTEXT() REPRESENTATION_CONTEXT('2D SPACE',''
  ) );
#4564 = PCURVE('',#4197,#4565);
#4565 = DEFINITIONAL_REPRESENTATION('',(#4566),#4570);
#4566 = LINE('',#4567,#4568);
#4567 = CARTESIAN_POINT('',(0.56396484375,2.82958984375));
#4568 = VECTOR('',#4569,1.);
#4569 = DIRECTION('',(0.,1.));
#4570 = ( GEOMETRIC_REPRESENTATION_CONTEXT(2) 
PARAMETRIC_REPRESENTATION_CONTEXT() REPRESENTATION_CONTEXT('2D SPACE',''
  ) );
#4571 = ORIENTED_EDGE('',*,*,#4479,.F.);
#4572 = ADVANCED_FACE('',(#4573),#955,.T.);
#4573 = FACE_BOUND('',#4574,.T.);
#4574 = EDGE_LOOP('',(#4575,#4576,#4599,#4620));
#4575 = ORIENTED_EDGE('',*,*,#940,.T.);
#4576 = ORIENTED_EDGE('',*,*,#4577,.T.);
#4577 = EDGE_CURVE('',#915,#4578,#4580,.T.);
#4578 = VERTEX_POINT('',#4579);
#4579 = CARTESIAN_POINT('',(1.106028368489E+03,6.6,-168.1166088064));
#4580 = SURFACE_CURVE('',#4581,(#4585,#4592),.PCURVE_S1.);
#4581 = LINE('',#4582,#4583);
#4582 = CARTESIAN_POINT('',(1.106028368489E+03,5.95,-168.1166088064));
#4583 = VECTOR('',#4584,1.);
#4584 = DIRECTION('',(0.,1.,0.));
#4585 = PCURVE('',#955,#4586);
#4586 = DEFINITIONAL_REPRESENTATION('',(#4587),#4591);
#4587 = LINE('',#4588,#4589);
#4588 = CARTESIAN_POINT('',(0.,0.));
#4589 = VECTOR('',#4590,1.);
#4590 = DIRECTION('',(0.,-1.));
#4591 = ( GEOMETRIC_REPRESENTATION_CONTEXT(2) 
PARAMETRIC_REPRESENTATION_CONTEXT() REPRESENTATION_CONTEXT('2D SPACE',''
  ) );
#4592 = PCURVE('',#929,#4593);
#4593 = DEFINITIONAL_REPRESENTATION('',(#4594),#4598);
#4594 = LINE('',#4595,#4596);
#4595 = CARTESIAN_POINT('',(2.35595703125,0.));
#4596 = VECTOR('',#4597,1.);
#4597 = DIRECTION('',(0.,-1.));
#4598 = ( GEOMETRIC_REPRESENTATION_CONTEXT(2) 
PARAMETRIC_REPRESENTATION_CONTEXT() REPRESENTATION_CONTEXT('2D SPACE',''
  ) );
#4599 = ORIENTED_EDGE('',*,*,#4600,.T.);
#4600 = EDGE_CURVE('',#4578,#4529,#4601,.T.);
#4601 = SURFACE_CURVE('',#4602,(#4606,#4613),.PCURVE_S1.);
#4602 = LINE('',#4603,#4604);
#4603 = CARTESIAN_POINT('',(1.106028368489E+03,6.6,-168.1166088064));
#4604 = VECTOR('',#4605,1.);
#4605 = DIRECTION('',(0.202048804344,0.,0.979375454391));
#4606 = PCURVE('',#955,#4607);
#4607 = DEFINITIONAL_REPRESENTATION('',(#4608),#4612);
#4608 = LINE('',#4609,#4610);
#4609 = CARTESIAN_POINT('',(0.,-0.65));
#4610 = VECTOR('',#4611,1.);
#4611 = DIRECTION('',(1.,0.));
#4612 = ( GEOMETRIC_REPRESENTATION_CONTEXT(2) 
PARAMETRIC_REPRESENTATION_CONTEXT() REPRESENTATION_CONTEXT('2D SPACE',''
  ) );
#4613 = PCURVE('',#4197,#4614);
#4614 = DEFINITIONAL_REPRESENTATION('',(#4615),#4619);
#4615 = LINE('',#4616,#4617);
#4616 = CARTESIAN_POINT('',(1.416015625,3.00537109375));
#4617 = VECTOR('',#4618,1.);
#4618 = DIRECTION('',(-0.979375454391,-0.202048804344));
#4619 = ( GEOMETRIC_REPRESENTATION_CONTEXT(2) 
PARAMETRIC_REPRESENTATION_CONTEXT() REPRESENTATION_CONTEXT('2D SPACE',''
  ) );
#4620 = ORIENTED_EDGE('',*,*,#4528,.F.);
#4621 = ADVANCED_FACE('',(#4622),#929,.T.);
#4622 = FACE_BOUND('',#4623,.T.);
#4623 = EDGE_LOOP('',(#4624,#4625,#4648,#4669));
#4624 = ORIENTED_EDGE('',*,*,#914,.T.);
#4625 = ORIENTED_EDGE('',*,*,#4626,.T.);
#4626 = EDGE_CURVE('',#889,#4627,#4629,.T.);
#4627 = VERTEX_POINT('',#4628);
#4628 = CARTESIAN_POINT('',(1.10838432552E+03,6.6,-168.1166088064));
#4629 = SURFACE_CURVE('',#4630,(#4634,#4641),.PCURVE_S1.);
#4630 = LINE('',#4631,#4632);
#4631 = CARTESIAN_POINT('',(1.10838432552E+03,5.95,-168.1166088064));
#4632 = VECTOR('',#4633,1.);
#4633 = DIRECTION('',(0.,1.,0.));
#4634 = PCURVE('',#929,#4635);
#4635 = DEFINITIONAL_REPRESENTATION('',(#4636),#4640);
#4636 = LINE('',#4637,#4638);
#4637 = CARTESIAN_POINT('',(0.,0.));
#4638 = VECTOR('',#4639,1.);
#4639 = DIRECTION('',(0.,-1.));
#4640 = ( GEOMETRIC_REPRESENTATION_CONTEXT(2) 
PARAMETRIC_REPRESENTATION_CONTEXT() REPRESENTATION_CONTEXT('2D SPACE',''
  ) );
#4641 = PCURVE('',#903,#4642);
#4642 = DEFINITIONAL_REPRESENTATION('',(#4643),#4647);
#4643 = LINE('',#4644,#4645);
#4644 = CARTESIAN_POINT('',(0.830078125,0.));
#4645 = VECTOR('',#4646,1.);
#4646 = DIRECTION('',(0.,-1.));
#4647 = ( GEOMETRIC_REPRESENTATION_CONTEXT(2) 
PARAMETRIC_REPRESENTATION_CONTEXT() REPRESENTATION_CONTEXT('2D SPACE',''
  ) );
#4648 = ORIENTED_EDGE('',*,*,#4649,.T.);
#4649 = EDGE_CURVE('',#4627,#4578,#4650,.T.);
#4650 = SURFACE_CURVE('',#4651,(#4655,#4662),.PCURVE_S1.);
#4651 = LINE('',#4652,#4653);
#4652 = CARTESIAN_POINT('',(1.10838432552E+03,6.6,-168.1166088064));
#4653 = VECTOR('',#4654,1.);
#4654 = DIRECTION('',(-1.,0.,0.));
#4655 = PCURVE('',#929,#4656);
#4656 = DEFINITIONAL_REPRESENTATION('',(#4657),#4661);
#4657 = LINE('',#4658,#4659);
#4658 = CARTESIAN_POINT('',(0.,-0.65));
#4659 = VECTOR('',#4660,1.);
#4660 = DIRECTION('',(1.,0.));
#4661 = ( GEOMETRIC_REPRESENTATION_CONTEXT(2) 
PARAMETRIC_REPRESENTATION_CONTEXT() REPRESENTATION_CONTEXT('2D SPACE',''
  ) );
#4662 = PCURVE('',#4197,#4663);
#4663 = DEFINITIONAL_REPRESENTATION('',(#4664),#4668);
#4664 = LINE('',#4665,#4666);
#4665 = CARTESIAN_POINT('',(1.416015625,0.6494140625));
#4666 = VECTOR('',#4667,1.);
#4667 = DIRECTION('',(0.,1.));
#4668 = ( GEOMETRIC_REPRESENTATION_CONTEXT(2) 
PARAMETRIC_REPRESENTATION_CONTEXT() REPRESENTATION_CONTEXT('2D SPACE',''
  ) );
#4669 = ORIENTED_EDGE('',*,*,#4577,.F.);
#4670 = ADVANCED_FACE('',(#4671),#903,.T.);
#4671 = FACE_BOUND('',#4672,.T.);
#4672 = EDGE_LOOP('',(#4673,#4674,#4675,#4696));
#4673 = ORIENTED_EDGE('',*,*,#888,.T.);
#4674 = ORIENTED_EDGE('',*,*,#4209,.T.);
#4675 = ORIENTED_EDGE('',*,*,#4676,.T.);
#4676 = EDGE_CURVE('',#4182,#4627,#4677,.T.);
#4677 = SURFACE_CURVE('',#4678,(#4682,#4689),.PCURVE_S1.);
#4678 = LINE('',#4679,#4680);
#4679 = CARTESIAN_POINT('',(1.10838432552E+03,6.6,-167.2865306814));
#4680 = VECTOR('',#4681,1.);
#4681 = DIRECTION('',(0.,0.,-1.));
#4682 = PCURVE('',#903,#4683);
#4683 = DEFINITIONAL_REPRESENTATION('',(#4684),#4688);
#4684 = LINE('',#4685,#4686);
#4685 = CARTESIAN_POINT('',(0.,-0.65));
#4686 = VECTOR('',#4687,1.);
#4687 = DIRECTION('',(1.,0.));
#4688 = ( GEOMETRIC_REPRESENTATION_CONTEXT(2) 
PARAMETRIC_REPRESENTATION_CONTEXT() REPRESENTATION_CONTEXT('2D SPACE',''
  ) );
#4689 = PCURVE('',#4197,#4690);
#4690 = DEFINITIONAL_REPRESENTATION('',(#4691),#4695);
#4691 = LINE('',#4692,#4693);
#4692 = CARTESIAN_POINT('',(0.5859375,0.6494140625));
#4693 = VECTOR('',#4694,1.);
#4694 = DIRECTION('',(1.,0.));
#4695 = ( GEOMETRIC_REPRESENTATION_CONTEXT(2) 
PARAMETRIC_REPRESENTATION_CONTEXT() REPRESENTATION_CONTEXT('2D SPACE',''
  ) );
#4696 = ORIENTED_EDGE('',*,*,#4626,.F.);
#4697 = ADVANCED_FACE('',(#4698),#1165,.T.);
#4698 = FACE_BOUND('',#4699,.T.);
#4699 = EDGE_LOOP('',(#4700,#4701,#4724,#4752));
#4700 = ORIENTED_EDGE('',*,*,#1148,.T.);
#4701 = ORIENTED_EDGE('',*,*,#4702,.T.);
#4702 = EDGE_CURVE('',#1151,#4703,#4705,.T.);
#4703 = VERTEX_POINT('',#4704);
#4704 = CARTESIAN_POINT('',(1.109033739583E+03,6.6,-163.8075267751));
#4705 = SURFACE_CURVE('',#4706,(#4710,#4717),.PCURVE_S1.);
#4706 = LINE('',#4707,#4708);
#4707 = CARTESIAN_POINT('',(1.109033739583E+03,5.95,-163.8075267751));
#4708 = VECTOR('',#4709,1.);
#4709 = DIRECTION('',(0.,1.,0.));
#4710 = PCURVE('',#1165,#4711);
#4711 = DEFINITIONAL_REPRESENTATION('',(#4712),#4716);
#4712 = LINE('',#4713,#4714);
#4713 = CARTESIAN_POINT('',(0.,0.));
#4714 = VECTOR('',#4715,1.);
#4715 = DIRECTION('',(0.,-1.));
#4716 = ( GEOMETRIC_REPRESENTATION_CONTEXT(2) 
PARAMETRIC_REPRESENTATION_CONTEXT() REPRESENTATION_CONTEXT('2D SPACE',''
  ) );
#4717 = PCURVE('',#1423,#4718);
#4718 = DEFINITIONAL_REPRESENTATION('',(#4719),#4723);
#4719 = LINE('',#4720,#4721);
#4720 = CARTESIAN_POINT('',(2.548828125,0.));
#4721 = VECTOR('',#4722,1.);
#4722 = DIRECTION('',(0.,-1.));
#4723 = ( GEOMETRIC_REPRESENTATION_CONTEXT(2) 
PARAMETRIC_REPRESENTATION_CONTEXT() REPRESENTATION_CONTEXT('2D SPACE',''
  ) );
#4724 = ORIENTED_EDGE('',*,*,#4725,.T.);
#4725 = EDGE_CURVE('',#4703,#4726,#4728,.T.);
#4726 = VERTEX_POINT('',#4727);
#4727 = CARTESIAN_POINT('',(1.10838432552E+03,6.6,-163.8075267751));
#4728 = SURFACE_CURVE('',#4729,(#4733,#4740),.PCURVE_S1.);
#4729 = LINE('',#4730,#4731);
#4730 = CARTESIAN_POINT('',(1.109033739583E+03,6.6,-163.8075267751));
#4731 = VECTOR('',#4732,1.);
#4732 = DIRECTION('',(-1.,0.,0.));
#4733 = PCURVE('',#1165,#4734);
#4734 = DEFINITIONAL_REPRESENTATION('',(#4735),#4739);
#4735 = LINE('',#4736,#4737);
#4736 = CARTESIAN_POINT('',(0.,-0.65));
#4737 = VECTOR('',#4738,1.);
#4738 = DIRECTION('',(1.,0.));
#4739 = ( GEOMETRIC_REPRESENTATION_CONTEXT(2) 
PARAMETRIC_REPRESENTATION_CONTEXT() REPRESENTATION_CONTEXT('2D SPACE',''
  ) );
#4740 = PCURVE('',#4741,#4746);
#4741 = PLANE('',#4742);
#4742 = AXIS2_PLACEMENT_3D('',#4743,#4744,#4745);
#4743 = CARTESIAN_POINT('',(1.109033739583E+03,6.6,-163.2215892751));
#4744 = DIRECTION('',(0.,1.,0.));
#4745 = DIRECTION('',(0.,0.,-1.));
#4746 = DEFINITIONAL_REPRESENTATION('',(#4747),#4751);
#4747 = LINE('',#4748,#4749);
#4748 = CARTESIAN_POINT('',(0.5859375,0.));
#4749 = VECTOR('',#4750,1.);
#4750 = DIRECTION('',(0.,1.));
#4751 = ( GEOMETRIC_REPRESENTATION_CONTEXT(2) 
PARAMETRIC_REPRESENTATION_CONTEXT() REPRESENTATION_CONTEXT('2D SPACE',''
  ) );
#4752 = ORIENTED_EDGE('',*,*,#4753,.F.);
#4753 = EDGE_CURVE('',#1149,#4726,#4754,.T.);
#4754 = SURFACE_CURVE('',#4755,(#4759,#4766),.PCURVE_S1.);
#4755 = LINE('',#4756,#4757);
#4756 = CARTESIAN_POINT('',(1.10838432552E+03,5.95,-163.8075267751));
#4757 = VECTOR('',#4758,1.);
#4758 = DIRECTION('',(0.,1.,0.));
#4759 = PCURVE('',#1165,#4760);
#4760 = DEFINITIONAL_REPRESENTATION('',(#4761),#4765);
#4761 = LINE('',#4762,#4763);
#4762 = CARTESIAN_POINT('',(0.6494140625,0.));
#4763 = VECTOR('',#4764,1.);
#4764 = DIRECTION('',(0.,-1.));
#4765 = ( GEOMETRIC_REPRESENTATION_CONTEXT(2) 
PARAMETRIC_REPRESENTATION_CONTEXT() REPRESENTATION_CONTEXT('2D SPACE',''
  ) );
#4766 = PCURVE('',#1191,#4767);
#4767 = DEFINITIONAL_REPRESENTATION('',(#4768),#4772);
#4768 = LINE('',#4769,#4770);
#4769 = CARTESIAN_POINT('',(0.,-0.));
#4770 = VECTOR('',#4771,1.);
#4771 = DIRECTION('',(0.,-1.));
#4772 = ( GEOMETRIC_REPRESENTATION_CONTEXT(2) 
PARAMETRIC_REPRESENTATION_CONTEXT() REPRESENTATION_CONTEXT('2D SPACE',''
  ) );
#4773 = ADVANCED_FACE('',(#4774),#1423,.T.);
#4774 = FACE_BOUND('',#4775,.T.);
#4775 = EDGE_LOOP('',(#4776,#4777,#4800,#4821));
#4776 = ORIENTED_EDGE('',*,*,#1410,.T.);
#4777 = ORIENTED_EDGE('',*,*,#4778,.T.);
#4778 = EDGE_CURVE('',#1385,#4779,#4781,.T.);
#4779 = VERTEX_POINT('',#4780);
#4780 = CARTESIAN_POINT('',(1.109033739583E+03,6.6,-166.3563549001));
#4781 = SURFACE_CURVE('',#4782,(#4786,#4793),.PCURVE_S1.);
#4782 = LINE('',#4783,#4784);
#4783 = CARTESIAN_POINT('',(1.109033739583E+03,5.95,-166.3563549001));
#4784 = VECTOR('',#4785,1.);
#4785 = DIRECTION('',(0.,1.,0.));
#4786 = PCURVE('',#1423,#4787);
#4787 = DEFINITIONAL_REPRESENTATION('',(#4788),#4792);
#4788 = LINE('',#4789,#4790);
#4789 = CARTESIAN_POINT('',(0.,0.));
#4790 = VECTOR('',#4791,1.);
#4791 = DIRECTION('',(0.,-1.));
#4792 = ( GEOMETRIC_REPRESENTATION_CONTEXT(2) 
PARAMETRIC_REPRESENTATION_CONTEXT() REPRESENTATION_CONTEXT('2D SPACE',''
  ) );
#4793 = PCURVE('',#1399,#4794);
#4794 = DEFINITIONAL_REPRESENTATION('',(#4795),#4799);
#4795 = LINE('',#4796,#4797);
#4796 = CARTESIAN_POINT('',(0.6494140625,0.));
#4797 = VECTOR('',#4798,1.);
#4798 = DIRECTION('',(0.,-1.));
#4799 = ( GEOMETRIC_REPRESENTATION_CONTEXT(2) 
PARAMETRIC_REPRESENTATION_CONTEXT() REPRESENTATION_CONTEXT('2D SPACE',''
  ) );
#4800 = ORIENTED_EDGE('',*,*,#4801,.T.);
#4801 = EDGE_CURVE('',#4779,#4703,#4802,.T.);
#4802 = SURFACE_CURVE('',#4803,(#4807,#4814),.PCURVE_S1.);
#4803 = LINE('',#4804,#4805);
#4804 = CARTESIAN_POINT('',(1.109033739583E+03,6.6,-166.3563549001));
#4805 = VECTOR('',#4806,1.);
#4806 = DIRECTION('',(0.,0.,1.));
#4807 = PCURVE('',#1423,#4808);
#4808 = DEFINITIONAL_REPRESENTATION('',(#4809),#4813);
#4809 = LINE('',#4810,#4811);
#4810 = CARTESIAN_POINT('',(0.,-0.65));
#4811 = VECTOR('',#4812,1.);
#4812 = DIRECTION('',(1.,0.));
#4813 = ( GEOMETRIC_REPRESENTATION_CONTEXT(2) 
PARAMETRIC_REPRESENTATION_CONTEXT() REPRESENTATION_CONTEXT('2D SPACE',''
  ) );
#4814 = PCURVE('',#4741,#4815);
#4815 = DEFINITIONAL_REPRESENTATION('',(#4816),#4820);
#4816 = LINE('',#4817,#4818);
#4817 = CARTESIAN_POINT('',(3.134765625,0.));
#4818 = VECTOR('',#4819,1.);
#4819 = DIRECTION('',(-1.,0.));
#4820 = ( GEOMETRIC_REPRESENTATION_CONTEXT(2) 
PARAMETRIC_REPRESENTATION_CONTEXT() REPRESENTATION_CONTEXT('2D SPACE',''
  ) );
#4821 = ORIENTED_EDGE('',*,*,#4702,.F.);
#4822 = ADVANCED_FACE('',(#4823),#1399,.T.);
#4823 = FACE_BOUND('',#4824,.T.);
#4824 = EDGE_LOOP('',(#4825,#4826,#4849,#4870));
#4825 = ORIENTED_EDGE('',*,*,#1384,.T.);
#4826 = ORIENTED_EDGE('',*,*,#4827,.T.);
#4827 = EDGE_CURVE('',#1359,#4828,#4830,.T.);
#4828 = VERTEX_POINT('',#4829);
#4829 = CARTESIAN_POINT('',(1.10838432552E+03,6.6,-166.3563549001));
#4830 = SURFACE_CURVE('',#4831,(#4835,#4842),.PCURVE_S1.);
#4831 = LINE('',#4832,#4833);
#4832 = CARTESIAN_POINT('',(1.10838432552E+03,5.95,-166.3563549001));
#4833 = VECTOR('',#4834,1.);
#4834 = DIRECTION('',(0.,1.,0.));
#4835 = PCURVE('',#1399,#4836);
#4836 = DEFINITIONAL_REPRESENTATION('',(#4837),#4841);
#4837 = LINE('',#4838,#4839);
#4838 = CARTESIAN_POINT('',(0.,0.));
#4839 = VECTOR('',#4840,1.);
#4840 = DIRECTION('',(0.,-1.));
#4841 = ( GEOMETRIC_REPRESENTATION_CONTEXT(2) 
PARAMETRIC_REPRESENTATION_CONTEXT() REPRESENTATION_CONTEXT('2D SPACE',''
  ) );
#4842 = PCURVE('',#1373,#4843);
#4843 = DEFINITIONAL_REPRESENTATION('',(#4844),#4848);
#4844 = LINE('',#4845,#4846);
#4845 = CARTESIAN_POINT('',(0.830078125,0.));
#4846 = VECTOR('',#4847,1.);
#4847 = DIRECTION('',(0.,-1.));
#4848 = ( GEOMETRIC_REPRESENTATION_CONTEXT(2) 
PARAMETRIC_REPRESENTATION_CONTEXT() REPRESENTATION_CONTEXT('2D SPACE',''
  ) );
#4849 = ORIENTED_EDGE('',*,*,#4850,.T.);
#4850 = EDGE_CURVE('',#4828,#4779,#4851,.T.);
#4851 = SURFACE_CURVE('',#4852,(#4856,#4863),.PCURVE_S1.);
#4852 = LINE('',#4853,#4854);
#4853 = CARTESIAN_POINT('',(1.10838432552E+03,6.6,-166.3563549001));
#4854 = VECTOR('',#4855,1.);
#4855 = DIRECTION('',(1.,0.,-0.));
#4856 = PCURVE('',#1399,#4857);
#4857 = DEFINITIONAL_REPRESENTATION('',(#4858),#4862);
#4858 = LINE('',#4859,#4860);
#4859 = CARTESIAN_POINT('',(0.,-0.65));
#4860 = VECTOR('',#4861,1.);
#4861 = DIRECTION('',(1.,0.));
#4862 = ( GEOMETRIC_REPRESENTATION_CONTEXT(2) 
PARAMETRIC_REPRESENTATION_CONTEXT() REPRESENTATION_CONTEXT('2D SPACE',''
  ) );
#4863 = PCURVE('',#4741,#4864);
#4864 = DEFINITIONAL_REPRESENTATION('',(#4865),#4869);
#4865 = LINE('',#4866,#4867);
#4866 = CARTESIAN_POINT('',(3.134765625,0.6494140625));
#4867 = VECTOR('',#4868,1.);
#4868 = DIRECTION('',(0.,-1.));
#4869 = ( GEOMETRIC_REPRESENTATION_CONTEXT(2) 
PARAMETRIC_REPRESENTATION_CONTEXT() REPRESENTATION_CONTEXT('2D SPACE',''
  ) );
#4870 = ORIENTED_EDGE('',*,*,#4778,.F.);
#4871 = ADVANCED_FACE('',(#4872),#1373,.T.);
#4872 = FACE_BOUND('',#4873,.T.);
#4873 = EDGE_LOOP('',(#4874,#4875,#4898,#4919));
#4874 = ORIENTED_EDGE('',*,*,#1358,.T.);
#4875 = ORIENTED_EDGE('',*,*,#4876,.T.);
#4876 = EDGE_CURVE('',#1333,#4877,#4879,.T.);
#4877 = VERTEX_POINT('',#4878);
#4878 = CARTESIAN_POINT('',(1.10838432552E+03,6.6,-165.5262767751));
#4879 = SURFACE_CURVE('',#4880,(#4884,#4891),.PCURVE_S1.);
#4880 = LINE('',#4881,#4882);
#4881 = CARTESIAN_POINT('',(1.10838432552E+03,5.95,-165.5262767751));
#4882 = VECTOR('',#4883,1.);
#4883 = DIRECTION('',(0.,1.,0.));
#4884 = PCURVE('',#1373,#4885);
#4885 = DEFINITIONAL_REPRESENTATION('',(#4886),#4890);
#4886 = LINE('',#4887,#4888);
#4887 = CARTESIAN_POINT('',(0.,-0.));
#4888 = VECTOR('',#4889,1.);
#4889 = DIRECTION('',(0.,-1.));
#4890 = ( GEOMETRIC_REPRESENTATION_CONTEXT(2) 
PARAMETRIC_REPRESENTATION_CONTEXT() REPRESENTATION_CONTEXT('2D SPACE',''
  ) );
#4891 = PCURVE('',#1347,#4892);
#4892 = DEFINITIONAL_REPRESENTATION('',(#4893),#4897);
#4893 = LINE('',#4894,#4895);
#4894 = CARTESIAN_POINT('',(2.99560546875,0.));
#4895 = VECTOR('',#4896,1.);
#4896 = DIRECTION('',(0.,-1.));
#4897 = ( GEOMETRIC_REPRESENTATION_CONTEXT(2) 
PARAMETRIC_REPRESENTATION_CONTEXT() REPRESENTATION_CONTEXT('2D SPACE',''
  ) );
#4898 = ORIENTED_EDGE('',*,*,#4899,.T.);
#4899 = EDGE_CURVE('',#4877,#4828,#4900,.T.);
#4900 = SURFACE_CURVE('',#4901,(#4905,#4912),.PCURVE_S1.);
#4901 = LINE('',#4902,#4903);
#4902 = CARTESIAN_POINT('',(1.10838432552E+03,6.6,-165.5262767751));
#4903 = VECTOR('',#4904,1.);
#4904 = DIRECTION('',(0.,0.,-1.));
#4905 = PCURVE('',#1373,#4906);
#4906 = DEFINITIONAL_REPRESENTATION('',(#4907),#4911);
#4907 = LINE('',#4908,#4909);
#4908 = CARTESIAN_POINT('',(0.,-0.65));
#4909 = VECTOR('',#4910,1.);
#4910 = DIRECTION('',(1.,0.));
#4911 = ( GEOMETRIC_REPRESENTATION_CONTEXT(2) 
PARAMETRIC_REPRESENTATION_CONTEXT() REPRESENTATION_CONTEXT('2D SPACE',''
  ) );
#4912 = PCURVE('',#4741,#4913);
#4913 = DEFINITIONAL_REPRESENTATION('',(#4914),#4918);
#4914 = LINE('',#4915,#4916);
#4915 = CARTESIAN_POINT('',(2.3046875,0.6494140625));
#4916 = VECTOR('',#4917,1.);
#4917 = DIRECTION('',(1.,0.));
#4918 = ( GEOMETRIC_REPRESENTATION_CONTEXT(2) 
PARAMETRIC_REPRESENTATION_CONTEXT() REPRESENTATION_CONTEXT('2D SPACE',''
  ) );
#4919 = ORIENTED_EDGE('',*,*,#4827,.F.);
#4920 = ADVANCED_FACE('',(#4921),#1347,.T.);
#4921 = FACE_BOUND('',#4922,.T.);
#4922 = EDGE_LOOP('',(#4923,#4924,#4947,#4968));
#4923 = ORIENTED_EDGE('',*,*,#1332,.T.);
#4924 = ORIENTED_EDGE('',*,*,#4925,.T.);
#4925 = EDGE_CURVE('',#1307,#4926,#4928,.T.);
#4926 = VERTEX_POINT('',#4927);
#4927 = CARTESIAN_POINT('',(1.105388720051E+03,6.6,-165.5262767751));
#4928 = SURFACE_CURVE('',#4929,(#4933,#4940),.PCURVE_S1.);
#4929 = LINE('',#4930,#4931);
#4930 = CARTESIAN_POINT('',(1.105388720051E+03,5.95,-165.5262767751));
#4931 = VECTOR('',#4932,1.);
#4932 = DIRECTION('',(0.,1.,0.));
#4933 = PCURVE('',#1347,#4934);
#4934 = DEFINITIONAL_REPRESENTATION('',(#4935),#4939);
#4935 = LINE('',#4936,#4937);
#4936 = CARTESIAN_POINT('',(0.,0.));
#4937 = VECTOR('',#4938,1.);
#4938 = DIRECTION('',(0.,-1.));
#4939 = ( GEOMETRIC_REPRESENTATION_CONTEXT(2) 
PARAMETRIC_REPRESENTATION_CONTEXT() REPRESENTATION_CONTEXT('2D SPACE',''
  ) );
#4940 = PCURVE('',#1321,#4941);
#4941 = DEFINITIONAL_REPRESENTATION('',(#4942),#4946);
#4942 = LINE('',#4943,#4944);
#4943 = CARTESIAN_POINT('',(0.8935546875,0.));
#4944 = VECTOR('',#4945,1.);
#4945 = DIRECTION('',(0.,-1.));
#4946 = ( GEOMETRIC_REPRESENTATION_CONTEXT(2) 
PARAMETRIC_REPRESENTATION_CONTEXT() REPRESENTATION_CONTEXT('2D SPACE',''
  ) );
#4947 = ORIENTED_EDGE('',*,*,#4948,.T.);
#4948 = EDGE_CURVE('',#4926,#4877,#4949,.T.);
#4949 = SURFACE_CURVE('',#4950,(#4954,#4961),.PCURVE_S1.);
#4950 = LINE('',#4951,#4952);
#4951 = CARTESIAN_POINT('',(1.105388720051E+03,6.6,-165.5262767751));
#4952 = VECTOR('',#4953,1.);
#4953 = DIRECTION('',(1.,0.,-0.));
#4954 = PCURVE('',#1347,#4955);
#4955 = DEFINITIONAL_REPRESENTATION('',(#4956),#4960);
#4956 = LINE('',#4957,#4958);
#4957 = CARTESIAN_POINT('',(0.,-0.65));
#4958 = VECTOR('',#4959,1.);
#4959 = DIRECTION('',(1.,0.));
#4960 = ( GEOMETRIC_REPRESENTATION_CONTEXT(2) 
PARAMETRIC_REPRESENTATION_CONTEXT() REPRESENTATION_CONTEXT('2D SPACE',''
  ) );
#4961 = PCURVE('',#4741,#4962);
#4962 = DEFINITIONAL_REPRESENTATION('',(#4963),#4967);
#4963 = LINE('',#4964,#4965);
#4964 = CARTESIAN_POINT('',(2.3046875,3.64501953125));
#4965 = VECTOR('',#4966,1.);
#4966 = DIRECTION('',(0.,-1.));
#4967 = ( GEOMETRIC_REPRESENTATION_CONTEXT(2) 
PARAMETRIC_REPRESENTATION_CONTEXT() REPRESENTATION_CONTEXT('2D SPACE',''
  ) );
#4968 = ORIENTED_EDGE('',*,*,#4876,.F.);
#4969 = ADVANCED_FACE('',(#4970),#1321,.T.);
#4970 = FACE_BOUND('',#4971,.T.);
#4971 = EDGE_LOOP('',(#4972,#4973,#4996,#5017));
#4972 = ORIENTED_EDGE('',*,*,#1306,.T.);
#4973 = ORIENTED_EDGE('',*,*,#4974,.T.);
#4974 = EDGE_CURVE('',#1281,#4975,#4977,.T.);
#4975 = VERTEX_POINT('',#4976);
#4976 = CARTESIAN_POINT('',(1.105388720051E+03,6.6,-164.6327220876));
#4977 = SURFACE_CURVE('',#4978,(#4982,#4989),.PCURVE_S1.);
#4978 = LINE('',#4979,#4980);
#4979 = CARTESIAN_POINT('',(1.105388720051E+03,5.95,-164.6327220876));
#4980 = VECTOR('',#4981,1.);
#4981 = DIRECTION('',(0.,1.,0.));
#4982 = PCURVE('',#1321,#4983);
#4983 = DEFINITIONAL_REPRESENTATION('',(#4984),#4988);
#4984 = LINE('',#4985,#4986);
#4985 = CARTESIAN_POINT('',(0.,-0.));
#4986 = VECTOR('',#4987,1.);
#4987 = DIRECTION('',(0.,-1.));
#4988 = ( GEOMETRIC_REPRESENTATION_CONTEXT(2) 
PARAMETRIC_REPRESENTATION_CONTEXT() REPRESENTATION_CONTEXT('2D SPACE',''
  ) );
#4989 = PCURVE('',#1295,#4990);
#4990 = DEFINITIONAL_REPRESENTATION('',(#4991),#4995);
#4991 = LINE('',#4992,#4993);
#4992 = CARTESIAN_POINT('',(0.865212468199,0.));
#4993 = VECTOR('',#4994,1.);
#4994 = DIRECTION('',(0.,-1.));
#4995 = ( GEOMETRIC_REPRESENTATION_CONTEXT(2) 
PARAMETRIC_REPRESENTATION_CONTEXT() REPRESENTATION_CONTEXT('2D SPACE',''
  ) );
#4996 = ORIENTED_EDGE('',*,*,#4997,.T.);
#4997 = EDGE_CURVE('',#4975,#4926,#4998,.T.);
#4998 = SURFACE_CURVE('',#4999,(#5003,#5010),.PCURVE_S1.);
#4999 = LINE('',#5000,#5001);
#5000 = CARTESIAN_POINT('',(1.105388720051E+03,6.6,-164.6327220876));
#5001 = VECTOR('',#5002,1.);
#5002 = DIRECTION('',(0.,0.,-1.));
#5003 = PCURVE('',#1321,#5004);
#5004 = DEFINITIONAL_REPRESENTATION('',(#5005),#5009);
#5005 = LINE('',#5006,#5007);
#5006 = CARTESIAN_POINT('',(0.,-0.65));
#5007 = VECTOR('',#5008,1.);
#5008 = DIRECTION('',(1.,0.));
#5009 = ( GEOMETRIC_REPRESENTATION_CONTEXT(2) 
PARAMETRIC_REPRESENTATION_CONTEXT() REPRESENTATION_CONTEXT('2D SPACE',''
  ) );
#5010 = PCURVE('',#4741,#5011);
#5011 = DEFINITIONAL_REPRESENTATION('',(#5012),#5016);
#5012 = LINE('',#5013,#5014);
#5013 = CARTESIAN_POINT('',(1.4111328125,3.64501953125));
#5014 = VECTOR('',#5015,1.);
#5015 = DIRECTION('',(1.,0.));
#5016 = ( GEOMETRIC_REPRESENTATION_CONTEXT(2) 
PARAMETRIC_REPRESENTATION_CONTEXT() REPRESENTATION_CONTEXT('2D SPACE',''
  ) );
#5017 = ORIENTED_EDGE('',*,*,#4925,.F.);
#5018 = ADVANCED_FACE('',(#5019),#1295,.T.);
#5019 = FACE_BOUND('',#5020,.T.);
#5020 = EDGE_LOOP('',(#5021,#5022,#5045,#5066));
#5021 = ORIENTED_EDGE('',*,*,#1280,.T.);
#5022 = ORIENTED_EDGE('',*,*,#5023,.T.);
#5023 = EDGE_CURVE('',#1255,#5024,#5026,.T.);
#5024 = VERTEX_POINT('',#5025);
#5025 = CARTESIAN_POINT('',(1.105564501301E+03,6.6,-163.7855541189));
#5026 = SURFACE_CURVE('',#5027,(#5031,#5038),.PCURVE_S1.);
#5027 = LINE('',#5028,#5029);
#5028 = CARTESIAN_POINT('',(1.105564501301E+03,5.95,-163.7855541189));
#5029 = VECTOR('',#5030,1.);
#5030 = DIRECTION('',(0.,1.,0.));
#5031 = PCURVE('',#1295,#5032);
#5032 = DEFINITIONAL_REPRESENTATION('',(#5033),#5037);
#5033 = LINE('',#5034,#5035);
#5034 = CARTESIAN_POINT('',(0.,0.));
#5035 = VECTOR('',#5036,1.);
#5036 = DIRECTION('',(0.,-1.));
#5037 = ( GEOMETRIC_REPRESENTATION_CONTEXT(2) 
PARAMETRIC_REPRESENTATION_CONTEXT() REPRESENTATION_CONTEXT('2D SPACE',''
  ) );
#5038 = PCURVE('',#1269,#5039);
#5039 = DEFINITIONAL_REPRESENTATION('',(#5040),#5044);
#5040 = LINE('',#5041,#5042);
#5041 = CARTESIAN_POINT('',(0.6396484375,0.));
#5042 = VECTOR('',#5043,1.);
#5043 = DIRECTION('',(0.,-1.));
#5044 = ( GEOMETRIC_REPRESENTATION_CONTEXT(2) 
PARAMETRIC_REPRESENTATION_CONTEXT() REPRESENTATION_CONTEXT('2D SPACE',''
  ) );
#5045 = ORIENTED_EDGE('',*,*,#5046,.T.);
#5046 = EDGE_CURVE('',#5024,#4975,#5047,.T.);
#5047 = SURFACE_CURVE('',#5048,(#5052,#5059),.PCURVE_S1.);
#5048 = LINE('',#5049,#5050);
#5049 = CARTESIAN_POINT('',(1.105564501301E+03,6.6,-163.7855541189));
#5050 = VECTOR('',#5051,1.);
#5051 = DIRECTION('',(-0.203165414809,0.,-0.979144429707));
#5052 = PCURVE('',#1295,#5053);
#5053 = DEFINITIONAL_REPRESENTATION('',(#5054),#5058);
#5054 = LINE('',#5055,#5056);
#5055 = CARTESIAN_POINT('',(0.,-0.65));
#5056 = VECTOR('',#5057,1.);
#5057 = DIRECTION('',(1.,0.));
#5058 = ( GEOMETRIC_REPRESENTATION_CONTEXT(2) 
PARAMETRIC_REPRESENTATION_CONTEXT() REPRESENTATION_CONTEXT('2D SPACE',''
  ) );
#5059 = PCURVE('',#4741,#5060);
#5060 = DEFINITIONAL_REPRESENTATION('',(#5061),#5065);
#5061 = LINE('',#5062,#5063);
#5062 = CARTESIAN_POINT('',(0.56396484375,3.46923828125));
#5063 = VECTOR('',#5064,1.);
#5064 = DIRECTION('',(0.979144429707,0.203165414809));
#5065 = ( GEOMETRIC_REPRESENTATION_CONTEXT(2) 
PARAMETRIC_REPRESENTATION_CONTEXT() REPRESENTATION_CONTEXT('2D SPACE',''
  ) );
#5066 = ORIENTED_EDGE('',*,*,#4974,.F.);
#5067 = ADVANCED_FACE('',(#5068),#1269,.T.);
#5068 = FACE_BOUND('',#5069,.T.);
#5069 = EDGE_LOOP('',(#5070,#5071,#5094,#5115));
#5070 = ORIENTED_EDGE('',*,*,#1254,.T.);
#5071 = ORIENTED_EDGE('',*,*,#5072,.T.);
#5072 = EDGE_CURVE('',#1229,#5073,#5075,.T.);
#5073 = VERTEX_POINT('',#5074);
#5074 = CARTESIAN_POINT('',(1.106204149739E+03,6.6,-163.7855541189));
#5075 = SURFACE_CURVE('',#5076,(#5080,#5087),.PCURVE_S1.);
#5076 = LINE('',#5077,#5078);
#5077 = CARTESIAN_POINT('',(1.106204149739E+03,5.95,-163.7855541189));
#5078 = VECTOR('',#5079,1.);
#5079 = DIRECTION('',(0.,1.,0.));
#5080 = PCURVE('',#1269,#5081);
#5081 = DEFINITIONAL_REPRESENTATION('',(#5082),#5086);
#5082 = LINE('',#5083,#5084);
#5083 = CARTESIAN_POINT('',(0.,0.));
#5084 = VECTOR('',#5085,1.);
#5085 = DIRECTION('',(0.,-1.));
#5086 = ( GEOMETRIC_REPRESENTATION_CONTEXT(2) 
PARAMETRIC_REPRESENTATION_CONTEXT() REPRESENTATION_CONTEXT('2D SPACE',''
  ) );
#5087 = PCURVE('',#1243,#5088);
#5088 = DEFINITIONAL_REPRESENTATION('',(#5089),#5093);
#5089 = LINE('',#5090,#5091);
#5090 = CARTESIAN_POINT('',(0.869994012439,0.));
#5091 = VECTOR('',#5092,1.);
#5092 = DIRECTION('',(0.,-1.));
#5093 = ( GEOMETRIC_REPRESENTATION_CONTEXT(2) 
PARAMETRIC_REPRESENTATION_CONTEXT() REPRESENTATION_CONTEXT('2D SPACE',''
  ) );
#5094 = ORIENTED_EDGE('',*,*,#5095,.T.);
#5095 = EDGE_CURVE('',#5073,#5024,#5096,.T.);
#5096 = SURFACE_CURVE('',#5097,(#5101,#5108),.PCURVE_S1.);
#5097 = LINE('',#5098,#5099);
#5098 = CARTESIAN_POINT('',(1.106204149739E+03,6.6,-163.7855541189));
#5099 = VECTOR('',#5100,1.);
#5100 = DIRECTION('',(-1.,0.,0.));
#5101 = PCURVE('',#1269,#5102);
#5102 = DEFINITIONAL_REPRESENTATION('',(#5103),#5107);
#5103 = LINE('',#5104,#5105);
#5104 = CARTESIAN_POINT('',(0.,-0.65));
#5105 = VECTOR('',#5106,1.);
#5106 = DIRECTION('',(1.,0.));
#5107 = ( GEOMETRIC_REPRESENTATION_CONTEXT(2) 
PARAMETRIC_REPRESENTATION_CONTEXT() REPRESENTATION_CONTEXT('2D SPACE',''
  ) );
#5108 = PCURVE('',#4741,#5109);
#5109 = DEFINITIONAL_REPRESENTATION('',(#5110),#5114);
#5110 = LINE('',#5111,#5112);
#5111 = CARTESIAN_POINT('',(0.56396484375,2.82958984375));
#5112 = VECTOR('',#5113,1.);
#5113 = DIRECTION('',(0.,1.));
#5114 = ( GEOMETRIC_REPRESENTATION_CONTEXT(2) 
PARAMETRIC_REPRESENTATION_CONTEXT() REPRESENTATION_CONTEXT('2D SPACE',''
  ) );
#5115 = ORIENTED_EDGE('',*,*,#5023,.F.);
#5116 = ADVANCED_FACE('',(#5117),#1243,.T.);
#5117 = FACE_BOUND('',#5118,.T.);
#5118 = EDGE_LOOP('',(#5119,#5120,#5143,#5164));
#5119 = ORIENTED_EDGE('',*,*,#1228,.T.);
#5120 = ORIENTED_EDGE('',*,*,#5121,.T.);
#5121 = EDGE_CURVE('',#1203,#5122,#5124,.T.);
#5122 = VERTEX_POINT('',#5123);
#5123 = CARTESIAN_POINT('',(1.106028368489E+03,6.6,-164.6376049001));
#5124 = SURFACE_CURVE('',#5125,(#5129,#5136),.PCURVE_S1.);
#5125 = LINE('',#5126,#5127);
#5126 = CARTESIAN_POINT('',(1.106028368489E+03,5.95,-164.6376049001));
#5127 = VECTOR('',#5128,1.);
#5128 = DIRECTION('',(0.,1.,0.));
#5129 = PCURVE('',#1243,#5130);
#5130 = DEFINITIONAL_REPRESENTATION('',(#5131),#5135);
#5131 = LINE('',#5132,#5133);
#5132 = CARTESIAN_POINT('',(0.,0.));
#5133 = VECTOR('',#5134,1.);
#5134 = DIRECTION('',(0.,-1.));
#5135 = ( GEOMETRIC_REPRESENTATION_CONTEXT(2) 
PARAMETRIC_REPRESENTATION_CONTEXT() REPRESENTATION_CONTEXT('2D SPACE',''
  ) );
#5136 = PCURVE('',#1217,#5137);
#5137 = DEFINITIONAL_REPRESENTATION('',(#5138),#5142);
#5138 = LINE('',#5139,#5140);
#5139 = CARTESIAN_POINT('',(2.35595703125,0.));
#5140 = VECTOR('',#5141,1.);
#5141 = DIRECTION('',(0.,-1.));
#5142 = ( GEOMETRIC_REPRESENTATION_CONTEXT(2) 
PARAMETRIC_REPRESENTATION_CONTEXT() REPRESENTATION_CONTEXT('2D SPACE',''
  ) );
#5143 = ORIENTED_EDGE('',*,*,#5144,.T.);
#5144 = EDGE_CURVE('',#5122,#5073,#5145,.T.);
#5145 = SURFACE_CURVE('',#5146,(#5150,#5157),.PCURVE_S1.);
#5146 = LINE('',#5147,#5148);
#5147 = CARTESIAN_POINT('',(1.106028368489E+03,6.6,-164.6376049001));
#5148 = VECTOR('',#5149,1.);
#5149 = DIRECTION('',(0.202048804344,0.,0.979375454391));
#5150 = PCURVE('',#1243,#5151);
#5151 = DEFINITIONAL_REPRESENTATION('',(#5152),#5156);
#5152 = LINE('',#5153,#5154);
#5153 = CARTESIAN_POINT('',(0.,-0.65));
#5154 = VECTOR('',#5155,1.);
#5155 = DIRECTION('',(1.,0.));
#5156 = ( GEOMETRIC_REPRESENTATION_CONTEXT(2) 
PARAMETRIC_REPRESENTATION_CONTEXT() REPRESENTATION_CONTEXT('2D SPACE',''
  ) );
#5157 = PCURVE('',#4741,#5158);
#5158 = DEFINITIONAL_REPRESENTATION('',(#5159),#5163);
#5159 = LINE('',#5160,#5161);
#5160 = CARTESIAN_POINT('',(1.416015625,3.00537109375));
#5161 = VECTOR('',#5162,1.);
#5162 = DIRECTION('',(-0.979375454391,-0.202048804344));
#5163 = ( GEOMETRIC_REPRESENTATION_CONTEXT(2) 
PARAMETRIC_REPRESENTATION_CONTEXT() REPRESENTATION_CONTEXT('2D SPACE',''
  ) );
#5164 = ORIENTED_EDGE('',*,*,#5072,.F.);
#5165 = ADVANCED_FACE('',(#5166),#1217,.T.);
#5166 = FACE_BOUND('',#5167,.T.);
#5167 = EDGE_LOOP('',(#5168,#5169,#5192,#5213));
#5168 = ORIENTED_EDGE('',*,*,#1202,.T.);
#5169 = ORIENTED_EDGE('',*,*,#5170,.T.);
#5170 = EDGE_CURVE('',#1177,#5171,#5173,.T.);
#5171 = VERTEX_POINT('',#5172);
#5172 = CARTESIAN_POINT('',(1.10838432552E+03,6.6,-164.6376049001));
#5173 = SURFACE_CURVE('',#5174,(#5178,#5185),.PCURVE_S1.);
#5174 = LINE('',#5175,#5176);
#5175 = CARTESIAN_POINT('',(1.10838432552E+03,5.95,-164.6376049001));
#5176 = VECTOR('',#5177,1.);
#5177 = DIRECTION('',(0.,1.,0.));
#5178 = PCURVE('',#1217,#5179);
#5179 = DEFINITIONAL_REPRESENTATION('',(#5180),#5184);
#5180 = LINE('',#5181,#5182);
#5181 = CARTESIAN_POINT('',(0.,0.));
#5182 = VECTOR('',#5183,1.);
#5183 = DIRECTION('',(0.,-1.));
#5184 = ( GEOMETRIC_REPRESENTATION_CONTEXT(2) 
PARAMETRIC_REPRESENTATION_CONTEXT() REPRESENTATION_CONTEXT('2D SPACE',''
  ) );
#5185 = PCURVE('',#1191,#5186);
#5186 = DEFINITIONAL_REPRESENTATION('',(#5187),#5191);
#5187 = LINE('',#5188,#5189);
#5188 = CARTESIAN_POINT('',(0.830078125,0.));
#5189 = VECTOR('',#5190,1.);
#5190 = DIRECTION('',(0.,-1.));
#5191 = ( GEOMETRIC_REPRESENTATION_CONTEXT(2) 
PARAMETRIC_REPRESENTATION_CONTEXT() REPRESENTATION_CONTEXT('2D SPACE',''
  ) );
#5192 = ORIENTED_EDGE('',*,*,#5193,.T.);
#5193 = EDGE_CURVE('',#5171,#5122,#5194,.T.);
#5194 = SURFACE_CURVE('',#5195,(#5199,#5206),.PCURVE_S1.);
#5195 = LINE('',#5196,#5197);
#5196 = CARTESIAN_POINT('',(1.10838432552E+03,6.6,-164.6376049001));
#5197 = VECTOR('',#5198,1.);
#5198 = DIRECTION('',(-1.,0.,0.));
#5199 = PCURVE('',#1217,#5200);
#5200 = DEFINITIONAL_REPRESENTATION('',(#5201),#5205);
#5201 = LINE('',#5202,#5203);
#5202 = CARTESIAN_POINT('',(0.,-0.65));
#5203 = VECTOR('',#5204,1.);
#5204 = DIRECTION('',(1.,0.));
#5205 = ( GEOMETRIC_REPRESENTATION_CONTEXT(2) 
PARAMETRIC_REPRESENTATION_CONTEXT() REPRESENTATION_CONTEXT('2D SPACE',''
  ) );
#5206 = PCURVE('',#4741,#5207);
#5207 = DEFINITIONAL_REPRESENTATION('',(#5208),#5212);
#5208 = LINE('',#5209,#5210);
#5209 = CARTESIAN_POINT('',(1.416015625,0.6494140625));
#5210 = VECTOR('',#5211,1.);
#5211 = DIRECTION('',(0.,1.));
#5212 = ( GEOMETRIC_REPRESENTATION_CONTEXT(2) 
PARAMETRIC_REPRESENTATION_CONTEXT() REPRESENTATION_CONTEXT('2D SPACE',''
  ) );
#5213 = ORIENTED_EDGE('',*,*,#5121,.F.);
#5214 = ADVANCED_FACE('',(#5215),#1191,.T.);
#5215 = FACE_BOUND('',#5216,.T.);
#5216 = EDGE_LOOP('',(#5217,#5218,#5219,#5240));
#5217 = ORIENTED_EDGE('',*,*,#1176,.T.);
#5218 = ORIENTED_EDGE('',*,*,#4753,.T.);
#5219 = ORIENTED_EDGE('',*,*,#5220,.T.);
#5220 = EDGE_CURVE('',#4726,#5171,#5221,.T.);
#5221 = SURFACE_CURVE('',#5222,(#5226,#5233),.PCURVE_S1.);
#5222 = LINE('',#5223,#5224);
#5223 = CARTESIAN_POINT('',(1.10838432552E+03,6.6,-163.8075267751));
#5224 = VECTOR('',#5225,1.);
#5225 = DIRECTION('',(0.,0.,-1.));
#5226 = PCURVE('',#1191,#5227);
#5227 = DEFINITIONAL_REPRESENTATION('',(#5228),#5232);
#5228 = LINE('',#5229,#5230);
#5229 = CARTESIAN_POINT('',(0.,-0.65));
#5230 = VECTOR('',#5231,1.);
#5231 = DIRECTION('',(1.,0.));
#5232 = ( GEOMETRIC_REPRESENTATION_CONTEXT(2) 
PARAMETRIC_REPRESENTATION_CONTEXT() REPRESENTATION_CONTEXT('2D SPACE',''
  ) );
#5233 = PCURVE('',#4741,#5234);
#5234 = DEFINITIONAL_REPRESENTATION('',(#5235),#5239);
#5235 = LINE('',#5236,#5237);
#5236 = CARTESIAN_POINT('',(0.5859375,0.6494140625));
#5237 = VECTOR('',#5238,1.);
#5238 = DIRECTION('',(1.,0.));
#5239 = ( GEOMETRIC_REPRESENTATION_CONTEXT(2) 
PARAMETRIC_REPRESENTATION_CONTEXT() REPRESENTATION_CONTEXT('2D SPACE',''
  ) );
#5240 = ORIENTED_EDGE('',*,*,#5170,.F.);
#5241 = ADVANCED_FACE('',(#5242),#1453,.T.);
#5242 = FACE_BOUND('',#5243,.T.);
#5243 = EDGE_LOOP('',(#5244,#5245,#5268,#5296));
#5244 = ORIENTED_EDGE('',*,*,#1436,.T.);
#5245 = ORIENTED_EDGE('',*,*,#5246,.T.);
#5246 = EDGE_CURVE('',#1439,#5247,#5249,.T.);
#5247 = VERTEX_POINT('',#5248);
#5248 = CARTESIAN_POINT('',(1.109033739583E+03,6.6,-160.4945384939));
#5249 = SURFACE_CURVE('',#5250,(#5254,#5261),.PCURVE_S1.);
#5250 = LINE('',#5251,#5252);
#5251 = CARTESIAN_POINT('',(1.109033739583E+03,5.95,-160.4945384939));
#5252 = VECTOR('',#5253,1.);
#5253 = DIRECTION('',(0.,1.,0.));
#5254 = PCURVE('',#1453,#5255);
#5255 = DEFINITIONAL_REPRESENTATION('',(#5256),#5260);
#5256 = LINE('',#5257,#5258);
#5257 = CARTESIAN_POINT('',(0.,0.));
#5258 = VECTOR('',#5259,1.);
#5259 = DIRECTION('',(0.,-1.));
#5260 = ( GEOMETRIC_REPRESENTATION_CONTEXT(2) 
PARAMETRIC_REPRESENTATION_CONTEXT() REPRESENTATION_CONTEXT('2D SPACE',''
  ) );
#5261 = PCURVE('',#1581,#5262);
#5262 = DEFINITIONAL_REPRESENTATION('',(#5263),#5267);
#5263 = LINE('',#5264,#5265);
#5264 = CARTESIAN_POINT('',(2.59033203125,0.));
#5265 = VECTOR('',#5266,1.);
#5266 = DIRECTION('',(0.,-1.));
#5267 = ( GEOMETRIC_REPRESENTATION_CONTEXT(2) 
PARAMETRIC_REPRESENTATION_CONTEXT() REPRESENTATION_CONTEXT('2D SPACE',''
  ) );
#5268 = ORIENTED_EDGE('',*,*,#5269,.T.);
#5269 = EDGE_CURVE('',#5247,#5270,#5272,.T.);
#5270 = VERTEX_POINT('',#5271);
#5271 = CARTESIAN_POINT('',(1.105388720051E+03,6.6,-160.4945384939));
#5272 = SURFACE_CURVE('',#5273,(#5277,#5284),.PCURVE_S1.);
#5273 = LINE('',#5274,#5275);
#5274 = CARTESIAN_POINT('',(1.109033739583E+03,6.6,-160.4945384939));
#5275 = VECTOR('',#5276,1.);
#5276 = DIRECTION('',(-1.,0.,0.));
#5277 = PCURVE('',#1453,#5278);
#5278 = DEFINITIONAL_REPRESENTATION('',(#5279),#5283);
#5279 = LINE('',#5280,#5281);
#5280 = CARTESIAN_POINT('',(0.,-0.65));
#5281 = VECTOR('',#5282,1.);
#5282 = DIRECTION('',(1.,0.));
#5283 = ( GEOMETRIC_REPRESENTATION_CONTEXT(2) 
PARAMETRIC_REPRESENTATION_CONTEXT() REPRESENTATION_CONTEXT('2D SPACE',''
  ) );
#5284 = PCURVE('',#5285,#5290);
#5285 = PLANE('',#5286);
#5286 = AXIS2_PLACEMENT_3D('',#5287,#5288,#5289);
#5287 = CARTESIAN_POINT('',(1.109033739583E+03,6.6,-160.0355541189));
#5288 = DIRECTION('',(0.,1.,0.));
#5289 = DIRECTION('',(0.,0.,-1.));
#5290 = DEFINITIONAL_REPRESENTATION('',(#5291),#5295);
#5291 = LINE('',#5292,#5293);
#5292 = CARTESIAN_POINT('',(0.458984375,0.));
#5293 = VECTOR('',#5294,1.);
#5294 = DIRECTION('',(0.,1.));
#5295 = ( GEOMETRIC_REPRESENTATION_CONTEXT(2) 
PARAMETRIC_REPRESENTATION_CONTEXT() REPRESENTATION_CONTEXT('2D SPACE',''
  ) );
#5296 = ORIENTED_EDGE('',*,*,#5297,.F.);
#5297 = EDGE_CURVE('',#1437,#5270,#5298,.T.);
#5298 = SURFACE_CURVE('',#5299,(#5303,#5310),.PCURVE_S1.);
#5299 = LINE('',#5300,#5301);
#5300 = CARTESIAN_POINT('',(1.105388720051E+03,5.95,-160.4945384939));
#5301 = VECTOR('',#5302,1.);
#5302 = DIRECTION('',(0.,1.,0.));
#5303 = PCURVE('',#1453,#5304);
#5304 = DEFINITIONAL_REPRESENTATION('',(#5305),#5309);
#5305 = LINE('',#5306,#5307);
#5306 = CARTESIAN_POINT('',(3.64501953125,0.));
#5307 = VECTOR('',#5308,1.);
#5308 = DIRECTION('',(0.,-1.));
#5309 = ( GEOMETRIC_REPRESENTATION_CONTEXT(2) 
PARAMETRIC_REPRESENTATION_CONTEXT() REPRESENTATION_CONTEXT('2D SPACE',''
  ) );
#5310 = PCURVE('',#1479,#5311);
#5311 = DEFINITIONAL_REPRESENTATION('',(#5312),#5316);
#5312 = LINE('',#5313,#5314);
#5313 = CARTESIAN_POINT('',(0.,-0.));
#5314 = VECTOR('',#5315,1.);
#5315 = DIRECTION('',(0.,-1.));
#5316 = ( GEOMETRIC_REPRESENTATION_CONTEXT(2) 
PARAMETRIC_REPRESENTATION_CONTEXT() REPRESENTATION_CONTEXT('2D SPACE',''
  ) );
#5317 = ADVANCED_FACE('',(#5318),#1581,.T.);
#5318 = FACE_BOUND('',#5319,.T.);
#5319 = EDGE_LOOP('',(#5320,#5321,#5344,#5365));
#5320 = ORIENTED_EDGE('',*,*,#1568,.T.);
#5321 = ORIENTED_EDGE('',*,*,#5322,.T.);
#5322 = EDGE_CURVE('',#1543,#5323,#5325,.T.);
#5323 = VERTEX_POINT('',#5324);
#5324 = CARTESIAN_POINT('',(1.109033739583E+03,6.6,-163.0848705251));
#5325 = SURFACE_CURVE('',#5326,(#5330,#5337),.PCURVE_S1.);
#5326 = LINE('',#5327,#5328);
#5327 = CARTESIAN_POINT('',(1.109033739583E+03,5.95,-163.0848705251));
#5328 = VECTOR('',#5329,1.);
#5329 = DIRECTION('',(0.,1.,0.));
#5330 = PCURVE('',#1581,#5331);
#5331 = DEFINITIONAL_REPRESENTATION('',(#5332),#5336);
#5332 = LINE('',#5333,#5334);
#5333 = CARTESIAN_POINT('',(0.,0.));
#5334 = VECTOR('',#5335,1.);
#5335 = DIRECTION('',(0.,-1.));
#5336 = ( GEOMETRIC_REPRESENTATION_CONTEXT(2) 
PARAMETRIC_REPRESENTATION_CONTEXT() REPRESENTATION_CONTEXT('2D SPACE',''
  ) );
#5337 = PCURVE('',#1557,#5338);
#5338 = DEFINITIONAL_REPRESENTATION('',(#5339),#5343);
#5339 = LINE('',#5340,#5341);
#5340 = CARTESIAN_POINT('',(0.71044921875,0.));
#5341 = VECTOR('',#5342,1.);
#5342 = DIRECTION('',(0.,-1.));
#5343 = ( GEOMETRIC_REPRESENTATION_CONTEXT(2) 
PARAMETRIC_REPRESENTATION_CONTEXT() REPRESENTATION_CONTEXT('2D SPACE',''
  ) );
#5344 = ORIENTED_EDGE('',*,*,#5345,.T.);
#5345 = EDGE_CURVE('',#5323,#5247,#5346,.T.);
#5346 = SURFACE_CURVE('',#5347,(#5351,#5358),.PCURVE_S1.);
#5347 = LINE('',#5348,#5349);
#5348 = CARTESIAN_POINT('',(1.109033739583E+03,6.6,-163.0848705251));
#5349 = VECTOR('',#5350,1.);
#5350 = DIRECTION('',(0.,0.,1.));
#5351 = PCURVE('',#1581,#5352);
#5352 = DEFINITIONAL_REPRESENTATION('',(#5353),#5357);
#5353 = LINE('',#5354,#5355);
#5354 = CARTESIAN_POINT('',(0.,-0.65));
#5355 = VECTOR('',#5356,1.);
#5356 = DIRECTION('',(1.,0.));
#5357 = ( GEOMETRIC_REPRESENTATION_CONTEXT(2) 
PARAMETRIC_REPRESENTATION_CONTEXT() REPRESENTATION_CONTEXT('2D SPACE',''
  ) );
#5358 = PCURVE('',#5285,#5359);
#5359 = DEFINITIONAL_REPRESENTATION('',(#5360),#5364);
#5360 = LINE('',#5361,#5362);
#5361 = CARTESIAN_POINT('',(3.04931640625,0.));
#5362 = VECTOR('',#5363,1.);
#5363 = DIRECTION('',(-1.,0.));
#5364 = ( GEOMETRIC_REPRESENTATION_CONTEXT(2) 
PARAMETRIC_REPRESENTATION_CONTEXT() REPRESENTATION_CONTEXT('2D SPACE',''
  ) );
#5365 = ORIENTED_EDGE('',*,*,#5246,.F.);
#5366 = ADVANCED_FACE('',(#5367),#1557,.T.);
#5367 = FACE_BOUND('',#5368,.T.);
#5368 = EDGE_LOOP('',(#5369,#5370,#5393,#5414));
#5369 = ORIENTED_EDGE('',*,*,#1542,.T.);
#5370 = ORIENTED_EDGE('',*,*,#5371,.T.);
#5371 = EDGE_CURVE('',#1517,#5372,#5374,.T.);
#5372 = VERTEX_POINT('',#5373);
#5373 = CARTESIAN_POINT('',(1.108323290364E+03,6.6,-163.0848705251));
#5374 = SURFACE_CURVE('',#5375,(#5379,#5386),.PCURVE_S1.);
#5375 = LINE('',#5376,#5377);
#5376 = CARTESIAN_POINT('',(1.108323290364E+03,5.95,-163.0848705251));
#5377 = VECTOR('',#5378,1.);
#5378 = DIRECTION('',(0.,1.,0.));
#5379 = PCURVE('',#1557,#5380);
#5380 = DEFINITIONAL_REPRESENTATION('',(#5381),#5385);
#5381 = LINE('',#5382,#5383);
#5382 = CARTESIAN_POINT('',(0.,0.));
#5383 = VECTOR('',#5384,1.);
#5384 = DIRECTION('',(0.,-1.));
#5385 = ( GEOMETRIC_REPRESENTATION_CONTEXT(2) 
PARAMETRIC_REPRESENTATION_CONTEXT() REPRESENTATION_CONTEXT('2D SPACE',''
  ) );
#5386 = PCURVE('',#1531,#5387);
#5387 = DEFINITIONAL_REPRESENTATION('',(#5388),#5392);
#5388 = LINE('',#5389,#5390);
#5389 = CARTESIAN_POINT('',(1.650390625,0.));
#5390 = VECTOR('',#5391,1.);
#5391 = DIRECTION('',(0.,-1.));
#5392 = ( GEOMETRIC_REPRESENTATION_CONTEXT(2) 
PARAMETRIC_REPRESENTATION_CONTEXT() REPRESENTATION_CONTEXT('2D SPACE',''
  ) );
#5393 = ORIENTED_EDGE('',*,*,#5394,.T.);
#5394 = EDGE_CURVE('',#5372,#5323,#5395,.T.);
#5395 = SURFACE_CURVE('',#5396,(#5400,#5407),.PCURVE_S1.);
#5396 = LINE('',#5397,#5398);
#5397 = CARTESIAN_POINT('',(1.108323290364E+03,6.6,-163.0848705251));
#5398 = VECTOR('',#5399,1.);
#5399 = DIRECTION('',(1.,0.,-0.));
#5400 = PCURVE('',#1557,#5401);
#5401 = DEFINITIONAL_REPRESENTATION('',(#5402),#5406);
#5402 = LINE('',#5403,#5404);
#5403 = CARTESIAN_POINT('',(0.,-0.65));
#5404 = VECTOR('',#5405,1.);
#5405 = DIRECTION('',(1.,0.));
#5406 = ( GEOMETRIC_REPRESENTATION_CONTEXT(2) 
PARAMETRIC_REPRESENTATION_CONTEXT() REPRESENTATION_CONTEXT('2D SPACE',''
  ) );
#5407 = PCURVE('',#5285,#5408);
#5408 = DEFINITIONAL_REPRESENTATION('',(#5409),#5413);
#5409 = LINE('',#5410,#5411);
#5410 = CARTESIAN_POINT('',(3.04931640625,0.71044921875));
#5411 = VECTOR('',#5412,1.);
#5412 = DIRECTION('',(0.,-1.));
#5413 = ( GEOMETRIC_REPRESENTATION_CONTEXT(2) 
PARAMETRIC_REPRESENTATION_CONTEXT() REPRESENTATION_CONTEXT('2D SPACE',''
  ) );
#5414 = ORIENTED_EDGE('',*,*,#5322,.F.);
#5415 = ADVANCED_FACE('',(#5416),#1531,.T.);
#5416 = FACE_BOUND('',#5417,.T.);
#5417 = EDGE_LOOP('',(#5418,#5419,#5442,#5463));
#5418 = ORIENTED_EDGE('',*,*,#1516,.T.);
#5419 = ORIENTED_EDGE('',*,*,#5420,.T.);
#5420 = EDGE_CURVE('',#1491,#5421,#5423,.T.);
#5421 = VERTEX_POINT('',#5422);
#5422 = CARTESIAN_POINT('',(1.108323290364E+03,6.6,-161.4344799001));
#5423 = SURFACE_CURVE('',#5424,(#5428,#5435),.PCURVE_S1.);
#5424 = LINE('',#5425,#5426);
#5425 = CARTESIAN_POINT('',(1.108323290364E+03,5.95,-161.4344799001));
#5426 = VECTOR('',#5427,1.);
#5427 = DIRECTION('',(0.,1.,0.));
#5428 = PCURVE('',#1531,#5429);
#5429 = DEFINITIONAL_REPRESENTATION('',(#5430),#5434);
#5430 = LINE('',#5431,#5432);
#5431 = CARTESIAN_POINT('',(0.,-0.));
#5432 = VECTOR('',#5433,1.);
#5433 = DIRECTION('',(0.,-1.));
#5434 = ( GEOMETRIC_REPRESENTATION_CONTEXT(2) 
PARAMETRIC_REPRESENTATION_CONTEXT() REPRESENTATION_CONTEXT('2D SPACE',''
  ) );
#5435 = PCURVE('',#1505,#5436);
#5436 = DEFINITIONAL_REPRESENTATION('',(#5437),#5441);
#5437 = LINE('',#5438,#5439);
#5438 = CARTESIAN_POINT('',(2.9345703125,0.));
#5439 = VECTOR('',#5440,1.);
#5440 = DIRECTION('',(0.,-1.));
#5441 = ( GEOMETRIC_REPRESENTATION_CONTEXT(2) 
PARAMETRIC_REPRESENTATION_CONTEXT() REPRESENTATION_CONTEXT('2D SPACE',''
  ) );
#5442 = ORIENTED_EDGE('',*,*,#5443,.T.);
#5443 = EDGE_CURVE('',#5421,#5372,#5444,.T.);
#5444 = SURFACE_CURVE('',#5445,(#5449,#5456),.PCURVE_S1.);
#5445 = LINE('',#5446,#5447);
#5446 = CARTESIAN_POINT('',(1.108323290364E+03,6.6,-161.4344799001));
#5447 = VECTOR('',#5448,1.);
#5448 = DIRECTION('',(0.,0.,-1.));
#5449 = PCURVE('',#1531,#5450);
#5450 = DEFINITIONAL_REPRESENTATION('',(#5451),#5455);
#5451 = LINE('',#5452,#5453);
#5452 = CARTESIAN_POINT('',(0.,-0.65));
#5453 = VECTOR('',#5454,1.);
#5454 = DIRECTION('',(1.,0.));
#5455 = ( GEOMETRIC_REPRESENTATION_CONTEXT(2) 
PARAMETRIC_REPRESENTATION_CONTEXT() REPRESENTATION_CONTEXT('2D SPACE',''
  ) );
#5456 = PCURVE('',#5285,#5457);
#5457 = DEFINITIONAL_REPRESENTATION('',(#5458),#5462);
#5458 = LINE('',#5459,#5460);
#5459 = CARTESIAN_POINT('',(1.39892578125,0.71044921875));
#5460 = VECTOR('',#5461,1.);
#5461 = DIRECTION('',(1.,0.));
#5462 = ( GEOMETRIC_REPRESENTATION_CONTEXT(2) 
PARAMETRIC_REPRESENTATION_CONTEXT() REPRESENTATION_CONTEXT('2D SPACE',''
  ) );
#5463 = ORIENTED_EDGE('',*,*,#5371,.F.);
#5464 = ADVANCED_FACE('',(#5465),#1505,.T.);
#5465 = FACE_BOUND('',#5466,.T.);
#5466 = EDGE_LOOP('',(#5467,#5468,#5491,#5512));
#5467 = ORIENTED_EDGE('',*,*,#1490,.T.);
#5468 = ORIENTED_EDGE('',*,*,#5469,.T.);
#5469 = EDGE_CURVE('',#1465,#5470,#5472,.T.);
#5470 = VERTEX_POINT('',#5471);
#5471 = CARTESIAN_POINT('',(1.105388720051E+03,6.6,-161.4344799001));
#5472 = SURFACE_CURVE('',#5473,(#5477,#5484),.PCURVE_S1.);
#5473 = LINE('',#5474,#5475);
#5474 = CARTESIAN_POINT('',(1.105388720051E+03,5.95,-161.4344799001));
#5475 = VECTOR('',#5476,1.);
#5476 = DIRECTION('',(0.,1.,0.));
#5477 = PCURVE('',#1505,#5478);
#5478 = DEFINITIONAL_REPRESENTATION('',(#5479),#5483);
#5479 = LINE('',#5480,#5481);
#5480 = CARTESIAN_POINT('',(0.,0.));
#5481 = VECTOR('',#5482,1.);
#5482 = DIRECTION('',(0.,-1.));
#5483 = ( GEOMETRIC_REPRESENTATION_CONTEXT(2) 
PARAMETRIC_REPRESENTATION_CONTEXT() REPRESENTATION_CONTEXT('2D SPACE',''
  ) );
#5484 = PCURVE('',#1479,#5485);
#5485 = DEFINITIONAL_REPRESENTATION('',(#5486),#5490);
#5486 = LINE('',#5487,#5488);
#5487 = CARTESIAN_POINT('',(0.93994140625,0.));
#5488 = VECTOR('',#5489,1.);
#5489 = DIRECTION('',(0.,-1.));
#5490 = ( GEOMETRIC_REPRESENTATION_CONTEXT(2) 
PARAMETRIC_REPRESENTATION_CONTEXT() REPRESENTATION_CONTEXT('2D SPACE',''
  ) );
#5491 = ORIENTED_EDGE('',*,*,#5492,.T.);
#5492 = EDGE_CURVE('',#5470,#5421,#5493,.T.);
#5493 = SURFACE_CURVE('',#5494,(#5498,#5505),.PCURVE_S1.);
#5494 = LINE('',#5495,#5496);
#5495 = CARTESIAN_POINT('',(1.105388720051E+03,6.6,-161.4344799001));
#5496 = VECTOR('',#5497,1.);
#5497 = DIRECTION('',(1.,0.,-0.));
#5498 = PCURVE('',#1505,#5499);
#5499 = DEFINITIONAL_REPRESENTATION('',(#5500),#5504);
#5500 = LINE('',#5501,#5502);
#5501 = CARTESIAN_POINT('',(0.,-0.65));
#5502 = VECTOR('',#5503,1.);
#5503 = DIRECTION('',(1.,0.));
#5504 = ( GEOMETRIC_REPRESENTATION_CONTEXT(2) 
PARAMETRIC_REPRESENTATION_CONTEXT() REPRESENTATION_CONTEXT('2D SPACE',''
  ) );
#5505 = PCURVE('',#5285,#5506);
#5506 = DEFINITIONAL_REPRESENTATION('',(#5507),#5511);
#5507 = LINE('',#5508,#5509);
#5508 = CARTESIAN_POINT('',(1.39892578125,3.64501953125));
#5509 = VECTOR('',#5510,1.);
#5510 = DIRECTION('',(0.,-1.));
#5511 = ( GEOMETRIC_REPRESENTATION_CONTEXT(2) 
PARAMETRIC_REPRESENTATION_CONTEXT() REPRESENTATION_CONTEXT('2D SPACE',''
  ) );
#5512 = ORIENTED_EDGE('',*,*,#5420,.F.);
#5513 = ADVANCED_FACE('',(#5514),#1479,.T.);
#5514 = FACE_BOUND('',#5515,.T.);
#5515 = EDGE_LOOP('',(#5516,#5517,#5518,#5539));
#5516 = ORIENTED_EDGE('',*,*,#1464,.T.);
#5517 = ORIENTED_EDGE('',*,*,#5297,.T.);
#5518 = ORIENTED_EDGE('',*,*,#5519,.T.);
#5519 = EDGE_CURVE('',#5270,#5470,#5520,.T.);
#5520 = SURFACE_CURVE('',#5521,(#5525,#5532),.PCURVE_S1.);
#5521 = LINE('',#5522,#5523);
#5522 = CARTESIAN_POINT('',(1.105388720051E+03,6.6,-160.4945384939));
#5523 = VECTOR('',#5524,1.);
#5524 = DIRECTION('',(0.,0.,-1.));
#5525 = PCURVE('',#1479,#5526);
#5526 = DEFINITIONAL_REPRESENTATION('',(#5527),#5531);
#5527 = LINE('',#5528,#5529);
#5528 = CARTESIAN_POINT('',(0.,-0.65));
#5529 = VECTOR('',#5530,1.);
#5530 = DIRECTION('',(1.,0.));
#5531 = ( GEOMETRIC_REPRESENTATION_CONTEXT(2) 
PARAMETRIC_REPRESENTATION_CONTEXT() REPRESENTATION_CONTEXT('2D SPACE',''
  ) );
#5532 = PCURVE('',#5285,#5533);
#5533 = DEFINITIONAL_REPRESENTATION('',(#5534),#5538);
#5534 = LINE('',#5535,#5536);
#5535 = CARTESIAN_POINT('',(0.458984375,3.64501953125));
#5536 = VECTOR('',#5537,1.);
#5537 = DIRECTION('',(1.,0.));
#5538 = ( GEOMETRIC_REPRESENTATION_CONTEXT(2) 
PARAMETRIC_REPRESENTATION_CONTEXT() REPRESENTATION_CONTEXT('2D SPACE',''
  ) );
#5539 = ORIENTED_EDGE('',*,*,#5469,.F.);
#5540 = ADVANCED_FACE('',(#5541),#1611,.T.);
#5541 = FACE_BOUND('',#5542,.T.);
#5542 = EDGE_LOOP('',(#5543,#5544,#5567,#5595));
#5543 = ORIENTED_EDGE('',*,*,#1594,.T.);
#5544 = ORIENTED_EDGE('',*,*,#5545,.T.);
#5545 = EDGE_CURVE('',#1597,#5546,#5548,.T.);
#5546 = VERTEX_POINT('',#5547);
#5547 = CARTESIAN_POINT('',(1.109033739583E+03,6.6,-150.0233470876));
#5548 = SURFACE_CURVE('',#5549,(#5553,#5560),.PCURVE_S1.);
#5549 = LINE('',#5550,#5551);
#5550 = CARTESIAN_POINT('',(1.109033739583E+03,5.95,-150.0233470876));
#5551 = VECTOR('',#5552,1.);
#5552 = DIRECTION('',(0.,1.,0.));
#5553 = PCURVE('',#1611,#5554);
#5554 = DEFINITIONAL_REPRESENTATION('',(#5555),#5559);
#5555 = LINE('',#5556,#5557);
#5556 = CARTESIAN_POINT('',(0.,0.));
#5557 = VECTOR('',#5558,1.);
#5558 = DIRECTION('',(0.,-1.));
#5559 = ( GEOMETRIC_REPRESENTATION_CONTEXT(2) 
PARAMETRIC_REPRESENTATION_CONTEXT() REPRESENTATION_CONTEXT('2D SPACE',''
  ) );
#5560 = PCURVE('',#1869,#5561);
#5561 = DEFINITIONAL_REPRESENTATION('',(#5562),#5566);
#5562 = LINE('',#5563,#5564);
#5563 = CARTESIAN_POINT('',(2.548828125,0.));
#5564 = VECTOR('',#5565,1.);
#5565 = DIRECTION('',(0.,-1.));
#5566 = ( GEOMETRIC_REPRESENTATION_CONTEXT(2) 
PARAMETRIC_REPRESENTATION_CONTEXT() REPRESENTATION_CONTEXT('2D SPACE',''
  ) );
#5567 = ORIENTED_EDGE('',*,*,#5568,.T.);
#5568 = EDGE_CURVE('',#5546,#5569,#5571,.T.);
#5569 = VERTEX_POINT('',#5570);
#5570 = CARTESIAN_POINT('',(1.10838432552E+03,6.6,-150.0233470876));
#5571 = SURFACE_CURVE('',#5572,(#5576,#5583),.PCURVE_S1.);
#5572 = LINE('',#5573,#5574);
#5573 = CARTESIAN_POINT('',(1.109033739583E+03,6.6,-150.0233470876));
#5574 = VECTOR('',#5575,1.);
#5575 = DIRECTION('',(-1.,0.,0.));
#5576 = PCURVE('',#1611,#5577);
#5577 = DEFINITIONAL_REPRESENTATION('',(#5578),#5582);
#5578 = LINE('',#5579,#5580);
#5579 = CARTESIAN_POINT('',(0.,-0.65));
#5580 = VECTOR('',#5581,1.);
#5581 = DIRECTION('',(1.,0.));
#5582 = ( GEOMETRIC_REPRESENTATION_CONTEXT(2) 
PARAMETRIC_REPRESENTATION_CONTEXT() REPRESENTATION_CONTEXT('2D SPACE',''
  ) );
#5583 = PCURVE('',#5584,#5589);
#5584 = PLANE('',#5585);
#5585 = AXIS2_PLACEMENT_3D('',#5586,#5587,#5588);
#5586 = CARTESIAN_POINT('',(1.109033739583E+03,6.6,-149.4374095876));
#5587 = DIRECTION('',(0.,1.,0.));
#5588 = DIRECTION('',(0.,0.,-1.));
#5589 = DEFINITIONAL_REPRESENTATION('',(#5590),#5594);
#5590 = LINE('',#5591,#5592);
#5591 = CARTESIAN_POINT('',(0.5859375,0.));
#5592 = VECTOR('',#5593,1.);
#5593 = DIRECTION('',(0.,1.));
#5594 = ( GEOMETRIC_REPRESENTATION_CONTEXT(2) 
PARAMETRIC_REPRESENTATION_CONTEXT() REPRESENTATION_CONTEXT('2D SPACE',''
  ) );
#5595 = ORIENTED_EDGE('',*,*,#5596,.F.);
#5596 = EDGE_CURVE('',#1595,#5569,#5597,.T.);
#5597 = SURFACE_CURVE('',#5598,(#5602,#5609),.PCURVE_S1.);
#5598 = LINE('',#5599,#5600);
#5599 = CARTESIAN_POINT('',(1.10838432552E+03,5.95,-150.0233470876));
#5600 = VECTOR('',#5601,1.);
#5601 = DIRECTION('',(0.,1.,0.));
#5602 = PCURVE('',#1611,#5603);
#5603 = DEFINITIONAL_REPRESENTATION('',(#5604),#5608);
#5604 = LINE('',#5605,#5606);
#5605 = CARTESIAN_POINT('',(0.6494140625,0.));
#5606 = VECTOR('',#5607,1.);
#5607 = DIRECTION('',(0.,-1.));
#5608 = ( GEOMETRIC_REPRESENTATION_CONTEXT(2) 
PARAMETRIC_REPRESENTATION_CONTEXT() REPRESENTATION_CONTEXT('2D SPACE',''
  ) );
#5609 = PCURVE('',#1637,#5610);
#5610 = DEFINITIONAL_REPRESENTATION('',(#5611),#5615);
#5611 = LINE('',#5612,#5613);
#5612 = CARTESIAN_POINT('',(0.,-0.));
#5613 = VECTOR('',#5614,1.);
#5614 = DIRECTION('',(0.,-1.));
#5615 = ( GEOMETRIC_REPRESENTATION_CONTEXT(2) 
PARAMETRIC_REPRESENTATION_CONTEXT() REPRESENTATION_CONTEXT('2D SPACE',''
  ) );
#5616 = ADVANCED_FACE('',(#5617),#1869,.T.);
#5617 = FACE_BOUND('',#5618,.T.);
#5618 = EDGE_LOOP('',(#5619,#5620,#5643,#5664));
#5619 = ORIENTED_EDGE('',*,*,#1856,.T.);
#5620 = ORIENTED_EDGE('',*,*,#5621,.T.);
#5621 = EDGE_CURVE('',#1831,#5622,#5624,.T.);
#5622 = VERTEX_POINT('',#5623);
#5623 = CARTESIAN_POINT('',(1.109033739583E+03,6.6,-152.5721752126));
#5624 = SURFACE_CURVE('',#5625,(#5629,#5636),.PCURVE_S1.);
#5625 = LINE('',#5626,#5627);
#5626 = CARTESIAN_POINT('',(1.109033739583E+03,5.95,-152.5721752126));
#5627 = VECTOR('',#5628,1.);
#5628 = DIRECTION('',(0.,1.,0.));
#5629 = PCURVE('',#1869,#5630);
#5630 = DEFINITIONAL_REPRESENTATION('',(#5631),#5635);
#5631 = LINE('',#5632,#5633);
#5632 = CARTESIAN_POINT('',(0.,0.));
#5633 = VECTOR('',#5634,1.);
#5634 = DIRECTION('',(0.,-1.));
#5635 = ( GEOMETRIC_REPRESENTATION_CONTEXT(2) 
PARAMETRIC_REPRESENTATION_CONTEXT() REPRESENTATION_CONTEXT('2D SPACE',''
  ) );
#5636 = PCURVE('',#1845,#5637);
#5637 = DEFINITIONAL_REPRESENTATION('',(#5638),#5642);
#5638 = LINE('',#5639,#5640);
#5639 = CARTESIAN_POINT('',(0.6494140625,0.));
#5640 = VECTOR('',#5641,1.);
#5641 = DIRECTION('',(0.,-1.));
#5642 = ( GEOMETRIC_REPRESENTATION_CONTEXT(2) 
PARAMETRIC_REPRESENTATION_CONTEXT() REPRESENTATION_CONTEXT('2D SPACE',''
  ) );
#5643 = ORIENTED_EDGE('',*,*,#5644,.T.);
#5644 = EDGE_CURVE('',#5622,#5546,#5645,.T.);
#5645 = SURFACE_CURVE('',#5646,(#5650,#5657),.PCURVE_S1.);
#5646 = LINE('',#5647,#5648);
#5647 = CARTESIAN_POINT('',(1.109033739583E+03,6.6,-152.5721752126));
#5648 = VECTOR('',#5649,1.);
#5649 = DIRECTION('',(0.,0.,1.));
#5650 = PCURVE('',#1869,#5651);
#5651 = DEFINITIONAL_REPRESENTATION('',(#5652),#5656);
#5652 = LINE('',#5653,#5654);
#5653 = CARTESIAN_POINT('',(0.,-0.65));
#5654 = VECTOR('',#5655,1.);
#5655 = DIRECTION('',(1.,0.));
#5656 = ( GEOMETRIC_REPRESENTATION_CONTEXT(2) 
PARAMETRIC_REPRESENTATION_CONTEXT() REPRESENTATION_CONTEXT('2D SPACE',''
  ) );
#5657 = PCURVE('',#5584,#5658);
#5658 = DEFINITIONAL_REPRESENTATION('',(#5659),#5663);
#5659 = LINE('',#5660,#5661);
#5660 = CARTESIAN_POINT('',(3.134765625,0.));
#5661 = VECTOR('',#5662,1.);
#5662 = DIRECTION('',(-1.,0.));
#5663 = ( GEOMETRIC_REPRESENTATION_CONTEXT(2) 
PARAMETRIC_REPRESENTATION_CONTEXT() REPRESENTATION_CONTEXT('2D SPACE',''
  ) );
#5664 = ORIENTED_EDGE('',*,*,#5545,.F.);
#5665 = ADVANCED_FACE('',(#5666),#1845,.T.);
#5666 = FACE_BOUND('',#5667,.T.);
#5667 = EDGE_LOOP('',(#5668,#5669,#5692,#5713));
#5668 = ORIENTED_EDGE('',*,*,#1830,.T.);
#5669 = ORIENTED_EDGE('',*,*,#5670,.T.);
#5670 = EDGE_CURVE('',#1805,#5671,#5673,.T.);
#5671 = VERTEX_POINT('',#5672);
#5672 = CARTESIAN_POINT('',(1.10838432552E+03,6.6,-152.5721752126));
#5673 = SURFACE_CURVE('',#5674,(#5678,#5685),.PCURVE_S1.);
#5674 = LINE('',#5675,#5676);
#5675 = CARTESIAN_POINT('',(1.10838432552E+03,5.95,-152.5721752126));
#5676 = VECTOR('',#5677,1.);
#5677 = DIRECTION('',(0.,1.,0.));
#5678 = PCURVE('',#1845,#5679);
#5679 = DEFINITIONAL_REPRESENTATION('',(#5680),#5684);
#5680 = LINE('',#5681,#5682);
#5681 = CARTESIAN_POINT('',(0.,0.));
#5682 = VECTOR('',#5683,1.);
#5683 = DIRECTION('',(0.,-1.));
#5684 = ( GEOMETRIC_REPRESENTATION_CONTEXT(2) 
PARAMETRIC_REPRESENTATION_CONTEXT() REPRESENTATION_CONTEXT('2D SPACE',''
  ) );
#5685 = PCURVE('',#1819,#5686);
#5686 = DEFINITIONAL_REPRESENTATION('',(#5687),#5691);
#5687 = LINE('',#5688,#5689);
#5688 = CARTESIAN_POINT('',(0.830078125,0.));
#5689 = VECTOR('',#5690,1.);
#5690 = DIRECTION('',(0.,-1.));
#5691 = ( GEOMETRIC_REPRESENTATION_CONTEXT(2) 
PARAMETRIC_REPRESENTATION_CONTEXT() REPRESENTATION_CONTEXT('2D SPACE',''
  ) );
#5692 = ORIENTED_EDGE('',*,*,#5693,.T.);
#5693 = EDGE_CURVE('',#5671,#5622,#5694,.T.);
#5694 = SURFACE_CURVE('',#5695,(#5699,#5706),.PCURVE_S1.);
#5695 = LINE('',#5696,#5697);
#5696 = CARTESIAN_POINT('',(1.10838432552E+03,6.6,-152.5721752126));
#5697 = VECTOR('',#5698,1.);
#5698 = DIRECTION('',(1.,0.,-0.));
#5699 = PCURVE('',#1845,#5700);
#5700 = DEFINITIONAL_REPRESENTATION('',(#5701),#5705);
#5701 = LINE('',#5702,#5703);
#5702 = CARTESIAN_POINT('',(0.,-0.65));
#5703 = VECTOR('',#5704,1.);
#5704 = DIRECTION('',(1.,0.));
#5705 = ( GEOMETRIC_REPRESENTATION_CONTEXT(2) 
PARAMETRIC_REPRESENTATION_CONTEXT() REPRESENTATION_CONTEXT('2D SPACE',''
  ) );
#5706 = PCURVE('',#5584,#5707);
#5707 = DEFINITIONAL_REPRESENTATION('',(#5708),#5712);
#5708 = LINE('',#5709,#5710);
#5709 = CARTESIAN_POINT('',(3.134765625,0.6494140625));
#5710 = VECTOR('',#5711,1.);
#5711 = DIRECTION('',(0.,-1.));
#5712 = ( GEOMETRIC_REPRESENTATION_CONTEXT(2) 
PARAMETRIC_REPRESENTATION_CONTEXT() REPRESENTATION_CONTEXT('2D SPACE',''
  ) );
#5713 = ORIENTED_EDGE('',*,*,#5621,.F.);
#5714 = ADVANCED_FACE('',(#5715),#1819,.T.);
#5715 = FACE_BOUND('',#5716,.T.);
#5716 = EDGE_LOOP('',(#5717,#5718,#5741,#5762));
#5717 = ORIENTED_EDGE('',*,*,#1804,.T.);
#5718 = ORIENTED_EDGE('',*,*,#5719,.T.);
#5719 = EDGE_CURVE('',#1779,#5720,#5722,.T.);
#5720 = VERTEX_POINT('',#5721);
#5721 = CARTESIAN_POINT('',(1.10838432552E+03,6.6,-151.7420970876));
#5722 = SURFACE_CURVE('',#5723,(#5727,#5734),.PCURVE_S1.);
#5723 = LINE('',#5724,#5725);
#5724 = CARTESIAN_POINT('',(1.10838432552E+03,5.95,-151.7420970876));
#5725 = VECTOR('',#5726,1.);
#5726 = DIRECTION('',(0.,1.,0.));
#5727 = PCURVE('',#1819,#5728);
#5728 = DEFINITIONAL_REPRESENTATION('',(#5729),#5733);
#5729 = LINE('',#5730,#5731);
#5730 = CARTESIAN_POINT('',(0.,-0.));
#5731 = VECTOR('',#5732,1.);
#5732 = DIRECTION('',(0.,-1.));
#5733 = ( GEOMETRIC_REPRESENTATION_CONTEXT(2) 
PARAMETRIC_REPRESENTATION_CONTEXT() REPRESENTATION_CONTEXT('2D SPACE',''
  ) );
#5734 = PCURVE('',#1793,#5735);
#5735 = DEFINITIONAL_REPRESENTATION('',(#5736),#5740);
#5736 = LINE('',#5737,#5738);
#5737 = CARTESIAN_POINT('',(2.99560546875,0.));
#5738 = VECTOR('',#5739,1.);
#5739 = DIRECTION('',(0.,-1.));
#5740 = ( GEOMETRIC_REPRESENTATION_CONTEXT(2) 
PARAMETRIC_REPRESENTATION_CONTEXT() REPRESENTATION_CONTEXT('2D SPACE',''
  ) );
#5741 = ORIENTED_EDGE('',*,*,#5742,.T.);
#5742 = EDGE_CURVE('',#5720,#5671,#5743,.T.);
#5743 = SURFACE_CURVE('',#5744,(#5748,#5755),.PCURVE_S1.);
#5744 = LINE('',#5745,#5746);
#5745 = CARTESIAN_POINT('',(1.10838432552E+03,6.6,-151.7420970876));
#5746 = VECTOR('',#5747,1.);
#5747 = DIRECTION('',(0.,0.,-1.));
#5748 = PCURVE('',#1819,#5749);
#5749 = DEFINITIONAL_REPRESENTATION('',(#5750),#5754);
#5750 = LINE('',#5751,#5752);
#5751 = CARTESIAN_POINT('',(0.,-0.65));
#5752 = VECTOR('',#5753,1.);
#5753 = DIRECTION('',(1.,0.));
#5754 = ( GEOMETRIC_REPRESENTATION_CONTEXT(2) 
PARAMETRIC_REPRESENTATION_CONTEXT() REPRESENTATION_CONTEXT('2D SPACE',''
  ) );
#5755 = PCURVE('',#5584,#5756);
#5756 = DEFINITIONAL_REPRESENTATION('',(#5757),#5761);
#5757 = LINE('',#5758,#5759);
#5758 = CARTESIAN_POINT('',(2.3046875,0.6494140625));
#5759 = VECTOR('',#5760,1.);
#5760 = DIRECTION('',(1.,0.));
#5761 = ( GEOMETRIC_REPRESENTATION_CONTEXT(2) 
PARAMETRIC_REPRESENTATION_CONTEXT() REPRESENTATION_CONTEXT('2D SPACE',''
  ) );
#5762 = ORIENTED_EDGE('',*,*,#5670,.F.);
#5763 = ADVANCED_FACE('',(#5764),#1793,.T.);
#5764 = FACE_BOUND('',#5765,.T.);
#5765 = EDGE_LOOP('',(#5766,#5767,#5790,#5811));
#5766 = ORIENTED_EDGE('',*,*,#1778,.T.);
#5767 = ORIENTED_EDGE('',*,*,#5768,.T.);
#5768 = EDGE_CURVE('',#1753,#5769,#5771,.T.);
#5769 = VERTEX_POINT('',#5770);
#5770 = CARTESIAN_POINT('',(1.105388720051E+03,6.6,-151.7420970876));
#5771 = SURFACE_CURVE('',#5772,(#5776,#5783),.PCURVE_S1.);
#5772 = LINE('',#5773,#5774);
#5773 = CARTESIAN_POINT('',(1.105388720051E+03,5.95,-151.7420970876));
#5774 = VECTOR('',#5775,1.);
#5775 = DIRECTION('',(0.,1.,0.));
#5776 = PCURVE('',#1793,#5777);
#5777 = DEFINITIONAL_REPRESENTATION('',(#5778),#5782);
#5778 = LINE('',#5779,#5780);
#5779 = CARTESIAN_POINT('',(0.,0.));
#5780 = VECTOR('',#5781,1.);
#5781 = DIRECTION('',(0.,-1.));
#5782 = ( GEOMETRIC_REPRESENTATION_CONTEXT(2) 
PARAMETRIC_REPRESENTATION_CONTEXT() REPRESENTATION_CONTEXT('2D SPACE',''
  ) );
#5783 = PCURVE('',#1767,#5784);
#5784 = DEFINITIONAL_REPRESENTATION('',(#5785),#5789);
#5785 = LINE('',#5786,#5787);
#5786 = CARTESIAN_POINT('',(0.8935546875,0.));
#5787 = VECTOR('',#5788,1.);
#5788 = DIRECTION('',(0.,-1.));
#5789 = ( GEOMETRIC_REPRESENTATION_CONTEXT(2) 
PARAMETRIC_REPRESENTATION_CONTEXT() REPRESENTATION_CONTEXT('2D SPACE',''
  ) );
#5790 = ORIENTED_EDGE('',*,*,#5791,.T.);
#5791 = EDGE_CURVE('',#5769,#5720,#5792,.T.);
#5792 = SURFACE_CURVE('',#5793,(#5797,#5804),.PCURVE_S1.);
#5793 = LINE('',#5794,#5795);
#5794 = CARTESIAN_POINT('',(1.105388720051E+03,6.6,-151.7420970876));
#5795 = VECTOR('',#5796,1.);
#5796 = DIRECTION('',(1.,0.,-0.));
#5797 = PCURVE('',#1793,#5798);
#5798 = DEFINITIONAL_REPRESENTATION('',(#5799),#5803);
#5799 = LINE('',#5800,#5801);
#5800 = CARTESIAN_POINT('',(0.,-0.65));
#5801 = VECTOR('',#5802,1.);
#5802 = DIRECTION('',(1.,0.));
#5803 = ( GEOMETRIC_REPRESENTATION_CONTEXT(2) 
PARAMETRIC_REPRESENTATION_CONTEXT() REPRESENTATION_CONTEXT('2D SPACE',''
  ) );
#5804 = PCURVE('',#5584,#5805);
#5805 = DEFINITIONAL_REPRESENTATION('',(#5806),#5810);
#5806 = LINE('',#5807,#5808);
#5807 = CARTESIAN_POINT('',(2.3046875,3.64501953125));
#5808 = VECTOR('',#5809,1.);
#5809 = DIRECTION('',(0.,-1.));
#5810 = ( GEOMETRIC_REPRESENTATION_CONTEXT(2) 
PARAMETRIC_REPRESENTATION_CONTEXT() REPRESENTATION_CONTEXT('2D SPACE',''
  ) );
#5811 = ORIENTED_EDGE('',*,*,#5719,.F.);
#5812 = ADVANCED_FACE('',(#5813),#1767,.T.);
#5813 = FACE_BOUND('',#5814,.T.);
#5814 = EDGE_LOOP('',(#5815,#5816,#5839,#5860));
#5815 = ORIENTED_EDGE('',*,*,#1752,.T.);
#5816 = ORIENTED_EDGE('',*,*,#5817,.T.);
#5817 = EDGE_CURVE('',#1727,#5818,#5820,.T.);
#5818 = VERTEX_POINT('',#5819);
#5819 = CARTESIAN_POINT('',(1.105388720051E+03,6.6,-150.8485424001));
#5820 = SURFACE_CURVE('',#5821,(#5825,#5832),.PCURVE_S1.);
#5821 = LINE('',#5822,#5823);
#5822 = CARTESIAN_POINT('',(1.105388720051E+03,5.95,-150.8485424001));
#5823 = VECTOR('',#5824,1.);
#5824 = DIRECTION('',(0.,1.,0.));
#5825 = PCURVE('',#1767,#5826);
#5826 = DEFINITIONAL_REPRESENTATION('',(#5827),#5831);
#5827 = LINE('',#5828,#5829);
#5828 = CARTESIAN_POINT('',(0.,-0.));
#5829 = VECTOR('',#5830,1.);
#5830 = DIRECTION('',(0.,-1.));
#5831 = ( GEOMETRIC_REPRESENTATION_CONTEXT(2) 
PARAMETRIC_REPRESENTATION_CONTEXT() REPRESENTATION_CONTEXT('2D SPACE',''
  ) );
#5832 = PCURVE('',#1741,#5833);
#5833 = DEFINITIONAL_REPRESENTATION('',(#5834),#5838);
#5834 = LINE('',#5835,#5836);
#5835 = CARTESIAN_POINT('',(0.865212468199,0.));
#5836 = VECTOR('',#5837,1.);
#5837 = DIRECTION('',(0.,-1.));
#5838 = ( GEOMETRIC_REPRESENTATION_CONTEXT(2) 
PARAMETRIC_REPRESENTATION_CONTEXT() REPRESENTATION_CONTEXT('2D SPACE',''
  ) );
#5839 = ORIENTED_EDGE('',*,*,#5840,.T.);
#5840 = EDGE_CURVE('',#5818,#5769,#5841,.T.);
#5841 = SURFACE_CURVE('',#5842,(#5846,#5853),.PCURVE_S1.);
#5842 = LINE('',#5843,#5844);
#5843 = CARTESIAN_POINT('',(1.105388720051E+03,6.6,-150.8485424001));
#5844 = VECTOR('',#5845,1.);
#5845 = DIRECTION('',(0.,0.,-1.));
#5846 = PCURVE('',#1767,#5847);
#5847 = DEFINITIONAL_REPRESENTATION('',(#5848),#5852);
#5848 = LINE('',#5849,#5850);
#5849 = CARTESIAN_POINT('',(0.,-0.65));
#5850 = VECTOR('',#5851,1.);
#5851 = DIRECTION('',(1.,0.));
#5852 = ( GEOMETRIC_REPRESENTATION_CONTEXT(2) 
PARAMETRIC_REPRESENTATION_CONTEXT() REPRESENTATION_CONTEXT('2D SPACE',''
  ) );
#5853 = PCURVE('',#5584,#5854);
#5854 = DEFINITIONAL_REPRESENTATION('',(#5855),#5859);
#5855 = LINE('',#5856,#5857);
#5856 = CARTESIAN_POINT('',(1.4111328125,3.64501953125));
#5857 = VECTOR('',#5858,1.);
#5858 = DIRECTION('',(1.,0.));
#5859 = ( GEOMETRIC_REPRESENTATION_CONTEXT(2) 
PARAMETRIC_REPRESENTATION_CONTEXT() REPRESENTATION_CONTEXT('2D SPACE',''
  ) );
#5860 = ORIENTED_EDGE('',*,*,#5768,.F.);
#5861 = ADVANCED_FACE('',(#5862),#1741,.T.);
#5862 = FACE_BOUND('',#5863,.T.);
#5863 = EDGE_LOOP('',(#5864,#5865,#5888,#5909));
#5864 = ORIENTED_EDGE('',*,*,#1726,.T.);
#5865 = ORIENTED_EDGE('',*,*,#5866,.T.);
#5866 = EDGE_CURVE('',#1701,#5867,#5869,.T.);
#5867 = VERTEX_POINT('',#5868);
#5868 = CARTESIAN_POINT('',(1.105564501301E+03,6.6,-150.0013744314));
#5869 = SURFACE_CURVE('',#5870,(#5874,#5881),.PCURVE_S1.);
#5870 = LINE('',#5871,#5872);
#5871 = CARTESIAN_POINT('',(1.105564501301E+03,5.95,-150.0013744314));
#5872 = VECTOR('',#5873,1.);
#5873 = DIRECTION('',(0.,1.,0.));
#5874 = PCURVE('',#1741,#5875);
#5875 = DEFINITIONAL_REPRESENTATION('',(#5876),#5880);
#5876 = LINE('',#5877,#5878);
#5877 = CARTESIAN_POINT('',(0.,0.));
#5878 = VECTOR('',#5879,1.);
#5879 = DIRECTION('',(0.,-1.));
#5880 = ( GEOMETRIC_REPRESENTATION_CONTEXT(2) 
PARAMETRIC_REPRESENTATION_CONTEXT() REPRESENTATION_CONTEXT('2D SPACE',''
  ) );
#5881 = PCURVE('',#1715,#5882);
#5882 = DEFINITIONAL_REPRESENTATION('',(#5883),#5887);
#5883 = LINE('',#5884,#5885);
#5884 = CARTESIAN_POINT('',(0.6396484375,0.));
#5885 = VECTOR('',#5886,1.);
#5886 = DIRECTION('',(0.,-1.));
#5887 = ( GEOMETRIC_REPRESENTATION_CONTEXT(2) 
PARAMETRIC_REPRESENTATION_CONTEXT() REPRESENTATION_CONTEXT('2D SPACE',''
  ) );
#5888 = ORIENTED_EDGE('',*,*,#5889,.T.);
#5889 = EDGE_CURVE('',#5867,#5818,#5890,.T.);
#5890 = SURFACE_CURVE('',#5891,(#5895,#5902),.PCURVE_S1.);
#5891 = LINE('',#5892,#5893);
#5892 = CARTESIAN_POINT('',(1.105564501301E+03,6.6,-150.0013744314));
#5893 = VECTOR('',#5894,1.);
#5894 = DIRECTION('',(-0.203165414809,0.,-0.979144429707));
#5895 = PCURVE('',#1741,#5896);
#5896 = DEFINITIONAL_REPRESENTATION('',(#5897),#5901);
#5897 = LINE('',#5898,#5899);
#5898 = CARTESIAN_POINT('',(0.,-0.65));
#5899 = VECTOR('',#5900,1.);
#5900 = DIRECTION('',(1.,0.));
#5901 = ( GEOMETRIC_REPRESENTATION_CONTEXT(2) 
PARAMETRIC_REPRESENTATION_CONTEXT() REPRESENTATION_CONTEXT('2D SPACE',''
  ) );
#5902 = PCURVE('',#5584,#5903);
#5903 = DEFINITIONAL_REPRESENTATION('',(#5904),#5908);
#5904 = LINE('',#5905,#5906);
#5905 = CARTESIAN_POINT('',(0.56396484375,3.46923828125));
#5906 = VECTOR('',#5907,1.);
#5907 = DIRECTION('',(0.979144429707,0.203165414809));
#5908 = ( GEOMETRIC_REPRESENTATION_CONTEXT(2) 
PARAMETRIC_REPRESENTATION_CONTEXT() REPRESENTATION_CONTEXT('2D SPACE',''
  ) );
#5909 = ORIENTED_EDGE('',*,*,#5817,.F.);
#5910 = ADVANCED_FACE('',(#5911),#1715,.T.);
#5911 = FACE_BOUND('',#5912,.T.);
#5912 = EDGE_LOOP('',(#5913,#5914,#5937,#5958));
#5913 = ORIENTED_EDGE('',*,*,#1700,.T.);
#5914 = ORIENTED_EDGE('',*,*,#5915,.T.);
#5915 = EDGE_CURVE('',#1675,#5916,#5918,.T.);
#5916 = VERTEX_POINT('',#5917);
#5917 = CARTESIAN_POINT('',(1.106204149739E+03,6.6,-150.0013744314));
#5918 = SURFACE_CURVE('',#5919,(#5923,#5930),.PCURVE_S1.);
#5919 = LINE('',#5920,#5921);
#5920 = CARTESIAN_POINT('',(1.106204149739E+03,5.95,-150.0013744314));
#5921 = VECTOR('',#5922,1.);
#5922 = DIRECTION('',(0.,1.,0.));
#5923 = PCURVE('',#1715,#5924);
#5924 = DEFINITIONAL_REPRESENTATION('',(#5925),#5929);
#5925 = LINE('',#5926,#5927);
#5926 = CARTESIAN_POINT('',(0.,0.));
#5927 = VECTOR('',#5928,1.);
#5928 = DIRECTION('',(0.,-1.));
#5929 = ( GEOMETRIC_REPRESENTATION_CONTEXT(2) 
PARAMETRIC_REPRESENTATION_CONTEXT() REPRESENTATION_CONTEXT('2D SPACE',''
  ) );
#5930 = PCURVE('',#1689,#5931);
#5931 = DEFINITIONAL_REPRESENTATION('',(#5932),#5936);
#5932 = LINE('',#5933,#5934);
#5933 = CARTESIAN_POINT('',(0.869994012439,0.));
#5934 = VECTOR('',#5935,1.);
#5935 = DIRECTION('',(0.,-1.));
#5936 = ( GEOMETRIC_REPRESENTATION_CONTEXT(2) 
PARAMETRIC_REPRESENTATION_CONTEXT() REPRESENTATION_CONTEXT('2D SPACE',''
  ) );
#5937 = ORIENTED_EDGE('',*,*,#5938,.T.);
#5938 = EDGE_CURVE('',#5916,#5867,#5939,.T.);
#5939 = SURFACE_CURVE('',#5940,(#5944,#5951),.PCURVE_S1.);
#5940 = LINE('',#5941,#5942);
#5941 = CARTESIAN_POINT('',(1.106204149739E+03,6.6,-150.0013744314));
#5942 = VECTOR('',#5943,1.);
#5943 = DIRECTION('',(-1.,0.,0.));
#5944 = PCURVE('',#1715,#5945);
#5945 = DEFINITIONAL_REPRESENTATION('',(#5946),#5950);
#5946 = LINE('',#5947,#5948);
#5947 = CARTESIAN_POINT('',(0.,-0.65));
#5948 = VECTOR('',#5949,1.);
#5949 = DIRECTION('',(1.,0.));
#5950 = ( GEOMETRIC_REPRESENTATION_CONTEXT(2) 
PARAMETRIC_REPRESENTATION_CONTEXT() REPRESENTATION_CONTEXT('2D SPACE',''
  ) );
#5951 = PCURVE('',#5584,#5952);
#5952 = DEFINITIONAL_REPRESENTATION('',(#5953),#5957);
#5953 = LINE('',#5954,#5955);
#5954 = CARTESIAN_POINT('',(0.56396484375,2.82958984375));
#5955 = VECTOR('',#5956,1.);
#5956 = DIRECTION('',(0.,1.));
#5957 = ( GEOMETRIC_REPRESENTATION_CONTEXT(2) 
PARAMETRIC_REPRESENTATION_CONTEXT() REPRESENTATION_CONTEXT('2D SPACE',''
  ) );
#5958 = ORIENTED_EDGE('',*,*,#5866,.F.);
#5959 = ADVANCED_FACE('',(#5960),#1689,.T.);
#5960 = FACE_BOUND('',#5961,.T.);
#5961 = EDGE_LOOP('',(#5962,#5963,#5986,#6007));
#5962 = ORIENTED_EDGE('',*,*,#1674,.T.);
#5963 = ORIENTED_EDGE('',*,*,#5964,.T.);
#5964 = EDGE_CURVE('',#1649,#5965,#5967,.T.);
#5965 = VERTEX_POINT('',#5966);
#5966 = CARTESIAN_POINT('',(1.106028368489E+03,6.6,-150.8534252126));
#5967 = SURFACE_CURVE('',#5968,(#5972,#5979),.PCURVE_S1.);
#5968 = LINE('',#5969,#5970);
#5969 = CARTESIAN_POINT('',(1.106028368489E+03,5.95,-150.8534252126));
#5970 = VECTOR('',#5971,1.);
#5971 = DIRECTION('',(0.,1.,0.));
#5972 = PCURVE('',#1689,#5973);
#5973 = DEFINITIONAL_REPRESENTATION('',(#5974),#5978);
#5974 = LINE('',#5975,#5976);
#5975 = CARTESIAN_POINT('',(0.,0.));
#5976 = VECTOR('',#5977,1.);
#5977 = DIRECTION('',(0.,-1.));
#5978 = ( GEOMETRIC_REPRESENTATION_CONTEXT(2) 
PARAMETRIC_REPRESENTATION_CONTEXT() REPRESENTATION_CONTEXT('2D SPACE',''
  ) );
#5979 = PCURVE('',#1663,#5980);
#5980 = DEFINITIONAL_REPRESENTATION('',(#5981),#5985);
#5981 = LINE('',#5982,#5983);
#5982 = CARTESIAN_POINT('',(2.35595703125,0.));
#5983 = VECTOR('',#5984,1.);
#5984 = DIRECTION('',(0.,-1.));
#5985 = ( GEOMETRIC_REPRESENTATION_CONTEXT(2) 
PARAMETRIC_REPRESENTATION_CONTEXT() REPRESENTATION_CONTEXT('2D SPACE',''
  ) );
#5986 = ORIENTED_EDGE('',*,*,#5987,.T.);
#5987 = EDGE_CURVE('',#5965,#5916,#5988,.T.);
#5988 = SURFACE_CURVE('',#5989,(#5993,#6000),.PCURVE_S1.);
#5989 = LINE('',#5990,#5991);
#5990 = CARTESIAN_POINT('',(1.106028368489E+03,6.6,-150.8534252126));
#5991 = VECTOR('',#5992,1.);
#5992 = DIRECTION('',(0.202048804344,0.,0.979375454391));
#5993 = PCURVE('',#1689,#5994);
#5994 = DEFINITIONAL_REPRESENTATION('',(#5995),#5999);
#5995 = LINE('',#5996,#5997);
#5996 = CARTESIAN_POINT('',(0.,-0.65));
#5997 = VECTOR('',#5998,1.);
#5998 = DIRECTION('',(1.,0.));
#5999 = ( GEOMETRIC_REPRESENTATION_CONTEXT(2) 
PARAMETRIC_REPRESENTATION_CONTEXT() REPRESENTATION_CONTEXT('2D SPACE',''
  ) );
#6000 = PCURVE('',#5584,#6001);
#6001 = DEFINITIONAL_REPRESENTATION('',(#6002),#6006);
#6002 = LINE('',#6003,#6004);
#6003 = CARTESIAN_POINT('',(1.416015625,3.00537109375));
#6004 = VECTOR('',#6005,1.);
#6005 = DIRECTION('',(-0.979375454391,-0.202048804344));
#6006 = ( GEOMETRIC_REPRESENTATION_CONTEXT(2) 
PARAMETRIC_REPRESENTATION_CONTEXT() REPRESENTATION_CONTEXT('2D SPACE',''
  ) );
#6007 = ORIENTED_EDGE('',*,*,#5915,.F.);
#6008 = ADVANCED_FACE('',(#6009),#1663,.T.);
#6009 = FACE_BOUND('',#6010,.T.);
#6010 = EDGE_LOOP('',(#6011,#6012,#6035,#6056));
#6011 = ORIENTED_EDGE('',*,*,#1648,.T.);
#6012 = ORIENTED_EDGE('',*,*,#6013,.T.);
#6013 = EDGE_CURVE('',#1623,#6014,#6016,.T.);
#6014 = VERTEX_POINT('',#6015);
#6015 = CARTESIAN_POINT('',(1.10838432552E+03,6.6,-150.8534252126));
#6016 = SURFACE_CURVE('',#6017,(#6021,#6028),.PCURVE_S1.);
#6017 = LINE('',#6018,#6019);
#6018 = CARTESIAN_POINT('',(1.10838432552E+03,5.95,-150.8534252126));
#6019 = VECTOR('',#6020,1.);
#6020 = DIRECTION('',(0.,1.,0.));
#6021 = PCURVE('',#1663,#6022);
#6022 = DEFINITIONAL_REPRESENTATION('',(#6023),#6027);
#6023 = LINE('',#6024,#6025);
#6024 = CARTESIAN_POINT('',(0.,0.));
#6025 = VECTOR('',#6026,1.);
#6026 = DIRECTION('',(0.,-1.));
#6027 = ( GEOMETRIC_REPRESENTATION_CONTEXT(2) 
PARAMETRIC_REPRESENTATION_CONTEXT() REPRESENTATION_CONTEXT('2D SPACE',''
  ) );
#6028 = PCURVE('',#1637,#6029);
#6029 = DEFINITIONAL_REPRESENTATION('',(#6030),#6034);
#6030 = LINE('',#6031,#6032);
#6031 = CARTESIAN_POINT('',(0.830078125,0.));
#6032 = VECTOR('',#6033,1.);
#6033 = DIRECTION('',(0.,-1.));
#6034 = ( GEOMETRIC_REPRESENTATION_CONTEXT(2) 
PARAMETRIC_REPRESENTATION_CONTEXT() REPRESENTATION_CONTEXT('2D SPACE',''
  ) );
#6035 = ORIENTED_EDGE('',*,*,#6036,.T.);
#6036 = EDGE_CURVE('',#6014,#5965,#6037,.T.);
#6037 = SURFACE_CURVE('',#6038,(#6042,#6049),.PCURVE_S1.);
#6038 = LINE('',#6039,#6040);
#6039 = CARTESIAN_POINT('',(1.10838432552E+03,6.6,-150.8534252126));
#6040 = VECTOR('',#6041,1.);
#6041 = DIRECTION('',(-1.,0.,0.));
#6042 = PCURVE('',#1663,#6043);
#6043 = DEFINITIONAL_REPRESENTATION('',(#6044),#6048);
#6044 = LINE('',#6045,#6046);
#6045 = CARTESIAN_POINT('',(0.,-0.65));
#6046 = VECTOR('',#6047,1.);
#6047 = DIRECTION('',(1.,0.));
#6048 = ( GEOMETRIC_REPRESENTATION_CONTEXT(2) 
PARAMETRIC_REPRESENTATION_CONTEXT() REPRESENTATION_CONTEXT('2D SPACE',''
  ) );
#6049 = PCURVE('',#5584,#6050);
#6050 = DEFINITIONAL_REPRESENTATION('',(#6051),#6055);
#6051 = LINE('',#6052,#6053);
#6052 = CARTESIAN_POINT('',(1.416015625,0.6494140625));
#6053 = VECTOR('',#6054,1.);
#6054 = DIRECTION('',(0.,1.));
#6055 = ( GEOMETRIC_REPRESENTATION_CONTEXT(2) 
PARAMETRIC_REPRESENTATION_CONTEXT() REPRESENTATION_CONTEXT('2D SPACE',''
  ) );
#6056 = ORIENTED_EDGE('',*,*,#5964,.F.);
#6057 = ADVANCED_FACE('',(#6058),#1637,.T.);
#6058 = FACE_BOUND('',#6059,.T.);
#6059 = EDGE_LOOP('',(#6060,#6061,#6062,#6083));
#6060 = ORIENTED_EDGE('',*,*,#1622,.T.);
#6061 = ORIENTED_EDGE('',*,*,#5596,.T.);
#6062 = ORIENTED_EDGE('',*,*,#6063,.T.);
#6063 = EDGE_CURVE('',#5569,#6014,#6064,.T.);
#6064 = SURFACE_CURVE('',#6065,(#6069,#6076),.PCURVE_S1.);
#6065 = LINE('',#6066,#6067);
#6066 = CARTESIAN_POINT('',(1.10838432552E+03,6.6,-150.0233470876));
#6067 = VECTOR('',#6068,1.);
#6068 = DIRECTION('',(0.,0.,-1.));
#6069 = PCURVE('',#1637,#6070);
#6070 = DEFINITIONAL_REPRESENTATION('',(#6071),#6075);
#6071 = LINE('',#6072,#6073);
#6072 = CARTESIAN_POINT('',(0.,-0.65));
#6073 = VECTOR('',#6074,1.);
#6074 = DIRECTION('',(1.,0.));
#6075 = ( GEOMETRIC_REPRESENTATION_CONTEXT(2) 
PARAMETRIC_REPRESENTATION_CONTEXT() REPRESENTATION_CONTEXT('2D SPACE',''
  ) );
#6076 = PCURVE('',#5584,#6077);
#6077 = DEFINITIONAL_REPRESENTATION('',(#6078),#6082);
#6078 = LINE('',#6079,#6080);
#6079 = CARTESIAN_POINT('',(0.5859375,0.6494140625));
#6080 = VECTOR('',#6081,1.);
#6081 = DIRECTION('',(1.,0.));
#6082 = ( GEOMETRIC_REPRESENTATION_CONTEXT(2) 
PARAMETRIC_REPRESENTATION_CONTEXT() REPRESENTATION_CONTEXT('2D SPACE',''
  ) );
#6083 = ORIENTED_EDGE('',*,*,#6013,.F.);
#6084 = ADVANCED_FACE('',(#6085),#1925,.T.);
#6085 = FACE_BOUND('',#6086,.T.);
#6086 = EDGE_LOOP('',(#6087,#6088,#6111,#6139));
#6087 = ORIENTED_EDGE('',*,*,#1908,.T.);
#6088 = ORIENTED_EDGE('',*,*,#6089,.T.);
#6089 = EDGE_CURVE('',#1911,#6090,#6092,.T.);
#6090 = VERTEX_POINT('',#6091);
#6091 = CARTESIAN_POINT('',(1.109033739583E+03,6.6,-146.2318431814));
#6092 = SURFACE_CURVE('',#6093,(#6097,#6104),.PCURVE_S1.);
#6093 = LINE('',#6094,#6095);
#6094 = CARTESIAN_POINT('',(1.109033739583E+03,5.95,-146.2318431814));
#6095 = VECTOR('',#6096,1.);
#6096 = DIRECTION('',(0.,1.,0.));
#6097 = PCURVE('',#1925,#6098);
#6098 = DEFINITIONAL_REPRESENTATION('',(#6099),#6103);
#6099 = LINE('',#6100,#6101);
#6100 = CARTESIAN_POINT('',(0.,0.));
#6101 = VECTOR('',#6102,1.);
#6102 = DIRECTION('',(0.,-1.));
#6103 = ( GEOMETRIC_REPRESENTATION_CONTEXT(2) 
PARAMETRIC_REPRESENTATION_CONTEXT() REPRESENTATION_CONTEXT('2D SPACE',''
  ) );
#6104 = PCURVE('',#2267,#6105);
#6105 = DEFINITIONAL_REPRESENTATION('',(#6106),#6110);
#6106 = LINE('',#6107,#6108);
#6107 = CARTESIAN_POINT('',(0.93994140625,0.));
#6108 = VECTOR('',#6109,1.);
#6109 = DIRECTION('',(0.,-1.));
#6110 = ( GEOMETRIC_REPRESENTATION_CONTEXT(2) 
PARAMETRIC_REPRESENTATION_CONTEXT() REPRESENTATION_CONTEXT('2D SPACE',''
  ) );
#6111 = ORIENTED_EDGE('',*,*,#6112,.T.);
#6112 = EDGE_CURVE('',#6090,#6113,#6115,.T.);
#6113 = VERTEX_POINT('',#6114);
#6114 = CARTESIAN_POINT('',(1.105388720051E+03,6.6,-146.2318431814));
#6115 = SURFACE_CURVE('',#6116,(#6120,#6127),.PCURVE_S1.);
#6116 = LINE('',#6117,#6118);
#6117 = CARTESIAN_POINT('',(1.109033739583E+03,6.6,-146.2318431814));
#6118 = VECTOR('',#6119,1.);
#6119 = DIRECTION('',(-1.,0.,0.));
#6120 = PCURVE('',#1925,#6121);
#6121 = DEFINITIONAL_REPRESENTATION('',(#6122),#6126);
#6122 = LINE('',#6123,#6124);
#6123 = CARTESIAN_POINT('',(0.,-0.65));
#6124 = VECTOR('',#6125,1.);
#6125 = DIRECTION('',(1.,0.));
#6126 = ( GEOMETRIC_REPRESENTATION_CONTEXT(2) 
PARAMETRIC_REPRESENTATION_CONTEXT() REPRESENTATION_CONTEXT('2D SPACE',''
  ) );
#6127 = PCURVE('',#6128,#6133);
#6128 = PLANE('',#6129);
#6129 = AXIS2_PLACEMENT_3D('',#6130,#6131,#6132);
#6130 = CARTESIAN_POINT('',(1.109033739583E+03,6.6,-145.7728588064));
#6131 = DIRECTION('',(0.,1.,0.));
#6132 = DIRECTION('',(0.,0.,-1.));
#6133 = DEFINITIONAL_REPRESENTATION('',(#6134),#6138);
#6134 = LINE('',#6135,#6136);
#6135 = CARTESIAN_POINT('',(0.458984375,0.));
#6136 = VECTOR('',#6137,1.);
#6137 = DIRECTION('',(0.,1.));
#6138 = ( GEOMETRIC_REPRESENTATION_CONTEXT(2) 
PARAMETRIC_REPRESENTATION_CONTEXT() REPRESENTATION_CONTEXT('2D SPACE',''
  ) );
#6139 = ORIENTED_EDGE('',*,*,#6140,.F.);
#6140 = EDGE_CURVE('',#1909,#6113,#6141,.T.);
#6141 = SURFACE_CURVE('',#6142,(#6146,#6153),.PCURVE_S1.);
#6142 = LINE('',#6143,#6144);
#6143 = CARTESIAN_POINT('',(1.105388720051E+03,5.95,-146.2318431814));
#6144 = VECTOR('',#6145,1.);
#6145 = DIRECTION('',(0.,1.,0.));
#6146 = PCURVE('',#1925,#6147);
#6147 = DEFINITIONAL_REPRESENTATION('',(#6148),#6152);
#6148 = LINE('',#6149,#6150);
#6149 = CARTESIAN_POINT('',(3.64501953125,0.));
#6150 = VECTOR('',#6151,1.);
#6151 = DIRECTION('',(0.,-1.));
#6152 = ( GEOMETRIC_REPRESENTATION_CONTEXT(2) 
PARAMETRIC_REPRESENTATION_CONTEXT() REPRESENTATION_CONTEXT('2D SPACE',''
  ) );
#6153 = PCURVE('',#1951,#6154);
#6154 = DEFINITIONAL_REPRESENTATION('',(#6155),#6159);
#6155 = LINE('',#6156,#6157);
#6156 = CARTESIAN_POINT('',(0.,-0.));
#6157 = VECTOR('',#6158,1.);
#6158 = DIRECTION('',(0.,-1.));
#6159 = ( GEOMETRIC_REPRESENTATION_CONTEXT(2) 
PARAMETRIC_REPRESENTATION_CONTEXT() REPRESENTATION_CONTEXT('2D SPACE',''
  ) );
#6160 = ADVANCED_FACE('',(#6161),#2267,.T.);
#6161 = FACE_BOUND('',#6162,.T.);
#6162 = EDGE_LOOP('',(#6163,#6164,#6187,#6208));
#6163 = ORIENTED_EDGE('',*,*,#2254,.T.);
#6164 = ORIENTED_EDGE('',*,*,#6165,.T.);
#6165 = EDGE_CURVE('',#2229,#6166,#6168,.T.);
#6166 = VERTEX_POINT('',#6167);
#6167 = CARTESIAN_POINT('',(1.109033739583E+03,6.6,-147.1717845876));
#6168 = SURFACE_CURVE('',#6169,(#6173,#6180),.PCURVE_S1.);
#6169 = LINE('',#6170,#6171);
#6170 = CARTESIAN_POINT('',(1.109033739583E+03,5.95,-147.1717845876));
#6171 = VECTOR('',#6172,1.);
#6172 = DIRECTION('',(0.,1.,0.));
#6173 = PCURVE('',#2267,#6174);
#6174 = DEFINITIONAL_REPRESENTATION('',(#6175),#6179);
#6175 = LINE('',#6176,#6177);
#6176 = CARTESIAN_POINT('',(0.,0.));
#6177 = VECTOR('',#6178,1.);
#6178 = DIRECTION('',(0.,-1.));
#6179 = ( GEOMETRIC_REPRESENTATION_CONTEXT(2) 
PARAMETRIC_REPRESENTATION_CONTEXT() REPRESENTATION_CONTEXT('2D SPACE',''
  ) );
#6180 = PCURVE('',#2243,#6181);
#6181 = DEFINITIONAL_REPRESENTATION('',(#6182),#6186);
#6182 = LINE('',#6183,#6184);
#6183 = CARTESIAN_POINT('',(1.2646484375,0.));
#6184 = VECTOR('',#6185,1.);
#6185 = DIRECTION('',(0.,-1.));
#6186 = ( GEOMETRIC_REPRESENTATION_CONTEXT(2) 
PARAMETRIC_REPRESENTATION_CONTEXT() REPRESENTATION_CONTEXT('2D SPACE',''
  ) );
#6187 = ORIENTED_EDGE('',*,*,#6188,.T.);
#6188 = EDGE_CURVE('',#6166,#6090,#6189,.T.);
#6189 = SURFACE_CURVE('',#6190,(#6194,#6201),.PCURVE_S1.);
#6190 = LINE('',#6191,#6192);
#6191 = CARTESIAN_POINT('',(1.109033739583E+03,6.6,-147.1717845876));
#6192 = VECTOR('',#6193,1.);
#6193 = DIRECTION('',(0.,0.,1.));
#6194 = PCURVE('',#2267,#6195);
#6195 = DEFINITIONAL_REPRESENTATION('',(#6196),#6200);
#6196 = LINE('',#6197,#6198);
#6197 = CARTESIAN_POINT('',(0.,-0.65));
#6198 = VECTOR('',#6199,1.);
#6199 = DIRECTION('',(1.,0.));
#6200 = ( GEOMETRIC_REPRESENTATION_CONTEXT(2) 
PARAMETRIC_REPRESENTATION_CONTEXT() REPRESENTATION_CONTEXT('2D SPACE',''
  ) );
#6201 = PCURVE('',#6128,#6202);
#6202 = DEFINITIONAL_REPRESENTATION('',(#6203),#6207);
#6203 = LINE('',#6204,#6205);
#6204 = CARTESIAN_POINT('',(1.39892578125,0.));
#6205 = VECTOR('',#6206,1.);
#6206 = DIRECTION('',(-1.,0.));
#6207 = ( GEOMETRIC_REPRESENTATION_CONTEXT(2) 
PARAMETRIC_REPRESENTATION_CONTEXT() REPRESENTATION_CONTEXT('2D SPACE',''
  ) );
#6208 = ORIENTED_EDGE('',*,*,#6089,.F.);
#6209 = ADVANCED_FACE('',(#6210),#2243,.T.);
#6210 = FACE_BOUND('',#6211,.T.);
#6211 = EDGE_LOOP('',(#6212,#6213,#6236,#6257));
#6212 = ORIENTED_EDGE('',*,*,#2228,.T.);
#6213 = ORIENTED_EDGE('',*,*,#6214,.T.);
#6214 = EDGE_CURVE('',#2203,#6215,#6217,.T.);
#6215 = VERTEX_POINT('',#6216);
#6216 = CARTESIAN_POINT('',(1.107769091145E+03,6.6,-147.1717845876));
#6217 = SURFACE_CURVE('',#6218,(#6222,#6229),.PCURVE_S1.);
#6218 = LINE('',#6219,#6220);
#6219 = CARTESIAN_POINT('',(1.107769091145E+03,5.95,-147.1717845876));
#6220 = VECTOR('',#6221,1.);
#6221 = DIRECTION('',(0.,1.,0.));
#6222 = PCURVE('',#2243,#6223);
#6223 = DEFINITIONAL_REPRESENTATION('',(#6224),#6228);
#6224 = LINE('',#6225,#6226);
#6225 = CARTESIAN_POINT('',(0.,0.));
#6226 = VECTOR('',#6227,1.);
#6227 = DIRECTION('',(0.,-1.));
#6228 = ( GEOMETRIC_REPRESENTATION_CONTEXT(2) 
PARAMETRIC_REPRESENTATION_CONTEXT() REPRESENTATION_CONTEXT('2D SPACE',''
  ) );
#6229 = PCURVE('',#2217,#6230);
#6230 = DEFINITIONAL_REPRESENTATION('',(#6231),#6235);
#6231 = LINE('',#6232,#6233);
#6232 = CARTESIAN_POINT('',(0.6201171875,0.));
#6233 = VECTOR('',#6234,1.);
#6234 = DIRECTION('',(0.,-1.));
#6235 = ( GEOMETRIC_REPRESENTATION_CONTEXT(2) 
PARAMETRIC_REPRESENTATION_CONTEXT() REPRESENTATION_CONTEXT('2D SPACE',''
  ) );
#6236 = ORIENTED_EDGE('',*,*,#6237,.T.);
#6237 = EDGE_CURVE('',#6215,#6166,#6238,.T.);
#6238 = SURFACE_CURVE('',#6239,(#6243,#6250),.PCURVE_S1.);
#6239 = LINE('',#6240,#6241);
#6240 = CARTESIAN_POINT('',(1.107769091145E+03,6.6,-147.1717845876));
#6241 = VECTOR('',#6242,1.);
#6242 = DIRECTION('',(1.,0.,-0.));
#6243 = PCURVE('',#2243,#6244);
#6244 = DEFINITIONAL_REPRESENTATION('',(#6245),#6249);
#6245 = LINE('',#6246,#6247);
#6246 = CARTESIAN_POINT('',(0.,-0.65));
#6247 = VECTOR('',#6248,1.);
#6248 = DIRECTION('',(1.,0.));
#6249 = ( GEOMETRIC_REPRESENTATION_CONTEXT(2) 
PARAMETRIC_REPRESENTATION_CONTEXT() REPRESENTATION_CONTEXT('2D SPACE',''
  ) );
#6250 = PCURVE('',#6128,#6251);
#6251 = DEFINITIONAL_REPRESENTATION('',(#6252),#6256);
#6252 = LINE('',#6253,#6254);
#6253 = CARTESIAN_POINT('',(1.39892578125,1.2646484375));
#6254 = VECTOR('',#6255,1.);
#6255 = DIRECTION('',(0.,-1.));
#6256 = ( GEOMETRIC_REPRESENTATION_CONTEXT(2) 
PARAMETRIC_REPRESENTATION_CONTEXT() REPRESENTATION_CONTEXT('2D SPACE',''
  ) );
#6257 = ORIENTED_EDGE('',*,*,#6165,.F.);
#6258 = ADVANCED_FACE('',(#6259),#2217,.T.);
#6259 = FACE_BOUND('',#6260,.T.);
#6260 = EDGE_LOOP('',(#6261,#6262,#6285,#6306));
#6261 = ORIENTED_EDGE('',*,*,#2202,.T.);
#6262 = ORIENTED_EDGE('',*,*,#6263,.T.);
#6263 = EDGE_CURVE('',#2146,#6264,#6266,.T.);
#6264 = VERTEX_POINT('',#6265);
#6265 = CARTESIAN_POINT('',(1.107769091145E+03,6.6,-147.7919017751));
#6266 = SURFACE_CURVE('',#6267,(#6271,#6278),.PCURVE_S1.);
#6267 = LINE('',#6268,#6269);
#6268 = CARTESIAN_POINT('',(1.107769091145E+03,5.95,-147.7919017751));
#6269 = VECTOR('',#6270,1.);
#6270 = DIRECTION('',(0.,1.,0.));
#6271 = PCURVE('',#2217,#6272);
#6272 = DEFINITIONAL_REPRESENTATION('',(#6273),#6277);
#6273 = LINE('',#6274,#6275);
#6274 = CARTESIAN_POINT('',(0.,0.));
#6275 = VECTOR('',#6276,1.);
#6276 = DIRECTION('',(0.,-1.));
#6277 = ( GEOMETRIC_REPRESENTATION_CONTEXT(2) 
PARAMETRIC_REPRESENTATION_CONTEXT() REPRESENTATION_CONTEXT('2D SPACE',''
  ) );
#6278 = PCURVE('',#2179,#6279);
#6279 = DEFINITIONAL_REPRESENTATION('',(#6280),#6284);
#6280 = LINE('',#6281,#6282);
#6281 = CARTESIAN_POINT('',(1.,0.));
#6282 = VECTOR('',#6283,1.);
#6283 = DIRECTION('',(0.,-1.));
#6284 = ( GEOMETRIC_REPRESENTATION_CONTEXT(2) 
PARAMETRIC_REPRESENTATION_CONTEXT() REPRESENTATION_CONTEXT('2D SPACE',''
  ) );
#6285 = ORIENTED_EDGE('',*,*,#6286,.T.);
#6286 = EDGE_CURVE('',#6264,#6215,#6287,.T.);
#6287 = SURFACE_CURVE('',#6288,(#6292,#6299),.PCURVE_S1.);
#6288 = LINE('',#6289,#6290);
#6289 = CARTESIAN_POINT('',(1.107769091145E+03,6.6,-147.7919017751));
#6290 = VECTOR('',#6291,1.);
#6291 = DIRECTION('',(0.,0.,1.));
#6292 = PCURVE('',#2217,#6293);
#6293 = DEFINITIONAL_REPRESENTATION('',(#6294),#6298);
#6294 = LINE('',#6295,#6296);
#6295 = CARTESIAN_POINT('',(0.,-0.65));
#6296 = VECTOR('',#6297,1.);
#6297 = DIRECTION('',(1.,0.));
#6298 = ( GEOMETRIC_REPRESENTATION_CONTEXT(2) 
PARAMETRIC_REPRESENTATION_CONTEXT() REPRESENTATION_CONTEXT('2D SPACE',''
  ) );
#6299 = PCURVE('',#6128,#6300);
#6300 = DEFINITIONAL_REPRESENTATION('',(#6301),#6305);
#6301 = LINE('',#6302,#6303);
#6302 = CARTESIAN_POINT('',(2.01904296875,1.2646484375));
#6303 = VECTOR('',#6304,1.);
#6304 = DIRECTION('',(-1.,0.));
#6305 = ( GEOMETRIC_REPRESENTATION_CONTEXT(2) 
PARAMETRIC_REPRESENTATION_CONTEXT() REPRESENTATION_CONTEXT('2D SPACE',''
  ) );
#6306 = ORIENTED_EDGE('',*,*,#6214,.F.);
#6307 = ADVANCED_FACE('',(#6308),#2179,.T.);
#6308 = FACE_BOUND('',#6309,.T.);
#6309 = EDGE_LOOP('',(#6310,#6311,#6334,#6355));
#6310 = ORIENTED_EDGE('',*,*,#2145,.T.);
#6311 = ORIENTED_EDGE('',*,*,#6312,.T.);
#6312 = EDGE_CURVE('',#2083,#6313,#6315,.T.);
#6313 = VERTEX_POINT('',#6314);
#6314 = CARTESIAN_POINT('',(1.107460253255E+03,6.6,-148.8600170095));
#6315 = SURFACE_CURVE('',#6316,(#6320,#6327),.PCURVE_S1.);
#6316 = LINE('',#6317,#6318);
#6317 = CARTESIAN_POINT('',(1.107460253255E+03,5.95,-148.8600170095));
#6318 = VECTOR('',#6319,1.);
#6319 = DIRECTION('',(0.,1.,0.));
#6320 = PCURVE('',#2179,#6321);
#6321 = DEFINITIONAL_REPRESENTATION('',(#6322),#6326);
#6322 = LINE('',#6323,#6324);
#6323 = CARTESIAN_POINT('',(0.,0.));
#6324 = VECTOR('',#6325,1.);
#6325 = DIRECTION('',(0.,-1.));
#6326 = ( GEOMETRIC_REPRESENTATION_CONTEXT(2) 
PARAMETRIC_REPRESENTATION_CONTEXT() REPRESENTATION_CONTEXT('2D SPACE',''
  ) );
#6327 = PCURVE('',#2120,#6328);
#6328 = DEFINITIONAL_REPRESENTATION('',(#6329),#6333);
#6329 = LINE('',#6330,#6331);
#6330 = CARTESIAN_POINT('',(1.,0.));
#6331 = VECTOR('',#6332,1.);
#6332 = DIRECTION('',(0.,-1.));
#6333 = ( GEOMETRIC_REPRESENTATION_CONTEXT(2) 
PARAMETRIC_REPRESENTATION_CONTEXT() REPRESENTATION_CONTEXT('2D SPACE',''
  ) );
#6334 = ORIENTED_EDGE('',*,*,#6335,.T.);
#6335 = EDGE_CURVE('',#6313,#6264,#6336,.T.);
#6336 = SURFACE_CURVE('',#6337,(#6341,#6348),.PCURVE_S1.);
#6337 = B_SPLINE_CURVE_WITH_KNOTS('',2,(#6338,#6339,#6340),
  .UNSPECIFIED.,.F.,.F.,(3,3),(0.,1.),.PIECEWISE_BEZIER_KNOTS.);
#6338 = CARTESIAN_POINT('',(1.107460253255E+03,6.6,-148.8600170095));
#6339 = CARTESIAN_POINT('',(1.107769091145E+03,6.6,-148.4877025564));
#6340 = CARTESIAN_POINT('',(1.107769091145E+03,6.6,-147.7919017751));
#6341 = PCURVE('',#2179,#6342);
#6342 = DEFINITIONAL_REPRESENTATION('',(#6343),#6347);
#6343 = LINE('',#6344,#6345);
#6344 = CARTESIAN_POINT('',(0.,-0.65));
#6345 = VECTOR('',#6346,1.);
#6346 = DIRECTION('',(1.,0.));
#6347 = ( GEOMETRIC_REPRESENTATION_CONTEXT(2) 
PARAMETRIC_REPRESENTATION_CONTEXT() REPRESENTATION_CONTEXT('2D SPACE',''
  ) );
#6348 = PCURVE('',#6128,#6349);
#6349 = DEFINITIONAL_REPRESENTATION('',(#6350),#6354);
#6350 = B_SPLINE_CURVE_WITH_KNOTS('',2,(#6351,#6352,#6353),
  .UNSPECIFIED.,.F.,.F.,(3,3),(0.,1.),.PIECEWISE_BEZIER_KNOTS.);
#6351 = CARTESIAN_POINT('',(3.087158203125,1.573486328125));
#6352 = CARTESIAN_POINT('',(2.71484375,1.2646484375));
#6353 = CARTESIAN_POINT('',(2.01904296875,1.2646484375));
#6354 = ( GEOMETRIC_REPRESENTATION_CONTEXT(2) 
PARAMETRIC_REPRESENTATION_CONTEXT() REPRESENTATION_CONTEXT('2D SPACE',''
  ) );
#6355 = ORIENTED_EDGE('',*,*,#6263,.F.);
#6356 = ADVANCED_FACE('',(#6357),#2120,.T.);
#6357 = FACE_BOUND('',#6358,.T.);
#6358 = EDGE_LOOP('',(#6359,#6360,#6383,#6404));
#6359 = ORIENTED_EDGE('',*,*,#2082,.T.);
#6360 = ORIENTED_EDGE('',*,*,#6361,.T.);
#6361 = EDGE_CURVE('',#2020,#6362,#6364,.T.);
#6362 = VERTEX_POINT('',#6363);
#6363 = CARTESIAN_POINT('',(1.106577684895E+03,6.6,-149.2323314626));
#6364 = SURFACE_CURVE('',#6365,(#6369,#6376),.PCURVE_S1.);
#6365 = LINE('',#6366,#6367);
#6366 = CARTESIAN_POINT('',(1.106577684895E+03,5.95,-149.2323314626));
#6367 = VECTOR('',#6368,1.);
#6368 = DIRECTION('',(0.,1.,0.));
#6369 = PCURVE('',#2120,#6370);
#6370 = DEFINITIONAL_REPRESENTATION('',(#6371),#6375);
#6371 = LINE('',#6372,#6373);
#6372 = CARTESIAN_POINT('',(0.,0.));
#6373 = VECTOR('',#6374,1.);
#6374 = DIRECTION('',(0.,-1.));
#6375 = ( GEOMETRIC_REPRESENTATION_CONTEXT(2) 
PARAMETRIC_REPRESENTATION_CONTEXT() REPRESENTATION_CONTEXT('2D SPACE',''
  ) );
#6376 = PCURVE('',#2057,#6377);
#6377 = DEFINITIONAL_REPRESENTATION('',(#6378),#6382);
#6378 = LINE('',#6379,#6380);
#6379 = CARTESIAN_POINT('',(1.,0.));
#6380 = VECTOR('',#6381,1.);
#6381 = DIRECTION('',(0.,-1.));
#6382 = ( GEOMETRIC_REPRESENTATION_CONTEXT(2) 
PARAMETRIC_REPRESENTATION_CONTEXT() REPRESENTATION_CONTEXT('2D SPACE',''
  ) );
#6383 = ORIENTED_EDGE('',*,*,#6384,.T.);
#6384 = EDGE_CURVE('',#6362,#6313,#6385,.T.);
#6385 = SURFACE_CURVE('',#6386,(#6390,#6397),.PCURVE_S1.);
#6386 = B_SPLINE_CURVE_WITH_KNOTS('',2,(#6387,#6388,#6389),
  .UNSPECIFIED.,.F.,.F.,(3,3),(0.,1.),.PIECEWISE_BEZIER_KNOTS.);
#6387 = CARTESIAN_POINT('',(1.106577684895E+03,6.6,-149.2323314626));
#6388 = CARTESIAN_POINT('',(1.107151415364E+03,6.6,-149.2323314626));
#6389 = CARTESIAN_POINT('',(1.107460253255E+03,6.6,-148.8600170095));
#6390 = PCURVE('',#2120,#6391);
#6391 = DEFINITIONAL_REPRESENTATION('',(#6392),#6396);
#6392 = LINE('',#6393,#6394);
#6393 = CARTESIAN_POINT('',(0.,-0.65));
#6394 = VECTOR('',#6395,1.);
#6395 = DIRECTION('',(1.,0.));
#6396 = ( GEOMETRIC_REPRESENTATION_CONTEXT(2) 
PARAMETRIC_REPRESENTATION_CONTEXT() REPRESENTATION_CONTEXT('2D SPACE',''
  ) );
#6397 = PCURVE('',#6128,#6398);
#6398 = DEFINITIONAL_REPRESENTATION('',(#6399),#6403);
#6399 = B_SPLINE_CURVE_WITH_KNOTS('',2,(#6400,#6401,#6402),
  .UNSPECIFIED.,.F.,.F.,(3,3),(0.,1.),.PIECEWISE_BEZIER_KNOTS.);
#6400 = CARTESIAN_POINT('',(3.45947265625,2.4560546875));
#6401 = CARTESIAN_POINT('',(3.45947265625,1.88232421875));
#6402 = CARTESIAN_POINT('',(3.087158203125,1.573486328125));
#6403 = ( GEOMETRIC_REPRESENTATION_CONTEXT(2) 
PARAMETRIC_REPRESENTATION_CONTEXT() REPRESENTATION_CONTEXT('2D SPACE',''
  ) );
#6404 = ORIENTED_EDGE('',*,*,#6312,.F.);
#6405 = ADVANCED_FACE('',(#6406),#2057,.T.);
#6406 = FACE_BOUND('',#6407,.T.);
#6407 = EDGE_LOOP('',(#6408,#6409,#6432,#6453));
#6408 = ORIENTED_EDGE('',*,*,#2019,.T.);
#6409 = ORIENTED_EDGE('',*,*,#6410,.T.);
#6410 = EDGE_CURVE('',#1963,#6411,#6413,.T.);
#6411 = VERTEX_POINT('',#6412);
#6412 = CARTESIAN_POINT('',(1.105697557942E+03,6.6,-148.8600170095));
#6413 = SURFACE_CURVE('',#6414,(#6418,#6425),.PCURVE_S1.);
#6414 = LINE('',#6415,#6416);
#6415 = CARTESIAN_POINT('',(1.105697557942E+03,5.95,-148.8600170095));
#6416 = VECTOR('',#6417,1.);
#6417 = DIRECTION('',(0.,1.,0.));
#6418 = PCURVE('',#2057,#6419);
#6419 = DEFINITIONAL_REPRESENTATION('',(#6420),#6424);
#6420 = LINE('',#6421,#6422);
#6421 = CARTESIAN_POINT('',(0.,0.));
#6422 = VECTOR('',#6423,1.);
#6423 = DIRECTION('',(0.,-1.));
#6424 = ( GEOMETRIC_REPRESENTATION_CONTEXT(2) 
PARAMETRIC_REPRESENTATION_CONTEXT() REPRESENTATION_CONTEXT('2D SPACE',''
  ) );
#6425 = PCURVE('',#1996,#6426);
#6426 = DEFINITIONAL_REPRESENTATION('',(#6427),#6431);
#6427 = LINE('',#6428,#6429);
#6428 = CARTESIAN_POINT('',(1.,0.));
#6429 = VECTOR('',#6430,1.);
#6430 = DIRECTION('',(0.,-1.));
#6431 = ( GEOMETRIC_REPRESENTATION_CONTEXT(2) 
PARAMETRIC_REPRESENTATION_CONTEXT() REPRESENTATION_CONTEXT('2D SPACE',''
  ) );
#6432 = ORIENTED_EDGE('',*,*,#6433,.T.);
#6433 = EDGE_CURVE('',#6411,#6362,#6434,.T.);
#6434 = SURFACE_CURVE('',#6435,(#6439,#6446),.PCURVE_S1.);
#6435 = B_SPLINE_CURVE_WITH_KNOTS('',2,(#6436,#6437,#6438),
  .UNSPECIFIED.,.F.,.F.,(3,3),(0.,1.),.PIECEWISE_BEZIER_KNOTS.);
#6436 = CARTESIAN_POINT('',(1.105697557942E+03,6.6,-148.8600170095));
#6437 = CARTESIAN_POINT('',(1.106006395833E+03,6.6,-149.2323314626));
#6438 = CARTESIAN_POINT('',(1.106577684895E+03,6.6,-149.2323314626));
#6439 = PCURVE('',#2057,#6440);
#6440 = DEFINITIONAL_REPRESENTATION('',(#6441),#6445);
#6441 = LINE('',#6442,#6443);
#6442 = CARTESIAN_POINT('',(0.,-0.65));
#6443 = VECTOR('',#6444,1.);
#6444 = DIRECTION('',(1.,0.));
#6445 = ( GEOMETRIC_REPRESENTATION_CONTEXT(2) 
PARAMETRIC_REPRESENTATION_CONTEXT() REPRESENTATION_CONTEXT('2D SPACE',''
  ) );
#6446 = PCURVE('',#6128,#6447);
#6447 = DEFINITIONAL_REPRESENTATION('',(#6448),#6452);
#6448 = B_SPLINE_CURVE_WITH_KNOTS('',2,(#6449,#6450,#6451),
  .UNSPECIFIED.,.F.,.F.,(3,3),(0.,1.),.PIECEWISE_BEZIER_KNOTS.);
#6449 = CARTESIAN_POINT('',(3.087158203125,3.336181640625));
#6450 = CARTESIAN_POINT('',(3.45947265625,3.02734375));
#6451 = CARTESIAN_POINT('',(3.45947265625,2.4560546875));
#6452 = ( GEOMETRIC_REPRESENTATION_CONTEXT(2) 
PARAMETRIC_REPRESENTATION_CONTEXT() REPRESENTATION_CONTEXT('2D SPACE',''
  ) );
#6453 = ORIENTED_EDGE('',*,*,#6361,.F.);
#6454 = ADVANCED_FACE('',(#6455),#1996,.T.);
#6455 = FACE_BOUND('',#6456,.T.);
#6456 = EDGE_LOOP('',(#6457,#6458,#6481,#6502));
#6457 = ORIENTED_EDGE('',*,*,#1962,.T.);
#6458 = ORIENTED_EDGE('',*,*,#6459,.T.);
#6459 = EDGE_CURVE('',#1937,#6460,#6462,.T.);
#6460 = VERTEX_POINT('',#6461);
#6461 = CARTESIAN_POINT('',(1.105388720051E+03,6.6,-147.7919017751));
#6462 = SURFACE_CURVE('',#6463,(#6467,#6474),.PCURVE_S1.);
#6463 = LINE('',#6464,#6465);
#6464 = CARTESIAN_POINT('',(1.105388720051E+03,5.95,-147.7919017751));
#6465 = VECTOR('',#6466,1.);
#6466 = DIRECTION('',(0.,1.,0.));
#6467 = PCURVE('',#1996,#6468);
#6468 = DEFINITIONAL_REPRESENTATION('',(#6469),#6473);
#6469 = LINE('',#6470,#6471);
#6470 = CARTESIAN_POINT('',(0.,0.));
#6471 = VECTOR('',#6472,1.);
#6472 = DIRECTION('',(0.,-1.));
#6473 = ( GEOMETRIC_REPRESENTATION_CONTEXT(2) 
PARAMETRIC_REPRESENTATION_CONTEXT() REPRESENTATION_CONTEXT('2D SPACE',''
  ) );
#6474 = PCURVE('',#1951,#6475);
#6475 = DEFINITIONAL_REPRESENTATION('',(#6476),#6480);
#6476 = LINE('',#6477,#6478);
#6477 = CARTESIAN_POINT('',(1.56005859375,0.));
#6478 = VECTOR('',#6479,1.);
#6479 = DIRECTION('',(0.,-1.));
#6480 = ( GEOMETRIC_REPRESENTATION_CONTEXT(2) 
PARAMETRIC_REPRESENTATION_CONTEXT() REPRESENTATION_CONTEXT('2D SPACE',''
  ) );
#6481 = ORIENTED_EDGE('',*,*,#6482,.T.);
#6482 = EDGE_CURVE('',#6460,#6411,#6483,.T.);
#6483 = SURFACE_CURVE('',#6484,(#6488,#6495),.PCURVE_S1.);
#6484 = B_SPLINE_CURVE_WITH_KNOTS('',2,(#6485,#6486,#6487),
  .UNSPECIFIED.,.F.,.F.,(3,3),(0.,1.),.PIECEWISE_BEZIER_KNOTS.);
#6485 = CARTESIAN_POINT('',(1.105388720051E+03,6.6,-147.7919017751));
#6486 = CARTESIAN_POINT('',(1.105388720051E+03,6.6,-148.4877025564));
#6487 = CARTESIAN_POINT('',(1.105697557942E+03,6.6,-148.8600170095));
#6488 = PCURVE('',#1996,#6489);
#6489 = DEFINITIONAL_REPRESENTATION('',(#6490),#6494);
#6490 = LINE('',#6491,#6492);
#6491 = CARTESIAN_POINT('',(0.,-0.65));
#6492 = VECTOR('',#6493,1.);
#6493 = DIRECTION('',(1.,0.));
#6494 = ( GEOMETRIC_REPRESENTATION_CONTEXT(2) 
PARAMETRIC_REPRESENTATION_CONTEXT() REPRESENTATION_CONTEXT('2D SPACE',''
  ) );
#6495 = PCURVE('',#6128,#6496);
#6496 = DEFINITIONAL_REPRESENTATION('',(#6497),#6501);
#6497 = B_SPLINE_CURVE_WITH_KNOTS('',2,(#6498,#6499,#6500),
  .UNSPECIFIED.,.F.,.F.,(3,3),(0.,1.),.PIECEWISE_BEZIER_KNOTS.);
#6498 = CARTESIAN_POINT('',(2.01904296875,3.64501953125));
#6499 = CARTESIAN_POINT('',(2.71484375,3.64501953125));
#6500 = CARTESIAN_POINT('',(3.087158203125,3.336181640625));
#6501 = ( GEOMETRIC_REPRESENTATION_CONTEXT(2) 
PARAMETRIC_REPRESENTATION_CONTEXT() REPRESENTATION_CONTEXT('2D SPACE',''
  ) );
#6502 = ORIENTED_EDGE('',*,*,#6410,.F.);
#6503 = ADVANCED_FACE('',(#6504),#1951,.T.);
#6504 = FACE_BOUND('',#6505,.T.);
#6505 = EDGE_LOOP('',(#6506,#6507,#6508,#6529));
#6506 = ORIENTED_EDGE('',*,*,#1936,.T.);
#6507 = ORIENTED_EDGE('',*,*,#6140,.T.);
#6508 = ORIENTED_EDGE('',*,*,#6509,.T.);
#6509 = EDGE_CURVE('',#6113,#6460,#6510,.T.);
#6510 = SURFACE_CURVE('',#6511,(#6515,#6522),.PCURVE_S1.);
#6511 = LINE('',#6512,#6513);
#6512 = CARTESIAN_POINT('',(1.105388720051E+03,6.6,-146.2318431814));
#6513 = VECTOR('',#6514,1.);
#6514 = DIRECTION('',(0.,0.,-1.));
#6515 = PCURVE('',#1951,#6516);
#6516 = DEFINITIONAL_REPRESENTATION('',(#6517),#6521);
#6517 = LINE('',#6518,#6519);
#6518 = CARTESIAN_POINT('',(0.,-0.65));
#6519 = VECTOR('',#6520,1.);
#6520 = DIRECTION('',(1.,0.));
#6521 = ( GEOMETRIC_REPRESENTATION_CONTEXT(2) 
PARAMETRIC_REPRESENTATION_CONTEXT() REPRESENTATION_CONTEXT('2D SPACE',''
  ) );
#6522 = PCURVE('',#6128,#6523);
#6523 = DEFINITIONAL_REPRESENTATION('',(#6524),#6528);
#6524 = LINE('',#6525,#6526);
#6525 = CARTESIAN_POINT('',(0.458984375,3.64501953125));
#6526 = VECTOR('',#6527,1.);
#6527 = DIRECTION('',(1.,0.));
#6528 = ( GEOMETRIC_REPRESENTATION_CONTEXT(2) 
PARAMETRIC_REPRESENTATION_CONTEXT() REPRESENTATION_CONTEXT('2D SPACE',''
  ) );
#6529 = ORIENTED_EDGE('',*,*,#6459,.F.);
#6530 = ADVANCED_FACE('',(#6531),#2352,.T.);
#6531 = FACE_BOUND('',#6532,.T.);
#6532 = EDGE_LOOP('',(#6533,#6534,#6557,#6585));
#6533 = ORIENTED_EDGE('',*,*,#2306,.T.);
#6534 = ORIENTED_EDGE('',*,*,#6535,.T.);
#6535 = EDGE_CURVE('',#2309,#6536,#6538,.T.);
#6536 = VERTEX_POINT('',#6537);
#6537 = CARTESIAN_POINT('',(1.107214891926E+03,6.6,-173.4193431814));
#6538 = SURFACE_CURVE('',#6539,(#6543,#6550),.PCURVE_S1.);
#6539 = LINE('',#6540,#6541);
#6540 = CARTESIAN_POINT('',(1.107214891926E+03,5.95,-173.4193431814));
#6541 = VECTOR('',#6542,1.);
#6542 = DIRECTION('',(0.,1.,0.));
#6543 = PCURVE('',#2352,#6544);
#6544 = DEFINITIONAL_REPRESENTATION('',(#6545),#6549);
#6545 = LINE('',#6546,#6547);
#6546 = CARTESIAN_POINT('',(0.,0.));
#6547 = VECTOR('',#6548,1.);
#6548 = DIRECTION('',(0.,-1.));
#6549 = ( GEOMETRIC_REPRESENTATION_CONTEXT(2) 
PARAMETRIC_REPRESENTATION_CONTEXT() REPRESENTATION_CONTEXT('2D SPACE',''
  ) );
#6550 = PCURVE('',#2818,#6551);
#6551 = DEFINITIONAL_REPRESENTATION('',(#6552),#6556);
#6552 = LINE('',#6553,#6554);
#6553 = CARTESIAN_POINT('',(1.,0.));
#6554 = VECTOR('',#6555,1.);
#6555 = DIRECTION('',(0.,-1.));
#6556 = ( GEOMETRIC_REPRESENTATION_CONTEXT(2) 
PARAMETRIC_REPRESENTATION_CONTEXT() REPRESENTATION_CONTEXT('2D SPACE',''
  ) );
#6557 = ORIENTED_EDGE('',*,*,#6558,.T.);
#6558 = EDGE_CURVE('',#6536,#6559,#6561,.T.);
#6559 = VERTEX_POINT('',#6560);
#6560 = CARTESIAN_POINT('',(1.108612597005E+03,6.6,-173.0287181814));
#6561 = SURFACE_CURVE('',#6562,(#6566,#6573),.PCURVE_S1.);
#6562 = B_SPLINE_CURVE_WITH_KNOTS('',2,(#6563,#6564,#6565),
  .UNSPECIFIED.,.F.,.F.,(3,3),(0.,1.),.PIECEWISE_BEZIER_KNOTS.);
#6563 = CARTESIAN_POINT('',(1.107214891926E+03,6.6,-173.4193431814));
#6564 = CARTESIAN_POINT('',(1.108120653645E+03,6.6,-173.4193431814));
#6565 = CARTESIAN_POINT('',(1.108612597005E+03,6.6,-173.0287181814));
#6566 = PCURVE('',#2352,#6567);
#6567 = DEFINITIONAL_REPRESENTATION('',(#6568),#6572);
#6568 = LINE('',#6569,#6570);
#6569 = CARTESIAN_POINT('',(0.,-0.65));
#6570 = VECTOR('',#6571,1.);
#6571 = DIRECTION('',(1.,0.));
#6572 = ( GEOMETRIC_REPRESENTATION_CONTEXT(2) 
PARAMETRIC_REPRESENTATION_CONTEXT() REPRESENTATION_CONTEXT('2D SPACE',''
  ) );
#6573 = PCURVE('',#6574,#6579);
#6574 = PLANE('',#6575);
#6575 = AXIS2_PLACEMENT_3D('',#6576,#6577,#6578);
#6576 = CARTESIAN_POINT('',(1.109033739583E+03,6.6,-170.1795970876));
#6577 = DIRECTION('',(0.,1.,0.));
#6578 = DIRECTION('',(0.,0.,-1.));
#6579 = DEFINITIONAL_REPRESENTATION('',(#6580),#6584);
#6580 = B_SPLINE_CURVE_WITH_KNOTS('',2,(#6581,#6582,#6583),
  .UNSPECIFIED.,.F.,.F.,(3,3),(0.,1.),.PIECEWISE_BEZIER_KNOTS.);
#6581 = CARTESIAN_POINT('',(3.23974609375,1.81884765625));
#6582 = CARTESIAN_POINT('',(3.23974609375,0.9130859375));
#6583 = CARTESIAN_POINT('',(2.84912109375,0.421142578125));
#6584 = ( GEOMETRIC_REPRESENTATION_CONTEXT(2) 
PARAMETRIC_REPRESENTATION_CONTEXT() REPRESENTATION_CONTEXT('2D SPACE',''
  ) );
#6585 = ORIENTED_EDGE('',*,*,#6586,.F.);
#6586 = EDGE_CURVE('',#2307,#6559,#6587,.T.);
#6587 = SURFACE_CURVE('',#6588,(#6592,#6599),.PCURVE_S1.);
#6588 = LINE('',#6589,#6590);
#6589 = CARTESIAN_POINT('',(1.108612597005E+03,5.95,-173.0287181814));
#6590 = VECTOR('',#6591,1.);
#6591 = DIRECTION('',(0.,1.,0.));
#6592 = PCURVE('',#2352,#6593);
#6593 = DEFINITIONAL_REPRESENTATION('',(#6594),#6598);
#6594 = LINE('',#6595,#6596);
#6595 = CARTESIAN_POINT('',(1.,0.));
#6596 = VECTOR('',#6597,1.);
#6597 = DIRECTION('',(0.,-1.));
#6598 = ( GEOMETRIC_REPRESENTATION_CONTEXT(2) 
PARAMETRIC_REPRESENTATION_CONTEXT() REPRESENTATION_CONTEXT('2D SPACE',''
  ) );
#6599 = PCURVE('',#2418,#6600);
#6600 = DEFINITIONAL_REPRESENTATION('',(#6601),#6605);
#6601 = LINE('',#6602,#6603);
#6602 = CARTESIAN_POINT('',(0.,0.));
#6603 = VECTOR('',#6604,1.);
#6604 = DIRECTION('',(0.,-1.));
#6605 = ( GEOMETRIC_REPRESENTATION_CONTEXT(2) 
PARAMETRIC_REPRESENTATION_CONTEXT() REPRESENTATION_CONTEXT('2D SPACE',''
  ) );
#6606 = ADVANCED_FACE('',(#6607),#2818,.T.);
#6607 = FACE_BOUND('',#6608,.T.);
#6608 = EDGE_LOOP('',(#6609,#6610,#6633,#6654));
#6609 = ORIENTED_EDGE('',*,*,#2776,.T.);
#6610 = ORIENTED_EDGE('',*,*,#6611,.T.);
#6611 = EDGE_CURVE('',#2714,#6612,#6614,.T.);
#6612 = VERTEX_POINT('',#6613);
#6613 = CARTESIAN_POINT('',(1.105814745442E+03,6.6,-173.0287181814));
#6614 = SURFACE_CURVE('',#6615,(#6619,#6626),.PCURVE_S1.);
#6615 = LINE('',#6616,#6617);
#6616 = CARTESIAN_POINT('',(1.105814745442E+03,5.95,-173.0287181814));
#6617 = VECTOR('',#6618,1.);
#6618 = DIRECTION('',(0.,1.,0.));
#6619 = PCURVE('',#2818,#6620);
#6620 = DEFINITIONAL_REPRESENTATION('',(#6621),#6625);
#6621 = LINE('',#6622,#6623);
#6622 = CARTESIAN_POINT('',(0.,0.));
#6623 = VECTOR('',#6624,1.);
#6624 = DIRECTION('',(0.,-1.));
#6625 = ( GEOMETRIC_REPRESENTATION_CONTEXT(2) 
PARAMETRIC_REPRESENTATION_CONTEXT() REPRESENTATION_CONTEXT('2D SPACE',''
  ) );
#6626 = PCURVE('',#2751,#6627);
#6627 = DEFINITIONAL_REPRESENTATION('',(#6628),#6632);
#6628 = LINE('',#6629,#6630);
#6629 = CARTESIAN_POINT('',(1.,0.));
#6630 = VECTOR('',#6631,1.);
#6631 = DIRECTION('',(0.,-1.));
#6632 = ( GEOMETRIC_REPRESENTATION_CONTEXT(2) 
PARAMETRIC_REPRESENTATION_CONTEXT() REPRESENTATION_CONTEXT('2D SPACE',''
  ) );
#6633 = ORIENTED_EDGE('',*,*,#6634,.T.);
#6634 = EDGE_CURVE('',#6612,#6536,#6635,.T.);
#6635 = SURFACE_CURVE('',#6636,(#6640,#6647),.PCURVE_S1.);
#6636 = B_SPLINE_CURVE_WITH_KNOTS('',2,(#6637,#6638,#6639),
  .UNSPECIFIED.,.F.,.F.,(3,3),(0.,1.),.PIECEWISE_BEZIER_KNOTS.);
#6637 = CARTESIAN_POINT('',(1.105814745442E+03,6.6,-173.0287181814));
#6638 = CARTESIAN_POINT('',(1.106306688801E+03,6.6,-173.4193431814));
#6639 = CARTESIAN_POINT('',(1.107214891926E+03,6.6,-173.4193431814));
#6640 = PCURVE('',#2818,#6641);
#6641 = DEFINITIONAL_REPRESENTATION('',(#6642),#6646);
#6642 = LINE('',#6643,#6644);
#6643 = CARTESIAN_POINT('',(0.,-0.65));
#6644 = VECTOR('',#6645,1.);
#6645 = DIRECTION('',(1.,0.));
#6646 = ( GEOMETRIC_REPRESENTATION_CONTEXT(2) 
PARAMETRIC_REPRESENTATION_CONTEXT() REPRESENTATION_CONTEXT('2D SPACE',''
  ) );
#6647 = PCURVE('',#6574,#6648);
#6648 = DEFINITIONAL_REPRESENTATION('',(#6649),#6653);
#6649 = B_SPLINE_CURVE_WITH_KNOTS('',2,(#6650,#6651,#6652),
  .UNSPECIFIED.,.F.,.F.,(3,3),(0.,1.),.PIECEWISE_BEZIER_KNOTS.);
#6650 = CARTESIAN_POINT('',(2.84912109375,3.218994140625));
#6651 = CARTESIAN_POINT('',(3.23974609375,2.72705078125));
#6652 = CARTESIAN_POINT('',(3.23974609375,1.81884765625));
#6653 = ( GEOMETRIC_REPRESENTATION_CONTEXT(2) 
PARAMETRIC_REPRESENTATION_CONTEXT() REPRESENTATION_CONTEXT('2D SPACE',''
  ) );
#6654 = ORIENTED_EDGE('',*,*,#6535,.F.);
#6655 = ADVANCED_FACE('',(#6656),#2751,.T.);
#6656 = FACE_BOUND('',#6657,.T.);
#6657 = EDGE_LOOP('',(#6658,#6659,#6682,#6703));
#6658 = ORIENTED_EDGE('',*,*,#2713,.T.);
#6659 = ORIENTED_EDGE('',*,*,#6660,.T.);
#6660 = EDGE_CURVE('',#2651,#6661,#6663,.T.);
#6661 = VERTEX_POINT('',#6662);
#6662 = CARTESIAN_POINT('',(1.105322802083E+03,6.6,-171.9203197439));
#6663 = SURFACE_CURVE('',#6664,(#6668,#6675),.PCURVE_S1.);
#6664 = LINE('',#6665,#6666);
#6665 = CARTESIAN_POINT('',(1.105322802083E+03,5.95,-171.9203197439));
#6666 = VECTOR('',#6667,1.);
#6667 = DIRECTION('',(0.,1.,0.));
#6668 = PCURVE('',#2751,#6669);
#6669 = DEFINITIONAL_REPRESENTATION('',(#6670),#6674);
#6670 = LINE('',#6671,#6672);
#6671 = CARTESIAN_POINT('',(0.,0.));
#6672 = VECTOR('',#6673,1.);
#6673 = DIRECTION('',(0.,-1.));
#6674 = ( GEOMETRIC_REPRESENTATION_CONTEXT(2) 
PARAMETRIC_REPRESENTATION_CONTEXT() REPRESENTATION_CONTEXT('2D SPACE',''
  ) );
#6675 = PCURVE('',#2688,#6676);
#6676 = DEFINITIONAL_REPRESENTATION('',(#6677),#6681);
#6677 = LINE('',#6678,#6679);
#6678 = CARTESIAN_POINT('',(1.,0.));
#6679 = VECTOR('',#6680,1.);
#6680 = DIRECTION('',(0.,-1.));
#6681 = ( GEOMETRIC_REPRESENTATION_CONTEXT(2) 
PARAMETRIC_REPRESENTATION_CONTEXT() REPRESENTATION_CONTEXT('2D SPACE',''
  ) );
#6682 = ORIENTED_EDGE('',*,*,#6683,.T.);
#6683 = EDGE_CURVE('',#6661,#6612,#6684,.T.);
#6684 = SURFACE_CURVE('',#6685,(#6689,#6696),.PCURVE_S1.);
#6685 = B_SPLINE_CURVE_WITH_KNOTS('',2,(#6686,#6687,#6688),
  .UNSPECIFIED.,.F.,.F.,(3,3),(0.,1.),.PIECEWISE_BEZIER_KNOTS.);
#6686 = CARTESIAN_POINT('',(1.105322802083E+03,6.6,-171.9203197439));
#6687 = CARTESIAN_POINT('',(1.105322802083E+03,6.6,-172.6380931814));
#6688 = CARTESIAN_POINT('',(1.105814745442E+03,6.6,-173.0287181814));
#6689 = PCURVE('',#2751,#6690);
#6690 = DEFINITIONAL_REPRESENTATION('',(#6691),#6695);
#6691 = LINE('',#6692,#6693);
#6692 = CARTESIAN_POINT('',(0.,-0.65));
#6693 = VECTOR('',#6694,1.);
#6694 = DIRECTION('',(1.,0.));
#6695 = ( GEOMETRIC_REPRESENTATION_CONTEXT(2) 
PARAMETRIC_REPRESENTATION_CONTEXT() REPRESENTATION_CONTEXT('2D SPACE',''
  ) );
#6696 = PCURVE('',#6574,#6697);
#6697 = DEFINITIONAL_REPRESENTATION('',(#6698),#6702);
#6698 = B_SPLINE_CURVE_WITH_KNOTS('',2,(#6699,#6700,#6701),
  .UNSPECIFIED.,.F.,.F.,(3,3),(0.,1.),.PIECEWISE_BEZIER_KNOTS.);
#6699 = CARTESIAN_POINT('',(1.74072265625,3.7109375));
#6700 = CARTESIAN_POINT('',(2.45849609375,3.7109375));
#6701 = CARTESIAN_POINT('',(2.84912109375,3.218994140625));
#6702 = ( GEOMETRIC_REPRESENTATION_CONTEXT(2) 
PARAMETRIC_REPRESENTATION_CONTEXT() REPRESENTATION_CONTEXT('2D SPACE',''
  ) );
#6703 = ORIENTED_EDGE('',*,*,#6611,.F.);
#6704 = ADVANCED_FACE('',(#6705),#2688,.T.);
#6705 = FACE_BOUND('',#6706,.T.);
#6706 = EDGE_LOOP('',(#6707,#6708,#6731,#6752));
#6707 = ORIENTED_EDGE('',*,*,#2650,.T.);
#6708 = ORIENTED_EDGE('',*,*,#6709,.T.);
#6709 = EDGE_CURVE('',#2579,#6710,#6712,.T.);
#6710 = VERTEX_POINT('',#6711);
#6711 = CARTESIAN_POINT('',(1.105814745442E+03,6.6,-170.8094799001));
#6712 = SURFACE_CURVE('',#6713,(#6717,#6724),.PCURVE_S1.);
#6713 = LINE('',#6714,#6715);
#6714 = CARTESIAN_POINT('',(1.105814745442E+03,5.95,-170.8094799001));
#6715 = VECTOR('',#6716,1.);
#6716 = DIRECTION('',(0.,1.,0.));
#6717 = PCURVE('',#2688,#6718);
#6718 = DEFINITIONAL_REPRESENTATION('',(#6719),#6723);
#6719 = LINE('',#6720,#6721);
#6720 = CARTESIAN_POINT('',(0.,0.));
#6721 = VECTOR('',#6722,1.);
#6722 = DIRECTION('',(0.,-1.));
#6723 = ( GEOMETRIC_REPRESENTATION_CONTEXT(2) 
PARAMETRIC_REPRESENTATION_CONTEXT() REPRESENTATION_CONTEXT('2D SPACE',''
  ) );
#6724 = PCURVE('',#2622,#6725);
#6725 = DEFINITIONAL_REPRESENTATION('',(#6726),#6730);
#6726 = LINE('',#6727,#6728);
#6727 = CARTESIAN_POINT('',(1.,0.));
#6728 = VECTOR('',#6729,1.);
#6729 = DIRECTION('',(0.,-1.));
#6730 = ( GEOMETRIC_REPRESENTATION_CONTEXT(2) 
PARAMETRIC_REPRESENTATION_CONTEXT() REPRESENTATION_CONTEXT('2D SPACE',''
  ) );
#6731 = ORIENTED_EDGE('',*,*,#6732,.T.);
#6732 = EDGE_CURVE('',#6710,#6661,#6733,.T.);
#6733 = SURFACE_CURVE('',#6734,(#6738,#6745),.PCURVE_S1.);
#6734 = B_SPLINE_CURVE_WITH_KNOTS('',2,(#6735,#6736,#6737),
  .UNSPECIFIED.,.F.,.F.,(3,3),(0.,1.),.PIECEWISE_BEZIER_KNOTS.);
#6735 = CARTESIAN_POINT('',(1.105814745442E+03,6.6,-170.8094799001));
#6736 = CARTESIAN_POINT('',(1.105322802083E+03,6.6,-171.2001049001));
#6737 = CARTESIAN_POINT('',(1.105322802083E+03,6.6,-171.9203197439));
#6738 = PCURVE('',#2688,#6739);
#6739 = DEFINITIONAL_REPRESENTATION('',(#6740),#6744);
#6740 = LINE('',#6741,#6742);
#6741 = CARTESIAN_POINT('',(0.,-0.65));
#6742 = VECTOR('',#6743,1.);
#6743 = DIRECTION('',(1.,0.));
#6744 = ( GEOMETRIC_REPRESENTATION_CONTEXT(2) 
PARAMETRIC_REPRESENTATION_CONTEXT() REPRESENTATION_CONTEXT('2D SPACE',''
  ) );
#6745 = PCURVE('',#6574,#6746);
#6746 = DEFINITIONAL_REPRESENTATION('',(#6747),#6751);
#6747 = B_SPLINE_CURVE_WITH_KNOTS('',2,(#6748,#6749,#6750),
  .UNSPECIFIED.,.F.,.F.,(3,3),(0.,1.),.PIECEWISE_BEZIER_KNOTS.);
#6748 = CARTESIAN_POINT('',(0.6298828125,3.218994140625));
#6749 = CARTESIAN_POINT('',(1.0205078125,3.7109375));
#6750 = CARTESIAN_POINT('',(1.74072265625,3.7109375));
#6751 = ( GEOMETRIC_REPRESENTATION_CONTEXT(2) 
PARAMETRIC_REPRESENTATION_CONTEXT() REPRESENTATION_CONTEXT('2D SPACE',''
  ) );
#6752 = ORIENTED_EDGE('',*,*,#6660,.F.);
#6753 = ADVANCED_FACE('',(#6754),#2622,.T.);
#6754 = FACE_BOUND('',#6755,.T.);
#6755 = EDGE_LOOP('',(#6756,#6757,#6780,#6801));
#6756 = ORIENTED_EDGE('',*,*,#2578,.T.);
#6757 = ORIENTED_EDGE('',*,*,#6758,.T.);
#6758 = EDGE_CURVE('',#2507,#6759,#6761,.T.);
#6759 = VERTEX_POINT('',#6760);
#6760 = CARTESIAN_POINT('',(1.107214891926E+03,6.6,-170.4188549001));
#6761 = SURFACE_CURVE('',#6762,(#6766,#6773),.PCURVE_S1.);
#6762 = LINE('',#6763,#6764);
#6763 = CARTESIAN_POINT('',(1.107214891926E+03,5.95,-170.4188549001));
#6764 = VECTOR('',#6765,1.);
#6765 = DIRECTION('',(0.,1.,0.));
#6766 = PCURVE('',#2622,#6767);
#6767 = DEFINITIONAL_REPRESENTATION('',(#6768),#6772);
#6768 = LINE('',#6769,#6770);
#6769 = CARTESIAN_POINT('',(0.,0.));
#6770 = VECTOR('',#6771,1.);
#6771 = DIRECTION('',(0.,-1.));
#6772 = ( GEOMETRIC_REPRESENTATION_CONTEXT(2) 
PARAMETRIC_REPRESENTATION_CONTEXT() REPRESENTATION_CONTEXT('2D SPACE',''
  ) );
#6773 = PCURVE('',#2550,#6774);
#6774 = DEFINITIONAL_REPRESENTATION('',(#6775),#6779);
#6775 = LINE('',#6776,#6777);
#6776 = CARTESIAN_POINT('',(1.,0.));
#6777 = VECTOR('',#6778,1.);
#6778 = DIRECTION('',(0.,-1.));
#6779 = ( GEOMETRIC_REPRESENTATION_CONTEXT(2) 
PARAMETRIC_REPRESENTATION_CONTEXT() REPRESENTATION_CONTEXT('2D SPACE',''
  ) );
#6780 = ORIENTED_EDGE('',*,*,#6781,.T.);
#6781 = EDGE_CURVE('',#6759,#6710,#6782,.T.);
#6782 = SURFACE_CURVE('',#6783,(#6787,#6794),.PCURVE_S1.);
#6783 = B_SPLINE_CURVE_WITH_KNOTS('',2,(#6784,#6785,#6786),
  .UNSPECIFIED.,.F.,.F.,(3,3),(0.,1.),.PIECEWISE_BEZIER_KNOTS.);
#6784 = CARTESIAN_POINT('',(1.107214891926E+03,6.6,-170.4188549001));
#6785 = CARTESIAN_POINT('',(1.106306688801E+03,6.6,-170.4188549001));
#6786 = CARTESIAN_POINT('',(1.105814745442E+03,6.6,-170.8094799001));
#6787 = PCURVE('',#2622,#6788);
#6788 = DEFINITIONAL_REPRESENTATION('',(#6789),#6793);
#6789 = LINE('',#6790,#6791);
#6790 = CARTESIAN_POINT('',(0.,-0.65));
#6791 = VECTOR('',#6792,1.);
#6792 = DIRECTION('',(1.,0.));
#6793 = ( GEOMETRIC_REPRESENTATION_CONTEXT(2) 
PARAMETRIC_REPRESENTATION_CONTEXT() REPRESENTATION_CONTEXT('2D SPACE',''
  ) );
#6794 = PCURVE('',#6574,#6795);
#6795 = DEFINITIONAL_REPRESENTATION('',(#6796),#6800);
#6796 = B_SPLINE_CURVE_WITH_KNOTS('',2,(#6797,#6798,#6799),
  .UNSPECIFIED.,.F.,.F.,(3,3),(0.,1.),.PIECEWISE_BEZIER_KNOTS.);
#6797 = CARTESIAN_POINT('',(0.2392578125,1.81884765625));
#6798 = CARTESIAN_POINT('',(0.2392578125,2.72705078125));
#6799 = CARTESIAN_POINT('',(0.6298828125,3.218994140625));
#6800 = ( GEOMETRIC_REPRESENTATION_CONTEXT(2) 
PARAMETRIC_REPRESENTATION_CONTEXT() REPRESENTATION_CONTEXT('2D SPACE',''
  ) );
#6801 = ORIENTED_EDGE('',*,*,#6709,.F.);
#6802 = ADVANCED_FACE('',(#6803),#2550,.T.);
#6803 = FACE_BOUND('',#6804,.T.);
#6804 = EDGE_LOOP('',(#6805,#6806,#6829,#6850));
#6805 = ORIENTED_EDGE('',*,*,#2506,.T.);
#6806 = ORIENTED_EDGE('',*,*,#6807,.T.);
#6807 = EDGE_CURVE('',#2444,#6808,#6810,.T.);
#6808 = VERTEX_POINT('',#6809);
#6809 = CARTESIAN_POINT('',(1.108612597005E+03,6.6,-170.8094799001));
#6810 = SURFACE_CURVE('',#6811,(#6815,#6822),.PCURVE_S1.);
#6811 = LINE('',#6812,#6813);
#6812 = CARTESIAN_POINT('',(1.108612597005E+03,5.95,-170.8094799001));
#6813 = VECTOR('',#6814,1.);
#6814 = DIRECTION('',(0.,1.,0.));
#6815 = PCURVE('',#2550,#6816);
#6816 = DEFINITIONAL_REPRESENTATION('',(#6817),#6821);
#6817 = LINE('',#6818,#6819);
#6818 = CARTESIAN_POINT('',(0.,0.));
#6819 = VECTOR('',#6820,1.);
#6820 = DIRECTION('',(0.,-1.));
#6821 = ( GEOMETRIC_REPRESENTATION_CONTEXT(2) 
PARAMETRIC_REPRESENTATION_CONTEXT() REPRESENTATION_CONTEXT('2D SPACE',''
  ) );
#6822 = PCURVE('',#2481,#6823);
#6823 = DEFINITIONAL_REPRESENTATION('',(#6824),#6828);
#6824 = LINE('',#6825,#6826);
#6825 = CARTESIAN_POINT('',(1.,0.));
#6826 = VECTOR('',#6827,1.);
#6827 = DIRECTION('',(0.,-1.));
#6828 = ( GEOMETRIC_REPRESENTATION_CONTEXT(2) 
PARAMETRIC_REPRESENTATION_CONTEXT() REPRESENTATION_CONTEXT('2D SPACE',''
  ) );
#6829 = ORIENTED_EDGE('',*,*,#6830,.T.);
#6830 = EDGE_CURVE('',#6808,#6759,#6831,.T.);
#6831 = SURFACE_CURVE('',#6832,(#6836,#6843),.PCURVE_S1.);
#6832 = B_SPLINE_CURVE_WITH_KNOTS('',2,(#6833,#6834,#6835),
  .UNSPECIFIED.,.F.,.F.,(3,3),(0.,1.),.PIECEWISE_BEZIER_KNOTS.);
#6833 = CARTESIAN_POINT('',(1.108612597005E+03,6.6,-170.8094799001));
#6834 = CARTESIAN_POINT('',(1.108120653645E+03,6.6,-170.4188549001));
#6835 = CARTESIAN_POINT('',(1.107214891926E+03,6.6,-170.4188549001));
#6836 = PCURVE('',#2550,#6837);
#6837 = DEFINITIONAL_REPRESENTATION('',(#6838),#6842);
#6838 = LINE('',#6839,#6840);
#6839 = CARTESIAN_POINT('',(0.,-0.65));
#6840 = VECTOR('',#6841,1.);
#6841 = DIRECTION('',(1.,0.));
#6842 = ( GEOMETRIC_REPRESENTATION_CONTEXT(2) 
PARAMETRIC_REPRESENTATION_CONTEXT() REPRESENTATION_CONTEXT('2D SPACE',''
  ) );
#6843 = PCURVE('',#6574,#6844);
#6844 = DEFINITIONAL_REPRESENTATION('',(#6845),#6849);
#6845 = B_SPLINE_CURVE_WITH_KNOTS('',2,(#6846,#6847,#6848),
  .UNSPECIFIED.,.F.,.F.,(3,3),(0.,1.),.PIECEWISE_BEZIER_KNOTS.);
#6846 = CARTESIAN_POINT('',(0.6298828125,0.421142578125));
#6847 = CARTESIAN_POINT('',(0.2392578125,0.9130859375));
#6848 = CARTESIAN_POINT('',(0.2392578125,1.81884765625));
#6849 = ( GEOMETRIC_REPRESENTATION_CONTEXT(2) 
PARAMETRIC_REPRESENTATION_CONTEXT() REPRESENTATION_CONTEXT('2D SPACE',''
  ) );
#6850 = ORIENTED_EDGE('',*,*,#6758,.F.);
#6851 = ADVANCED_FACE('',(#6852),#2481,.T.);
#6852 = FACE_BOUND('',#6853,.T.);
#6853 = EDGE_LOOP('',(#6854,#6855,#6878,#6899));
#6854 = ORIENTED_EDGE('',*,*,#2443,.T.);
#6855 = ORIENTED_EDGE('',*,*,#6856,.T.);
#6856 = EDGE_CURVE('',#2381,#6857,#6859,.T.);
#6857 = VERTEX_POINT('',#6858);
#6858 = CARTESIAN_POINT('',(1.109104540364E+03,6.6,-171.9203197439));
#6859 = SURFACE_CURVE('',#6860,(#6864,#6871),.PCURVE_S1.);
#6860 = LINE('',#6861,#6862);
#6861 = CARTESIAN_POINT('',(1.109104540364E+03,5.95,-171.9203197439));
#6862 = VECTOR('',#6863,1.);
#6863 = DIRECTION('',(0.,1.,0.));
#6864 = PCURVE('',#2481,#6865);
#6865 = DEFINITIONAL_REPRESENTATION('',(#6866),#6870);
#6866 = LINE('',#6867,#6868);
#6867 = CARTESIAN_POINT('',(0.,0.));
#6868 = VECTOR('',#6869,1.);
#6869 = DIRECTION('',(0.,-1.));
#6870 = ( GEOMETRIC_REPRESENTATION_CONTEXT(2) 
PARAMETRIC_REPRESENTATION_CONTEXT() REPRESENTATION_CONTEXT('2D SPACE',''
  ) );
#6871 = PCURVE('',#2418,#6872);
#6872 = DEFINITIONAL_REPRESENTATION('',(#6873),#6877);
#6873 = LINE('',#6874,#6875);
#6874 = CARTESIAN_POINT('',(1.,0.));
#6875 = VECTOR('',#6876,1.);
#6876 = DIRECTION('',(0.,-1.));
#6877 = ( GEOMETRIC_REPRESENTATION_CONTEXT(2) 
PARAMETRIC_REPRESENTATION_CONTEXT() REPRESENTATION_CONTEXT('2D SPACE',''
  ) );
#6878 = ORIENTED_EDGE('',*,*,#6879,.T.);
#6879 = EDGE_CURVE('',#6857,#6808,#6880,.T.);
#6880 = SURFACE_CURVE('',#6881,(#6885,#6892),.PCURVE_S1.);
#6881 = B_SPLINE_CURVE_WITH_KNOTS('',2,(#6882,#6883,#6884),
  .UNSPECIFIED.,.F.,.F.,(3,3),(0.,1.),.PIECEWISE_BEZIER_KNOTS.);
#6882 = CARTESIAN_POINT('',(1.109104540364E+03,6.6,-171.9203197439));
#6883 = CARTESIAN_POINT('',(1.109104540364E+03,6.6,-171.2001049001));
#6884 = CARTESIAN_POINT('',(1.108612597005E+03,6.6,-170.8094799001));
#6885 = PCURVE('',#2481,#6886);
#6886 = DEFINITIONAL_REPRESENTATION('',(#6887),#6891);
#6887 = LINE('',#6888,#6889);
#6888 = CARTESIAN_POINT('',(0.,-0.65));
#6889 = VECTOR('',#6890,1.);
#6890 = DIRECTION('',(1.,0.));
#6891 = ( GEOMETRIC_REPRESENTATION_CONTEXT(2) 
PARAMETRIC_REPRESENTATION_CONTEXT() REPRESENTATION_CONTEXT('2D SPACE',''
  ) );
#6892 = PCURVE('',#6574,#6893);
#6893 = DEFINITIONAL_REPRESENTATION('',(#6894),#6898);
#6894 = B_SPLINE_CURVE_WITH_KNOTS('',2,(#6895,#6896,#6897),
  .UNSPECIFIED.,.F.,.F.,(3,3),(0.,1.),.PIECEWISE_BEZIER_KNOTS.);
#6895 = CARTESIAN_POINT('',(1.74072265625,-7.080078125E-02));
#6896 = CARTESIAN_POINT('',(1.0205078125,-7.080078125E-02));
#6897 = CARTESIAN_POINT('',(0.6298828125,0.421142578125));
#6898 = ( GEOMETRIC_REPRESENTATION_CONTEXT(2) 
PARAMETRIC_REPRESENTATION_CONTEXT() REPRESENTATION_CONTEXT('2D SPACE',''
  ) );
#6899 = ORIENTED_EDGE('',*,*,#6807,.F.);
#6900 = ADVANCED_FACE('',(#6901),#2418,.T.);
#6901 = FACE_BOUND('',#6902,.T.);
#6902 = EDGE_LOOP('',(#6903,#6904,#6905,#6926));
#6903 = ORIENTED_EDGE('',*,*,#2380,.T.);
#6904 = ORIENTED_EDGE('',*,*,#6586,.T.);
#6905 = ORIENTED_EDGE('',*,*,#6906,.T.);
#6906 = EDGE_CURVE('',#6559,#6857,#6907,.T.);
#6907 = SURFACE_CURVE('',#6908,(#6912,#6919),.PCURVE_S1.);
#6908 = B_SPLINE_CURVE_WITH_KNOTS('',2,(#6909,#6910,#6911),
  .UNSPECIFIED.,.F.,.F.,(3,3),(0.,1.),.PIECEWISE_BEZIER_KNOTS.);
#6909 = CARTESIAN_POINT('',(1.108612597005E+03,6.6,-173.0287181814));
#6910 = CARTESIAN_POINT('',(1.109104540364E+03,6.6,-172.6380931814));
#6911 = CARTESIAN_POINT('',(1.109104540364E+03,6.6,-171.9203197439));
#6912 = PCURVE('',#2418,#6913);
#6913 = DEFINITIONAL_REPRESENTATION('',(#6914),#6918);
#6914 = LINE('',#6915,#6916);
#6915 = CARTESIAN_POINT('',(0.,-0.65));
#6916 = VECTOR('',#6917,1.);
#6917 = DIRECTION('',(1.,0.));
#6918 = ( GEOMETRIC_REPRESENTATION_CONTEXT(2) 
PARAMETRIC_REPRESENTATION_CONTEXT() REPRESENTATION_CONTEXT('2D SPACE',''
  ) );
#6919 = PCURVE('',#6574,#6920);
#6920 = DEFINITIONAL_REPRESENTATION('',(#6921),#6925);
#6921 = B_SPLINE_CURVE_WITH_KNOTS('',2,(#6922,#6923,#6924),
  .UNSPECIFIED.,.F.,.F.,(3,3),(0.,1.),.PIECEWISE_BEZIER_KNOTS.);
#6922 = CARTESIAN_POINT('',(2.84912109375,0.421142578125));
#6923 = CARTESIAN_POINT('',(2.45849609375,-7.080078125E-02));
#6924 = CARTESIAN_POINT('',(1.74072265625,-7.080078125E-02));
#6925 = ( GEOMETRIC_REPRESENTATION_CONTEXT(2) 
PARAMETRIC_REPRESENTATION_CONTEXT() REPRESENTATION_CONTEXT('2D SPACE',''
  ) );
#6926 = ORIENTED_EDGE('',*,*,#6856,.F.);
#6927 = ADVANCED_FACE('',(#6928),#2874,.T.);
#6928 = FACE_BOUND('',#6929,.T.);
#6929 = EDGE_LOOP('',(#6930,#6931,#6954,#6982));
#6930 = ORIENTED_EDGE('',*,*,#2848,.T.);
#6931 = ORIENTED_EDGE('',*,*,#6932,.T.);
#6932 = EDGE_CURVE('',#2851,#6933,#6935,.T.);
#6933 = VERTEX_POINT('',#6934);
#6934 = CARTESIAN_POINT('',(1.107092821614E+03,6.6,-155.8705150564));
#6935 = SURFACE_CURVE('',#6936,(#6940,#6947),.PCURVE_S1.);
#6936 = LINE('',#6937,#6938);
#6937 = CARTESIAN_POINT('',(1.107092821614E+03,5.95,-155.8705150564));
#6938 = VECTOR('',#6939,1.);
#6939 = DIRECTION('',(0.,1.,0.));
#6940 = PCURVE('',#2874,#6941);
#6941 = DEFINITIONAL_REPRESENTATION('',(#6942),#6946);
#6942 = LINE('',#6943,#6944);
#6943 = CARTESIAN_POINT('',(0.,0.));
#6944 = VECTOR('',#6945,1.);
#6945 = DIRECTION('',(0.,-1.));
#6946 = ( GEOMETRIC_REPRESENTATION_CONTEXT(2) 
PARAMETRIC_REPRESENTATION_CONTEXT() REPRESENTATION_CONTEXT('2D SPACE',''
  ) );
#6947 = PCURVE('',#3697,#6948);
#6948 = DEFINITIONAL_REPRESENTATION('',(#6949),#6953);
#6949 = LINE('',#6950,#6951);
#6950 = CARTESIAN_POINT('',(1.,0.));
#6951 = VECTOR('',#6952,1.);
#6952 = DIRECTION('',(0.,-1.));
#6953 = ( GEOMETRIC_REPRESENTATION_CONTEXT(2) 
PARAMETRIC_REPRESENTATION_CONTEXT() REPRESENTATION_CONTEXT('2D SPACE',''
  ) );
#6954 = ORIENTED_EDGE('',*,*,#6955,.T.);
#6955 = EDGE_CURVE('',#6933,#6956,#6958,.T.);
#6956 = VERTEX_POINT('',#6957);
#6957 = CARTESIAN_POINT('',(1.106785204426E+03,6.6,-155.3700267751));
#6958 = SURFACE_CURVE('',#6959,(#6963,#6970),.PCURVE_S1.);
#6959 = B_SPLINE_CURVE_WITH_KNOTS('',2,(#6960,#6961,#6962),
  .UNSPECIFIED.,.F.,.F.,(3,3),(0.,1.),.PIECEWISE_BEZIER_KNOTS.);
#6960 = CARTESIAN_POINT('',(1.107092821614E+03,6.6,-155.8705150564));
#6961 = CARTESIAN_POINT('',(1.106992723958E+03,6.6,-155.5384838064));
#6962 = CARTESIAN_POINT('',(1.106785204426E+03,6.6,-155.3700267751));
#6963 = PCURVE('',#2874,#6964);
#6964 = DEFINITIONAL_REPRESENTATION('',(#6965),#6969);
#6965 = LINE('',#6966,#6967);
#6966 = CARTESIAN_POINT('',(0.,-0.65));
#6967 = VECTOR('',#6968,1.);
#6968 = DIRECTION('',(1.,0.));
#6969 = ( GEOMETRIC_REPRESENTATION_CONTEXT(2) 
PARAMETRIC_REPRESENTATION_CONTEXT() REPRESENTATION_CONTEXT('2D SPACE',''
  ) );
#6970 = PCURVE('',#6971,#6976);
#6971 = PLANE('',#6972);
#6972 = AXIS2_PLACEMENT_3D('',#6973,#6974,#6975);
#6973 = CARTESIAN_POINT('',(1.109033739583E+03,6.6,-154.8158275564));
#6974 = DIRECTION('',(0.,1.,0.));
#6975 = DIRECTION('',(0.,0.,-1.));
#6976 = DEFINITIONAL_REPRESENTATION('',(#6977),#6981);
#6977 = B_SPLINE_CURVE_WITH_KNOTS('',2,(#6978,#6979,#6980),
  .UNSPECIFIED.,.F.,.F.,(3,3),(0.,1.),.PIECEWISE_BEZIER_KNOTS.);
#6978 = CARTESIAN_POINT('',(1.0546875,1.94091796875));
#6979 = CARTESIAN_POINT('',(0.72265625,2.041015625));
#6980 = CARTESIAN_POINT('',(0.55419921875,2.24853515625));
#6981 = ( GEOMETRIC_REPRESENTATION_CONTEXT(2) 
PARAMETRIC_REPRESENTATION_CONTEXT() REPRESENTATION_CONTEXT('2D SPACE',''
  ) );
#6982 = ORIENTED_EDGE('',*,*,#6983,.F.);
#6983 = EDGE_CURVE('',#2849,#6956,#6984,.T.);
#6984 = SURFACE_CURVE('',#6985,(#6989,#6996),.PCURVE_S1.);
#6985 = LINE('',#6986,#6987);
#6986 = CARTESIAN_POINT('',(1.106785204426E+03,5.95,-155.3700267751));
#6987 = VECTOR('',#6988,1.);
#6988 = DIRECTION('',(0.,1.,0.));
#6989 = PCURVE('',#2874,#6990);
#6990 = DEFINITIONAL_REPRESENTATION('',(#6991),#6995);
#6991 = LINE('',#6992,#6993);
#6992 = CARTESIAN_POINT('',(1.,0.));
#6993 = VECTOR('',#6994,1.);
#6994 = DIRECTION('',(0.,-1.));
#6995 = ( GEOMETRIC_REPRESENTATION_CONTEXT(2) 
PARAMETRIC_REPRESENTATION_CONTEXT() REPRESENTATION_CONTEXT('2D SPACE',''
  ) );
#6996 = PCURVE('',#2922,#6997);
#6997 = DEFINITIONAL_REPRESENTATION('',(#6998),#7002);
#6998 = LINE('',#6999,#7000);
#6999 = CARTESIAN_POINT('',(0.,0.));
#7000 = VECTOR('',#7001,1.);
#7001 = DIRECTION('',(0.,-1.));
#7002 = ( GEOMETRIC_REPRESENTATION_CONTEXT(2) 
PARAMETRIC_REPRESENTATION_CONTEXT() REPRESENTATION_CONTEXT('2D SPACE',''
  ) );
#7003 = ADVANCED_FACE('',(#7004),#3697,.T.);
#7004 = FACE_BOUND('',#7005,.T.);
#7005 = EDGE_LOOP('',(#7006,#7007,#7030,#7051));
#7006 = ORIENTED_EDGE('',*,*,#3669,.T.);
#7007 = ORIENTED_EDGE('',*,*,#7008,.T.);
#7008 = EDGE_CURVE('',#3619,#7009,#7011,.T.);
#7009 = VERTEX_POINT('',#7010);
#7010 = CARTESIAN_POINT('',(1.107426073567E+03,6.6,-155.310212322));
#7011 = SURFACE_CURVE('',#7012,(#7016,#7023),.PCURVE_S1.);
#7012 = LINE('',#7013,#7014);
#7013 = CARTESIAN_POINT('',(1.107426073567E+03,5.95,-155.310212322));
#7014 = VECTOR('',#7015,1.);
#7015 = DIRECTION('',(0.,1.,0.));
#7016 = PCURVE('',#3697,#7017);
#7017 = DEFINITIONAL_REPRESENTATION('',(#7018),#7022);
#7018 = LINE('',#7019,#7020);
#7019 = CARTESIAN_POINT('',(0.,0.));
#7020 = VECTOR('',#7021,1.);
#7021 = DIRECTION('',(0.,-1.));
#7022 = ( GEOMETRIC_REPRESENTATION_CONTEXT(2) 
PARAMETRIC_REPRESENTATION_CONTEXT() REPRESENTATION_CONTEXT('2D SPACE',''
  ) );
#7023 = PCURVE('',#3648,#7024);
#7024 = DEFINITIONAL_REPRESENTATION('',(#7025),#7029);
#7025 = LINE('',#7026,#7027);
#7026 = CARTESIAN_POINT('',(1.,0.));
#7027 = VECTOR('',#7028,1.);
#7028 = DIRECTION('',(0.,-1.));
#7029 = ( GEOMETRIC_REPRESENTATION_CONTEXT(2) 
PARAMETRIC_REPRESENTATION_CONTEXT() REPRESENTATION_CONTEXT('2D SPACE',''
  ) );
#7030 = ORIENTED_EDGE('',*,*,#7031,.T.);
#7031 = EDGE_CURVE('',#7009,#6933,#7032,.T.);
#7032 = SURFACE_CURVE('',#7033,(#7037,#7044),.PCURVE_S1.);
#7033 = B_SPLINE_CURVE_WITH_KNOTS('',2,(#7034,#7035,#7036),
  .UNSPECIFIED.,.F.,.F.,(3,3),(0.,1.),.PIECEWISE_BEZIER_KNOTS.);
#7034 = CARTESIAN_POINT('',(1.107426073567E+03,6.6,-155.310212322));
#7035 = CARTESIAN_POINT('',(1.107195360676E+03,6.6,-155.4994213064));
#7036 = CARTESIAN_POINT('',(1.107092821614E+03,6.6,-155.8705150564));
#7037 = PCURVE('',#3697,#7038);
#7038 = DEFINITIONAL_REPRESENTATION('',(#7039),#7043);
#7039 = LINE('',#7040,#7041);
#7040 = CARTESIAN_POINT('',(0.,-0.65));
#7041 = VECTOR('',#7042,1.);
#7042 = DIRECTION('',(1.,0.));
#7043 = ( GEOMETRIC_REPRESENTATION_CONTEXT(2) 
PARAMETRIC_REPRESENTATION_CONTEXT() REPRESENTATION_CONTEXT('2D SPACE',''
  ) );
#7044 = PCURVE('',#6971,#7045);
#7045 = DEFINITIONAL_REPRESENTATION('',(#7046),#7050);
#7046 = B_SPLINE_CURVE_WITH_KNOTS('',2,(#7047,#7048,#7049),
  .UNSPECIFIED.,.F.,.F.,(3,3),(0.,1.),.PIECEWISE_BEZIER_KNOTS.);
#7047 = CARTESIAN_POINT('',(0.494384765625,1.607666015625));
#7048 = CARTESIAN_POINT('',(0.68359375,1.83837890625));
#7049 = CARTESIAN_POINT('',(1.0546875,1.94091796875));
#7050 = ( GEOMETRIC_REPRESENTATION_CONTEXT(2) 
PARAMETRIC_REPRESENTATION_CONTEXT() REPRESENTATION_CONTEXT('2D SPACE',''
  ) );
#7051 = ORIENTED_EDGE('',*,*,#6932,.F.);
#7052 = ADVANCED_FACE('',(#7053),#3648,.T.);
#7053 = FACE_BOUND('',#7054,.T.);
#7054 = EDGE_LOOP('',(#7055,#7056,#7079,#7100));
#7055 = ORIENTED_EDGE('',*,*,#3618,.T.);
#7056 = ORIENTED_EDGE('',*,*,#7057,.T.);
#7057 = EDGE_CURVE('',#3556,#7058,#7060,.T.);
#7058 = VERTEX_POINT('',#7059);
#7059 = CARTESIAN_POINT('',(1.108008348958E+03,6.6,-155.1210033376));
#7060 = SURFACE_CURVE('',#7061,(#7065,#7072),.PCURVE_S1.);
#7061 = LINE('',#7062,#7063);
#7062 = CARTESIAN_POINT('',(1.108008348958E+03,5.95,-155.1210033376));
#7063 = VECTOR('',#7064,1.);
#7064 = DIRECTION('',(0.,1.,0.));
#7065 = PCURVE('',#3648,#7066);
#7066 = DEFINITIONAL_REPRESENTATION('',(#7067),#7071);
#7067 = LINE('',#7068,#7069);
#7068 = CARTESIAN_POINT('',(0.,0.));
#7069 = VECTOR('',#7070,1.);
#7070 = DIRECTION('',(0.,-1.));
#7071 = ( GEOMETRIC_REPRESENTATION_CONTEXT(2) 
PARAMETRIC_REPRESENTATION_CONTEXT() REPRESENTATION_CONTEXT('2D SPACE',''
  ) );
#7072 = PCURVE('',#3593,#7073);
#7073 = DEFINITIONAL_REPRESENTATION('',(#7074),#7078);
#7074 = LINE('',#7075,#7076);
#7075 = CARTESIAN_POINT('',(1.,0.));
#7076 = VECTOR('',#7077,1.);
#7077 = DIRECTION('',(0.,-1.));
#7078 = ( GEOMETRIC_REPRESENTATION_CONTEXT(2) 
PARAMETRIC_REPRESENTATION_CONTEXT() REPRESENTATION_CONTEXT('2D SPACE',''
  ) );
#7079 = ORIENTED_EDGE('',*,*,#7080,.T.);
#7080 = EDGE_CURVE('',#7058,#7009,#7081,.T.);
#7081 = SURFACE_CURVE('',#7082,(#7086,#7093),.PCURVE_S1.);
#7082 = B_SPLINE_CURVE_WITH_KNOTS('',2,(#7083,#7084,#7085),
  .UNSPECIFIED.,.F.,.F.,(3,3),(0.,1.),.PIECEWISE_BEZIER_KNOTS.);
#7083 = CARTESIAN_POINT('',(1.108008348958E+03,6.6,-155.1210033376));
#7084 = CARTESIAN_POINT('',(1.107656786458E+03,6.6,-155.1210033376));
#7085 = CARTESIAN_POINT('',(1.107426073567E+03,6.6,-155.310212322));
#7086 = PCURVE('',#3648,#7087);
#7087 = DEFINITIONAL_REPRESENTATION('',(#7088),#7092);
#7088 = LINE('',#7089,#7090);
#7089 = CARTESIAN_POINT('',(0.,-0.65));
#7090 = VECTOR('',#7091,1.);
#7091 = DIRECTION('',(1.,0.));
#7092 = ( GEOMETRIC_REPRESENTATION_CONTEXT(2) 
PARAMETRIC_REPRESENTATION_CONTEXT() REPRESENTATION_CONTEXT('2D SPACE',''
  ) );
#7093 = PCURVE('',#6971,#7094);
#7094 = DEFINITIONAL_REPRESENTATION('',(#7095),#7099);
#7095 = B_SPLINE_CURVE_WITH_KNOTS('',2,(#7096,#7097,#7098),
  .UNSPECIFIED.,.F.,.F.,(3,3),(0.,1.),.PIECEWISE_BEZIER_KNOTS.);
#7096 = CARTESIAN_POINT('',(0.30517578125,1.025390625));
#7097 = CARTESIAN_POINT('',(0.30517578125,1.376953125));
#7098 = CARTESIAN_POINT('',(0.494384765625,1.607666015625));
#7099 = ( GEOMETRIC_REPRESENTATION_CONTEXT(2) 
PARAMETRIC_REPRESENTATION_CONTEXT() REPRESENTATION_CONTEXT('2D SPACE',''
  ) );
#7100 = ORIENTED_EDGE('',*,*,#7008,.F.);
#7101 = ADVANCED_FACE('',(#7102),#3593,.T.);
#7102 = FACE_BOUND('',#7103,.T.);
#7103 = EDGE_LOOP('',(#7104,#7105,#7128,#7149));
#7104 = ORIENTED_EDGE('',*,*,#3555,.T.);
#7105 = ORIENTED_EDGE('',*,*,#7106,.T.);
#7106 = EDGE_CURVE('',#3499,#7107,#7109,.T.);
#7107 = VERTEX_POINT('',#7108);
#7108 = CARTESIAN_POINT('',(1.108827440755E+03,6.6,-155.4835521657));
#7109 = SURFACE_CURVE('',#7110,(#7114,#7121),.PCURVE_S1.);
#7110 = LINE('',#7111,#7112);
#7111 = CARTESIAN_POINT('',(1.108827440755E+03,5.95,-155.4835521657));
#7112 = VECTOR('',#7113,1.);
#7113 = DIRECTION('',(0.,1.,0.));
#7114 = PCURVE('',#3593,#7115);
#7115 = DEFINITIONAL_REPRESENTATION('',(#7116),#7120);
#7116 = LINE('',#7117,#7118);
#7117 = CARTESIAN_POINT('',(0.,0.));
#7118 = VECTOR('',#7119,1.);
#7119 = DIRECTION('',(0.,-1.));
#7120 = ( GEOMETRIC_REPRESENTATION_CONTEXT(2) 
PARAMETRIC_REPRESENTATION_CONTEXT() REPRESENTATION_CONTEXT('2D SPACE',''
  ) );
#7121 = PCURVE('',#3532,#7122);
#7122 = DEFINITIONAL_REPRESENTATION('',(#7123),#7127);
#7123 = LINE('',#7124,#7125);
#7124 = CARTESIAN_POINT('',(1.,0.));
#7125 = VECTOR('',#7126,1.);
#7126 = DIRECTION('',(0.,-1.));
#7127 = ( GEOMETRIC_REPRESENTATION_CONTEXT(2) 
PARAMETRIC_REPRESENTATION_CONTEXT() REPRESENTATION_CONTEXT('2D SPACE',''
  ) );
#7128 = ORIENTED_EDGE('',*,*,#7129,.T.);
#7129 = EDGE_CURVE('',#7107,#7058,#7130,.T.);
#7130 = SURFACE_CURVE('',#7131,(#7135,#7142),.PCURVE_S1.);
#7131 = B_SPLINE_CURVE_WITH_KNOTS('',2,(#7132,#7133,#7134),
  .UNSPECIFIED.,.F.,.F.,(3,3),(0.,1.),.PIECEWISE_BEZIER_KNOTS.);
#7132 = CARTESIAN_POINT('',(1.108827440755E+03,6.6,-155.4835521657));
#7133 = CARTESIAN_POINT('',(1.108550341145E+03,6.6,-155.1210033376));
#7134 = CARTESIAN_POINT('',(1.108008348958E+03,6.6,-155.1210033376));
#7135 = PCURVE('',#3593,#7136);
#7136 = DEFINITIONAL_REPRESENTATION('',(#7137),#7141);
#7137 = LINE('',#7138,#7139);
#7138 = CARTESIAN_POINT('',(0.,-0.65));
#7139 = VECTOR('',#7140,1.);
#7140 = DIRECTION('',(1.,0.));
#7141 = ( GEOMETRIC_REPRESENTATION_CONTEXT(2) 
PARAMETRIC_REPRESENTATION_CONTEXT() REPRESENTATION_CONTEXT('2D SPACE',''
  ) );
#7142 = PCURVE('',#6971,#7143);
#7143 = DEFINITIONAL_REPRESENTATION('',(#7144),#7148);
#7144 = B_SPLINE_CURVE_WITH_KNOTS('',2,(#7145,#7146,#7147),
  .UNSPECIFIED.,.F.,.F.,(3,3),(0.,1.),.PIECEWISE_BEZIER_KNOTS.);
#7145 = CARTESIAN_POINT('',(0.667724609375,0.206298828125));
#7146 = CARTESIAN_POINT('',(0.30517578125,0.4833984375));
#7147 = CARTESIAN_POINT('',(0.30517578125,1.025390625));
#7148 = ( GEOMETRIC_REPRESENTATION_CONTEXT(2) 
PARAMETRIC_REPRESENTATION_CONTEXT() REPRESENTATION_CONTEXT('2D SPACE',''
  ) );
#7149 = ORIENTED_EDGE('',*,*,#7057,.F.);
#7150 = ADVANCED_FACE('',(#7151),#3532,.T.);
#7151 = FACE_BOUND('',#7152,.T.);
#7152 = EDGE_LOOP('',(#7153,#7154,#7177,#7198));
#7153 = ORIENTED_EDGE('',*,*,#3498,.T.);
#7154 = ORIENTED_EDGE('',*,*,#7155,.T.);
#7155 = EDGE_CURVE('',#3442,#7156,#7158,.T.);
#7156 = VERTEX_POINT('',#7157);
#7157 = CARTESIAN_POINT('',(1.109104540364E+03,6.6,-156.5565502126));
#7158 = SURFACE_CURVE('',#7159,(#7163,#7170),.PCURVE_S1.);
#7159 = LINE('',#7160,#7161);
#7160 = CARTESIAN_POINT('',(1.109104540364E+03,5.95,-156.5565502126));
#7161 = VECTOR('',#7162,1.);
#7162 = DIRECTION('',(0.,1.,0.));
#7163 = PCURVE('',#3532,#7164);
#7164 = DEFINITIONAL_REPRESENTATION('',(#7165),#7169);
#7165 = LINE('',#7166,#7167);
#7166 = CARTESIAN_POINT('',(0.,0.));
#7167 = VECTOR('',#7168,1.);
#7168 = DIRECTION('',(0.,-1.));
#7169 = ( GEOMETRIC_REPRESENTATION_CONTEXT(2) 
PARAMETRIC_REPRESENTATION_CONTEXT() REPRESENTATION_CONTEXT('2D SPACE',''
  ) );
#7170 = PCURVE('',#3475,#7171);
#7171 = DEFINITIONAL_REPRESENTATION('',(#7172),#7176);
#7172 = LINE('',#7173,#7174);
#7173 = CARTESIAN_POINT('',(1.,0.));
#7174 = VECTOR('',#7175,1.);
#7175 = DIRECTION('',(0.,-1.));
#7176 = ( GEOMETRIC_REPRESENTATION_CONTEXT(2) 
PARAMETRIC_REPRESENTATION_CONTEXT() REPRESENTATION_CONTEXT('2D SPACE',''
  ) );
#7177 = ORIENTED_EDGE('',*,*,#7178,.T.);
#7178 = EDGE_CURVE('',#7156,#7107,#7179,.T.);
#7179 = SURFACE_CURVE('',#7180,(#7184,#7191),.PCURVE_S1.);
#7180 = B_SPLINE_CURVE_WITH_KNOTS('',2,(#7181,#7182,#7183),
  .UNSPECIFIED.,.F.,.F.,(3,3),(0.,1.),.PIECEWISE_BEZIER_KNOTS.);
#7181 = CARTESIAN_POINT('',(1.109104540364E+03,6.6,-156.5565502126));
#7182 = CARTESIAN_POINT('',(1.109104540364E+03,6.6,-155.8461009939));
#7183 = CARTESIAN_POINT('',(1.108827440755E+03,6.6,-155.4835521657));
#7184 = PCURVE('',#3532,#7185);
#7185 = DEFINITIONAL_REPRESENTATION('',(#7186),#7190);
#7186 = LINE('',#7187,#7188);
#7187 = CARTESIAN_POINT('',(0.,-0.65));
#7188 = VECTOR('',#7189,1.);
#7189 = DIRECTION('',(1.,0.));
#7190 = ( GEOMETRIC_REPRESENTATION_CONTEXT(2) 
PARAMETRIC_REPRESENTATION_CONTEXT() REPRESENTATION_CONTEXT('2D SPACE',''
  ) );
#7191 = PCURVE('',#6971,#7192);
#7192 = DEFINITIONAL_REPRESENTATION('',(#7193),#7197);
#7193 = B_SPLINE_CURVE_WITH_KNOTS('',2,(#7194,#7195,#7196),
  .UNSPECIFIED.,.F.,.F.,(3,3),(0.,1.),.PIECEWISE_BEZIER_KNOTS.);
#7194 = CARTESIAN_POINT('',(1.74072265625,-7.080078125E-02));
#7195 = CARTESIAN_POINT('',(1.0302734375,-7.080078125E-02));
#7196 = CARTESIAN_POINT('',(0.667724609375,0.206298828125));
#7197 = ( GEOMETRIC_REPRESENTATION_CONTEXT(2) 
PARAMETRIC_REPRESENTATION_CONTEXT() REPRESENTATION_CONTEXT('2D SPACE',''
  ) );
#7198 = ORIENTED_EDGE('',*,*,#7106,.F.);
#7199 = ADVANCED_FACE('',(#7200),#3475,.T.);
#7200 = FACE_BOUND('',#7201,.T.);
#7201 = EDGE_LOOP('',(#7202,#7203,#7226,#7247));
#7202 = ORIENTED_EDGE('',*,*,#3441,.T.);
#7203 = ORIENTED_EDGE('',*,*,#7204,.T.);
#7204 = EDGE_CURVE('',#3379,#7205,#7207,.T.);
#7205 = VERTEX_POINT('',#7206);
#7206 = CARTESIAN_POINT('',(1.108827440755E+03,6.6,-157.624665447));
#7207 = SURFACE_CURVE('',#7208,(#7212,#7219),.PCURVE_S1.);
#7208 = LINE('',#7209,#7210);
#7209 = CARTESIAN_POINT('',(1.108827440755E+03,5.95,-157.624665447));
#7210 = VECTOR('',#7211,1.);
#7211 = DIRECTION('',(0.,1.,0.));
#7212 = PCURVE('',#3475,#7213);
#7213 = DEFINITIONAL_REPRESENTATION('',(#7214),#7218);
#7214 = LINE('',#7215,#7216);
#7215 = CARTESIAN_POINT('',(0.,0.));
#7216 = VECTOR('',#7217,1.);
#7217 = DIRECTION('',(0.,-1.));
#7218 = ( GEOMETRIC_REPRESENTATION_CONTEXT(2) 
PARAMETRIC_REPRESENTATION_CONTEXT() REPRESENTATION_CONTEXT('2D SPACE',''
  ) );
#7219 = PCURVE('',#3416,#7220);
#7220 = DEFINITIONAL_REPRESENTATION('',(#7221),#7225);
#7221 = LINE('',#7222,#7223);
#7222 = CARTESIAN_POINT('',(1.,0.));
#7223 = VECTOR('',#7224,1.);
#7224 = DIRECTION('',(0.,-1.));
#7225 = ( GEOMETRIC_REPRESENTATION_CONTEXT(2) 
PARAMETRIC_REPRESENTATION_CONTEXT() REPRESENTATION_CONTEXT('2D SPACE',''
  ) );
#7226 = ORIENTED_EDGE('',*,*,#7227,.T.);
#7227 = EDGE_CURVE('',#7205,#7156,#7228,.T.);
#7228 = SURFACE_CURVE('',#7229,(#7233,#7240),.PCURVE_S1.);
#7229 = B_SPLINE_CURVE_WITH_KNOTS('',2,(#7230,#7231,#7232),
  .UNSPECIFIED.,.F.,.F.,(3,3),(0.,1.),.PIECEWISE_BEZIER_KNOTS.);
#7230 = CARTESIAN_POINT('',(1.108827440755E+03,6.6,-157.624665447));
#7231 = CARTESIAN_POINT('',(1.109104540364E+03,6.6,-157.2645580251));
#7232 = CARTESIAN_POINT('',(1.109104540364E+03,6.6,-156.5565502126));
#7233 = PCURVE('',#3475,#7234);
#7234 = DEFINITIONAL_REPRESENTATION('',(#7235),#7239);
#7235 = LINE('',#7236,#7237);
#7236 = CARTESIAN_POINT('',(0.,-0.65));
#7237 = VECTOR('',#7238,1.);
#7238 = DIRECTION('',(1.,0.));
#7239 = ( GEOMETRIC_REPRESENTATION_CONTEXT(2) 
PARAMETRIC_REPRESENTATION_CONTEXT() REPRESENTATION_CONTEXT('2D SPACE',''
  ) );
#7240 = PCURVE('',#6971,#7241);
#7241 = DEFINITIONAL_REPRESENTATION('',(#7242),#7246);
#7242 = B_SPLINE_CURVE_WITH_KNOTS('',2,(#7243,#7244,#7245),
  .UNSPECIFIED.,.F.,.F.,(3,3),(0.,1.),.PIECEWISE_BEZIER_KNOTS.);
#7243 = CARTESIAN_POINT('',(2.808837890625,0.206298828125));
#7244 = CARTESIAN_POINT('',(2.44873046875,-7.080078125E-02));
#7245 = CARTESIAN_POINT('',(1.74072265625,-7.080078125E-02));
#7246 = ( GEOMETRIC_REPRESENTATION_CONTEXT(2) 
PARAMETRIC_REPRESENTATION_CONTEXT() REPRESENTATION_CONTEXT('2D SPACE',''
  ) );
#7247 = ORIENTED_EDGE('',*,*,#7155,.F.);
#7248 = ADVANCED_FACE('',(#7249),#3416,.T.);
#7249 = FACE_BOUND('',#7250,.T.);
#7250 = EDGE_LOOP('',(#7251,#7252,#7275,#7296));
#7251 = ORIENTED_EDGE('',*,*,#3378,.T.);
#7252 = ORIENTED_EDGE('',*,*,#7253,.T.);
#7253 = EDGE_CURVE('',#3328,#7254,#7256,.T.);
#7254 = VERTEX_POINT('',#7255);
#7255 = CARTESIAN_POINT('',(1.108008348958E+03,6.6,-157.9847728689));
#7256 = SURFACE_CURVE('',#7257,(#7261,#7268),.PCURVE_S1.);
#7257 = LINE('',#7258,#7259);
#7258 = CARTESIAN_POINT('',(1.108008348958E+03,5.95,-157.9847728689));
#7259 = VECTOR('',#7260,1.);
#7260 = DIRECTION('',(0.,1.,0.));
#7261 = PCURVE('',#3416,#7262);
#7262 = DEFINITIONAL_REPRESENTATION('',(#7263),#7267);
#7263 = LINE('',#7264,#7265);
#7264 = CARTESIAN_POINT('',(0.,0.));
#7265 = VECTOR('',#7266,1.);
#7266 = DIRECTION('',(0.,-1.));
#7267 = ( GEOMETRIC_REPRESENTATION_CONTEXT(2) 
PARAMETRIC_REPRESENTATION_CONTEXT() REPRESENTATION_CONTEXT('2D SPACE',''
  ) );
#7268 = PCURVE('',#3357,#7269);
#7269 = DEFINITIONAL_REPRESENTATION('',(#7270),#7274);
#7270 = LINE('',#7271,#7272);
#7271 = CARTESIAN_POINT('',(1.,0.));
#7272 = VECTOR('',#7273,1.);
#7273 = DIRECTION('',(0.,-1.));
#7274 = ( GEOMETRIC_REPRESENTATION_CONTEXT(2) 
PARAMETRIC_REPRESENTATION_CONTEXT() REPRESENTATION_CONTEXT('2D SPACE',''
  ) );
#7275 = ORIENTED_EDGE('',*,*,#7276,.T.);
#7276 = EDGE_CURVE('',#7254,#7205,#7277,.T.);
#7277 = SURFACE_CURVE('',#7278,(#7282,#7289),.PCURVE_S1.);
#7278 = B_SPLINE_CURVE_WITH_KNOTS('',2,(#7279,#7280,#7281),
  .UNSPECIFIED.,.F.,.F.,(3,3),(0.,1.),.PIECEWISE_BEZIER_KNOTS.);
#7279 = CARTESIAN_POINT('',(1.108008348958E+03,6.6,-157.9847728689));
#7280 = CARTESIAN_POINT('',(1.108550341145E+03,6.6,-157.9847728689));
#7281 = CARTESIAN_POINT('',(1.108827440755E+03,6.6,-157.624665447));
#7282 = PCURVE('',#3416,#7283);
#7283 = DEFINITIONAL_REPRESENTATION('',(#7284),#7288);
#7284 = LINE('',#7285,#7286);
#7285 = CARTESIAN_POINT('',(0.,-0.65));
#7286 = VECTOR('',#7287,1.);
#7287 = DIRECTION('',(1.,0.));
#7288 = ( GEOMETRIC_REPRESENTATION_CONTEXT(2) 
PARAMETRIC_REPRESENTATION_CONTEXT() REPRESENTATION_CONTEXT('2D SPACE',''
  ) );
#7289 = PCURVE('',#6971,#7290);
#7290 = DEFINITIONAL_REPRESENTATION('',(#7291),#7295);
#7291 = B_SPLINE_CURVE_WITH_KNOTS('',2,(#7292,#7293,#7294),
  .UNSPECIFIED.,.F.,.F.,(3,3),(0.,1.),.PIECEWISE_BEZIER_KNOTS.);
#7292 = CARTESIAN_POINT('',(3.1689453125,1.025390625));
#7293 = CARTESIAN_POINT('',(3.1689453125,0.4833984375));
#7294 = CARTESIAN_POINT('',(2.808837890625,0.206298828125));
#7295 = ( GEOMETRIC_REPRESENTATION_CONTEXT(2) 
PARAMETRIC_REPRESENTATION_CONTEXT() REPRESENTATION_CONTEXT('2D SPACE',''
  ) );
#7296 = ORIENTED_EDGE('',*,*,#7204,.F.);
#7297 = ADVANCED_FACE('',(#7298),#3357,.T.);
#7298 = FACE_BOUND('',#7299,.T.);
#7299 = EDGE_LOOP('',(#7300,#7301,#7324,#7345));
#7300 = ORIENTED_EDGE('',*,*,#3327,.T.);
#7301 = ORIENTED_EDGE('',*,*,#7302,.T.);
#7302 = EDGE_CURVE('',#3277,#7303,#7305,.T.);
#7303 = VERTEX_POINT('',#7304);
#7304 = CARTESIAN_POINT('',(1.107426073567E+03,6.6,-157.7955638845));
#7305 = SURFACE_CURVE('',#7306,(#7310,#7317),.PCURVE_S1.);
#7306 = LINE('',#7307,#7308);
#7307 = CARTESIAN_POINT('',(1.107426073567E+03,5.95,-157.7955638845));
#7308 = VECTOR('',#7309,1.);
#7309 = DIRECTION('',(0.,1.,0.));
#7310 = PCURVE('',#3357,#7311);
#7311 = DEFINITIONAL_REPRESENTATION('',(#7312),#7316);
#7312 = LINE('',#7313,#7314);
#7313 = CARTESIAN_POINT('',(0.,0.));
#7314 = VECTOR('',#7315,1.);
#7315 = DIRECTION('',(0.,-1.));
#7316 = ( GEOMETRIC_REPRESENTATION_CONTEXT(2) 
PARAMETRIC_REPRESENTATION_CONTEXT() REPRESENTATION_CONTEXT('2D SPACE',''
  ) );
#7317 = PCURVE('',#3306,#7318);
#7318 = DEFINITIONAL_REPRESENTATION('',(#7319),#7323);
#7319 = LINE('',#7320,#7321);
#7320 = CARTESIAN_POINT('',(1.,0.));
#7321 = VECTOR('',#7322,1.);
#7322 = DIRECTION('',(0.,-1.));
#7323 = ( GEOMETRIC_REPRESENTATION_CONTEXT(2) 
PARAMETRIC_REPRESENTATION_CONTEXT() REPRESENTATION_CONTEXT('2D SPACE',''
  ) );
#7324 = ORIENTED_EDGE('',*,*,#7325,.T.);
#7325 = EDGE_CURVE('',#7303,#7254,#7326,.T.);
#7326 = SURFACE_CURVE('',#7327,(#7331,#7338),.PCURVE_S1.);
#7327 = B_SPLINE_CURVE_WITH_KNOTS('',2,(#7328,#7329,#7330),
  .UNSPECIFIED.,.F.,.F.,(3,3),(0.,1.),.PIECEWISE_BEZIER_KNOTS.);
#7328 = CARTESIAN_POINT('',(1.107426073567E+03,6.6,-157.7955638845));
#7329 = CARTESIAN_POINT('',(1.107656786458E+03,6.6,-157.9847728689));
#7330 = CARTESIAN_POINT('',(1.108008348958E+03,6.6,-157.9847728689));
#7331 = PCURVE('',#3357,#7332);
#7332 = DEFINITIONAL_REPRESENTATION('',(#7333),#7337);
#7333 = LINE('',#7334,#7335);
#7334 = CARTESIAN_POINT('',(0.,-0.65));
#7335 = VECTOR('',#7336,1.);
#7336 = DIRECTION('',(1.,0.));
#7337 = ( GEOMETRIC_REPRESENTATION_CONTEXT(2) 
PARAMETRIC_REPRESENTATION_CONTEXT() REPRESENTATION_CONTEXT('2D SPACE',''
  ) );
#7338 = PCURVE('',#6971,#7339);
#7339 = DEFINITIONAL_REPRESENTATION('',(#7340),#7344);
#7340 = B_SPLINE_CURVE_WITH_KNOTS('',2,(#7341,#7342,#7343),
  .UNSPECIFIED.,.F.,.F.,(3,3),(0.,1.),.PIECEWISE_BEZIER_KNOTS.);
#7341 = CARTESIAN_POINT('',(2.979736328125,1.607666015625));
#7342 = CARTESIAN_POINT('',(3.1689453125,1.376953125));
#7343 = CARTESIAN_POINT('',(3.1689453125,1.025390625));
#7344 = ( GEOMETRIC_REPRESENTATION_CONTEXT(2) 
PARAMETRIC_REPRESENTATION_CONTEXT() REPRESENTATION_CONTEXT('2D SPACE',''
  ) );
#7345 = ORIENTED_EDGE('',*,*,#7253,.F.);
#7346 = ADVANCED_FACE('',(#7347),#3306,.T.);
#7347 = FACE_BOUND('',#7348,.T.);
#7348 = EDGE_LOOP('',(#7349,#7350,#7373,#7394));
#7349 = ORIENTED_EDGE('',*,*,#3276,.T.);
#7350 = ORIENTED_EDGE('',*,*,#7351,.T.);
#7351 = EDGE_CURVE('',#3235,#7352,#7354,.T.);
#7352 = VERTEX_POINT('',#7353);
#7353 = CARTESIAN_POINT('',(1.107092821614E+03,6.6,-157.2352611501));
#7354 = SURFACE_CURVE('',#7355,(#7359,#7366),.PCURVE_S1.);
#7355 = LINE('',#7356,#7357);
#7356 = CARTESIAN_POINT('',(1.107092821614E+03,5.95,-157.2352611501));
#7357 = VECTOR('',#7358,1.);
#7358 = DIRECTION('',(0.,1.,0.));
#7359 = PCURVE('',#3306,#7360);
#7360 = DEFINITIONAL_REPRESENTATION('',(#7361),#7365);
#7361 = LINE('',#7362,#7363);
#7362 = CARTESIAN_POINT('',(0.,0.));
#7363 = VECTOR('',#7364,1.);
#7364 = DIRECTION('',(0.,-1.));
#7365 = ( GEOMETRIC_REPRESENTATION_CONTEXT(2) 
PARAMETRIC_REPRESENTATION_CONTEXT() REPRESENTATION_CONTEXT('2D SPACE',''
  ) );
#7366 = PCURVE('',#3258,#7367);
#7367 = DEFINITIONAL_REPRESENTATION('',(#7368),#7372);
#7368 = LINE('',#7369,#7370);
#7369 = CARTESIAN_POINT('',(1.,0.));
#7370 = VECTOR('',#7371,1.);
#7371 = DIRECTION('',(0.,-1.));
#7372 = ( GEOMETRIC_REPRESENTATION_CONTEXT(2) 
PARAMETRIC_REPRESENTATION_CONTEXT() REPRESENTATION_CONTEXT('2D SPACE',''
  ) );
#7373 = ORIENTED_EDGE('',*,*,#7374,.T.);
#7374 = EDGE_CURVE('',#7352,#7303,#7375,.T.);
#7375 = SURFACE_CURVE('',#7376,(#7380,#7387),.PCURVE_S1.);
#7376 = B_SPLINE_CURVE_WITH_KNOTS('',2,(#7377,#7378,#7379),
  .UNSPECIFIED.,.F.,.F.,(3,3),(0.,1.),.PIECEWISE_BEZIER_KNOTS.);
#7377 = CARTESIAN_POINT('',(1.107092821614E+03,6.6,-157.2352611501));
#7378 = CARTESIAN_POINT('',(1.107195360676E+03,6.6,-157.6063549001));
#7379 = CARTESIAN_POINT('',(1.107426073567E+03,6.6,-157.7955638845));
#7380 = PCURVE('',#3306,#7381);
#7381 = DEFINITIONAL_REPRESENTATION('',(#7382),#7386);
#7382 = LINE('',#7383,#7384);
#7383 = CARTESIAN_POINT('',(0.,-0.65));
#7384 = VECTOR('',#7385,1.);
#7385 = DIRECTION('',(1.,0.));
#7386 = ( GEOMETRIC_REPRESENTATION_CONTEXT(2) 
PARAMETRIC_REPRESENTATION_CONTEXT() REPRESENTATION_CONTEXT('2D SPACE',''
  ) );
#7387 = PCURVE('',#6971,#7388);
#7388 = DEFINITIONAL_REPRESENTATION('',(#7389),#7393);
#7389 = B_SPLINE_CURVE_WITH_KNOTS('',2,(#7390,#7391,#7392),
  .UNSPECIFIED.,.F.,.F.,(3,3),(0.,1.),.PIECEWISE_BEZIER_KNOTS.);
#7390 = CARTESIAN_POINT('',(2.41943359375,1.94091796875));
#7391 = CARTESIAN_POINT('',(2.79052734375,1.83837890625));
#7392 = CARTESIAN_POINT('',(2.979736328125,1.607666015625));
#7393 = ( GEOMETRIC_REPRESENTATION_CONTEXT(2) 
PARAMETRIC_REPRESENTATION_CONTEXT() REPRESENTATION_CONTEXT('2D SPACE',''
  ) );
#7394 = ORIENTED_EDGE('',*,*,#7302,.F.);
#7395 = ADVANCED_FACE('',(#7396),#3258,.T.);
#7396 = FACE_BOUND('',#7397,.T.);
#7397 = EDGE_LOOP('',(#7398,#7399,#7422,#7443));
#7398 = ORIENTED_EDGE('',*,*,#3234,.T.);
#7399 = ORIENTED_EDGE('',*,*,#7400,.T.);
#7400 = EDGE_CURVE('',#3184,#7401,#7403,.T.);
#7401 = VERTEX_POINT('',#7402);
#7402 = CARTESIAN_POINT('',(1.106785204426E+03,6.6,-157.7369701345));
#7403 = SURFACE_CURVE('',#7404,(#7408,#7415),.PCURVE_S1.);
#7404 = LINE('',#7405,#7406);
#7405 = CARTESIAN_POINT('',(1.106785204426E+03,5.95,-157.7369701345));
#7406 = VECTOR('',#7407,1.);
#7407 = DIRECTION('',(0.,1.,0.));
#7408 = PCURVE('',#3258,#7409);
#7409 = DEFINITIONAL_REPRESENTATION('',(#7410),#7414);
#7410 = LINE('',#7411,#7412);
#7411 = CARTESIAN_POINT('',(0.,0.));
#7412 = VECTOR('',#7413,1.);
#7413 = DIRECTION('',(0.,-1.));
#7414 = ( GEOMETRIC_REPRESENTATION_CONTEXT(2) 
PARAMETRIC_REPRESENTATION_CONTEXT() REPRESENTATION_CONTEXT('2D SPACE',''
  ) );
#7415 = PCURVE('',#3213,#7416);
#7416 = DEFINITIONAL_REPRESENTATION('',(#7417),#7421);
#7417 = LINE('',#7418,#7419);
#7418 = CARTESIAN_POINT('',(1.,0.));
#7419 = VECTOR('',#7420,1.);
#7420 = DIRECTION('',(0.,-1.));
#7421 = ( GEOMETRIC_REPRESENTATION_CONTEXT(2) 
PARAMETRIC_REPRESENTATION_CONTEXT() REPRESENTATION_CONTEXT('2D SPACE',''
  ) );
#7422 = ORIENTED_EDGE('',*,*,#7423,.T.);
#7423 = EDGE_CURVE('',#7401,#7352,#7424,.T.);
#7424 = SURFACE_CURVE('',#7425,(#7429,#7436),.PCURVE_S1.);
#7425 = B_SPLINE_CURVE_WITH_KNOTS('',2,(#7426,#7427,#7428),
  .UNSPECIFIED.,.F.,.F.,(3,3),(0.,1.),.PIECEWISE_BEZIER_KNOTS.);
#7426 = CARTESIAN_POINT('',(1.106785204426E+03,6.6,-157.7369701345));
#7427 = CARTESIAN_POINT('',(1.106992723958E+03,6.6,-157.5672924001));
#7428 = CARTESIAN_POINT('',(1.107092821614E+03,6.6,-157.2352611501));
#7429 = PCURVE('',#3258,#7430);
#7430 = DEFINITIONAL_REPRESENTATION('',(#7431),#7435);
#7431 = LINE('',#7432,#7433);
#7432 = CARTESIAN_POINT('',(0.,-0.65));
#7433 = VECTOR('',#7434,1.);
#7434 = DIRECTION('',(1.,0.));
#7435 = ( GEOMETRIC_REPRESENTATION_CONTEXT(2) 
PARAMETRIC_REPRESENTATION_CONTEXT() REPRESENTATION_CONTEXT('2D SPACE',''
  ) );
#7436 = PCURVE('',#6971,#7437);
#7437 = DEFINITIONAL_REPRESENTATION('',(#7438),#7442);
#7438 = B_SPLINE_CURVE_WITH_KNOTS('',2,(#7439,#7440,#7441),
  .UNSPECIFIED.,.F.,.F.,(3,3),(0.,1.),.PIECEWISE_BEZIER_KNOTS.);
#7439 = CARTESIAN_POINT('',(2.921142578125,2.24853515625));
#7440 = CARTESIAN_POINT('',(2.75146484375,2.041015625));
#7441 = CARTESIAN_POINT('',(2.41943359375,1.94091796875));
#7442 = ( GEOMETRIC_REPRESENTATION_CONTEXT(2) 
PARAMETRIC_REPRESENTATION_CONTEXT() REPRESENTATION_CONTEXT('2D SPACE',''
  ) );
#7443 = ORIENTED_EDGE('',*,*,#7351,.F.);
#7444 = ADVANCED_FACE('',(#7445),#3213,.T.);
#7445 = FACE_BOUND('',#7446,.T.);
#7446 = EDGE_LOOP('',(#7447,#7448,#7471,#7492));
#7447 = ORIENTED_EDGE('',*,*,#3183,.T.);
#7448 = ORIENTED_EDGE('',*,*,#7449,.T.);
#7449 = EDGE_CURVE('',#3121,#7450,#7452,.T.);
#7450 = VERTEX_POINT('',#7451);
#7451 = CARTESIAN_POINT('',(1.106267626301E+03,6.6,-157.9066478689));
#7452 = SURFACE_CURVE('',#7453,(#7457,#7464),.PCURVE_S1.);
#7453 = LINE('',#7454,#7455);
#7454 = CARTESIAN_POINT('',(1.106267626301E+03,5.95,-157.9066478689));
#7455 = VECTOR('',#7456,1.);
#7456 = DIRECTION('',(0.,1.,0.));
#7457 = PCURVE('',#3213,#7458);
#7458 = DEFINITIONAL_REPRESENTATION('',(#7459),#7463);
#7459 = LINE('',#7460,#7461);
#7460 = CARTESIAN_POINT('',(0.,0.));
#7461 = VECTOR('',#7462,1.);
#7462 = DIRECTION('',(0.,-1.));
#7463 = ( GEOMETRIC_REPRESENTATION_CONTEXT(2) 
PARAMETRIC_REPRESENTATION_CONTEXT() REPRESENTATION_CONTEXT('2D SPACE',''
  ) );
#7464 = PCURVE('',#3158,#7465);
#7465 = DEFINITIONAL_REPRESENTATION('',(#7466),#7470);
#7466 = LINE('',#7467,#7468);
#7467 = CARTESIAN_POINT('',(1.,0.));
#7468 = VECTOR('',#7469,1.);
#7469 = DIRECTION('',(0.,-1.));
#7470 = ( GEOMETRIC_REPRESENTATION_CONTEXT(2) 
PARAMETRIC_REPRESENTATION_CONTEXT() REPRESENTATION_CONTEXT('2D SPACE',''
  ) );
#7471 = ORIENTED_EDGE('',*,*,#7472,.T.);
#7472 = EDGE_CURVE('',#7450,#7401,#7473,.T.);
#7473 = SURFACE_CURVE('',#7474,(#7478,#7485),.PCURVE_S1.);
#7474 = B_SPLINE_CURVE_WITH_KNOTS('',2,(#7475,#7476,#7477),
  .UNSPECIFIED.,.F.,.F.,(3,3),(0.,1.),.PIECEWISE_BEZIER_KNOTS.);
#7475 = CARTESIAN_POINT('',(1.106267626301E+03,6.6,-157.9066478689));
#7476 = CARTESIAN_POINT('',(1.106577684895E+03,6.6,-157.9066478689));
#7477 = CARTESIAN_POINT('',(1.106785204426E+03,6.6,-157.7369701345));
#7478 = PCURVE('',#3213,#7479);
#7479 = DEFINITIONAL_REPRESENTATION('',(#7480),#7484);
#7480 = LINE('',#7481,#7482);
#7481 = CARTESIAN_POINT('',(0.,-0.65));
#7482 = VECTOR('',#7483,1.);
#7483 = DIRECTION('',(1.,0.));
#7484 = ( GEOMETRIC_REPRESENTATION_CONTEXT(2) 
PARAMETRIC_REPRESENTATION_CONTEXT() REPRESENTATION_CONTEXT('2D SPACE',''
  ) );
#7485 = PCURVE('',#6971,#7486);
#7486 = DEFINITIONAL_REPRESENTATION('',(#7487),#7491);
#7487 = B_SPLINE_CURVE_WITH_KNOTS('',2,(#7488,#7489,#7490),
  .UNSPECIFIED.,.F.,.F.,(3,3),(0.,1.),.PIECEWISE_BEZIER_KNOTS.);
#7488 = CARTESIAN_POINT('',(3.0908203125,2.76611328125));
#7489 = CARTESIAN_POINT('',(3.0908203125,2.4560546875));
#7490 = CARTESIAN_POINT('',(2.921142578125,2.24853515625));
#7491 = ( GEOMETRIC_REPRESENTATION_CONTEXT(2) 
PARAMETRIC_REPRESENTATION_CONTEXT() REPRESENTATION_CONTEXT('2D SPACE',''
  ) );
#7492 = ORIENTED_EDGE('',*,*,#7400,.F.);
#7493 = ADVANCED_FACE('',(#7494),#3158,.T.);
#7494 = FACE_BOUND('',#7495,.T.);
#7495 = EDGE_LOOP('',(#7496,#7497,#7520,#7541));
#7496 = ORIENTED_EDGE('',*,*,#3120,.T.);
#7497 = ORIENTED_EDGE('',*,*,#7498,.T.);
#7498 = EDGE_CURVE('',#3064,#7499,#7501,.T.);
#7499 = VERTEX_POINT('',#7500);
#7500 = CARTESIAN_POINT('',(1.105563280598E+03,6.6,-157.5624095876));
#7501 = SURFACE_CURVE('',#7502,(#7506,#7513),.PCURVE_S1.);
#7502 = LINE('',#7503,#7504);
#7503 = CARTESIAN_POINT('',(1.105563280598E+03,5.95,-157.5624095876));
#7504 = VECTOR('',#7505,1.);
#7505 = DIRECTION('',(0.,1.,0.));
#7506 = PCURVE('',#3158,#7507);
#7507 = DEFINITIONAL_REPRESENTATION('',(#7508),#7512);
#7508 = LINE('',#7509,#7510);
#7509 = CARTESIAN_POINT('',(0.,0.));
#7510 = VECTOR('',#7511,1.);
#7511 = DIRECTION('',(0.,-1.));
#7512 = ( GEOMETRIC_REPRESENTATION_CONTEXT(2) 
PARAMETRIC_REPRESENTATION_CONTEXT() REPRESENTATION_CONTEXT('2D SPACE',''
  ) );
#7513 = PCURVE('',#3097,#7514);
#7514 = DEFINITIONAL_REPRESENTATION('',(#7515),#7519);
#7515 = LINE('',#7516,#7517);
#7516 = CARTESIAN_POINT('',(1.,0.));
#7517 = VECTOR('',#7518,1.);
#7518 = DIRECTION('',(0.,-1.));
#7519 = ( GEOMETRIC_REPRESENTATION_CONTEXT(2) 
PARAMETRIC_REPRESENTATION_CONTEXT() REPRESENTATION_CONTEXT('2D SPACE',''
  ) );
#7520 = ORIENTED_EDGE('',*,*,#7521,.T.);
#7521 = EDGE_CURVE('',#7499,#7450,#7522,.T.);
#7522 = SURFACE_CURVE('',#7523,(#7527,#7534),.PCURVE_S1.);
#7523 = B_SPLINE_CURVE_WITH_KNOTS('',2,(#7524,#7525,#7526),
  .UNSPECIFIED.,.F.,.F.,(3,3),(0.,1.),.PIECEWISE_BEZIER_KNOTS.);
#7524 = CARTESIAN_POINT('',(1.105563280598E+03,6.6,-157.5624095876));
#7525 = CARTESIAN_POINT('',(1.105803759114E+03,6.6,-157.9066478689));
#7526 = CARTESIAN_POINT('',(1.106267626301E+03,6.6,-157.9066478689));
#7527 = PCURVE('',#3158,#7528);
#7528 = DEFINITIONAL_REPRESENTATION('',(#7529),#7533);
#7529 = LINE('',#7530,#7531);
#7530 = CARTESIAN_POINT('',(0.,-0.65));
#7531 = VECTOR('',#7532,1.);
#7532 = DIRECTION('',(1.,0.));
#7533 = ( GEOMETRIC_REPRESENTATION_CONTEXT(2) 
PARAMETRIC_REPRESENTATION_CONTEXT() REPRESENTATION_CONTEXT('2D SPACE',''
  ) );
#7534 = PCURVE('',#6971,#7535);
#7535 = DEFINITIONAL_REPRESENTATION('',(#7536),#7540);
#7536 = B_SPLINE_CURVE_WITH_KNOTS('',2,(#7537,#7538,#7539),
  .UNSPECIFIED.,.F.,.F.,(3,3),(0.,1.),.PIECEWISE_BEZIER_KNOTS.);
#7537 = CARTESIAN_POINT('',(2.74658203125,3.470458984375));
#7538 = CARTESIAN_POINT('',(3.0908203125,3.22998046875));
#7539 = CARTESIAN_POINT('',(3.0908203125,2.76611328125));
#7540 = ( GEOMETRIC_REPRESENTATION_CONTEXT(2) 
PARAMETRIC_REPRESENTATION_CONTEXT() REPRESENTATION_CONTEXT('2D SPACE',''
  ) );
#7541 = ORIENTED_EDGE('',*,*,#7449,.F.);
#7542 = ADVANCED_FACE('',(#7543),#3097,.T.);
#7543 = FACE_BOUND('',#7544,.T.);
#7544 = EDGE_LOOP('',(#7545,#7546,#7569,#7590));
#7545 = ORIENTED_EDGE('',*,*,#3063,.T.);
#7546 = ORIENTED_EDGE('',*,*,#7547,.T.);
#7547 = EDGE_CURVE('',#3007,#7548,#7550,.T.);
#7548 = VERTEX_POINT('',#7549);
#7549 = CARTESIAN_POINT('',(1.105322802083E+03,6.6,-156.5565502126));
#7550 = SURFACE_CURVE('',#7551,(#7555,#7562),.PCURVE_S1.);
#7551 = LINE('',#7552,#7553);
#7552 = CARTESIAN_POINT('',(1.105322802083E+03,5.95,-156.5565502126));
#7553 = VECTOR('',#7554,1.);
#7554 = DIRECTION('',(0.,1.,0.));
#7555 = PCURVE('',#3097,#7556);
#7556 = DEFINITIONAL_REPRESENTATION('',(#7557),#7561);
#7557 = LINE('',#7558,#7559);
#7558 = CARTESIAN_POINT('',(0.,0.));
#7559 = VECTOR('',#7560,1.);
#7560 = DIRECTION('',(0.,-1.));
#7561 = ( GEOMETRIC_REPRESENTATION_CONTEXT(2) 
PARAMETRIC_REPRESENTATION_CONTEXT() REPRESENTATION_CONTEXT('2D SPACE',''
  ) );
#7562 = PCURVE('',#3040,#7563);
#7563 = DEFINITIONAL_REPRESENTATION('',(#7564),#7568);
#7564 = LINE('',#7565,#7566);
#7565 = CARTESIAN_POINT('',(1.,0.));
#7566 = VECTOR('',#7567,1.);
#7567 = DIRECTION('',(0.,-1.));
#7568 = ( GEOMETRIC_REPRESENTATION_CONTEXT(2) 
PARAMETRIC_REPRESENTATION_CONTEXT() REPRESENTATION_CONTEXT('2D SPACE',''
  ) );
#7569 = ORIENTED_EDGE('',*,*,#7570,.T.);
#7570 = EDGE_CURVE('',#7548,#7499,#7571,.T.);
#7571 = SURFACE_CURVE('',#7572,(#7576,#7583),.PCURVE_S1.);
#7572 = B_SPLINE_CURVE_WITH_KNOTS('',2,(#7573,#7574,#7575),
  .UNSPECIFIED.,.F.,.F.,(3,3),(0.,1.),.PIECEWISE_BEZIER_KNOTS.);
#7573 = CARTESIAN_POINT('',(1.105322802083E+03,6.6,-156.5565502126));
#7574 = CARTESIAN_POINT('',(1.105322802083E+03,6.6,-157.2181713064));
#7575 = CARTESIAN_POINT('',(1.105563280598E+03,6.6,-157.5624095876));
#7576 = PCURVE('',#3097,#7577);
#7577 = DEFINITIONAL_REPRESENTATION('',(#7578),#7582);
#7578 = LINE('',#7579,#7580);
#7579 = CARTESIAN_POINT('',(0.,-0.65));
#7580 = VECTOR('',#7581,1.);
#7581 = DIRECTION('',(1.,0.));
#7582 = ( GEOMETRIC_REPRESENTATION_CONTEXT(2) 
PARAMETRIC_REPRESENTATION_CONTEXT() REPRESENTATION_CONTEXT('2D SPACE',''
  ) );
#7583 = PCURVE('',#6971,#7584);
#7584 = DEFINITIONAL_REPRESENTATION('',(#7585),#7589);
#7585 = B_SPLINE_CURVE_WITH_KNOTS('',2,(#7586,#7587,#7588),
  .UNSPECIFIED.,.F.,.F.,(3,3),(0.,1.),.PIECEWISE_BEZIER_KNOTS.);
#7586 = CARTESIAN_POINT('',(1.74072265625,3.7109375));
#7587 = CARTESIAN_POINT('',(2.40234375,3.7109375));
#7588 = CARTESIAN_POINT('',(2.74658203125,3.470458984375));
#7589 = ( GEOMETRIC_REPRESENTATION_CONTEXT(2) 
PARAMETRIC_REPRESENTATION_CONTEXT() REPRESENTATION_CONTEXT('2D SPACE',''
  ) );
#7590 = ORIENTED_EDGE('',*,*,#7498,.F.);
#7591 = ADVANCED_FACE('',(#7592),#3040,.T.);
#7592 = FACE_BOUND('',#7593,.T.);
#7593 = EDGE_LOOP('',(#7594,#7595,#7618,#7639));
#7594 = ORIENTED_EDGE('',*,*,#3006,.T.);
#7595 = ORIENTED_EDGE('',*,*,#7596,.T.);
#7596 = EDGE_CURVE('',#2944,#7597,#7599,.T.);
#7597 = VERTEX_POINT('',#7598);
#7598 = CARTESIAN_POINT('',(1.105564501301E+03,6.6,-155.5458080251));
#7599 = SURFACE_CURVE('',#7600,(#7604,#7611),.PCURVE_S1.);
#7600 = LINE('',#7601,#7602);
#7601 = CARTESIAN_POINT('',(1.105564501301E+03,5.95,-155.5458080251));
#7602 = VECTOR('',#7603,1.);
#7603 = DIRECTION('',(0.,1.,0.));
#7604 = PCURVE('',#3040,#7605);
#7605 = DEFINITIONAL_REPRESENTATION('',(#7606),#7610);
#7606 = LINE('',#7607,#7608);
#7607 = CARTESIAN_POINT('',(0.,0.));
#7608 = VECTOR('',#7609,1.);
#7609 = DIRECTION('',(0.,-1.));
#7610 = ( GEOMETRIC_REPRESENTATION_CONTEXT(2) 
PARAMETRIC_REPRESENTATION_CONTEXT() REPRESENTATION_CONTEXT('2D SPACE',''
  ) );
#7611 = PCURVE('',#2981,#7612);
#7612 = DEFINITIONAL_REPRESENTATION('',(#7613),#7617);
#7613 = LINE('',#7614,#7615);
#7614 = CARTESIAN_POINT('',(1.,0.));
#7615 = VECTOR('',#7616,1.);
#7616 = DIRECTION('',(0.,-1.));
#7617 = ( GEOMETRIC_REPRESENTATION_CONTEXT(2) 
PARAMETRIC_REPRESENTATION_CONTEXT() REPRESENTATION_CONTEXT('2D SPACE',''
  ) );
#7618 = ORIENTED_EDGE('',*,*,#7619,.T.);
#7619 = EDGE_CURVE('',#7597,#7548,#7620,.T.);
#7620 = SURFACE_CURVE('',#7621,(#7625,#7632),.PCURVE_S1.);
#7621 = B_SPLINE_CURVE_WITH_KNOTS('',2,(#7622,#7623,#7624),
  .UNSPECIFIED.,.F.,.F.,(3,3),(0.,1.),.PIECEWISE_BEZIER_KNOTS.);
#7622 = CARTESIAN_POINT('',(1.105564501301E+03,6.6,-155.5458080251));
#7623 = CARTESIAN_POINT('',(1.105322802083E+03,6.6,-155.8900463064));
#7624 = CARTESIAN_POINT('',(1.105322802083E+03,6.6,-156.5565502126));
#7625 = PCURVE('',#3040,#7626);
#7626 = DEFINITIONAL_REPRESENTATION('',(#7627),#7631);
#7627 = LINE('',#7628,#7629);
#7628 = CARTESIAN_POINT('',(0.,-0.65));
#7629 = VECTOR('',#7630,1.);
#7630 = DIRECTION('',(1.,0.));
#7631 = ( GEOMETRIC_REPRESENTATION_CONTEXT(2) 
PARAMETRIC_REPRESENTATION_CONTEXT() REPRESENTATION_CONTEXT('2D SPACE',''
  ) );
#7632 = PCURVE('',#6971,#7633);
#7633 = DEFINITIONAL_REPRESENTATION('',(#7634),#7638);
#7634 = B_SPLINE_CURVE_WITH_KNOTS('',2,(#7635,#7636,#7637),
  .UNSPECIFIED.,.F.,.F.,(3,3),(0.,1.),.PIECEWISE_BEZIER_KNOTS.);
#7635 = CARTESIAN_POINT('',(0.72998046875,3.46923828125));
#7636 = CARTESIAN_POINT('',(1.07421875,3.7109375));
#7637 = CARTESIAN_POINT('',(1.74072265625,3.7109375));
#7638 = ( GEOMETRIC_REPRESENTATION_CONTEXT(2) 
PARAMETRIC_REPRESENTATION_CONTEXT() REPRESENTATION_CONTEXT('2D SPACE',''
  ) );
#7639 = ORIENTED_EDGE('',*,*,#7547,.F.);
#7640 = ADVANCED_FACE('',(#7641),#2981,.T.);
#7641 = FACE_BOUND('',#7642,.T.);
#7642 = EDGE_LOOP('',(#7643,#7644,#7667,#7688));
#7643 = ORIENTED_EDGE('',*,*,#2943,.T.);
#7644 = ORIENTED_EDGE('',*,*,#7645,.T.);
#7645 = EDGE_CURVE('',#2893,#7646,#7648,.T.);
#7646 = VERTEX_POINT('',#7647);
#7647 = CARTESIAN_POINT('',(1.106267626301E+03,6.6,-155.2015697439));
#7648 = SURFACE_CURVE('',#7649,(#7653,#7660),.PCURVE_S1.);
#7649 = LINE('',#7650,#7651);
#7650 = CARTESIAN_POINT('',(1.106267626301E+03,5.95,-155.2015697439));
#7651 = VECTOR('',#7652,1.);
#7652 = DIRECTION('',(0.,1.,0.));
#7653 = PCURVE('',#2981,#7654);
#7654 = DEFINITIONAL_REPRESENTATION('',(#7655),#7659);
#7655 = LINE('',#7656,#7657);
#7656 = CARTESIAN_POINT('',(0.,0.));
#7657 = VECTOR('',#7658,1.);
#7658 = DIRECTION('',(0.,-1.));
#7659 = ( GEOMETRIC_REPRESENTATION_CONTEXT(2) 
PARAMETRIC_REPRESENTATION_CONTEXT() REPRESENTATION_CONTEXT('2D SPACE',''
  ) );
#7660 = PCURVE('',#2922,#7661);
#7661 = DEFINITIONAL_REPRESENTATION('',(#7662),#7666);
#7662 = LINE('',#7663,#7664);
#7663 = CARTESIAN_POINT('',(1.,0.));
#7664 = VECTOR('',#7665,1.);
#7665 = DIRECTION('',(0.,-1.));
#7666 = ( GEOMETRIC_REPRESENTATION_CONTEXT(2) 
PARAMETRIC_REPRESENTATION_CONTEXT() REPRESENTATION_CONTEXT('2D SPACE',''
  ) );
#7667 = ORIENTED_EDGE('',*,*,#7668,.T.);
#7668 = EDGE_CURVE('',#7646,#7597,#7669,.T.);
#7669 = SURFACE_CURVE('',#7670,(#7674,#7681),.PCURVE_S1.);
#7670 = B_SPLINE_CURVE_WITH_KNOTS('',2,(#7671,#7672,#7673),
  .UNSPECIFIED.,.F.,.F.,(3,3),(0.,1.),.PIECEWISE_BEZIER_KNOTS.);
#7671 = CARTESIAN_POINT('',(1.106267626301E+03,6.6,-155.2015697439));
#7672 = CARTESIAN_POINT('',(1.10580620052E+03,6.6,-155.2015697439));
#7673 = CARTESIAN_POINT('',(1.105564501301E+03,6.6,-155.5458080251));
#7674 = PCURVE('',#2981,#7675);
#7675 = DEFINITIONAL_REPRESENTATION('',(#7676),#7680);
#7676 = LINE('',#7677,#7678);
#7677 = CARTESIAN_POINT('',(0.,-0.65));
#7678 = VECTOR('',#7679,1.);
#7679 = DIRECTION('',(1.,0.));
#7680 = ( GEOMETRIC_REPRESENTATION_CONTEXT(2) 
PARAMETRIC_REPRESENTATION_CONTEXT() REPRESENTATION_CONTEXT('2D SPACE',''
  ) );
#7681 = PCURVE('',#6971,#7682);
#7682 = DEFINITIONAL_REPRESENTATION('',(#7683),#7687);
#7683 = B_SPLINE_CURVE_WITH_KNOTS('',2,(#7684,#7685,#7686),
  .UNSPECIFIED.,.F.,.F.,(3,3),(0.,1.),.PIECEWISE_BEZIER_KNOTS.);
#7684 = CARTESIAN_POINT('',(0.3857421875,2.76611328125));
#7685 = CARTESIAN_POINT('',(0.3857421875,3.2275390625));
#7686 = CARTESIAN_POINT('',(0.72998046875,3.46923828125));
#7687 = ( GEOMETRIC_REPRESENTATION_CONTEXT(2) 
PARAMETRIC_REPRESENTATION_CONTEXT() REPRESENTATION_CONTEXT('2D SPACE',''
  ) );
#7688 = ORIENTED_EDGE('',*,*,#7596,.F.);
#7689 = ADVANCED_FACE('',(#7690),#2922,.T.);
#7690 = FACE_BOUND('',#7691,.T.);
#7691 = EDGE_LOOP('',(#7692,#7693,#7694,#7715));
#7692 = ORIENTED_EDGE('',*,*,#2892,.T.);
#7693 = ORIENTED_EDGE('',*,*,#6983,.T.);
#7694 = ORIENTED_EDGE('',*,*,#7695,.T.);
#7695 = EDGE_CURVE('',#6956,#7646,#7696,.T.);
#7696 = SURFACE_CURVE('',#7697,(#7701,#7708),.PCURVE_S1.);
#7697 = B_SPLINE_CURVE_WITH_KNOTS('',2,(#7698,#7699,#7700),
  .UNSPECIFIED.,.F.,.F.,(3,3),(0.,1.),.PIECEWISE_BEZIER_KNOTS.);
#7698 = CARTESIAN_POINT('',(1.106785204426E+03,6.6,-155.3700267751));
#7699 = CARTESIAN_POINT('',(1.106577684895E+03,6.6,-155.2015697439));
#7700 = CARTESIAN_POINT('',(1.106267626301E+03,6.6,-155.2015697439));
#7701 = PCURVE('',#2922,#7702);
#7702 = DEFINITIONAL_REPRESENTATION('',(#7703),#7707);
#7703 = LINE('',#7704,#7705);
#7704 = CARTESIAN_POINT('',(0.,-0.65));
#7705 = VECTOR('',#7706,1.);
#7706 = DIRECTION('',(1.,0.));
#7707 = ( GEOMETRIC_REPRESENTATION_CONTEXT(2) 
PARAMETRIC_REPRESENTATION_CONTEXT() REPRESENTATION_CONTEXT('2D SPACE',''
  ) );
#7708 = PCURVE('',#6971,#7709);
#7709 = DEFINITIONAL_REPRESENTATION('',(#7710),#7714);
#7710 = B_SPLINE_CURVE_WITH_KNOTS('',2,(#7711,#7712,#7713),
  .UNSPECIFIED.,.F.,.F.,(3,3),(0.,1.),.PIECEWISE_BEZIER_KNOTS.);
#7711 = CARTESIAN_POINT('',(0.55419921875,2.24853515625));
#7712 = CARTESIAN_POINT('',(0.3857421875,2.4560546875));
#7713 = CARTESIAN_POINT('',(0.3857421875,2.76611328125));
#7714 = ( GEOMETRIC_REPRESENTATION_CONTEXT(2) 
PARAMETRIC_REPRESENTATION_CONTEXT() REPRESENTATION_CONTEXT('2D SPACE',''
  ) );
#7715 = ORIENTED_EDGE('',*,*,#7645,.F.);
#7716 = ADVANCED_FACE('',(#7717),#3737,.T.);
#7717 = FACE_BOUND('',#7718,.T.);
#7718 = EDGE_LOOP('',(#7719,#7720,#7743,#7771));
#7719 = ORIENTED_EDGE('',*,*,#3720,.T.);
#7720 = ORIENTED_EDGE('',*,*,#7721,.T.);
#7721 = EDGE_CURVE('',#3723,#7722,#7724,.T.);
#7722 = VERTEX_POINT('',#7723);
#7723 = CARTESIAN_POINT('',(1.109033739583E+03,6.6,-153.4266674001));
#7724 = SURFACE_CURVE('',#7725,(#7729,#7736),.PCURVE_S1.);
#7725 = LINE('',#7726,#7727);
#7726 = CARTESIAN_POINT('',(1.109033739583E+03,5.95,-153.4266674001));
#7727 = VECTOR('',#7728,1.);
#7728 = DIRECTION('',(0.,1.,0.));
#7729 = PCURVE('',#3737,#7730);
#7730 = DEFINITIONAL_REPRESENTATION('',(#7731),#7735);
#7731 = LINE('',#7732,#7733);
#7732 = CARTESIAN_POINT('',(0.,0.));
#7733 = VECTOR('',#7734,1.);
#7734 = DIRECTION('',(0.,-1.));
#7735 = ( GEOMETRIC_REPRESENTATION_CONTEXT(2) 
PARAMETRIC_REPRESENTATION_CONTEXT() REPRESENTATION_CONTEXT('2D SPACE',''
  ) );
#7736 = PCURVE('',#3813,#7737);
#7737 = DEFINITIONAL_REPRESENTATION('',(#7738),#7742);
#7738 = LINE('',#7739,#7740);
#7739 = CARTESIAN_POINT('',(0.87890625,0.));
#7740 = VECTOR('',#7741,1.);
#7741 = DIRECTION('',(0.,-1.));
#7742 = ( GEOMETRIC_REPRESENTATION_CONTEXT(2) 
PARAMETRIC_REPRESENTATION_CONTEXT() REPRESENTATION_CONTEXT('2D SPACE',''
  ) );
#7743 = ORIENTED_EDGE('',*,*,#7744,.T.);
#7744 = EDGE_CURVE('',#7722,#7745,#7747,.T.);
#7745 = VERTEX_POINT('',#7746);
#7746 = CARTESIAN_POINT('',(1.108088915364E+03,6.6,-153.4266674001));
#7747 = SURFACE_CURVE('',#7748,(#7752,#7759),.PCURVE_S1.);
#7748 = LINE('',#7749,#7750);
#7749 = CARTESIAN_POINT('',(1.109033739583E+03,6.6,-153.4266674001));
#7750 = VECTOR('',#7751,1.);
#7751 = DIRECTION('',(-1.,0.,0.));
#7752 = PCURVE('',#3737,#7753);
#7753 = DEFINITIONAL_REPRESENTATION('',(#7754),#7758);
#7754 = LINE('',#7755,#7756);
#7755 = CARTESIAN_POINT('',(0.,-0.65));
#7756 = VECTOR('',#7757,1.);
#7757 = DIRECTION('',(1.,0.));
#7758 = ( GEOMETRIC_REPRESENTATION_CONTEXT(2) 
PARAMETRIC_REPRESENTATION_CONTEXT() REPRESENTATION_CONTEXT('2D SPACE',''
  ) );
#7759 = PCURVE('',#7760,#7765);
#7760 = PLANE('',#7761);
#7761 = AXIS2_PLACEMENT_3D('',#7762,#7763,#7764);
#7762 = CARTESIAN_POINT('',(1.109033739583E+03,6.6,-152.9164134939));
#7763 = DIRECTION('',(0.,1.,0.));
#7764 = DIRECTION('',(0.,0.,-1.));
#7765 = DEFINITIONAL_REPRESENTATION('',(#7766),#7770);
#7766 = LINE('',#7767,#7768);
#7767 = CARTESIAN_POINT('',(0.51025390625,0.));
#7768 = VECTOR('',#7769,1.);
#7769 = DIRECTION('',(0.,1.));
#7770 = ( GEOMETRIC_REPRESENTATION_CONTEXT(2) 
PARAMETRIC_REPRESENTATION_CONTEXT() REPRESENTATION_CONTEXT('2D SPACE',''
  ) );
#7771 = ORIENTED_EDGE('',*,*,#7772,.F.);
#7772 = EDGE_CURVE('',#3721,#7745,#7773,.T.);
#7773 = SURFACE_CURVE('',#7774,(#7778,#7785),.PCURVE_S1.);
#7774 = LINE('',#7775,#7776);
#7775 = CARTESIAN_POINT('',(1.108088915364E+03,5.95,-153.4266674001));
#7776 = VECTOR('',#7777,1.);
#7777 = DIRECTION('',(0.,1.,0.));
#7778 = PCURVE('',#3737,#7779);
#7779 = DEFINITIONAL_REPRESENTATION('',(#7780),#7784);
#7780 = LINE('',#7781,#7782);
#7781 = CARTESIAN_POINT('',(0.94482421875,0.));
#7782 = VECTOR('',#7783,1.);
#7783 = DIRECTION('',(0.,-1.));
#7784 = ( GEOMETRIC_REPRESENTATION_CONTEXT(2) 
PARAMETRIC_REPRESENTATION_CONTEXT() REPRESENTATION_CONTEXT('2D SPACE',''
  ) );
#7785 = PCURVE('',#3763,#7786);
#7786 = DEFINITIONAL_REPRESENTATION('',(#7787),#7791);
#7787 = LINE('',#7788,#7789);
#7788 = CARTESIAN_POINT('',(0.,-0.));
#7789 = VECTOR('',#7790,1.);
#7790 = DIRECTION('',(0.,-1.));
#7791 = ( GEOMETRIC_REPRESENTATION_CONTEXT(2) 
PARAMETRIC_REPRESENTATION_CONTEXT() REPRESENTATION_CONTEXT('2D SPACE',''
  ) );
#7792 = ADVANCED_FACE('',(#7793),#3813,.T.);
#7793 = FACE_BOUND('',#7794,.T.);
#7794 = EDGE_LOOP('',(#7795,#7796,#7819,#7840));
#7795 = ORIENTED_EDGE('',*,*,#3800,.T.);
#7796 = ORIENTED_EDGE('',*,*,#7797,.T.);
#7797 = EDGE_CURVE('',#3775,#7798,#7800,.T.);
#7798 = VERTEX_POINT('',#7799);
#7799 = CARTESIAN_POINT('',(1.109033739583E+03,6.6,-154.3055736501));
#7800 = SURFACE_CURVE('',#7801,(#7805,#7812),.PCURVE_S1.);
#7801 = LINE('',#7802,#7803);
#7802 = CARTESIAN_POINT('',(1.109033739583E+03,5.95,-154.3055736501));
#7803 = VECTOR('',#7804,1.);
#7804 = DIRECTION('',(0.,1.,0.));
#7805 = PCURVE('',#3813,#7806);
#7806 = DEFINITIONAL_REPRESENTATION('',(#7807),#7811);
#7807 = LINE('',#7808,#7809);
#7808 = CARTESIAN_POINT('',(0.,0.));
#7809 = VECTOR('',#7810,1.);
#7810 = DIRECTION('',(0.,-1.));
#7811 = ( GEOMETRIC_REPRESENTATION_CONTEXT(2) 
PARAMETRIC_REPRESENTATION_CONTEXT() REPRESENTATION_CONTEXT('2D SPACE',''
  ) );
#7812 = PCURVE('',#3789,#7813);
#7813 = DEFINITIONAL_REPRESENTATION('',(#7814),#7818);
#7814 = LINE('',#7815,#7816);
#7815 = CARTESIAN_POINT('',(0.94482421875,0.));
#7816 = VECTOR('',#7817,1.);
#7817 = DIRECTION('',(0.,-1.));
#7818 = ( GEOMETRIC_REPRESENTATION_CONTEXT(2) 
PARAMETRIC_REPRESENTATION_CONTEXT() REPRESENTATION_CONTEXT('2D SPACE',''
  ) );
#7819 = ORIENTED_EDGE('',*,*,#7820,.T.);
#7820 = EDGE_CURVE('',#7798,#7722,#7821,.T.);
#7821 = SURFACE_CURVE('',#7822,(#7826,#7833),.PCURVE_S1.);
#7822 = LINE('',#7823,#7824);
#7823 = CARTESIAN_POINT('',(1.109033739583E+03,6.6,-154.3055736501));
#7824 = VECTOR('',#7825,1.);
#7825 = DIRECTION('',(0.,0.,1.));
#7826 = PCURVE('',#3813,#7827);
#7827 = DEFINITIONAL_REPRESENTATION('',(#7828),#7832);
#7828 = LINE('',#7829,#7830);
#7829 = CARTESIAN_POINT('',(0.,-0.65));
#7830 = VECTOR('',#7831,1.);
#7831 = DIRECTION('',(1.,0.));
#7832 = ( GEOMETRIC_REPRESENTATION_CONTEXT(2) 
PARAMETRIC_REPRESENTATION_CONTEXT() REPRESENTATION_CONTEXT('2D SPACE',''
  ) );
#7833 = PCURVE('',#7760,#7834);
#7834 = DEFINITIONAL_REPRESENTATION('',(#7835),#7839);
#7835 = LINE('',#7836,#7837);
#7836 = CARTESIAN_POINT('',(1.38916015625,0.));
#7837 = VECTOR('',#7838,1.);
#7838 = DIRECTION('',(-1.,0.));
#7839 = ( GEOMETRIC_REPRESENTATION_CONTEXT(2) 
PARAMETRIC_REPRESENTATION_CONTEXT() REPRESENTATION_CONTEXT('2D SPACE',''
  ) );
#7840 = ORIENTED_EDGE('',*,*,#7721,.F.);
#7841 = ADVANCED_FACE('',(#7842),#3789,.T.);
#7842 = FACE_BOUND('',#7843,.T.);
#7843 = EDGE_LOOP('',(#7844,#7845,#7868,#7889));
#7844 = ORIENTED_EDGE('',*,*,#3774,.T.);
#7845 = ORIENTED_EDGE('',*,*,#7846,.T.);
#7846 = EDGE_CURVE('',#3749,#7847,#7849,.T.);
#7847 = VERTEX_POINT('',#7848);
#7848 = CARTESIAN_POINT('',(1.108088915364E+03,6.6,-154.3055736501));
#7849 = SURFACE_CURVE('',#7850,(#7854,#7861),.PCURVE_S1.);
#7850 = LINE('',#7851,#7852);
#7851 = CARTESIAN_POINT('',(1.108088915364E+03,5.95,-154.3055736501));
#7852 = VECTOR('',#7853,1.);
#7853 = DIRECTION('',(0.,1.,0.));
#7854 = PCURVE('',#3789,#7855);
#7855 = DEFINITIONAL_REPRESENTATION('',(#7856),#7860);
#7856 = LINE('',#7857,#7858);
#7857 = CARTESIAN_POINT('',(0.,0.));
#7858 = VECTOR('',#7859,1.);
#7859 = DIRECTION('',(0.,-1.));
#7860 = ( GEOMETRIC_REPRESENTATION_CONTEXT(2) 
PARAMETRIC_REPRESENTATION_CONTEXT() REPRESENTATION_CONTEXT('2D SPACE',''
  ) );
#7861 = PCURVE('',#3763,#7862);
#7862 = DEFINITIONAL_REPRESENTATION('',(#7863),#7867);
#7863 = LINE('',#7864,#7865);
#7864 = CARTESIAN_POINT('',(0.87890625,0.));
#7865 = VECTOR('',#7866,1.);
#7866 = DIRECTION('',(0.,-1.));
#7867 = ( GEOMETRIC_REPRESENTATION_CONTEXT(2) 
PARAMETRIC_REPRESENTATION_CONTEXT() REPRESENTATION_CONTEXT('2D SPACE',''
  ) );
#7868 = ORIENTED_EDGE('',*,*,#7869,.T.);
#7869 = EDGE_CURVE('',#7847,#7798,#7870,.T.);
#7870 = SURFACE_CURVE('',#7871,(#7875,#7882),.PCURVE_S1.);
#7871 = LINE('',#7872,#7873);
#7872 = CARTESIAN_POINT('',(1.108088915364E+03,6.6,-154.3055736501));
#7873 = VECTOR('',#7874,1.);
#7874 = DIRECTION('',(1.,0.,-0.));
#7875 = PCURVE('',#3789,#7876);
#7876 = DEFINITIONAL_REPRESENTATION('',(#7877),#7881);
#7877 = LINE('',#7878,#7879);
#7878 = CARTESIAN_POINT('',(0.,-0.65));
#7879 = VECTOR('',#7880,1.);
#7880 = DIRECTION('',(1.,0.));
#7881 = ( GEOMETRIC_REPRESENTATION_CONTEXT(2) 
PARAMETRIC_REPRESENTATION_CONTEXT() REPRESENTATION_CONTEXT('2D SPACE',''
  ) );
#7882 = PCURVE('',#7760,#7883);
#7883 = DEFINITIONAL_REPRESENTATION('',(#7884),#7888);
#7884 = LINE('',#7885,#7886);
#7885 = CARTESIAN_POINT('',(1.38916015625,0.94482421875));
#7886 = VECTOR('',#7887,1.);
#7887 = DIRECTION('',(0.,-1.));
#7888 = ( GEOMETRIC_REPRESENTATION_CONTEXT(2) 
PARAMETRIC_REPRESENTATION_CONTEXT() REPRESENTATION_CONTEXT('2D SPACE',''
  ) );
#7889 = ORIENTED_EDGE('',*,*,#7797,.F.);
#7890 = ADVANCED_FACE('',(#7891),#3763,.T.);
#7891 = FACE_BOUND('',#7892,.T.);
#7892 = EDGE_LOOP('',(#7893,#7894,#7895,#7916));
#7893 = ORIENTED_EDGE('',*,*,#3748,.T.);
#7894 = ORIENTED_EDGE('',*,*,#7772,.T.);
#7895 = ORIENTED_EDGE('',*,*,#7896,.T.);
#7896 = EDGE_CURVE('',#7745,#7847,#7897,.T.);
#7897 = SURFACE_CURVE('',#7898,(#7902,#7909),.PCURVE_S1.);
#7898 = LINE('',#7899,#7900);
#7899 = CARTESIAN_POINT('',(1.108088915364E+03,6.6,-153.4266674001));
#7900 = VECTOR('',#7901,1.);
#7901 = DIRECTION('',(0.,0.,-1.));
#7902 = PCURVE('',#3763,#7903);
#7903 = DEFINITIONAL_REPRESENTATION('',(#7904),#7908);
#7904 = LINE('',#7905,#7906);
#7905 = CARTESIAN_POINT('',(0.,-0.65));
#7906 = VECTOR('',#7907,1.);
#7907 = DIRECTION('',(1.,0.));
#7908 = ( GEOMETRIC_REPRESENTATION_CONTEXT(2) 
PARAMETRIC_REPRESENTATION_CONTEXT() REPRESENTATION_CONTEXT('2D SPACE',''
  ) );
#7909 = PCURVE('',#7760,#7910);
#7910 = DEFINITIONAL_REPRESENTATION('',(#7911),#7915);
#7911 = LINE('',#7912,#7913);
#7912 = CARTESIAN_POINT('',(0.51025390625,0.94482421875));
#7913 = VECTOR('',#7914,1.);
#7914 = DIRECTION('',(1.,0.));
#7915 = ( GEOMETRIC_REPRESENTATION_CONTEXT(2) 
PARAMETRIC_REPRESENTATION_CONTEXT() REPRESENTATION_CONTEXT('2D SPACE',''
  ) );
#7916 = ORIENTED_EDGE('',*,*,#7846,.F.);
#7917 = ADVANCED_FACE('',(#7918),#4197,.T.);
#7918 = FACE_BOUND('',#7919,.F.);
#7919 = EDGE_LOOP('',(#7920,#7921,#7922,#7923,#7924,#7925,#7926,#7927,
    #7928,#7929,#7930));
#7920 = ORIENTED_EDGE('',*,*,#4181,.T.);
#7921 = ORIENTED_EDGE('',*,*,#4676,.T.);
#7922 = ORIENTED_EDGE('',*,*,#4649,.T.);
#7923 = ORIENTED_EDGE('',*,*,#4600,.T.);
#7924 = ORIENTED_EDGE('',*,*,#4551,.T.);
#7925 = ORIENTED_EDGE('',*,*,#4502,.T.);
#7926 = ORIENTED_EDGE('',*,*,#4453,.T.);
#7927 = ORIENTED_EDGE('',*,*,#4404,.T.);
#7928 = ORIENTED_EDGE('',*,*,#4355,.T.);
#7929 = ORIENTED_EDGE('',*,*,#4306,.T.);
#7930 = ORIENTED_EDGE('',*,*,#4257,.T.);
#7931 = ADVANCED_FACE('',(#7932),#4741,.T.);
#7932 = FACE_BOUND('',#7933,.F.);
#7933 = EDGE_LOOP('',(#7934,#7935,#7936,#7937,#7938,#7939,#7940,#7941,
    #7942,#7943,#7944));
#7934 = ORIENTED_EDGE('',*,*,#4725,.T.);
#7935 = ORIENTED_EDGE('',*,*,#5220,.T.);
#7936 = ORIENTED_EDGE('',*,*,#5193,.T.);
#7937 = ORIENTED_EDGE('',*,*,#5144,.T.);
#7938 = ORIENTED_EDGE('',*,*,#5095,.T.);
#7939 = ORIENTED_EDGE('',*,*,#5046,.T.);
#7940 = ORIENTED_EDGE('',*,*,#4997,.T.);
#7941 = ORIENTED_EDGE('',*,*,#4948,.T.);
#7942 = ORIENTED_EDGE('',*,*,#4899,.T.);
#7943 = ORIENTED_EDGE('',*,*,#4850,.T.);
#7944 = ORIENTED_EDGE('',*,*,#4801,.T.);
#7945 = ADVANCED_FACE('',(#7946),#5285,.T.);
#7946 = FACE_BOUND('',#7947,.F.);
#7947 = EDGE_LOOP('',(#7948,#7949,#7950,#7951,#7952,#7953));
#7948 = ORIENTED_EDGE('',*,*,#5269,.T.);
#7949 = ORIENTED_EDGE('',*,*,#5519,.T.);
#7950 = ORIENTED_EDGE('',*,*,#5492,.T.);
#7951 = ORIENTED_EDGE('',*,*,#5443,.T.);
#7952 = ORIENTED_EDGE('',*,*,#5394,.T.);
#7953 = ORIENTED_EDGE('',*,*,#5345,.T.);
#7954 = ADVANCED_FACE('',(#7955),#5584,.T.);
#7955 = FACE_BOUND('',#7956,.F.);
#7956 = EDGE_LOOP('',(#7957,#7958,#7959,#7960,#7961,#7962,#7963,#7964,
    #7965,#7966,#7967));
#7957 = ORIENTED_EDGE('',*,*,#5568,.T.);
#7958 = ORIENTED_EDGE('',*,*,#6063,.T.);
#7959 = ORIENTED_EDGE('',*,*,#6036,.T.);
#7960 = ORIENTED_EDGE('',*,*,#5987,.T.);
#7961 = ORIENTED_EDGE('',*,*,#5938,.T.);
#7962 = ORIENTED_EDGE('',*,*,#5889,.T.);
#7963 = ORIENTED_EDGE('',*,*,#5840,.T.);
#7964 = ORIENTED_EDGE('',*,*,#5791,.T.);
#7965 = ORIENTED_EDGE('',*,*,#5742,.T.);
#7966 = ORIENTED_EDGE('',*,*,#5693,.T.);
#7967 = ORIENTED_EDGE('',*,*,#5644,.T.);
#7968 = ADVANCED_FACE('',(#7969,#7980),#6128,.T.);
#7969 = FACE_BOUND('',#7970,.F.);
#7970 = EDGE_LOOP('',(#7971,#7972,#7973,#7974,#7975,#7976,#7977,#7978,
    #7979));
#7971 = ORIENTED_EDGE('',*,*,#6112,.T.);
#7972 = ORIENTED_EDGE('',*,*,#6509,.T.);
#7973 = ORIENTED_EDGE('',*,*,#6482,.T.);
#7974 = ORIENTED_EDGE('',*,*,#6433,.T.);
#7975 = ORIENTED_EDGE('',*,*,#6384,.T.);
#7976 = ORIENTED_EDGE('',*,*,#6335,.T.);
#7977 = ORIENTED_EDGE('',*,*,#6286,.T.);
#7978 = ORIENTED_EDGE('',*,*,#6237,.T.);
#7979 = ORIENTED_EDGE('',*,*,#6188,.T.);
#7980 = FACE_BOUND('',#7981,.F.);
#7981 = EDGE_LOOP('',(#7982,#8012,#8040,#8068,#8098,#8128,#8158));
#7982 = ORIENTED_EDGE('',*,*,#7983,.T.);
#7983 = EDGE_CURVE('',#7984,#7986,#7988,.T.);
#7984 = VERTEX_POINT('',#7985);
#7985 = CARTESIAN_POINT('',(1.106069872395E+03,6.6,-147.6918041189));
#7986 = VERTEX_POINT('',#7987);
#7987 = CARTESIAN_POINT('',(1.106069872395E+03,6.6,-147.1717845876));
#7988 = SURFACE_CURVE('',#7989,(#7993,#8000),.PCURVE_S1.);
#7989 = LINE('',#7990,#7991);
#7990 = CARTESIAN_POINT('',(1.106069872395E+03,6.6,-147.6918041189));
#7991 = VECTOR('',#7992,1.);
#7992 = DIRECTION('',(0.,0.,1.));
#7993 = PCURVE('',#6128,#7994);
#7994 = DEFINITIONAL_REPRESENTATION('',(#7995),#7999);
#7995 = LINE('',#7996,#7997);
#7996 = CARTESIAN_POINT('',(1.9189453125,2.9638671875));
#7997 = VECTOR('',#7998,1.);
#7998 = DIRECTION('',(-1.,0.));
#7999 = ( GEOMETRIC_REPRESENTATION_CONTEXT(2) 
PARAMETRIC_REPRESENTATION_CONTEXT() REPRESENTATION_CONTEXT('2D SPACE',''
  ) );
#8000 = PCURVE('',#8001,#8006);
#8001 = PLANE('',#8002);
#8002 = AXIS2_PLACEMENT_3D('',#8003,#8004,#8005);
#8003 = CARTESIAN_POINT('',(1.106069872395E+03,5.95,-147.6918041189));
#8004 = DIRECTION('',(1.,0.,0.));
#8005 = DIRECTION('',(0.,0.,1.));
#8006 = DEFINITIONAL_REPRESENTATION('',(#8007),#8011);
#8007 = LINE('',#8008,#8009);
#8008 = CARTESIAN_POINT('',(0.,-0.65));
#8009 = VECTOR('',#8010,1.);
#8010 = DIRECTION('',(1.,0.));
#8011 = ( GEOMETRIC_REPRESENTATION_CONTEXT(2) 
PARAMETRIC_REPRESENTATION_CONTEXT() REPRESENTATION_CONTEXT('2D SPACE',''
  ) );
#8012 = ORIENTED_EDGE('',*,*,#8013,.T.);
#8013 = EDGE_CURVE('',#7986,#8014,#8016,.T.);
#8014 = VERTEX_POINT('',#8015);
#8015 = CARTESIAN_POINT('',(1.107087938801E+03,6.6,-147.1717845876));
#8016 = SURFACE_CURVE('',#8017,(#8021,#8028),.PCURVE_S1.);
#8017 = LINE('',#8018,#8019);
#8018 = CARTESIAN_POINT('',(1.106069872395E+03,6.6,-147.1717845876));
#8019 = VECTOR('',#8020,1.);
#8020 = DIRECTION('',(1.,0.,-0.));
#8021 = PCURVE('',#6128,#8022);
#8022 = DEFINITIONAL_REPRESENTATION('',(#8023),#8027);
#8023 = LINE('',#8024,#8025);
#8024 = CARTESIAN_POINT('',(1.39892578125,2.9638671875));
#8025 = VECTOR('',#8026,1.);
#8026 = DIRECTION('',(0.,-1.));
#8027 = ( GEOMETRIC_REPRESENTATION_CONTEXT(2) 
PARAMETRIC_REPRESENTATION_CONTEXT() REPRESENTATION_CONTEXT('2D SPACE',''
  ) );
#8028 = PCURVE('',#8029,#8034);
#8029 = PLANE('',#8030);
#8030 = AXIS2_PLACEMENT_3D('',#8031,#8032,#8033);
#8031 = CARTESIAN_POINT('',(1.106069872395E+03,5.95,-147.1717845876));
#8032 = DIRECTION('',(-0.,0.,-1.));
#8033 = DIRECTION('',(1.,0.,-0.));
#8034 = DEFINITIONAL_REPRESENTATION('',(#8035),#8039);
#8035 = LINE('',#8036,#8037);
#8036 = CARTESIAN_POINT('',(0.,-0.65));
#8037 = VECTOR('',#8038,1.);
#8038 = DIRECTION('',(1.,0.));
#8039 = ( GEOMETRIC_REPRESENTATION_CONTEXT(2) 
PARAMETRIC_REPRESENTATION_CONTEXT() REPRESENTATION_CONTEXT('2D SPACE',''
  ) );
#8040 = ORIENTED_EDGE('',*,*,#8041,.T.);
#8041 = EDGE_CURVE('',#8014,#8042,#8044,.T.);
#8042 = VERTEX_POINT('',#8043);
#8043 = CARTESIAN_POINT('',(1.107087938801E+03,6.6,-147.6918041189));
#8044 = SURFACE_CURVE('',#8045,(#8049,#8056),.PCURVE_S1.);
#8045 = LINE('',#8046,#8047);
#8046 = CARTESIAN_POINT('',(1.107087938801E+03,6.6,-147.1717845876));
#8047 = VECTOR('',#8048,1.);
#8048 = DIRECTION('',(0.,0.,-1.));
#8049 = PCURVE('',#6128,#8050);
#8050 = DEFINITIONAL_REPRESENTATION('',(#8051),#8055);
#8051 = LINE('',#8052,#8053);
#8052 = CARTESIAN_POINT('',(1.39892578125,1.94580078125));
#8053 = VECTOR('',#8054,1.);
#8054 = DIRECTION('',(1.,0.));
#8055 = ( GEOMETRIC_REPRESENTATION_CONTEXT(2) 
PARAMETRIC_REPRESENTATION_CONTEXT() REPRESENTATION_CONTEXT('2D SPACE',''
  ) );
#8056 = PCURVE('',#8057,#8062);
#8057 = PLANE('',#8058);
#8058 = AXIS2_PLACEMENT_3D('',#8059,#8060,#8061);
#8059 = CARTESIAN_POINT('',(1.107087938801E+03,5.95,-147.1717845876));
#8060 = DIRECTION('',(-1.,0.,0.));
#8061 = DIRECTION('',(0.,0.,-1.));
#8062 = DEFINITIONAL_REPRESENTATION('',(#8063),#8067);
#8063 = LINE('',#8064,#8065);
#8064 = CARTESIAN_POINT('',(0.,-0.65));
#8065 = VECTOR('',#8066,1.);
#8066 = DIRECTION('',(1.,0.));
#8067 = ( GEOMETRIC_REPRESENTATION_CONTEXT(2) 
PARAMETRIC_REPRESENTATION_CONTEXT() REPRESENTATION_CONTEXT('2D SPACE',''
  ) );
#8068 = ORIENTED_EDGE('',*,*,#8069,.T.);
#8069 = EDGE_CURVE('',#8042,#8070,#8072,.T.);
#8070 = VERTEX_POINT('',#8071);
#8071 = CARTESIAN_POINT('',(1.106954882161E+03,6.6,-148.1141674001));
#8072 = SURFACE_CURVE('',#8073,(#8077,#8084),.PCURVE_S1.);
#8073 = B_SPLINE_CURVE_WITH_KNOTS('',2,(#8074,#8075,#8076),
  .UNSPECIFIED.,.F.,.F.,(3,3),(0.,1.),.PIECEWISE_BEZIER_KNOTS.);
#8074 = CARTESIAN_POINT('',(1.107087938801E+03,6.6,-147.6918041189));
#8075 = CARTESIAN_POINT('',(1.107087938801E+03,6.6,-147.9652416189));
#8076 = CARTESIAN_POINT('',(1.106954882161E+03,6.6,-148.1141674001));
#8077 = PCURVE('',#6128,#8078);
#8078 = DEFINITIONAL_REPRESENTATION('',(#8079),#8083);
#8079 = B_SPLINE_CURVE_WITH_KNOTS('',2,(#8080,#8081,#8082),
  .UNSPECIFIED.,.F.,.F.,(3,3),(0.,1.),.PIECEWISE_BEZIER_KNOTS.);
#8080 = CARTESIAN_POINT('',(1.9189453125,1.94580078125));
#8081 = CARTESIAN_POINT('',(2.1923828125,1.94580078125));
#8082 = CARTESIAN_POINT('',(2.34130859375,2.078857421875));
#8083 = ( GEOMETRIC_REPRESENTATION_CONTEXT(2) 
PARAMETRIC_REPRESENTATION_CONTEXT() REPRESENTATION_CONTEXT('2D SPACE',''
  ) );
#8084 = PCURVE('',#8085,#8092);
#8085 = SURFACE_OF_LINEAR_EXTRUSION('',#8086,#8090);
#8086 = B_SPLINE_CURVE_WITH_KNOTS('',2,(#8087,#8088,#8089),
  .UNSPECIFIED.,.F.,.F.,(3,3),(0.,1.),.PIECEWISE_BEZIER_KNOTS.);
#8087 = CARTESIAN_POINT('',(1.107087938801E+03,5.95,-147.6918041189));
#8088 = CARTESIAN_POINT('',(1.107087938801E+03,5.95,-147.9652416189));
#8089 = CARTESIAN_POINT('',(1.106954882161E+03,5.95,-148.1141674001));
#8090 = VECTOR('',#8091,1.);
#8091 = DIRECTION('',(-0.,-1.,-0.));
#8092 = DEFINITIONAL_REPRESENTATION('',(#8093),#8097);
#8093 = LINE('',#8094,#8095);
#8094 = CARTESIAN_POINT('',(0.,-0.65));
#8095 = VECTOR('',#8096,1.);
#8096 = DIRECTION('',(1.,0.));
#8097 = ( GEOMETRIC_REPRESENTATION_CONTEXT(2) 
PARAMETRIC_REPRESENTATION_CONTEXT() REPRESENTATION_CONTEXT('2D SPACE',''
  ) );
#8098 = ORIENTED_EDGE('',*,*,#8099,.T.);
#8099 = EDGE_CURVE('',#8070,#8100,#8102,.T.);
#8100 = VERTEX_POINT('',#8101);
#8101 = CARTESIAN_POINT('',(1.106577684895E+03,6.6,-148.2630931814));
#8102 = SURFACE_CURVE('',#8103,(#8107,#8114),.PCURVE_S1.);
#8103 = B_SPLINE_CURVE_WITH_KNOTS('',2,(#8104,#8105,#8106),
  .UNSPECIFIED.,.F.,.F.,(3,3),(0.,1.),.PIECEWISE_BEZIER_KNOTS.);
#8104 = CARTESIAN_POINT('',(1.106954882161E+03,6.6,-148.1141674001));
#8105 = CARTESIAN_POINT('',(1.10682182552E+03,6.6,-148.2630931814));
#8106 = CARTESIAN_POINT('',(1.106577684895E+03,6.6,-148.2630931814));
#8107 = PCURVE('',#6128,#8108);
#8108 = DEFINITIONAL_REPRESENTATION('',(#8109),#8113);
#8109 = B_SPLINE_CURVE_WITH_KNOTS('',2,(#8110,#8111,#8112),
  .UNSPECIFIED.,.F.,.F.,(3,3),(0.,1.),.PIECEWISE_BEZIER_KNOTS.);
#8110 = CARTESIAN_POINT('',(2.34130859375,2.078857421875));
#8111 = CARTESIAN_POINT('',(2.490234375,2.2119140625));
#8112 = CARTESIAN_POINT('',(2.490234375,2.4560546875));
#8113 = ( GEOMETRIC_REPRESENTATION_CONTEXT(2) 
PARAMETRIC_REPRESENTATION_CONTEXT() REPRESENTATION_CONTEXT('2D SPACE',''
  ) );
#8114 = PCURVE('',#8115,#8122);
#8115 = SURFACE_OF_LINEAR_EXTRUSION('',#8116,#8120);
#8116 = B_SPLINE_CURVE_WITH_KNOTS('',2,(#8117,#8118,#8119),
  .UNSPECIFIED.,.F.,.F.,(3,3),(0.,1.),.PIECEWISE_BEZIER_KNOTS.);
#8117 = CARTESIAN_POINT('',(1.106954882161E+03,5.95,-148.1141674001));
#8118 = CARTESIAN_POINT('',(1.10682182552E+03,5.95,-148.2630931814));
#8119 = CARTESIAN_POINT('',(1.106577684895E+03,5.95,-148.2630931814));
#8120 = VECTOR('',#8121,1.);
#8121 = DIRECTION('',(-0.,-1.,-0.));
#8122 = DEFINITIONAL_REPRESENTATION('',(#8123),#8127);
#8123 = LINE('',#8124,#8125);
#8124 = CARTESIAN_POINT('',(0.,-0.65));
#8125 = VECTOR('',#8126,1.);
#8126 = DIRECTION('',(1.,0.));
#8127 = ( GEOMETRIC_REPRESENTATION_CONTEXT(2) 
PARAMETRIC_REPRESENTATION_CONTEXT() REPRESENTATION_CONTEXT('2D SPACE',''
  ) );
#8128 = ORIENTED_EDGE('',*,*,#8129,.T.);
#8129 = EDGE_CURVE('',#8100,#8130,#8132,.T.);
#8130 = VERTEX_POINT('',#8131);
#8131 = CARTESIAN_POINT('',(1.106201708333E+03,6.6,-148.1141674001));
#8132 = SURFACE_CURVE('',#8133,(#8137,#8144),.PCURVE_S1.);
#8133 = B_SPLINE_CURVE_WITH_KNOTS('',2,(#8134,#8135,#8136),
  .UNSPECIFIED.,.F.,.F.,(3,3),(0.,1.),.PIECEWISE_BEZIER_KNOTS.);
#8134 = CARTESIAN_POINT('',(1.106577684895E+03,6.6,-148.2630931814));
#8135 = CARTESIAN_POINT('',(1.10633354427E+03,6.6,-148.2630931814));
#8136 = CARTESIAN_POINT('',(1.106201708333E+03,6.6,-148.1141674001));
#8137 = PCURVE('',#6128,#8138);
#8138 = DEFINITIONAL_REPRESENTATION('',(#8139),#8143);
#8139 = B_SPLINE_CURVE_WITH_KNOTS('',2,(#8140,#8141,#8142),
  .UNSPECIFIED.,.F.,.F.,(3,3),(0.,1.),.PIECEWISE_BEZIER_KNOTS.);
#8140 = CARTESIAN_POINT('',(2.490234375,2.4560546875));
#8141 = CARTESIAN_POINT('',(2.490234375,2.7001953125));
#8142 = CARTESIAN_POINT('',(2.34130859375,2.83203125));
#8143 = ( GEOMETRIC_REPRESENTATION_CONTEXT(2) 
PARAMETRIC_REPRESENTATION_CONTEXT() REPRESENTATION_CONTEXT('2D SPACE',''
  ) );
#8144 = PCURVE('',#8145,#8152);
#8145 = SURFACE_OF_LINEAR_EXTRUSION('',#8146,#8150);
#8146 = B_SPLINE_CURVE_WITH_KNOTS('',2,(#8147,#8148,#8149),
  .UNSPECIFIED.,.F.,.F.,(3,3),(0.,1.),.PIECEWISE_BEZIER_KNOTS.);
#8147 = CARTESIAN_POINT('',(1.106577684895E+03,5.95,-148.2630931814));
#8148 = CARTESIAN_POINT('',(1.10633354427E+03,5.95,-148.2630931814));
#8149 = CARTESIAN_POINT('',(1.106201708333E+03,5.95,-148.1141674001));
#8150 = VECTOR('',#8151,1.);
#8151 = DIRECTION('',(-0.,-1.,-0.));
#8152 = DEFINITIONAL_REPRESENTATION('',(#8153),#8157);
#8153 = LINE('',#8154,#8155);
#8154 = CARTESIAN_POINT('',(0.,-0.65));
#8155 = VECTOR('',#8156,1.);
#8156 = DIRECTION('',(1.,0.));
#8157 = ( GEOMETRIC_REPRESENTATION_CONTEXT(2) 
PARAMETRIC_REPRESENTATION_CONTEXT() REPRESENTATION_CONTEXT('2D SPACE',''
  ) );
#8158 = ORIENTED_EDGE('',*,*,#8159,.T.);
#8159 = EDGE_CURVE('',#8130,#7984,#8160,.T.);
#8160 = SURFACE_CURVE('',#8161,(#8165,#8172),.PCURVE_S1.);
#8161 = B_SPLINE_CURVE_WITH_KNOTS('',2,(#8162,#8163,#8164),
  .UNSPECIFIED.,.F.,.F.,(3,3),(0.,1.),.PIECEWISE_BEZIER_KNOTS.);
#8162 = CARTESIAN_POINT('',(1.106201708333E+03,6.6,-148.1141674001));
#8163 = CARTESIAN_POINT('',(1.106069872395E+03,6.6,-147.9652416189));
#8164 = CARTESIAN_POINT('',(1.106069872395E+03,6.6,-147.6918041189));
#8165 = PCURVE('',#6128,#8166);
#8166 = DEFINITIONAL_REPRESENTATION('',(#8167),#8171);
#8167 = B_SPLINE_CURVE_WITH_KNOTS('',2,(#8168,#8169,#8170),
  .UNSPECIFIED.,.F.,.F.,(3,3),(0.,1.),.PIECEWISE_BEZIER_KNOTS.);
#8168 = CARTESIAN_POINT('',(2.34130859375,2.83203125));
#8169 = CARTESIAN_POINT('',(2.1923828125,2.9638671875));
#8170 = CARTESIAN_POINT('',(1.9189453125,2.9638671875));
#8171 = ( GEOMETRIC_REPRESENTATION_CONTEXT(2) 
PARAMETRIC_REPRESENTATION_CONTEXT() REPRESENTATION_CONTEXT('2D SPACE',''
  ) );
#8172 = PCURVE('',#8173,#8180);
#8173 = SURFACE_OF_LINEAR_EXTRUSION('',#8174,#8178);
#8174 = B_SPLINE_CURVE_WITH_KNOTS('',2,(#8175,#8176,#8177),
  .UNSPECIFIED.,.F.,.F.,(3,3),(0.,1.),.PIECEWISE_BEZIER_KNOTS.);
#8175 = CARTESIAN_POINT('',(1.106201708333E+03,5.95,-148.1141674001));
#8176 = CARTESIAN_POINT('',(1.106069872395E+03,5.95,-147.9652416189));
#8177 = CARTESIAN_POINT('',(1.106069872395E+03,5.95,-147.6918041189));
#8178 = VECTOR('',#8179,1.);
#8179 = DIRECTION('',(-0.,-1.,-0.));
#8180 = DEFINITIONAL_REPRESENTATION('',(#8181),#8185);
#8181 = LINE('',#8182,#8183);
#8182 = CARTESIAN_POINT('',(0.,-0.65));
#8183 = VECTOR('',#8184,1.);
#8184 = DIRECTION('',(1.,0.));
#8185 = ( GEOMETRIC_REPRESENTATION_CONTEXT(2) 
PARAMETRIC_REPRESENTATION_CONTEXT() REPRESENTATION_CONTEXT('2D SPACE',''
  ) );
#8186 = ADVANCED_FACE('',(#8187,#8197),#6574,.T.);
#8187 = FACE_BOUND('',#8188,.F.);
#8188 = EDGE_LOOP('',(#8189,#8190,#8191,#8192,#8193,#8194,#8195,#8196));
#8189 = ORIENTED_EDGE('',*,*,#6558,.T.);
#8190 = ORIENTED_EDGE('',*,*,#6906,.T.);
#8191 = ORIENTED_EDGE('',*,*,#6879,.T.);
#8192 = ORIENTED_EDGE('',*,*,#6830,.T.);
#8193 = ORIENTED_EDGE('',*,*,#6781,.T.);
#8194 = ORIENTED_EDGE('',*,*,#6732,.T.);
#8195 = ORIENTED_EDGE('',*,*,#6683,.T.);
#8196 = ORIENTED_EDGE('',*,*,#6634,.T.);
#8197 = FACE_BOUND('',#8198,.F.);
#8198 = EDGE_LOOP('',(#8199,#8231,#8261,#8291,#8321,#8351,#8381,#8411));
#8199 = ORIENTED_EDGE('',*,*,#8200,.T.);
#8200 = EDGE_CURVE('',#8201,#8203,#8205,.T.);
#8201 = VERTEX_POINT('',#8202);
#8202 = CARTESIAN_POINT('',(1.107207567708E+03,6.6,-172.4794017751));
#8203 = VERTEX_POINT('',#8204);
#8204 = CARTESIAN_POINT('',(1.106244432942E+03,6.6,-172.351227947));
#8205 = SURFACE_CURVE('',#8206,(#8210,#8217),.PCURVE_S1.);
#8206 = B_SPLINE_CURVE_WITH_KNOTS('',2,(#8207,#8208,#8209),
  .UNSPECIFIED.,.F.,.F.,(3,3),(0.,1.),.PIECEWISE_BEZIER_KNOTS.);
#8207 = CARTESIAN_POINT('',(1.107207567708E+03,6.6,-172.4794017751));
#8208 = CARTESIAN_POINT('',(1.106523973958E+03,6.6,-172.4794017751));
#8209 = CARTESIAN_POINT('',(1.106244432942E+03,6.6,-172.351227947));
#8210 = PCURVE('',#6574,#8211);
#8211 = DEFINITIONAL_REPRESENTATION('',(#8212),#8216);
#8212 = B_SPLINE_CURVE_WITH_KNOTS('',2,(#8213,#8214,#8215),
  .UNSPECIFIED.,.F.,.F.,(3,3),(0.,1.),.PIECEWISE_BEZIER_KNOTS.);
#8213 = CARTESIAN_POINT('',(2.2998046875,1.826171875));
#8214 = CARTESIAN_POINT('',(2.2998046875,2.509765625));
#8215 = CARTESIAN_POINT('',(2.171630859375,2.789306640625));
#8216 = ( GEOMETRIC_REPRESENTATION_CONTEXT(2) 
PARAMETRIC_REPRESENTATION_CONTEXT() REPRESENTATION_CONTEXT('2D SPACE',''
  ) );
#8217 = PCURVE('',#8218,#8225);
#8218 = SURFACE_OF_LINEAR_EXTRUSION('',#8219,#8223);
#8219 = B_SPLINE_CURVE_WITH_KNOTS('',2,(#8220,#8221,#8222),
  .UNSPECIFIED.,.F.,.F.,(3,3),(0.,1.),.PIECEWISE_BEZIER_KNOTS.);
#8220 = CARTESIAN_POINT('',(1.107207567708E+03,5.95,-172.4794017751));
#8221 = CARTESIAN_POINT('',(1.106523973958E+03,5.95,-172.4794017751));
#8222 = CARTESIAN_POINT('',(1.106244432942E+03,5.95,-172.351227947));
#8223 = VECTOR('',#8224,1.);
#8224 = DIRECTION('',(-0.,-1.,-0.));
#8225 = DEFINITIONAL_REPRESENTATION('',(#8226),#8230);
#8226 = LINE('',#8227,#8228);
#8227 = CARTESIAN_POINT('',(0.,-0.65));
#8228 = VECTOR('',#8229,1.);
#8229 = DIRECTION('',(1.,0.));
#8230 = ( GEOMETRIC_REPRESENTATION_CONTEXT(2) 
PARAMETRIC_REPRESENTATION_CONTEXT() REPRESENTATION_CONTEXT('2D SPACE',''
  ) );
#8231 = ORIENTED_EDGE('',*,*,#8232,.T.);
#8232 = EDGE_CURVE('',#8203,#8233,#8235,.T.);
#8233 = VERTEX_POINT('',#8234);
#8234 = CARTESIAN_POINT('',(1.105964891926E+03,6.6,-171.9203197439));
#8235 = SURFACE_CURVE('',#8236,(#8240,#8247),.PCURVE_S1.);
#8236 = B_SPLINE_CURVE_WITH_KNOTS('',2,(#8237,#8238,#8239),
  .UNSPECIFIED.,.F.,.F.,(3,3),(0.,1.),.PIECEWISE_BEZIER_KNOTS.);
#8237 = CARTESIAN_POINT('',(1.106244432942E+03,6.6,-172.351227947));
#8238 = CARTESIAN_POINT('',(1.105964891926E+03,6.6,-172.2230541189));
#8239 = CARTESIAN_POINT('',(1.105964891926E+03,6.6,-171.9203197439));
#8240 = PCURVE('',#6574,#8241);
#8241 = DEFINITIONAL_REPRESENTATION('',(#8242),#8246);
#8242 = B_SPLINE_CURVE_WITH_KNOTS('',2,(#8243,#8244,#8245),
  .UNSPECIFIED.,.F.,.F.,(3,3),(0.,1.),.PIECEWISE_BEZIER_KNOTS.);
#8243 = CARTESIAN_POINT('',(2.171630859375,2.789306640625));
#8244 = CARTESIAN_POINT('',(2.04345703125,3.06884765625));
#8245 = CARTESIAN_POINT('',(1.74072265625,3.06884765625));
#8246 = ( GEOMETRIC_REPRESENTATION_CONTEXT(2) 
PARAMETRIC_REPRESENTATION_CONTEXT() REPRESENTATION_CONTEXT('2D SPACE',''
  ) );
#8247 = PCURVE('',#8248,#8255);
#8248 = SURFACE_OF_LINEAR_EXTRUSION('',#8249,#8253);
#8249 = B_SPLINE_CURVE_WITH_KNOTS('',2,(#8250,#8251,#8252),
  .UNSPECIFIED.,.F.,.F.,(3,3),(0.,1.),.PIECEWISE_BEZIER_KNOTS.);
#8250 = CARTESIAN_POINT('',(1.106244432942E+03,5.95,-172.351227947));
#8251 = CARTESIAN_POINT('',(1.105964891926E+03,5.95,-172.2230541189));
#8252 = CARTESIAN_POINT('',(1.105964891926E+03,5.95,-171.9203197439));
#8253 = VECTOR('',#8254,1.);
#8254 = DIRECTION('',(-0.,-1.,-0.));
#8255 = DEFINITIONAL_REPRESENTATION('',(#8256),#8260);
#8256 = LINE('',#8257,#8258);
#8257 = CARTESIAN_POINT('',(0.,-0.65));
#8258 = VECTOR('',#8259,1.);
#8259 = DIRECTION('',(1.,0.));
#8260 = ( GEOMETRIC_REPRESENTATION_CONTEXT(2) 
PARAMETRIC_REPRESENTATION_CONTEXT() REPRESENTATION_CONTEXT('2D SPACE',''
  ) );
#8261 = ORIENTED_EDGE('',*,*,#8262,.T.);
#8262 = EDGE_CURVE('',#8233,#8263,#8265,.T.);
#8263 = VERTEX_POINT('',#8264);
#8264 = CARTESIAN_POINT('',(1.106244432942E+03,6.6,-171.4881908376));
#8265 = SURFACE_CURVE('',#8266,(#8270,#8277),.PCURVE_S1.);
#8266 = B_SPLINE_CURVE_WITH_KNOTS('',2,(#8267,#8268,#8269),
  .UNSPECIFIED.,.F.,.F.,(3,3),(0.,1.),.PIECEWISE_BEZIER_KNOTS.);
#8267 = CARTESIAN_POINT('',(1.105964891926E+03,6.6,-171.9203197439));
#8268 = CARTESIAN_POINT('',(1.105964891926E+03,6.6,-171.6175853689));
#8269 = CARTESIAN_POINT('',(1.106244432942E+03,6.6,-171.4881908376));
#8270 = PCURVE('',#6574,#8271);
#8271 = DEFINITIONAL_REPRESENTATION('',(#8272),#8276);
#8272 = B_SPLINE_CURVE_WITH_KNOTS('',2,(#8273,#8274,#8275),
  .UNSPECIFIED.,.F.,.F.,(3,3),(0.,1.),.PIECEWISE_BEZIER_KNOTS.);
#8273 = CARTESIAN_POINT('',(1.74072265625,3.06884765625));
#8274 = CARTESIAN_POINT('',(1.43798828125,3.06884765625));
#8275 = CARTESIAN_POINT('',(1.30859375,2.789306640625));
#8276 = ( GEOMETRIC_REPRESENTATION_CONTEXT(2) 
PARAMETRIC_REPRESENTATION_CONTEXT() REPRESENTATION_CONTEXT('2D SPACE',''
  ) );
#8277 = PCURVE('',#8278,#8285);
#8278 = SURFACE_OF_LINEAR_EXTRUSION('',#8279,#8283);
#8279 = B_SPLINE_CURVE_WITH_KNOTS('',2,(#8280,#8281,#8282),
  .UNSPECIFIED.,.F.,.F.,(3,3),(0.,1.),.PIECEWISE_BEZIER_KNOTS.);
#8280 = CARTESIAN_POINT('',(1.105964891926E+03,5.95,-171.9203197439));
#8281 = CARTESIAN_POINT('',(1.105964891926E+03,5.95,-171.6175853689));
#8282 = CARTESIAN_POINT('',(1.106244432942E+03,5.95,-171.4881908376));
#8283 = VECTOR('',#8284,1.);
#8284 = DIRECTION('',(-0.,-1.,-0.));
#8285 = DEFINITIONAL_REPRESENTATION('',(#8286),#8290);
#8286 = LINE('',#8287,#8288);
#8287 = CARTESIAN_POINT('',(0.,-0.65));
#8288 = VECTOR('',#8289,1.);
#8289 = DIRECTION('',(1.,0.));
#8290 = ( GEOMETRIC_REPRESENTATION_CONTEXT(2) 
PARAMETRIC_REPRESENTATION_CONTEXT() REPRESENTATION_CONTEXT('2D SPACE',''
  ) );
#8291 = ORIENTED_EDGE('',*,*,#8292,.T.);
#8292 = EDGE_CURVE('',#8263,#8293,#8295,.T.);
#8293 = VERTEX_POINT('',#8294);
#8294 = CARTESIAN_POINT('',(1.107207567708E+03,6.6,-171.3587963064));
#8295 = SURFACE_CURVE('',#8296,(#8300,#8307),.PCURVE_S1.);
#8296 = B_SPLINE_CURVE_WITH_KNOTS('',2,(#8297,#8298,#8299),
  .UNSPECIFIED.,.F.,.F.,(3,3),(0.,1.),.PIECEWISE_BEZIER_KNOTS.);
#8297 = CARTESIAN_POINT('',(1.106244432942E+03,6.6,-171.4881908376));
#8298 = CARTESIAN_POINT('',(1.106523973958E+03,6.6,-171.3587963064));
#8299 = CARTESIAN_POINT('',(1.107207567708E+03,6.6,-171.3587963064));
#8300 = PCURVE('',#6574,#8301);
#8301 = DEFINITIONAL_REPRESENTATION('',(#8302),#8306);
#8302 = B_SPLINE_CURVE_WITH_KNOTS('',2,(#8303,#8304,#8305),
  .UNSPECIFIED.,.F.,.F.,(3,3),(0.,1.),.PIECEWISE_BEZIER_KNOTS.);
#8303 = CARTESIAN_POINT('',(1.30859375,2.789306640625));
#8304 = CARTESIAN_POINT('',(1.17919921875,2.509765625));
#8305 = CARTESIAN_POINT('',(1.17919921875,1.826171875));
#8306 = ( GEOMETRIC_REPRESENTATION_CONTEXT(2) 
PARAMETRIC_REPRESENTATION_CONTEXT() REPRESENTATION_CONTEXT('2D SPACE',''
  ) );
#8307 = PCURVE('',#8308,#8315);
#8308 = SURFACE_OF_LINEAR_EXTRUSION('',#8309,#8313);
#8309 = B_SPLINE_CURVE_WITH_KNOTS('',2,(#8310,#8311,#8312),
  .UNSPECIFIED.,.F.,.F.,(3,3),(0.,1.),.PIECEWISE_BEZIER_KNOTS.);
#8310 = CARTESIAN_POINT('',(1.106244432942E+03,5.95,-171.4881908376));
#8311 = CARTESIAN_POINT('',(1.106523973958E+03,5.95,-171.3587963064));
#8312 = CARTESIAN_POINT('',(1.107207567708E+03,5.95,-171.3587963064));
#8313 = VECTOR('',#8314,1.);
#8314 = DIRECTION('',(-0.,-1.,-0.));
#8315 = DEFINITIONAL_REPRESENTATION('',(#8316),#8320);
#8316 = LINE('',#8317,#8318);
#8317 = CARTESIAN_POINT('',(0.,-0.65));
#8318 = VECTOR('',#8319,1.);
#8319 = DIRECTION('',(1.,0.));
#8320 = ( GEOMETRIC_REPRESENTATION_CONTEXT(2) 
PARAMETRIC_REPRESENTATION_CONTEXT() REPRESENTATION_CONTEXT('2D SPACE',''
  ) );
#8321 = ORIENTED_EDGE('',*,*,#8322,.T.);
#8322 = EDGE_CURVE('',#8293,#8323,#8325,.T.);
#8323 = VERTEX_POINT('',#8324);
#8324 = CARTESIAN_POINT('',(1.108181688801E+03,6.6,-171.4881908376));
#8325 = SURFACE_CURVE('',#8326,(#8330,#8337),.PCURVE_S1.);
#8326 = B_SPLINE_CURVE_WITH_KNOTS('',2,(#8327,#8328,#8329),
  .UNSPECIFIED.,.F.,.F.,(3,3),(0.,1.),.PIECEWISE_BEZIER_KNOTS.);
#8327 = CARTESIAN_POINT('',(1.107207567708E+03,6.6,-171.3587963064));
#8328 = CARTESIAN_POINT('',(1.107898485676E+03,6.6,-171.3587963064));
#8329 = CARTESIAN_POINT('',(1.108181688801E+03,6.6,-171.4881908376));
#8330 = PCURVE('',#6574,#8331);
#8331 = DEFINITIONAL_REPRESENTATION('',(#8332),#8336);
#8332 = B_SPLINE_CURVE_WITH_KNOTS('',2,(#8333,#8334,#8335),
  .UNSPECIFIED.,.F.,.F.,(3,3),(0.,1.),.PIECEWISE_BEZIER_KNOTS.);
#8333 = CARTESIAN_POINT('',(1.17919921875,1.826171875));
#8334 = CARTESIAN_POINT('',(1.17919921875,1.13525390625));
#8335 = CARTESIAN_POINT('',(1.30859375,0.85205078125));
#8336 = ( GEOMETRIC_REPRESENTATION_CONTEXT(2) 
PARAMETRIC_REPRESENTATION_CONTEXT() REPRESENTATION_CONTEXT('2D SPACE',''
  ) );
#8337 = PCURVE('',#8338,#8345);
#8338 = SURFACE_OF_LINEAR_EXTRUSION('',#8339,#8343);
#8339 = B_SPLINE_CURVE_WITH_KNOTS('',2,(#8340,#8341,#8342),
  .UNSPECIFIED.,.F.,.F.,(3,3),(0.,1.),.PIECEWISE_BEZIER_KNOTS.);
#8340 = CARTESIAN_POINT('',(1.107207567708E+03,5.95,-171.3587963064));
#8341 = CARTESIAN_POINT('',(1.107898485676E+03,5.95,-171.3587963064));
#8342 = CARTESIAN_POINT('',(1.108181688801E+03,5.95,-171.4881908376));
#8343 = VECTOR('',#8344,1.);
#8344 = DIRECTION('',(-0.,-1.,-0.));
#8345 = DEFINITIONAL_REPRESENTATION('',(#8346),#8350);
#8346 = LINE('',#8347,#8348);
#8347 = CARTESIAN_POINT('',(0.,-0.65));
#8348 = VECTOR('',#8349,1.);
#8349 = DIRECTION('',(1.,0.));
#8350 = ( GEOMETRIC_REPRESENTATION_CONTEXT(2) 
PARAMETRIC_REPRESENTATION_CONTEXT() REPRESENTATION_CONTEXT('2D SPACE',''
  ) );
#8351 = ORIENTED_EDGE('',*,*,#8352,.T.);
#8352 = EDGE_CURVE('',#8323,#8353,#8355,.T.);
#8353 = VERTEX_POINT('',#8354);
#8354 = CARTESIAN_POINT('',(1.108464891926E+03,6.6,-171.9203197439));
#8355 = SURFACE_CURVE('',#8356,(#8360,#8367),.PCURVE_S1.);
#8356 = B_SPLINE_CURVE_WITH_KNOTS('',2,(#8357,#8358,#8359),
  .UNSPECIFIED.,.F.,.F.,(3,3),(0.,1.),.PIECEWISE_BEZIER_KNOTS.);
#8357 = CARTESIAN_POINT('',(1.108181688801E+03,6.6,-171.4881908376));
#8358 = CARTESIAN_POINT('',(1.108464891926E+03,6.6,-171.6175853689));
#8359 = CARTESIAN_POINT('',(1.108464891926E+03,6.6,-171.9203197439));
#8360 = PCURVE('',#6574,#8361);
#8361 = DEFINITIONAL_REPRESENTATION('',(#8362),#8366);
#8362 = B_SPLINE_CURVE_WITH_KNOTS('',2,(#8363,#8364,#8365),
  .UNSPECIFIED.,.F.,.F.,(3,3),(0.,1.),.PIECEWISE_BEZIER_KNOTS.);
#8363 = CARTESIAN_POINT('',(1.30859375,0.85205078125));
#8364 = CARTESIAN_POINT('',(1.43798828125,0.56884765625));
#8365 = CARTESIAN_POINT('',(1.74072265625,0.56884765625));
#8366 = ( GEOMETRIC_REPRESENTATION_CONTEXT(2) 
PARAMETRIC_REPRESENTATION_CONTEXT() REPRESENTATION_CONTEXT('2D SPACE',''
  ) );
#8367 = PCURVE('',#8368,#8375);
#8368 = SURFACE_OF_LINEAR_EXTRUSION('',#8369,#8373);
#8369 = B_SPLINE_CURVE_WITH_KNOTS('',2,(#8370,#8371,#8372),
  .UNSPECIFIED.,.F.,.F.,(3,3),(0.,1.),.PIECEWISE_BEZIER_KNOTS.);
#8370 = CARTESIAN_POINT('',(1.108181688801E+03,5.95,-171.4881908376));
#8371 = CARTESIAN_POINT('',(1.108464891926E+03,5.95,-171.6175853689));
#8372 = CARTESIAN_POINT('',(1.108464891926E+03,5.95,-171.9203197439));
#8373 = VECTOR('',#8374,1.);
#8374 = DIRECTION('',(-0.,-1.,-0.));
#8375 = DEFINITIONAL_REPRESENTATION('',(#8376),#8380);
#8376 = LINE('',#8377,#8378);
#8377 = CARTESIAN_POINT('',(0.,-0.65));
#8378 = VECTOR('',#8379,1.);
#8379 = DIRECTION('',(1.,0.));
#8380 = ( GEOMETRIC_REPRESENTATION_CONTEXT(2) 
PARAMETRIC_REPRESENTATION_CONTEXT() REPRESENTATION_CONTEXT('2D SPACE',''
  ) );
#8381 = ORIENTED_EDGE('',*,*,#8382,.T.);
#8382 = EDGE_CURVE('',#8353,#8383,#8385,.T.);
#8383 = VERTEX_POINT('',#8384);
#8384 = CARTESIAN_POINT('',(1.108181688801E+03,6.6,-172.3500072439));
#8385 = SURFACE_CURVE('',#8386,(#8390,#8397),.PCURVE_S1.);
#8386 = B_SPLINE_CURVE_WITH_KNOTS('',2,(#8387,#8388,#8389),
  .UNSPECIFIED.,.F.,.F.,(3,3),(0.,1.),.PIECEWISE_BEZIER_KNOTS.);
#8387 = CARTESIAN_POINT('',(1.108464891926E+03,6.6,-171.9203197439));
#8388 = CARTESIAN_POINT('',(1.108464891926E+03,6.6,-172.2206127126));
#8389 = CARTESIAN_POINT('',(1.108181688801E+03,6.6,-172.3500072439));
#8390 = PCURVE('',#6574,#8391);
#8391 = DEFINITIONAL_REPRESENTATION('',(#8392),#8396);
#8392 = B_SPLINE_CURVE_WITH_KNOTS('',2,(#8393,#8394,#8395),
  .UNSPECIFIED.,.F.,.F.,(3,3),(0.,1.),.PIECEWISE_BEZIER_KNOTS.);
#8393 = CARTESIAN_POINT('',(1.74072265625,0.56884765625));
#8394 = CARTESIAN_POINT('',(2.041015625,0.56884765625));
#8395 = CARTESIAN_POINT('',(2.17041015625,0.85205078125));
#8396 = ( GEOMETRIC_REPRESENTATION_CONTEXT(2) 
PARAMETRIC_REPRESENTATION_CONTEXT() REPRESENTATION_CONTEXT('2D SPACE',''
  ) );
#8397 = PCURVE('',#8398,#8405);
#8398 = SURFACE_OF_LINEAR_EXTRUSION('',#8399,#8403);
#8399 = B_SPLINE_CURVE_WITH_KNOTS('',2,(#8400,#8401,#8402),
  .UNSPECIFIED.,.F.,.F.,(3,3),(0.,1.),.PIECEWISE_BEZIER_KNOTS.);
#8400 = CARTESIAN_POINT('',(1.108464891926E+03,5.95,-171.9203197439));
#8401 = CARTESIAN_POINT('',(1.108464891926E+03,5.95,-172.2206127126));
#8402 = CARTESIAN_POINT('',(1.108181688801E+03,5.95,-172.3500072439));
#8403 = VECTOR('',#8404,1.);
#8404 = DIRECTION('',(-0.,-1.,-0.));
#8405 = DEFINITIONAL_REPRESENTATION('',(#8406),#8410);
#8406 = LINE('',#8407,#8408);
#8407 = CARTESIAN_POINT('',(0.,-0.65));
#8408 = VECTOR('',#8409,1.);
#8409 = DIRECTION('',(1.,0.));
#8410 = ( GEOMETRIC_REPRESENTATION_CONTEXT(2) 
PARAMETRIC_REPRESENTATION_CONTEXT() REPRESENTATION_CONTEXT('2D SPACE',''
  ) );
#8411 = ORIENTED_EDGE('',*,*,#8412,.T.);
#8412 = EDGE_CURVE('',#8383,#8201,#8413,.T.);
#8413 = SURFACE_CURVE('',#8414,(#8418,#8425),.PCURVE_S1.);
#8414 = B_SPLINE_CURVE_WITH_KNOTS('',2,(#8415,#8416,#8417),
  .UNSPECIFIED.,.F.,.F.,(3,3),(0.,1.),.PIECEWISE_BEZIER_KNOTS.);
#8415 = CARTESIAN_POINT('',(1.108181688801E+03,6.6,-172.3500072439));
#8416 = CARTESIAN_POINT('',(1.107898485676E+03,6.6,-172.4794017751));
#8417 = CARTESIAN_POINT('',(1.107207567708E+03,6.6,-172.4794017751));
#8418 = PCURVE('',#6574,#8419);
#8419 = DEFINITIONAL_REPRESENTATION('',(#8420),#8424);
#8420 = B_SPLINE_CURVE_WITH_KNOTS('',2,(#8421,#8422,#8423),
  .UNSPECIFIED.,.F.,.F.,(3,3),(0.,1.),.PIECEWISE_BEZIER_KNOTS.);
#8421 = CARTESIAN_POINT('',(2.17041015625,0.85205078125));
#8422 = CARTESIAN_POINT('',(2.2998046875,1.13525390625));
#8423 = CARTESIAN_POINT('',(2.2998046875,1.826171875));
#8424 = ( GEOMETRIC_REPRESENTATION_CONTEXT(2) 
PARAMETRIC_REPRESENTATION_CONTEXT() REPRESENTATION_CONTEXT('2D SPACE',''
  ) );
#8425 = PCURVE('',#8426,#8433);
#8426 = SURFACE_OF_LINEAR_EXTRUSION('',#8427,#8431);
#8427 = B_SPLINE_CURVE_WITH_KNOTS('',2,(#8428,#8429,#8430),
  .UNSPECIFIED.,.F.,.F.,(3,3),(0.,1.),.PIECEWISE_BEZIER_KNOTS.);
#8428 = CARTESIAN_POINT('',(1.108181688801E+03,5.95,-172.3500072439));
#8429 = CARTESIAN_POINT('',(1.107898485676E+03,5.95,-172.4794017751));
#8430 = CARTESIAN_POINT('',(1.107207567708E+03,5.95,-172.4794017751));
#8431 = VECTOR('',#8432,1.);
#8432 = DIRECTION('',(-0.,-1.,-0.));
#8433 = DEFINITIONAL_REPRESENTATION('',(#8434),#8438);
#8434 = LINE('',#8435,#8436);
#8435 = CARTESIAN_POINT('',(0.,-0.65));
#8436 = VECTOR('',#8437,1.);
#8437 = DIRECTION('',(1.,0.));
#8438 = ( GEOMETRIC_REPRESENTATION_CONTEXT(2) 
PARAMETRIC_REPRESENTATION_CONTEXT() REPRESENTATION_CONTEXT('2D SPACE',''
  ) );
#8439 = ADVANCED_FACE('',(#8440,#8458,#8700),#6971,.T.);
#8440 = FACE_BOUND('',#8441,.F.);
#8441 = EDGE_LOOP('',(#8442,#8443,#8444,#8445,#8446,#8447,#8448,#8449,
    #8450,#8451,#8452,#8453,#8454,#8455,#8456,#8457));
#8442 = ORIENTED_EDGE('',*,*,#6955,.T.);
#8443 = ORIENTED_EDGE('',*,*,#7695,.T.);
#8444 = ORIENTED_EDGE('',*,*,#7668,.T.);
#8445 = ORIENTED_EDGE('',*,*,#7619,.T.);
#8446 = ORIENTED_EDGE('',*,*,#7570,.T.);
#8447 = ORIENTED_EDGE('',*,*,#7521,.T.);
#8448 = ORIENTED_EDGE('',*,*,#7472,.T.);
#8449 = ORIENTED_EDGE('',*,*,#7423,.T.);
#8450 = ORIENTED_EDGE('',*,*,#7374,.T.);
#8451 = ORIENTED_EDGE('',*,*,#7325,.T.);
#8452 = ORIENTED_EDGE('',*,*,#7276,.T.);
#8453 = ORIENTED_EDGE('',*,*,#7227,.T.);
#8454 = ORIENTED_EDGE('',*,*,#7178,.T.);
#8455 = ORIENTED_EDGE('',*,*,#7129,.T.);
#8456 = ORIENTED_EDGE('',*,*,#7080,.T.);
#8457 = ORIENTED_EDGE('',*,*,#7031,.T.);
#8458 = FACE_BOUND('',#8459,.F.);
#8459 = EDGE_LOOP('',(#8460,#8492,#8522,#8552,#8582,#8612,#8642,#8672));
#8460 = ORIENTED_EDGE('',*,*,#8461,.T.);
#8461 = EDGE_CURVE('',#8462,#8464,#8466,.T.);
#8462 = VERTEX_POINT('',#8463);
#8463 = CARTESIAN_POINT('',(1.107402880208E+03,6.6,-156.5565502126));
#8464 = VERTEX_POINT('',#8465);
#8465 = CARTESIAN_POINT('',(1.107546923176E+03,6.6,-156.1512767751));
#8466 = SURFACE_CURVE('',#8467,(#8471,#8478),.PCURVE_S1.);
#8467 = B_SPLINE_CURVE_WITH_KNOTS('',2,(#8468,#8469,#8470),
  .UNSPECIFIED.,.F.,.F.,(3,3),(0.,1.),.PIECEWISE_BEZIER_KNOTS.);
#8468 = CARTESIAN_POINT('',(1.107402880208E+03,6.6,-156.5565502126));
#8469 = CARTESIAN_POINT('',(1.107402880208E+03,6.6,-156.2928783376));
#8470 = CARTESIAN_POINT('',(1.107546923176E+03,6.6,-156.1512767751));
#8471 = PCURVE('',#6971,#8472);
#8472 = DEFINITIONAL_REPRESENTATION('',(#8473),#8477);
#8473 = B_SPLINE_CURVE_WITH_KNOTS('',2,(#8474,#8475,#8476),
  .UNSPECIFIED.,.F.,.F.,(3,3),(0.,1.),.PIECEWISE_BEZIER_KNOTS.);
#8474 = CARTESIAN_POINT('',(1.74072265625,1.630859375));
#8475 = CARTESIAN_POINT('',(1.47705078125,1.630859375));
#8476 = CARTESIAN_POINT('',(1.33544921875,1.48681640625));
#8477 = ( GEOMETRIC_REPRESENTATION_CONTEXT(2) 
PARAMETRIC_REPRESENTATION_CONTEXT() REPRESENTATION_CONTEXT('2D SPACE',''
  ) );
#8478 = PCURVE('',#8479,#8486);
#8479 = SURFACE_OF_LINEAR_EXTRUSION('',#8480,#8484);
#8480 = B_SPLINE_CURVE_WITH_KNOTS('',2,(#8481,#8482,#8483),
  .UNSPECIFIED.,.F.,.F.,(3,3),(0.,1.),.PIECEWISE_BEZIER_KNOTS.);
#8481 = CARTESIAN_POINT('',(1.107402880208E+03,5.95,-156.5565502126));
#8482 = CARTESIAN_POINT('',(1.107402880208E+03,5.95,-156.2928783376));
#8483 = CARTESIAN_POINT('',(1.107546923176E+03,5.95,-156.1512767751));
#8484 = VECTOR('',#8485,1.);
#8485 = DIRECTION('',(-0.,-1.,-0.));
#8486 = DEFINITIONAL_REPRESENTATION('',(#8487),#8491);
#8487 = LINE('',#8488,#8489);
#8488 = CARTESIAN_POINT('',(0.,-0.65));
#8489 = VECTOR('',#8490,1.);
#8490 = DIRECTION('',(1.,0.));
#8491 = ( GEOMETRIC_REPRESENTATION_CONTEXT(2) 
PARAMETRIC_REPRESENTATION_CONTEXT() REPRESENTATION_CONTEXT('2D SPACE',''
  ) );
#8492 = ORIENTED_EDGE('',*,*,#8493,.T.);
#8493 = EDGE_CURVE('',#8464,#8494,#8496,.T.);
#8494 = VERTEX_POINT('',#8495);
#8495 = CARTESIAN_POINT('',(1.107959520833E+03,6.6,-156.0096752126));
#8496 = SURFACE_CURVE('',#8497,(#8501,#8508),.PCURVE_S1.);
#8497 = B_SPLINE_CURVE_WITH_KNOTS('',2,(#8498,#8499,#8500),
  .UNSPECIFIED.,.F.,.F.,(3,3),(0.,1.),.PIECEWISE_BEZIER_KNOTS.);
#8498 = CARTESIAN_POINT('',(1.107546923176E+03,6.6,-156.1512767751));
#8499 = CARTESIAN_POINT('',(1.107690966145E+03,6.6,-156.0096752126));
#8500 = CARTESIAN_POINT('',(1.107959520833E+03,6.6,-156.0096752126));
#8501 = PCURVE('',#6971,#8502);
#8502 = DEFINITIONAL_REPRESENTATION('',(#8503),#8507);
#8503 = B_SPLINE_CURVE_WITH_KNOTS('',2,(#8504,#8505,#8506),
  .UNSPECIFIED.,.F.,.F.,(3,3),(0.,1.),.PIECEWISE_BEZIER_KNOTS.);
#8504 = CARTESIAN_POINT('',(1.33544921875,1.48681640625));
#8505 = CARTESIAN_POINT('',(1.19384765625,1.3427734375));
#8506 = CARTESIAN_POINT('',(1.19384765625,1.07421875));
#8507 = ( GEOMETRIC_REPRESENTATION_CONTEXT(2) 
PARAMETRIC_REPRESENTATION_CONTEXT() REPRESENTATION_CONTEXT('2D SPACE',''
  ) );
#8508 = PCURVE('',#8509,#8516);
#8509 = SURFACE_OF_LINEAR_EXTRUSION('',#8510,#8514);
#8510 = B_SPLINE_CURVE_WITH_KNOTS('',2,(#8511,#8512,#8513),
  .UNSPECIFIED.,.F.,.F.,(3,3),(0.,1.),.PIECEWISE_BEZIER_KNOTS.);
#8511 = CARTESIAN_POINT('',(1.107546923176E+03,5.95,-156.1512767751));
#8512 = CARTESIAN_POINT('',(1.107690966145E+03,5.95,-156.0096752126));
#8513 = CARTESIAN_POINT('',(1.107959520833E+03,5.95,-156.0096752126));
#8514 = VECTOR('',#8515,1.);
#8515 = DIRECTION('',(-0.,-1.,-0.));
#8516 = DEFINITIONAL_REPRESENTATION('',(#8517),#8521);
#8517 = LINE('',#8518,#8519);
#8518 = CARTESIAN_POINT('',(0.,-0.65));
#8519 = VECTOR('',#8520,1.);
#8520 = DIRECTION('',(1.,0.));
#8521 = ( GEOMETRIC_REPRESENTATION_CONTEXT(2) 
PARAMETRIC_REPRESENTATION_CONTEXT() REPRESENTATION_CONTEXT('2D SPACE',''
  ) );
#8522 = ORIENTED_EDGE('',*,*,#8523,.T.);
#8523 = EDGE_CURVE('',#8494,#8524,#8526,.T.);
#8524 = VERTEX_POINT('',#8525);
#8525 = CARTESIAN_POINT('',(1.108370897786E+03,6.6,-156.1512767751));
#8526 = SURFACE_CURVE('',#8527,(#8531,#8538),.PCURVE_S1.);
#8527 = B_SPLINE_CURVE_WITH_KNOTS('',2,(#8528,#8529,#8530),
  .UNSPECIFIED.,.F.,.F.,(3,3),(0.,1.),.PIECEWISE_BEZIER_KNOTS.);
#8528 = CARTESIAN_POINT('',(1.107959520833E+03,6.6,-156.0096752126));
#8529 = CARTESIAN_POINT('',(1.10822807552E+03,6.6,-156.0096752126));
#8530 = CARTESIAN_POINT('',(1.108370897786E+03,6.6,-156.1512767751));
#8531 = PCURVE('',#6971,#8532);
#8532 = DEFINITIONAL_REPRESENTATION('',(#8533),#8537);
#8533 = B_SPLINE_CURVE_WITH_KNOTS('',2,(#8534,#8535,#8536),
  .UNSPECIFIED.,.F.,.F.,(3,3),(0.,1.),.PIECEWISE_BEZIER_KNOTS.);
#8534 = CARTESIAN_POINT('',(1.19384765625,1.07421875));
#8535 = CARTESIAN_POINT('',(1.19384765625,0.8056640625));
#8536 = CARTESIAN_POINT('',(1.33544921875,0.662841796875));
#8537 = ( GEOMETRIC_REPRESENTATION_CONTEXT(2) 
PARAMETRIC_REPRESENTATION_CONTEXT() REPRESENTATION_CONTEXT('2D SPACE',''
  ) );
#8538 = PCURVE('',#8539,#8546);
#8539 = SURFACE_OF_LINEAR_EXTRUSION('',#8540,#8544);
#8540 = B_SPLINE_CURVE_WITH_KNOTS('',2,(#8541,#8542,#8543),
  .UNSPECIFIED.,.F.,.F.,(3,3),(0.,1.),.PIECEWISE_BEZIER_KNOTS.);
#8541 = CARTESIAN_POINT('',(1.107959520833E+03,5.95,-156.0096752126));
#8542 = CARTESIAN_POINT('',(1.10822807552E+03,5.95,-156.0096752126));
#8543 = CARTESIAN_POINT('',(1.108370897786E+03,5.95,-156.1512767751));
#8544 = VECTOR('',#8545,1.);
#8545 = DIRECTION('',(-0.,-1.,-0.));
#8546 = DEFINITIONAL_REPRESENTATION('',(#8547),#8551);
#8547 = LINE('',#8548,#8549);
#8548 = CARTESIAN_POINT('',(0.,-0.65));
#8549 = VECTOR('',#8550,1.);
#8550 = DIRECTION('',(1.,0.));
#8551 = ( GEOMETRIC_REPRESENTATION_CONTEXT(2) 
PARAMETRIC_REPRESENTATION_CONTEXT() REPRESENTATION_CONTEXT('2D SPACE',''
  ) );
#8552 = ORIENTED_EDGE('',*,*,#8553,.T.);
#8553 = EDGE_CURVE('',#8524,#8554,#8556,.T.);
#8554 = VERTEX_POINT('',#8555);
#8555 = CARTESIAN_POINT('',(1.108513720051E+03,6.6,-156.5565502126));
#8556 = SURFACE_CURVE('',#8557,(#8561,#8568),.PCURVE_S1.);
#8557 = B_SPLINE_CURVE_WITH_KNOTS('',2,(#8558,#8559,#8560),
  .UNSPECIFIED.,.F.,.F.,(3,3),(0.,1.),.PIECEWISE_BEZIER_KNOTS.);
#8558 = CARTESIAN_POINT('',(1.108370897786E+03,6.6,-156.1512767751));
#8559 = CARTESIAN_POINT('',(1.108513720051E+03,6.6,-156.2928783376));
#8560 = CARTESIAN_POINT('',(1.108513720051E+03,6.6,-156.5565502126));
#8561 = PCURVE('',#6971,#8562);
#8562 = DEFINITIONAL_REPRESENTATION('',(#8563),#8567);
#8563 = B_SPLINE_CURVE_WITH_KNOTS('',2,(#8564,#8565,#8566),
  .UNSPECIFIED.,.F.,.F.,(3,3),(0.,1.),.PIECEWISE_BEZIER_KNOTS.);
#8564 = CARTESIAN_POINT('',(1.33544921875,0.662841796875));
#8565 = CARTESIAN_POINT('',(1.47705078125,0.52001953125));
#8566 = CARTESIAN_POINT('',(1.74072265625,0.52001953125));
#8567 = ( GEOMETRIC_REPRESENTATION_CONTEXT(2) 
PARAMETRIC_REPRESENTATION_CONTEXT() REPRESENTATION_CONTEXT('2D SPACE',''
  ) );
#8568 = PCURVE('',#8569,#8576);
#8569 = SURFACE_OF_LINEAR_EXTRUSION('',#8570,#8574);
#8570 = B_SPLINE_CURVE_WITH_KNOTS('',2,(#8571,#8572,#8573),
  .UNSPECIFIED.,.F.,.F.,(3,3),(0.,1.),.PIECEWISE_BEZIER_KNOTS.);
#8571 = CARTESIAN_POINT('',(1.108370897786E+03,5.95,-156.1512767751));
#8572 = CARTESIAN_POINT('',(1.108513720051E+03,5.95,-156.2928783376));
#8573 = CARTESIAN_POINT('',(1.108513720051E+03,5.95,-156.5565502126));
#8574 = VECTOR('',#8575,1.);
#8575 = DIRECTION('',(-0.,-1.,-0.));
#8576 = DEFINITIONAL_REPRESENTATION('',(#8577),#8581);
#8577 = LINE('',#8578,#8579);
#8578 = CARTESIAN_POINT('',(0.,-0.65));
#8579 = VECTOR('',#8580,1.);
#8580 = DIRECTION('',(1.,0.));
#8581 = ( GEOMETRIC_REPRESENTATION_CONTEXT(2) 
PARAMETRIC_REPRESENTATION_CONTEXT() REPRESENTATION_CONTEXT('2D SPACE',''
  ) );
#8582 = ORIENTED_EDGE('',*,*,#8583,.T.);
#8583 = EDGE_CURVE('',#8554,#8584,#8586,.T.);
#8584 = VERTEX_POINT('',#8585);
#8585 = CARTESIAN_POINT('',(1.108370897786E+03,6.6,-156.9569408376));
#8586 = SURFACE_CURVE('',#8587,(#8591,#8598),.PCURVE_S1.);
#8587 = B_SPLINE_CURVE_WITH_KNOTS('',2,(#8588,#8589,#8590),
  .UNSPECIFIED.,.F.,.F.,(3,3),(0.,1.),.PIECEWISE_BEZIER_KNOTS.);
#8588 = CARTESIAN_POINT('',(1.108513720051E+03,6.6,-156.5565502126));
#8589 = CARTESIAN_POINT('',(1.108513720051E+03,6.6,-156.8177806814));
#8590 = CARTESIAN_POINT('',(1.108370897786E+03,6.6,-156.9569408376));
#8591 = PCURVE('',#6971,#8592);
#8592 = DEFINITIONAL_REPRESENTATION('',(#8593),#8597);
#8593 = B_SPLINE_CURVE_WITH_KNOTS('',2,(#8594,#8595,#8596),
  .UNSPECIFIED.,.F.,.F.,(3,3),(0.,1.),.PIECEWISE_BEZIER_KNOTS.);
#8594 = CARTESIAN_POINT('',(1.74072265625,0.52001953125));
#8595 = CARTESIAN_POINT('',(2.001953125,0.52001953125));
#8596 = CARTESIAN_POINT('',(2.14111328125,0.662841796875));
#8597 = ( GEOMETRIC_REPRESENTATION_CONTEXT(2) 
PARAMETRIC_REPRESENTATION_CONTEXT() REPRESENTATION_CONTEXT('2D SPACE',''
  ) );
#8598 = PCURVE('',#8599,#8606);
#8599 = SURFACE_OF_LINEAR_EXTRUSION('',#8600,#8604);
#8600 = B_SPLINE_CURVE_WITH_KNOTS('',2,(#8601,#8602,#8603),
  .UNSPECIFIED.,.F.,.F.,(3,3),(0.,1.),.PIECEWISE_BEZIER_KNOTS.);
#8601 = CARTESIAN_POINT('',(1.108513720051E+03,5.95,-156.5565502126));
#8602 = CARTESIAN_POINT('',(1.108513720051E+03,5.95,-156.8177806814));
#8603 = CARTESIAN_POINT('',(1.108370897786E+03,5.95,-156.9569408376));
#8604 = VECTOR('',#8605,1.);
#8605 = DIRECTION('',(-0.,-1.,-0.));
#8606 = DEFINITIONAL_REPRESENTATION('',(#8607),#8611);
#8607 = LINE('',#8608,#8609);
#8608 = CARTESIAN_POINT('',(0.,-0.65));
#8609 = VECTOR('',#8610,1.);
#8610 = DIRECTION('',(1.,0.));
#8611 = ( GEOMETRIC_REPRESENTATION_CONTEXT(2) 
PARAMETRIC_REPRESENTATION_CONTEXT() REPRESENTATION_CONTEXT('2D SPACE',''
  ) );
#8612 = ORIENTED_EDGE('',*,*,#8613,.T.);
#8613 = EDGE_CURVE('',#8584,#8614,#8616,.T.);
#8614 = VERTEX_POINT('',#8615);
#8615 = CARTESIAN_POINT('',(1.107959520833E+03,6.6,-157.0961009939));
#8616 = SURFACE_CURVE('',#8617,(#8621,#8628),.PCURVE_S1.);
#8617 = B_SPLINE_CURVE_WITH_KNOTS('',2,(#8618,#8619,#8620),
  .UNSPECIFIED.,.F.,.F.,(3,3),(0.,1.),.PIECEWISE_BEZIER_KNOTS.);
#8618 = CARTESIAN_POINT('',(1.108370897786E+03,6.6,-156.9569408376));
#8619 = CARTESIAN_POINT('',(1.10822807552E+03,6.6,-157.0961009939));
#8620 = CARTESIAN_POINT('',(1.107959520833E+03,6.6,-157.0961009939));
#8621 = PCURVE('',#6971,#8622);
#8622 = DEFINITIONAL_REPRESENTATION('',(#8623),#8627);
#8623 = B_SPLINE_CURVE_WITH_KNOTS('',2,(#8624,#8625,#8626),
  .UNSPECIFIED.,.F.,.F.,(3,3),(0.,1.),.PIECEWISE_BEZIER_KNOTS.);
#8624 = CARTESIAN_POINT('',(2.14111328125,0.662841796875));
#8625 = CARTESIAN_POINT('',(2.2802734375,0.8056640625));
#8626 = CARTESIAN_POINT('',(2.2802734375,1.07421875));
#8627 = ( GEOMETRIC_REPRESENTATION_CONTEXT(2) 
PARAMETRIC_REPRESENTATION_CONTEXT() REPRESENTATION_CONTEXT('2D SPACE',''
  ) );
#8628 = PCURVE('',#8629,#8636);
#8629 = SURFACE_OF_LINEAR_EXTRUSION('',#8630,#8634);
#8630 = B_SPLINE_CURVE_WITH_KNOTS('',2,(#8631,#8632,#8633),
  .UNSPECIFIED.,.F.,.F.,(3,3),(0.,1.),.PIECEWISE_BEZIER_KNOTS.);
#8631 = CARTESIAN_POINT('',(1.108370897786E+03,5.95,-156.9569408376));
#8632 = CARTESIAN_POINT('',(1.10822807552E+03,5.95,-157.0961009939));
#8633 = CARTESIAN_POINT('',(1.107959520833E+03,5.95,-157.0961009939));
#8634 = VECTOR('',#8635,1.);
#8635 = DIRECTION('',(-0.,-1.,-0.));
#8636 = DEFINITIONAL_REPRESENTATION('',(#8637),#8641);
#8637 = LINE('',#8638,#8639);
#8638 = CARTESIAN_POINT('',(0.,-0.65));
#8639 = VECTOR('',#8640,1.);
#8640 = DIRECTION('',(1.,0.));
#8641 = ( GEOMETRIC_REPRESENTATION_CONTEXT(2) 
PARAMETRIC_REPRESENTATION_CONTEXT() REPRESENTATION_CONTEXT('2D SPACE',''
  ) );
#8642 = ORIENTED_EDGE('',*,*,#8643,.T.);
#8643 = EDGE_CURVE('',#8614,#8644,#8646,.T.);
#8644 = VERTEX_POINT('',#8645);
#8645 = CARTESIAN_POINT('',(1.107545702473E+03,6.6,-156.9569408376));
#8646 = SURFACE_CURVE('',#8647,(#8651,#8658),.PCURVE_S1.);
#8647 = B_SPLINE_CURVE_WITH_KNOTS('',2,(#8648,#8649,#8650),
  .UNSPECIFIED.,.F.,.F.,(3,3),(0.,1.),.PIECEWISE_BEZIER_KNOTS.);
#8648 = CARTESIAN_POINT('',(1.107959520833E+03,6.6,-157.0961009939));
#8649 = CARTESIAN_POINT('',(1.107688524739E+03,6.6,-157.0961009939));
#8650 = CARTESIAN_POINT('',(1.107545702473E+03,6.6,-156.9569408376));
#8651 = PCURVE('',#6971,#8652);
#8652 = DEFINITIONAL_REPRESENTATION('',(#8653),#8657);
#8653 = B_SPLINE_CURVE_WITH_KNOTS('',2,(#8654,#8655,#8656),
  .UNSPECIFIED.,.F.,.F.,(3,3),(0.,1.),.PIECEWISE_BEZIER_KNOTS.);
#8654 = CARTESIAN_POINT('',(2.2802734375,1.07421875));
#8655 = CARTESIAN_POINT('',(2.2802734375,1.34521484375));
#8656 = CARTESIAN_POINT('',(2.14111328125,1.488037109375));
#8657 = ( GEOMETRIC_REPRESENTATION_CONTEXT(2) 
PARAMETRIC_REPRESENTATION_CONTEXT() REPRESENTATION_CONTEXT('2D SPACE',''
  ) );
#8658 = PCURVE('',#8659,#8666);
#8659 = SURFACE_OF_LINEAR_EXTRUSION('',#8660,#8664);
#8660 = B_SPLINE_CURVE_WITH_KNOTS('',2,(#8661,#8662,#8663),
  .UNSPECIFIED.,.F.,.F.,(3,3),(0.,1.),.PIECEWISE_BEZIER_KNOTS.);
#8661 = CARTESIAN_POINT('',(1.107959520833E+03,5.95,-157.0961009939));
#8662 = CARTESIAN_POINT('',(1.107688524739E+03,5.95,-157.0961009939));
#8663 = CARTESIAN_POINT('',(1.107545702473E+03,5.95,-156.9569408376));
#8664 = VECTOR('',#8665,1.);
#8665 = DIRECTION('',(-0.,-1.,-0.));
#8666 = DEFINITIONAL_REPRESENTATION('',(#8667),#8671);
#8667 = LINE('',#8668,#8669);
#8668 = CARTESIAN_POINT('',(0.,-0.65));
#8669 = VECTOR('',#8670,1.);
#8670 = DIRECTION('',(1.,0.));
#8671 = ( GEOMETRIC_REPRESENTATION_CONTEXT(2) 
PARAMETRIC_REPRESENTATION_CONTEXT() REPRESENTATION_CONTEXT('2D SPACE',''
  ) );
#8672 = ORIENTED_EDGE('',*,*,#8673,.T.);
#8673 = EDGE_CURVE('',#8644,#8462,#8674,.T.);
#8674 = SURFACE_CURVE('',#8675,(#8679,#8686),.PCURVE_S1.);
#8675 = B_SPLINE_CURVE_WITH_KNOTS('',2,(#8676,#8677,#8678),
  .UNSPECIFIED.,.F.,.F.,(3,3),(0.,1.),.PIECEWISE_BEZIER_KNOTS.);
#8676 = CARTESIAN_POINT('',(1.107545702473E+03,6.6,-156.9569408376));
#8677 = CARTESIAN_POINT('',(1.107402880208E+03,6.6,-156.8177806814));
#8678 = CARTESIAN_POINT('',(1.107402880208E+03,6.6,-156.5565502126));
#8679 = PCURVE('',#6971,#8680);
#8680 = DEFINITIONAL_REPRESENTATION('',(#8681),#8685);
#8681 = B_SPLINE_CURVE_WITH_KNOTS('',2,(#8682,#8683,#8684),
  .UNSPECIFIED.,.F.,.F.,(3,3),(0.,1.),.PIECEWISE_BEZIER_KNOTS.);
#8682 = CARTESIAN_POINT('',(2.14111328125,1.488037109375));
#8683 = CARTESIAN_POINT('',(2.001953125,1.630859375));
#8684 = CARTESIAN_POINT('',(1.74072265625,1.630859375));
#8685 = ( GEOMETRIC_REPRESENTATION_CONTEXT(2) 
PARAMETRIC_REPRESENTATION_CONTEXT() REPRESENTATION_CONTEXT('2D SPACE',''
  ) );
#8686 = PCURVE('',#8687,#8694);
#8687 = SURFACE_OF_LINEAR_EXTRUSION('',#8688,#8692);
#8688 = B_SPLINE_CURVE_WITH_KNOTS('',2,(#8689,#8690,#8691),
  .UNSPECIFIED.,.F.,.F.,(3,3),(0.,1.),.PIECEWISE_BEZIER_KNOTS.);
#8689 = CARTESIAN_POINT('',(1.107545702473E+03,5.95,-156.9569408376));
#8690 = CARTESIAN_POINT('',(1.107402880208E+03,5.95,-156.8177806814));
#8691 = CARTESIAN_POINT('',(1.107402880208E+03,5.95,-156.5565502126));
#8692 = VECTOR('',#8693,1.);
#8693 = DIRECTION('',(-0.,-1.,-0.));
#8694 = DEFINITIONAL_REPRESENTATION('',(#8695),#8699);
#8695 = LINE('',#8696,#8697);
#8696 = CARTESIAN_POINT('',(0.,-0.65));
#8697 = VECTOR('',#8698,1.);
#8698 = DIRECTION('',(1.,0.));
#8699 = ( GEOMETRIC_REPRESENTATION_CONTEXT(2) 
PARAMETRIC_REPRESENTATION_CONTEXT() REPRESENTATION_CONTEXT('2D SPACE',''
  ) );
#8700 = FACE_BOUND('',#8701,.F.);
#8701 = EDGE_LOOP('',(#8702,#8734,#8764,#8794,#8824,#8854,#8884,#8914));
#8702 = ORIENTED_EDGE('',*,*,#8703,.T.);
#8703 = EDGE_CURVE('',#8704,#8706,#8708,.T.);
#8704 = VERTEX_POINT('',#8705);
#8705 = CARTESIAN_POINT('',(1.106362841145E+03,6.6,-156.0902416189));
#8706 = VERTEX_POINT('',#8707);
#8707 = CARTESIAN_POINT('',(1.106697313801E+03,6.6,-156.2110912282));
#8708 = SURFACE_CURVE('',#8709,(#8713,#8720),.PCURVE_S1.);
#8709 = B_SPLINE_CURVE_WITH_KNOTS('',2,(#8710,#8711,#8712),
  .UNSPECIFIED.,.F.,.F.,(3,3),(0.,1.),.PIECEWISE_BEZIER_KNOTS.);
#8710 = CARTESIAN_POINT('',(1.106362841145E+03,6.6,-156.0902416189));
#8711 = CARTESIAN_POINT('',(1.106580126301E+03,6.6,-156.0902416189));
#8712 = CARTESIAN_POINT('',(1.106697313801E+03,6.6,-156.2110912282));
#8713 = PCURVE('',#6971,#8714);
#8714 = DEFINITIONAL_REPRESENTATION('',(#8715),#8719);
#8715 = B_SPLINE_CURVE_WITH_KNOTS('',2,(#8716,#8717,#8718),
  .UNSPECIFIED.,.F.,.F.,(3,3),(0.,1.),.PIECEWISE_BEZIER_KNOTS.);
#8716 = CARTESIAN_POINT('',(1.2744140625,2.6708984375));
#8717 = CARTESIAN_POINT('',(1.2744140625,2.45361328125));
#8718 = CARTESIAN_POINT('',(1.395263671875,2.33642578125));
#8719 = ( GEOMETRIC_REPRESENTATION_CONTEXT(2) 
PARAMETRIC_REPRESENTATION_CONTEXT() REPRESENTATION_CONTEXT('2D SPACE',''
  ) );
#8720 = PCURVE('',#8721,#8728);
#8721 = SURFACE_OF_LINEAR_EXTRUSION('',#8722,#8726);
#8722 = B_SPLINE_CURVE_WITH_KNOTS('',2,(#8723,#8724,#8725),
  .UNSPECIFIED.,.F.,.F.,(3,3),(0.,1.),.PIECEWISE_BEZIER_KNOTS.);
#8723 = CARTESIAN_POINT('',(1.106362841145E+03,5.95,-156.0902416189));
#8724 = CARTESIAN_POINT('',(1.106580126301E+03,5.95,-156.0902416189));
#8725 = CARTESIAN_POINT('',(1.106697313801E+03,5.95,-156.2110912282));
#8726 = VECTOR('',#8727,1.);
#8727 = DIRECTION('',(-0.,-1.,-0.));
#8728 = DEFINITIONAL_REPRESENTATION('',(#8729),#8733);
#8729 = LINE('',#8730,#8731);
#8730 = CARTESIAN_POINT('',(0.,-0.65));
#8731 = VECTOR('',#8732,1.);
#8732 = DIRECTION('',(1.,0.));
#8733 = ( GEOMETRIC_REPRESENTATION_CONTEXT(2) 
PARAMETRIC_REPRESENTATION_CONTEXT() REPRESENTATION_CONTEXT('2D SPACE',''
  ) );
#8734 = ORIENTED_EDGE('',*,*,#8735,.T.);
#8735 = EDGE_CURVE('',#8706,#8736,#8738,.T.);
#8736 = VERTEX_POINT('',#8737);
#8737 = CARTESIAN_POINT('',(1.106814501301E+03,6.6,-156.5565502126));
#8738 = SURFACE_CURVE('',#8739,(#8743,#8750),.PCURVE_S1.);
#8739 = B_SPLINE_CURVE_WITH_KNOTS('',2,(#8740,#8741,#8742),
  .UNSPECIFIED.,.F.,.F.,(3,3),(0.,1.),.PIECEWISE_BEZIER_KNOTS.);
#8740 = CARTESIAN_POINT('',(1.106697313801E+03,6.6,-156.2110912282));
#8741 = CARTESIAN_POINT('',(1.106814501301E+03,6.6,-156.3319408376));
#8742 = CARTESIAN_POINT('',(1.106814501301E+03,6.6,-156.5565502126));
#8743 = PCURVE('',#6971,#8744);
#8744 = DEFINITIONAL_REPRESENTATION('',(#8745),#8749);
#8745 = B_SPLINE_CURVE_WITH_KNOTS('',2,(#8746,#8747,#8748),
  .UNSPECIFIED.,.F.,.F.,(3,3),(0.,1.),.PIECEWISE_BEZIER_KNOTS.);
#8746 = CARTESIAN_POINT('',(1.395263671875,2.33642578125));
#8747 = CARTESIAN_POINT('',(1.51611328125,2.21923828125));
#8748 = CARTESIAN_POINT('',(1.74072265625,2.21923828125));
#8749 = ( GEOMETRIC_REPRESENTATION_CONTEXT(2) 
PARAMETRIC_REPRESENTATION_CONTEXT() REPRESENTATION_CONTEXT('2D SPACE',''
  ) );
#8750 = PCURVE('',#8751,#8758);
#8751 = SURFACE_OF_LINEAR_EXTRUSION('',#8752,#8756);
#8752 = B_SPLINE_CURVE_WITH_KNOTS('',2,(#8753,#8754,#8755),
  .UNSPECIFIED.,.F.,.F.,(3,3),(0.,1.),.PIECEWISE_BEZIER_KNOTS.);
#8753 = CARTESIAN_POINT('',(1.106697313801E+03,5.95,-156.2110912282));
#8754 = CARTESIAN_POINT('',(1.106814501301E+03,5.95,-156.3319408376));
#8755 = CARTESIAN_POINT('',(1.106814501301E+03,5.95,-156.5565502126));
#8756 = VECTOR('',#8757,1.);
#8757 = DIRECTION('',(-0.,-1.,-0.));
#8758 = DEFINITIONAL_REPRESENTATION('',(#8759),#8763);
#8759 = LINE('',#8760,#8761);
#8760 = CARTESIAN_POINT('',(0.,-0.65));
#8761 = VECTOR('',#8762,1.);
#8762 = DIRECTION('',(1.,0.));
#8763 = ( GEOMETRIC_REPRESENTATION_CONTEXT(2) 
PARAMETRIC_REPRESENTATION_CONTEXT() REPRESENTATION_CONTEXT('2D SPACE',''
  ) );
#8764 = ORIENTED_EDGE('',*,*,#8765,.T.);
#8765 = EDGE_CURVE('',#8736,#8766,#8768,.T.);
#8766 = VERTEX_POINT('',#8767);
#8767 = CARTESIAN_POINT('',(1.106697313801E+03,6.6,-156.8959056814));
#8768 = SURFACE_CURVE('',#8769,(#8773,#8780),.PCURVE_S1.);
#8769 = B_SPLINE_CURVE_WITH_KNOTS('',2,(#8770,#8771,#8772),
  .UNSPECIFIED.,.F.,.F.,(3,3),(0.,1.),.PIECEWISE_BEZIER_KNOTS.);
#8770 = CARTESIAN_POINT('',(1.106814501301E+03,6.6,-156.5565502126));
#8771 = CARTESIAN_POINT('',(1.106814501301E+03,6.6,-156.7762767751));
#8772 = CARTESIAN_POINT('',(1.106697313801E+03,6.6,-156.8959056814));
#8773 = PCURVE('',#6971,#8774);
#8774 = DEFINITIONAL_REPRESENTATION('',(#8775),#8779);
#8775 = B_SPLINE_CURVE_WITH_KNOTS('',2,(#8776,#8777,#8778),
  .UNSPECIFIED.,.F.,.F.,(3,3),(0.,1.),.PIECEWISE_BEZIER_KNOTS.);
#8776 = CARTESIAN_POINT('',(1.74072265625,2.21923828125));
#8777 = CARTESIAN_POINT('',(1.96044921875,2.21923828125));
#8778 = CARTESIAN_POINT('',(2.080078125,2.33642578125));
#8779 = ( GEOMETRIC_REPRESENTATION_CONTEXT(2) 
PARAMETRIC_REPRESENTATION_CONTEXT() REPRESENTATION_CONTEXT('2D SPACE',''
  ) );
#8780 = PCURVE('',#8781,#8788);
#8781 = SURFACE_OF_LINEAR_EXTRUSION('',#8782,#8786);
#8782 = B_SPLINE_CURVE_WITH_KNOTS('',2,(#8783,#8784,#8785),
  .UNSPECIFIED.,.F.,.F.,(3,3),(0.,1.),.PIECEWISE_BEZIER_KNOTS.);
#8783 = CARTESIAN_POINT('',(1.106814501301E+03,5.95,-156.5565502126));
#8784 = CARTESIAN_POINT('',(1.106814501301E+03,5.95,-156.7762767751));
#8785 = CARTESIAN_POINT('',(1.106697313801E+03,5.95,-156.8959056814));
#8786 = VECTOR('',#8787,1.);
#8787 = DIRECTION('',(-0.,-1.,-0.));
#8788 = DEFINITIONAL_REPRESENTATION('',(#8789),#8793);
#8789 = LINE('',#8790,#8791);
#8790 = CARTESIAN_POINT('',(0.,-0.65));
#8791 = VECTOR('',#8792,1.);
#8792 = DIRECTION('',(1.,0.));
#8793 = ( GEOMETRIC_REPRESENTATION_CONTEXT(2) 
PARAMETRIC_REPRESENTATION_CONTEXT() REPRESENTATION_CONTEXT('2D SPACE',''
  ) );
#8794 = ORIENTED_EDGE('',*,*,#8795,.T.);
#8795 = EDGE_CURVE('',#8766,#8796,#8798,.T.);
#8796 = VERTEX_POINT('',#8797);
#8797 = CARTESIAN_POINT('',(1.106362841145E+03,6.6,-157.0155345876));
#8798 = SURFACE_CURVE('',#8799,(#8803,#8810),.PCURVE_S1.);
#8799 = B_SPLINE_CURVE_WITH_KNOTS('',2,(#8800,#8801,#8802),
  .UNSPECIFIED.,.F.,.F.,(3,3),(0.,1.),.PIECEWISE_BEZIER_KNOTS.);
#8800 = CARTESIAN_POINT('',(1.106697313801E+03,6.6,-156.8959056814));
#8801 = CARTESIAN_POINT('',(1.106580126301E+03,6.6,-157.0155345876));
#8802 = CARTESIAN_POINT('',(1.106362841145E+03,6.6,-157.0155345876));
#8803 = PCURVE('',#6971,#8804);
#8804 = DEFINITIONAL_REPRESENTATION('',(#8805),#8809);
#8805 = B_SPLINE_CURVE_WITH_KNOTS('',2,(#8806,#8807,#8808),
  .UNSPECIFIED.,.F.,.F.,(3,3),(0.,1.),.PIECEWISE_BEZIER_KNOTS.);
#8806 = CARTESIAN_POINT('',(2.080078125,2.33642578125));
#8807 = CARTESIAN_POINT('',(2.19970703125,2.45361328125));
#8808 = CARTESIAN_POINT('',(2.19970703125,2.6708984375));
#8809 = ( GEOMETRIC_REPRESENTATION_CONTEXT(2) 
PARAMETRIC_REPRESENTATION_CONTEXT() REPRESENTATION_CONTEXT('2D SPACE',''
  ) );
#8810 = PCURVE('',#8811,#8818);
#8811 = SURFACE_OF_LINEAR_EXTRUSION('',#8812,#8816);
#8812 = B_SPLINE_CURVE_WITH_KNOTS('',2,(#8813,#8814,#8815),
  .UNSPECIFIED.,.F.,.F.,(3,3),(0.,1.),.PIECEWISE_BEZIER_KNOTS.);
#8813 = CARTESIAN_POINT('',(1.106697313801E+03,5.95,-156.8959056814));
#8814 = CARTESIAN_POINT('',(1.106580126301E+03,5.95,-157.0155345876));
#8815 = CARTESIAN_POINT('',(1.106362841145E+03,5.95,-157.0155345876));
#8816 = VECTOR('',#8817,1.);
#8817 = DIRECTION('',(-0.,-1.,-0.));
#8818 = DEFINITIONAL_REPRESENTATION('',(#8819),#8823);
#8819 = LINE('',#8820,#8821);
#8820 = CARTESIAN_POINT('',(0.,-0.65));
#8821 = VECTOR('',#8822,1.);
#8822 = DIRECTION('',(1.,0.));
#8823 = ( GEOMETRIC_REPRESENTATION_CONTEXT(2) 
PARAMETRIC_REPRESENTATION_CONTEXT() REPRESENTATION_CONTEXT('2D SPACE',''
  ) );
#8824 = ORIENTED_EDGE('',*,*,#8825,.T.);
#8825 = EDGE_CURVE('',#8796,#8826,#8828,.T.);
#8826 = VERTEX_POINT('',#8827);
#8827 = CARTESIAN_POINT('',(1.106029589192E+03,6.6,-156.8959056814));
#8828 = SURFACE_CURVE('',#8829,(#8833,#8840),.PCURVE_S1.);
#8829 = B_SPLINE_CURVE_WITH_KNOTS('',2,(#8830,#8831,#8832),
  .UNSPECIFIED.,.F.,.F.,(3,3),(0.,1.),.PIECEWISE_BEZIER_KNOTS.);
#8830 = CARTESIAN_POINT('',(1.106362841145E+03,6.6,-157.0155345876));
#8831 = CARTESIAN_POINT('',(1.106145555989E+03,6.6,-157.0155345876));
#8832 = CARTESIAN_POINT('',(1.106029589192E+03,6.6,-156.8959056814));
#8833 = PCURVE('',#6971,#8834);
#8834 = DEFINITIONAL_REPRESENTATION('',(#8835),#8839);
#8835 = B_SPLINE_CURVE_WITH_KNOTS('',2,(#8836,#8837,#8838),
  .UNSPECIFIED.,.F.,.F.,(3,3),(0.,1.),.PIECEWISE_BEZIER_KNOTS.);
#8836 = CARTESIAN_POINT('',(2.19970703125,2.6708984375));
#8837 = CARTESIAN_POINT('',(2.19970703125,2.88818359375));
#8838 = CARTESIAN_POINT('',(2.080078125,3.004150390625));
#8839 = ( GEOMETRIC_REPRESENTATION_CONTEXT(2) 
PARAMETRIC_REPRESENTATION_CONTEXT() REPRESENTATION_CONTEXT('2D SPACE',''
  ) );
#8840 = PCURVE('',#8841,#8848);
#8841 = SURFACE_OF_LINEAR_EXTRUSION('',#8842,#8846);
#8842 = B_SPLINE_CURVE_WITH_KNOTS('',2,(#8843,#8844,#8845),
  .UNSPECIFIED.,.F.,.F.,(3,3),(0.,1.),.PIECEWISE_BEZIER_KNOTS.);
#8843 = CARTESIAN_POINT('',(1.106362841145E+03,5.95,-157.0155345876));
#8844 = CARTESIAN_POINT('',(1.106145555989E+03,5.95,-157.0155345876));
#8845 = CARTESIAN_POINT('',(1.106029589192E+03,5.95,-156.8959056814));
#8846 = VECTOR('',#8847,1.);
#8847 = DIRECTION('',(-0.,-1.,-0.));
#8848 = DEFINITIONAL_REPRESENTATION('',(#8849),#8853);
#8849 = LINE('',#8850,#8851);
#8850 = CARTESIAN_POINT('',(0.,-0.65));
#8851 = VECTOR('',#8852,1.);
#8852 = DIRECTION('',(1.,0.));
#8853 = ( GEOMETRIC_REPRESENTATION_CONTEXT(2) 
PARAMETRIC_REPRESENTATION_CONTEXT() REPRESENTATION_CONTEXT('2D SPACE',''
  ) );
#8854 = ORIENTED_EDGE('',*,*,#8855,.T.);
#8855 = EDGE_CURVE('',#8826,#8856,#8858,.T.);
#8856 = VERTEX_POINT('',#8857);
#8857 = CARTESIAN_POINT('',(1.105913622395E+03,6.6,-156.5565502126));
#8858 = SURFACE_CURVE('',#8859,(#8863,#8870),.PCURVE_S1.);
#8859 = B_SPLINE_CURVE_WITH_KNOTS('',2,(#8860,#8861,#8862),
  .UNSPECIFIED.,.F.,.F.,(3,3),(0.,1.),.PIECEWISE_BEZIER_KNOTS.);
#8860 = CARTESIAN_POINT('',(1.106029589192E+03,6.6,-156.8959056814));
#8861 = CARTESIAN_POINT('',(1.105913622395E+03,6.6,-156.7762767751));
#8862 = CARTESIAN_POINT('',(1.105913622395E+03,6.6,-156.5565502126));
#8863 = PCURVE('',#6971,#8864);
#8864 = DEFINITIONAL_REPRESENTATION('',(#8865),#8869);
#8865 = B_SPLINE_CURVE_WITH_KNOTS('',2,(#8866,#8867,#8868),
  .UNSPECIFIED.,.F.,.F.,(3,3),(0.,1.),.PIECEWISE_BEZIER_KNOTS.);
#8866 = CARTESIAN_POINT('',(2.080078125,3.004150390625));
#8867 = CARTESIAN_POINT('',(1.96044921875,3.1201171875));
#8868 = CARTESIAN_POINT('',(1.74072265625,3.1201171875));
#8869 = ( GEOMETRIC_REPRESENTATION_CONTEXT(2) 
PARAMETRIC_REPRESENTATION_CONTEXT() REPRESENTATION_CONTEXT('2D SPACE',''
  ) );
#8870 = PCURVE('',#8871,#8878);
#8871 = SURFACE_OF_LINEAR_EXTRUSION('',#8872,#8876);
#8872 = B_SPLINE_CURVE_WITH_KNOTS('',2,(#8873,#8874,#8875),
  .UNSPECIFIED.,.F.,.F.,(3,3),(0.,1.),.PIECEWISE_BEZIER_KNOTS.);
#8873 = CARTESIAN_POINT('',(1.106029589192E+03,5.95,-156.8959056814));
#8874 = CARTESIAN_POINT('',(1.105913622395E+03,5.95,-156.7762767751));
#8875 = CARTESIAN_POINT('',(1.105913622395E+03,5.95,-156.5565502126));
#8876 = VECTOR('',#8877,1.);
#8877 = DIRECTION('',(-0.,-1.,-0.));
#8878 = DEFINITIONAL_REPRESENTATION('',(#8879),#8883);
#8879 = LINE('',#8880,#8881);
#8880 = CARTESIAN_POINT('',(0.,-0.65));
#8881 = VECTOR('',#8882,1.);
#8882 = DIRECTION('',(1.,0.));
#8883 = ( GEOMETRIC_REPRESENTATION_CONTEXT(2) 
PARAMETRIC_REPRESENTATION_CONTEXT() REPRESENTATION_CONTEXT('2D SPACE',''
  ) );
#8884 = ORIENTED_EDGE('',*,*,#8885,.T.);
#8885 = EDGE_CURVE('',#8856,#8886,#8888,.T.);
#8886 = VERTEX_POINT('',#8887);
#8887 = CARTESIAN_POINT('',(1.106030809895E+03,6.6,-156.2110912282));
#8888 = SURFACE_CURVE('',#8889,(#8893,#8900),.PCURVE_S1.);
#8889 = B_SPLINE_CURVE_WITH_KNOTS('',2,(#8890,#8891,#8892),
  .UNSPECIFIED.,.F.,.F.,(3,3),(0.,1.),.PIECEWISE_BEZIER_KNOTS.);
#8890 = CARTESIAN_POINT('',(1.105913622395E+03,6.6,-156.5565502126));
#8891 = CARTESIAN_POINT('',(1.105913622395E+03,6.6,-156.3319408376));
#8892 = CARTESIAN_POINT('',(1.106030809895E+03,6.6,-156.2110912282));
#8893 = PCURVE('',#6971,#8894);
#8894 = DEFINITIONAL_REPRESENTATION('',(#8895),#8899);
#8895 = B_SPLINE_CURVE_WITH_KNOTS('',2,(#8896,#8897,#8898),
  .UNSPECIFIED.,.F.,.F.,(3,3),(0.,1.),.PIECEWISE_BEZIER_KNOTS.);
#8896 = CARTESIAN_POINT('',(1.74072265625,3.1201171875));
#8897 = CARTESIAN_POINT('',(1.51611328125,3.1201171875));
#8898 = CARTESIAN_POINT('',(1.395263671875,3.0029296875));
#8899 = ( GEOMETRIC_REPRESENTATION_CONTEXT(2) 
PARAMETRIC_REPRESENTATION_CONTEXT() REPRESENTATION_CONTEXT('2D SPACE',''
  ) );
#8900 = PCURVE('',#8901,#8908);
#8901 = SURFACE_OF_LINEAR_EXTRUSION('',#8902,#8906);
#8902 = B_SPLINE_CURVE_WITH_KNOTS('',2,(#8903,#8904,#8905),
  .UNSPECIFIED.,.F.,.F.,(3,3),(0.,1.),.PIECEWISE_BEZIER_KNOTS.);
#8903 = CARTESIAN_POINT('',(1.105913622395E+03,5.95,-156.5565502126));
#8904 = CARTESIAN_POINT('',(1.105913622395E+03,5.95,-156.3319408376));
#8905 = CARTESIAN_POINT('',(1.106030809895E+03,5.95,-156.2110912282));
#8906 = VECTOR('',#8907,1.);
#8907 = DIRECTION('',(-0.,-1.,-0.));
#8908 = DEFINITIONAL_REPRESENTATION('',(#8909),#8913);
#8909 = LINE('',#8910,#8911);
#8910 = CARTESIAN_POINT('',(0.,-0.65));
#8911 = VECTOR('',#8912,1.);
#8912 = DIRECTION('',(1.,0.));
#8913 = ( GEOMETRIC_REPRESENTATION_CONTEXT(2) 
PARAMETRIC_REPRESENTATION_CONTEXT() REPRESENTATION_CONTEXT('2D SPACE',''
  ) );
#8914 = ORIENTED_EDGE('',*,*,#8915,.T.);
#8915 = EDGE_CURVE('',#8886,#8704,#8916,.T.);
#8916 = SURFACE_CURVE('',#8917,(#8921,#8928),.PCURVE_S1.);
#8917 = B_SPLINE_CURVE_WITH_KNOTS('',2,(#8918,#8919,#8920),
  .UNSPECIFIED.,.F.,.F.,(3,3),(0.,1.),.PIECEWISE_BEZIER_KNOTS.);
#8918 = CARTESIAN_POINT('',(1.106030809895E+03,6.6,-156.2110912282));
#8919 = CARTESIAN_POINT('',(1.106147997395E+03,6.6,-156.0902416189));
#8920 = CARTESIAN_POINT('',(1.106362841145E+03,6.6,-156.0902416189));
#8921 = PCURVE('',#6971,#8922);
#8922 = DEFINITIONAL_REPRESENTATION('',(#8923),#8927);
#8923 = B_SPLINE_CURVE_WITH_KNOTS('',2,(#8924,#8925,#8926),
  .UNSPECIFIED.,.F.,.F.,(3,3),(0.,1.),.PIECEWISE_BEZIER_KNOTS.);
#8924 = CARTESIAN_POINT('',(1.395263671875,3.0029296875));
#8925 = CARTESIAN_POINT('',(1.2744140625,2.8857421875));
#8926 = CARTESIAN_POINT('',(1.2744140625,2.6708984375));
#8927 = ( GEOMETRIC_REPRESENTATION_CONTEXT(2) 
PARAMETRIC_REPRESENTATION_CONTEXT() REPRESENTATION_CONTEXT('2D SPACE',''
  ) );
#8928 = PCURVE('',#8929,#8936);
#8929 = SURFACE_OF_LINEAR_EXTRUSION('',#8930,#8934);
#8930 = B_SPLINE_CURVE_WITH_KNOTS('',2,(#8931,#8932,#8933),
  .UNSPECIFIED.,.F.,.F.,(3,3),(0.,1.),.PIECEWISE_BEZIER_KNOTS.);
#8931 = CARTESIAN_POINT('',(1.106030809895E+03,5.95,-156.2110912282));
#8932 = CARTESIAN_POINT('',(1.106147997395E+03,5.95,-156.0902416189));
#8933 = CARTESIAN_POINT('',(1.106362841145E+03,5.95,-156.0902416189));
#8934 = VECTOR('',#8935,1.);
#8935 = DIRECTION('',(-0.,-1.,-0.));
#8936 = DEFINITIONAL_REPRESENTATION('',(#8937),#8941);
#8937 = LINE('',#8938,#8939);
#8938 = CARTESIAN_POINT('',(0.,-0.65));
#8939 = VECTOR('',#8940,1.);
#8940 = DIRECTION('',(1.,0.));
#8941 = ( GEOMETRIC_REPRESENTATION_CONTEXT(2) 
PARAMETRIC_REPRESENTATION_CONTEXT() REPRESENTATION_CONTEXT('2D SPACE',''
  ) );
#8942 = ADVANCED_FACE('',(#8943),#7760,.T.);
#8943 = FACE_BOUND('',#8944,.F.);
#8944 = EDGE_LOOP('',(#8945,#8946,#8947,#8948));
#8945 = ORIENTED_EDGE('',*,*,#7744,.T.);
#8946 = ORIENTED_EDGE('',*,*,#7896,.T.);
#8947 = ORIENTED_EDGE('',*,*,#7869,.T.);
#8948 = ORIENTED_EDGE('',*,*,#7820,.T.);
#8949 = ADVANCED_FACE('',(#8950),#8001,.T.);
#8950 = FACE_BOUND('',#8951,.T.);
#8951 = EDGE_LOOP('',(#8952,#8980,#9001,#9002));
#8952 = ORIENTED_EDGE('',*,*,#8953,.T.);
#8953 = EDGE_CURVE('',#8954,#8956,#8958,.T.);
#8954 = VERTEX_POINT('',#8955);
#8955 = CARTESIAN_POINT('',(1.106069872395E+03,6.,-147.1717845876));
#8956 = VERTEX_POINT('',#8957);
#8957 = CARTESIAN_POINT('',(1.106069872395E+03,6.,-147.6918041189));
#8958 = SURFACE_CURVE('',#8959,(#8963,#8969),.PCURVE_S1.);
#8959 = LINE('',#8960,#8961);
#8960 = CARTESIAN_POINT('',(1.106069872395E+03,6.,-158.3898191959));
#8961 = VECTOR('',#8962,1.);
#8962 = DIRECTION('',(0.,0.,-1.));
#8963 = PCURVE('',#8001,#8964);
#8964 = DEFINITIONAL_REPRESENTATION('',(#8965),#8968);
#8965 = B_SPLINE_CURVE_WITH_KNOTS('',1,(#8966,#8967),.UNSPECIFIED.,.F.,
  .F.,(2,2),(-11.21803460828,-10.69801507703),.PIECEWISE_BEZIER_KNOTS.);
#8966 = CARTESIAN_POINT('',(0.52001953125,-5.E-02));
#8967 = CARTESIAN_POINT('',(0.,-5.E-02));
#8968 = ( GEOMETRIC_REPRESENTATION_CONTEXT(2) 
PARAMETRIC_REPRESENTATION_CONTEXT() REPRESENTATION_CONTEXT('2D SPACE',''
  ) );
#8969 = PCURVE('',#8970,#8975);
#8970 = PLANE('',#8971);
#8971 = AXIS2_PLACEMENT_3D('',#8972,#8973,#8974);
#8972 = CARTESIAN_POINT('',(1.134423070391E+03,6.,-169.0878342729));
#8973 = DIRECTION('',(0.,1.,0.));
#8974 = DIRECTION('',(0.,-0.,1.));
#8975 = DEFINITIONAL_REPRESENTATION('',(#8976),#8979);
#8976 = B_SPLINE_CURVE_WITH_KNOTS('',1,(#8977,#8978),.UNSPECIFIED.,.F.,
  .F.,(2,2),(-11.21803460828,-10.69801507703),.PIECEWISE_BEZIER_KNOTS.);
#8977 = CARTESIAN_POINT('',(21.916049685321,-28.35319799577));
#8978 = CARTESIAN_POINT('',(21.396030154071,-28.35319799577));
#8979 = ( GEOMETRIC_REPRESENTATION_CONTEXT(2) 
PARAMETRIC_REPRESENTATION_CONTEXT() REPRESENTATION_CONTEXT('2D SPACE',''
  ) );
#8980 = ORIENTED_EDGE('',*,*,#8981,.T.);
#8981 = EDGE_CURVE('',#8956,#7984,#8982,.T.);
#8982 = SURFACE_CURVE('',#8983,(#8987,#8994),.PCURVE_S1.);
#8983 = LINE('',#8984,#8985);
#8984 = CARTESIAN_POINT('',(1.106069872395E+03,5.95,-147.6918041189));
#8985 = VECTOR('',#8986,1.);
#8986 = DIRECTION('',(0.,1.,0.));
#8987 = PCURVE('',#8001,#8988);
#8988 = DEFINITIONAL_REPRESENTATION('',(#8989),#8993);
#8989 = LINE('',#8990,#8991);
#8990 = CARTESIAN_POINT('',(0.,0.));
#8991 = VECTOR('',#8992,1.);
#8992 = DIRECTION('',(0.,-1.));
#8993 = ( GEOMETRIC_REPRESENTATION_CONTEXT(2) 
PARAMETRIC_REPRESENTATION_CONTEXT() REPRESENTATION_CONTEXT('2D SPACE',''
  ) );
#8994 = PCURVE('',#8173,#8995);
#8995 = DEFINITIONAL_REPRESENTATION('',(#8996),#9000);
#8996 = LINE('',#8997,#8998);
#8997 = CARTESIAN_POINT('',(1.,0.));
#8998 = VECTOR('',#8999,1.);
#8999 = DIRECTION('',(0.,-1.));
#9000 = ( GEOMETRIC_REPRESENTATION_CONTEXT(2) 
PARAMETRIC_REPRESENTATION_CONTEXT() REPRESENTATION_CONTEXT('2D SPACE',''
  ) );
#9001 = ORIENTED_EDGE('',*,*,#7983,.T.);
#9002 = ORIENTED_EDGE('',*,*,#9003,.F.);
#9003 = EDGE_CURVE('',#8954,#7986,#9004,.T.);
#9004 = SURFACE_CURVE('',#9005,(#9009,#9016),.PCURVE_S1.);
#9005 = LINE('',#9006,#9007);
#9006 = CARTESIAN_POINT('',(1.106069872395E+03,5.95,-147.1717845876));
#9007 = VECTOR('',#9008,1.);
#9008 = DIRECTION('',(0.,1.,0.));
#9009 = PCURVE('',#8001,#9010);
#9010 = DEFINITIONAL_REPRESENTATION('',(#9011),#9015);
#9011 = LINE('',#9012,#9013);
#9012 = CARTESIAN_POINT('',(0.52001953125,0.));
#9013 = VECTOR('',#9014,1.);
#9014 = DIRECTION('',(0.,-1.));
#9015 = ( GEOMETRIC_REPRESENTATION_CONTEXT(2) 
PARAMETRIC_REPRESENTATION_CONTEXT() REPRESENTATION_CONTEXT('2D SPACE',''
  ) );
#9016 = PCURVE('',#8029,#9017);
#9017 = DEFINITIONAL_REPRESENTATION('',(#9018),#9022);
#9018 = LINE('',#9019,#9020);
#9019 = CARTESIAN_POINT('',(0.,0.));
#9020 = VECTOR('',#9021,1.);
#9021 = DIRECTION('',(0.,-1.));
#9022 = ( GEOMETRIC_REPRESENTATION_CONTEXT(2) 
PARAMETRIC_REPRESENTATION_CONTEXT() REPRESENTATION_CONTEXT('2D SPACE',''
  ) );
#9023 = ADVANCED_FACE('',(#9024),#8029,.T.);
#9024 = FACE_BOUND('',#9025,.T.);
#9025 = EDGE_LOOP('',(#9026,#9047,#9048,#9049));
#9026 = ORIENTED_EDGE('',*,*,#9027,.T.);
#9027 = EDGE_CURVE('',#9028,#8954,#9030,.T.);
#9028 = VERTEX_POINT('',#9029);
#9029 = CARTESIAN_POINT('',(1.107087938801E+03,6.,-147.1717845876));
#9030 = SURFACE_CURVE('',#9031,(#9035,#9041),.PCURVE_S1.);
#9031 = LINE('',#9032,#9033);
#9032 = CARTESIAN_POINT('',(1.120246471393E+03,6.,-147.1717845876));
#9033 = VECTOR('',#9034,1.);
#9034 = DIRECTION('',(-1.,0.,0.));
#9035 = PCURVE('',#8029,#9036);
#9036 = DEFINITIONAL_REPRESENTATION('',(#9037),#9040);
#9037 = B_SPLINE_CURVE_WITH_KNOTS('',1,(#9038,#9039),.UNSPECIFIED.,.F.,
  .F.,(2,2),(13.158532591639,14.176598997889),.PIECEWISE_BEZIER_KNOTS.);
#9038 = CARTESIAN_POINT('',(1.01806640625,-5.E-02));
#9039 = CARTESIAN_POINT('',(0.,-5.E-02));
#9040 = ( GEOMETRIC_REPRESENTATION_CONTEXT(2) 
PARAMETRIC_REPRESENTATION_CONTEXT() REPRESENTATION_CONTEXT('2D SPACE',''
  ) );
#9041 = PCURVE('',#8970,#9042);
#9042 = DEFINITIONAL_REPRESENTATION('',(#9043),#9046);
#9043 = B_SPLINE_CURVE_WITH_KNOTS('',1,(#9044,#9045),.UNSPECIFIED.,.F.,
  .F.,(2,2),(13.158532591639,14.176598997889),.PIECEWISE_BEZIER_KNOTS.);
#9044 = CARTESIAN_POINT('',(21.916049685321,-27.33513158952));
#9045 = CARTESIAN_POINT('',(21.916049685321,-28.35319799577));
#9046 = ( GEOMETRIC_REPRESENTATION_CONTEXT(2) 
PARAMETRIC_REPRESENTATION_CONTEXT() REPRESENTATION_CONTEXT('2D SPACE',''
  ) );
#9047 = ORIENTED_EDGE('',*,*,#9003,.T.);
#9048 = ORIENTED_EDGE('',*,*,#8013,.T.);
#9049 = ORIENTED_EDGE('',*,*,#9050,.F.);
#9050 = EDGE_CURVE('',#9028,#8014,#9051,.T.);
#9051 = SURFACE_CURVE('',#9052,(#9056,#9063),.PCURVE_S1.);
#9052 = LINE('',#9053,#9054);
#9053 = CARTESIAN_POINT('',(1.107087938801E+03,5.95,-147.1717845876));
#9054 = VECTOR('',#9055,1.);
#9055 = DIRECTION('',(0.,1.,0.));
#9056 = PCURVE('',#8029,#9057);
#9057 = DEFINITIONAL_REPRESENTATION('',(#9058),#9062);
#9058 = LINE('',#9059,#9060);
#9059 = CARTESIAN_POINT('',(1.01806640625,0.));
#9060 = VECTOR('',#9061,1.);
#9061 = DIRECTION('',(0.,-1.));
#9062 = ( GEOMETRIC_REPRESENTATION_CONTEXT(2) 
PARAMETRIC_REPRESENTATION_CONTEXT() REPRESENTATION_CONTEXT('2D SPACE',''
  ) );
#9063 = PCURVE('',#8057,#9064);
#9064 = DEFINITIONAL_REPRESENTATION('',(#9065),#9069);
#9065 = LINE('',#9066,#9067);
#9066 = CARTESIAN_POINT('',(0.,-0.));
#9067 = VECTOR('',#9068,1.);
#9068 = DIRECTION('',(0.,-1.));
#9069 = ( GEOMETRIC_REPRESENTATION_CONTEXT(2) 
PARAMETRIC_REPRESENTATION_CONTEXT() REPRESENTATION_CONTEXT('2D SPACE',''
  ) );
#9070 = ADVANCED_FACE('',(#9071),#8057,.T.);
#9071 = FACE_BOUND('',#9072,.T.);
#9072 = EDGE_LOOP('',(#9073,#9094,#9095,#9096));
#9073 = ORIENTED_EDGE('',*,*,#9074,.T.);
#9074 = EDGE_CURVE('',#9075,#9028,#9077,.T.);
#9075 = VERTEX_POINT('',#9076);
#9076 = CARTESIAN_POINT('',(1.107087938801E+03,6.,-147.6918041189));
#9077 = SURFACE_CURVE('',#9078,(#9082,#9088),.PCURVE_S1.);
#9078 = LINE('',#9079,#9080);
#9079 = CARTESIAN_POINT('',(1.107087938801E+03,6.,-158.1298094303));
#9080 = VECTOR('',#9081,1.);
#9081 = DIRECTION('',(0.,-0.,1.));
#9082 = PCURVE('',#8057,#9083);
#9083 = DEFINITIONAL_REPRESENTATION('',(#9084),#9087);
#9084 = B_SPLINE_CURVE_WITH_KNOTS('',1,(#9085,#9086),.UNSPECIFIED.,.F.,
  .F.,(2,2),(10.438005311411,10.958024842661),.PIECEWISE_BEZIER_KNOTS.);
#9085 = CARTESIAN_POINT('',(0.52001953125,-5.E-02));
#9086 = CARTESIAN_POINT('',(0.,-5.E-02));
#9087 = ( GEOMETRIC_REPRESENTATION_CONTEXT(2) 
PARAMETRIC_REPRESENTATION_CONTEXT() REPRESENTATION_CONTEXT('2D SPACE',''
  ) );
#9088 = PCURVE('',#8970,#9089);
#9089 = DEFINITIONAL_REPRESENTATION('',(#9090),#9093);
#9090 = B_SPLINE_CURVE_WITH_KNOTS('',1,(#9091,#9092),.UNSPECIFIED.,.F.,
  .F.,(2,2),(10.438005311411,10.958024842661),.PIECEWISE_BEZIER_KNOTS.);
#9091 = CARTESIAN_POINT('',(21.396030154071,-27.33513158952));
#9092 = CARTESIAN_POINT('',(21.916049685321,-27.33513158952));
#9093 = ( GEOMETRIC_REPRESENTATION_CONTEXT(2) 
PARAMETRIC_REPRESENTATION_CONTEXT() REPRESENTATION_CONTEXT('2D SPACE',''
  ) );
#9094 = ORIENTED_EDGE('',*,*,#9050,.T.);
#9095 = ORIENTED_EDGE('',*,*,#8041,.T.);
#9096 = ORIENTED_EDGE('',*,*,#9097,.F.);
#9097 = EDGE_CURVE('',#9075,#8042,#9098,.T.);
#9098 = SURFACE_CURVE('',#9099,(#9103,#9110),.PCURVE_S1.);
#9099 = LINE('',#9100,#9101);
#9100 = CARTESIAN_POINT('',(1.107087938801E+03,5.95,-147.6918041189));
#9101 = VECTOR('',#9102,1.);
#9102 = DIRECTION('',(0.,1.,0.));
#9103 = PCURVE('',#8057,#9104);
#9104 = DEFINITIONAL_REPRESENTATION('',(#9105),#9109);
#9105 = LINE('',#9106,#9107);
#9106 = CARTESIAN_POINT('',(0.52001953125,0.));
#9107 = VECTOR('',#9108,1.);
#9108 = DIRECTION('',(0.,-1.));
#9109 = ( GEOMETRIC_REPRESENTATION_CONTEXT(2) 
PARAMETRIC_REPRESENTATION_CONTEXT() REPRESENTATION_CONTEXT('2D SPACE',''
  ) );
#9110 = PCURVE('',#8085,#9111);
#9111 = DEFINITIONAL_REPRESENTATION('',(#9112),#9116);
#9112 = LINE('',#9113,#9114);
#9113 = CARTESIAN_POINT('',(0.,0.));
#9114 = VECTOR('',#9115,1.);
#9115 = DIRECTION('',(0.,-1.));
#9116 = ( GEOMETRIC_REPRESENTATION_CONTEXT(2) 
PARAMETRIC_REPRESENTATION_CONTEXT() REPRESENTATION_CONTEXT('2D SPACE',''
  ) );
#9117 = ADVANCED_FACE('',(#9118),#8085,.T.);
#9118 = FACE_BOUND('',#9119,.T.);
#9119 = EDGE_LOOP('',(#9120,#9155,#9156,#9157));
#9120 = ORIENTED_EDGE('',*,*,#9121,.T.);
#9121 = EDGE_CURVE('',#9122,#9075,#9124,.T.);
#9122 = VERTEX_POINT('',#9123);
#9123 = CARTESIAN_POINT('',(1.106954882161E+03,6.,-148.1141674001));
#9124 = SURFACE_CURVE('',#9125,(#9133,#9144),.PCURVE_S1.);
#9125 = B_SPLINE_CURVE_WITH_KNOTS('',6,(#9126,#9127,#9128,#9129,#9130,
    #9131,#9132),.UNSPECIFIED.,.F.,.F.,(7,7),(0.,1.),
  .PIECEWISE_BEZIER_KNOTS.);
#9126 = CARTESIAN_POINT('',(1.106954882161E+03,6.,-148.1141674001));
#9127 = CARTESIAN_POINT('',(1.107000127833E+03,6.,-148.063525455));
#9128 = CARTESIAN_POINT('',(1.107036125337E+03,6.,-148.0042637795));
#9129 = CARTESIAN_POINT('',(1.107062588312E+03,6.,-147.9367284832));
#9130 = CARTESIAN_POINT('',(1.10707970043E+03,6.,-147.8615787379));
#9131 = CARTESIAN_POINT('',(1.107087938801E+03,6.,-147.7796423263));
#9132 = CARTESIAN_POINT('',(1.107087938801E+03,6.,-147.6918041189));
#9133 = PCURVE('',#8085,#9134);
#9134 = DEFINITIONAL_REPRESENTATION('',(#9135),#9143);
#9135 = B_SPLINE_CURVE_WITH_KNOTS('',6,(#9136,#9137,#9138,#9139,#9140,
    #9141,#9142),.UNSPECIFIED.,.F.,.F.,(7,7),(0.,1.),
  .PIECEWISE_BEZIER_KNOTS.);
#9136 = CARTESIAN_POINT('',(1.,-5.E-02));
#9137 = CARTESIAN_POINT('',(0.829975895861,-5.E-02));
#9138 = CARTESIAN_POINT('',(0.660014912495,-5.E-02));
#9139 = CARTESIAN_POINT('',(0.491239937489,-5.E-02));
#9140 = CARTESIAN_POINT('',(0.324542026265,-5.E-02));
#9141 = CARTESIAN_POINT('',(0.160618436498,-5.E-02));
#9142 = CARTESIAN_POINT('',(0.,-5.E-02));
#9143 = ( GEOMETRIC_REPRESENTATION_CONTEXT(2) 
PARAMETRIC_REPRESENTATION_CONTEXT() REPRESENTATION_CONTEXT('2D SPACE',''
  ) );
#9144 = PCURVE('',#8970,#9145);
#9145 = DEFINITIONAL_REPRESENTATION('',(#9146),#9154);
#9146 = B_SPLINE_CURVE_WITH_KNOTS('',6,(#9147,#9148,#9149,#9150,#9151,
    #9152,#9153),.UNSPECIFIED.,.F.,.F.,(7,7),(0.,1.),
  .PIECEWISE_BEZIER_KNOTS.);
#9147 = CARTESIAN_POINT('',(20.973666872821,-27.46818823015));
#9148 = CARTESIAN_POINT('',(21.024308817902,-27.42294255791));
#9149 = CARTESIAN_POINT('',(21.083570493397,-27.38694505434));
#9150 = CARTESIAN_POINT('',(21.151105789709,-27.36048207907));
#9151 = CARTESIAN_POINT('',(21.226255535085,-27.34336996087));
#9152 = CARTESIAN_POINT('',(21.308191946611,-27.33513158952));
#9153 = CARTESIAN_POINT('',(21.396030154071,-27.33513158952));
#9154 = ( GEOMETRIC_REPRESENTATION_CONTEXT(2) 
PARAMETRIC_REPRESENTATION_CONTEXT() REPRESENTATION_CONTEXT('2D SPACE',''
  ) );
#9155 = ORIENTED_EDGE('',*,*,#9097,.T.);
#9156 = ORIENTED_EDGE('',*,*,#8069,.T.);
#9157 = ORIENTED_EDGE('',*,*,#9158,.F.);
#9158 = EDGE_CURVE('',#9122,#8070,#9159,.T.);
#9159 = SURFACE_CURVE('',#9160,(#9164,#9171),.PCURVE_S1.);
#9160 = LINE('',#9161,#9162);
#9161 = CARTESIAN_POINT('',(1.106954882161E+03,5.95,-148.1141674001));
#9162 = VECTOR('',#9163,1.);
#9163 = DIRECTION('',(0.,1.,0.));
#9164 = PCURVE('',#8085,#9165);
#9165 = DEFINITIONAL_REPRESENTATION('',(#9166),#9170);
#9166 = LINE('',#9167,#9168);
#9167 = CARTESIAN_POINT('',(1.,0.));
#9168 = VECTOR('',#9169,1.);
#9169 = DIRECTION('',(0.,-1.));
#9170 = ( GEOMETRIC_REPRESENTATION_CONTEXT(2) 
PARAMETRIC_REPRESENTATION_CONTEXT() REPRESENTATION_CONTEXT('2D SPACE',''
  ) );
#9171 = PCURVE('',#8115,#9172);
#9172 = DEFINITIONAL_REPRESENTATION('',(#9173),#9177);
#9173 = LINE('',#9174,#9175);
#9174 = CARTESIAN_POINT('',(0.,0.));
#9175 = VECTOR('',#9176,1.);
#9176 = DIRECTION('',(0.,-1.));
#9177 = ( GEOMETRIC_REPRESENTATION_CONTEXT(2) 
PARAMETRIC_REPRESENTATION_CONTEXT() REPRESENTATION_CONTEXT('2D SPACE',''
  ) );
#9178 = ADVANCED_FACE('',(#9179),#8115,.T.);
#9179 = FACE_BOUND('',#9180,.T.);
#9180 = EDGE_LOOP('',(#9181,#9225,#9226,#9227));
#9181 = ORIENTED_EDGE('',*,*,#9182,.T.);
#9182 = EDGE_CURVE('',#9183,#9122,#9185,.T.);
#9183 = VERTEX_POINT('',#9184);
#9184 = CARTESIAN_POINT('',(1.106577684895E+03,6.,-148.2630931814));
#9185 = SURFACE_CURVE('',#9186,(#9197,#9211),.PCURVE_S1.);
#9186 = B_SPLINE_CURVE_WITH_KNOTS('',5,(#9187,#9188,#9189,#9190,#9191,
    #9192,#9193,#9194,#9195,#9196),.UNSPECIFIED.,.F.,.F.,(6,4,6),(0.,
    0.786881261309,1.),.UNSPECIFIED.);
#9187 = CARTESIAN_POINT('',(1.106577684895E+03,6.,-148.2630931814));
#9188 = CARTESIAN_POINT('',(1.106652558135E+03,6.,-148.2630931814));
#9189 = CARTESIAN_POINT('',(1.10672217416E+03,6.,-148.2543387703));
#9190 = CARTESIAN_POINT('',(1.106785755963E+03,6.,-148.2362352645));
#9191 = CARTESIAN_POINT('',(1.106842654253E+03,6.,-148.2084767812));
#9192 = CARTESIAN_POINT('',(1.106906042082E+03,6.,-148.1612582348));
#9193 = CARTESIAN_POINT('',(1.106919036862E+03,6.,-148.1505053494));
#9194 = CARTESIAN_POINT('',(1.106931511007E+03,6.,-148.1390674303));
#9195 = CARTESIAN_POINT('',(1.106943460213E+03,6.,-148.1269515982));
#9196 = CARTESIAN_POINT('',(1.106954882161E+03,6.,-148.1141674001));
#9197 = PCURVE('',#8115,#9198);
#9198 = DEFINITIONAL_REPRESENTATION('',(#9199),#9210);
#9199 = B_SPLINE_CURVE_WITH_KNOTS('',5,(#9200,#9201,#9202,#9203,#9204,
    #9205,#9206,#9207,#9208,#9209),.UNSPECIFIED.,.F.,.F.,(6,4,6),(0.,
    0.786881261309,1.),.UNSPECIFIED.);
#9200 = CARTESIAN_POINT('',(1.,-5.E-02));
#9201 = CARTESIAN_POINT('',(0.846659604904,-5.E-02));
#9202 = CARTESIAN_POINT('',(0.690712688952,-5.E-02));
#9203 = CARTESIAN_POINT('',(0.532842123146,-5.E-02));
#9204 = CARTESIAN_POINT('',(0.373910384278,-5.E-02));
#9205 = CARTESIAN_POINT('',(0.171960748301,-5.E-02));
#9206 = CARTESIAN_POINT('',(0.128921260493,-5.E-02));
#9207 = CARTESIAN_POINT('',(8.590157302406E-02,-5.E-02));
#9208 = CARTESIAN_POINT('',(4.292137336307E-02,-5.E-02));
#9209 = CARTESIAN_POINT('',(0.,-5.E-02));
#9210 = ( GEOMETRIC_REPRESENTATION_CONTEXT(2) 
PARAMETRIC_REPRESENTATION_CONTEXT() REPRESENTATION_CONTEXT('2D SPACE',''
  ) );
#9211 = PCURVE('',#8970,#9212);
#9212 = DEFINITIONAL_REPRESENTATION('',(#9213),#9224);
#9213 = B_SPLINE_CURVE_WITH_KNOTS('',5,(#9214,#9215,#9216,#9217,#9218,
    #9219,#9220,#9221,#9222,#9223),.UNSPECIFIED.,.F.,.F.,(6,4,6),(0.,
    0.786881261309,1.),.UNSPECIFIED.);
#9214 = CARTESIAN_POINT('',(20.824741091571,-27.84538549577));
#9215 = CARTESIAN_POINT('',(20.824741091571,-27.77051225598));
#9216 = CARTESIAN_POINT('',(20.833495502668,-27.70089623052));
#9217 = CARTESIAN_POINT('',(20.851599008454,-27.63731442795));
#9218 = CARTESIAN_POINT('',(20.879357491712,-27.580416138));
#9219 = CARTESIAN_POINT('',(20.92657603819,-27.51702830853));
#9220 = CARTESIAN_POINT('',(20.937328923585,-27.50403352847));
#9221 = CARTESIAN_POINT('',(20.94876684267,-27.49155938429));
#9222 = CARTESIAN_POINT('',(20.9608826747,-27.47961017765));
#9223 = CARTESIAN_POINT('',(20.973666872821,-27.46818823015));
#9224 = ( GEOMETRIC_REPRESENTATION_CONTEXT(2) 
PARAMETRIC_REPRESENTATION_CONTEXT() REPRESENTATION_CONTEXT('2D SPACE',''
  ) );
#9225 = ORIENTED_EDGE('',*,*,#9158,.T.);
#9226 = ORIENTED_EDGE('',*,*,#8099,.T.);
#9227 = ORIENTED_EDGE('',*,*,#9228,.F.);
#9228 = EDGE_CURVE('',#9183,#8100,#9229,.T.);
#9229 = SURFACE_CURVE('',#9230,(#9234,#9241),.PCURVE_S1.);
#9230 = LINE('',#9231,#9232);
#9231 = CARTESIAN_POINT('',(1.106577684895E+03,5.95,-148.2630931814));
#9232 = VECTOR('',#9233,1.);
#9233 = DIRECTION('',(0.,1.,0.));
#9234 = PCURVE('',#8115,#9235);
#9235 = DEFINITIONAL_REPRESENTATION('',(#9236),#9240);
#9236 = LINE('',#9237,#9238);
#9237 = CARTESIAN_POINT('',(1.,0.));
#9238 = VECTOR('',#9239,1.);
#9239 = DIRECTION('',(0.,-1.));
#9240 = ( GEOMETRIC_REPRESENTATION_CONTEXT(2) 
PARAMETRIC_REPRESENTATION_CONTEXT() REPRESENTATION_CONTEXT('2D SPACE',''
  ) );
#9241 = PCURVE('',#8145,#9242);
#9242 = DEFINITIONAL_REPRESENTATION('',(#9243),#9247);
#9243 = LINE('',#9244,#9245);
#9244 = CARTESIAN_POINT('',(0.,0.));
#9245 = VECTOR('',#9246,1.);
#9246 = DIRECTION('',(0.,-1.));
#9247 = ( GEOMETRIC_REPRESENTATION_CONTEXT(2) 
PARAMETRIC_REPRESENTATION_CONTEXT() REPRESENTATION_CONTEXT('2D SPACE',''
  ) );
#9248 = ADVANCED_FACE('',(#9249),#8145,.T.);
#9249 = FACE_BOUND('',#9250,.T.);
#9250 = EDGE_LOOP('',(#9251,#9295,#9296,#9297));
#9251 = ORIENTED_EDGE('',*,*,#9252,.T.);
#9252 = EDGE_CURVE('',#9253,#9183,#9255,.T.);
#9253 = VERTEX_POINT('',#9254);
#9254 = CARTESIAN_POINT('',(1.106201708333E+03,6.,-148.1141674001));
#9255 = SURFACE_CURVE('',#9256,(#9267,#9281),.PCURVE_S1.);
#9256 = B_SPLINE_CURVE_WITH_KNOTS('',5,(#9257,#9258,#9259,#9260,#9261,
    #9262,#9263,#9264,#9265,#9266),.UNSPECIFIED.,.F.,.F.,(6,4,6),(0.,
    0.210107992985,1.),.UNSPECIFIED.);
#9257 = CARTESIAN_POINT('',(1.106201708333E+03,6.,-148.1141674001));
#9258 = CARTESIAN_POINT('',(1.106212867882E+03,6.,-148.126773558));
#9259 = CARTESIAN_POINT('',(1.106224545399E+03,6.,-148.1387297963));
#9260 = CARTESIAN_POINT('',(1.106236738681E+03,6.,-148.1500269198));
#9261 = CARTESIAN_POINT('',(1.106249443618E+03,6.,-148.1606580472));
#9262 = CARTESIAN_POINT('',(1.106312318779E+03,6.,-148.2080649246));
#9263 = CARTESIAN_POINT('',(1.106369137634E+03,6.,-148.2360398116));
#9264 = CARTESIAN_POINT('',(1.106432770611E+03,6.,-148.254277924));
#9265 = CARTESIAN_POINT('',(1.106502551939E+03,6.,-148.2630931814));
#9266 = CARTESIAN_POINT('',(1.106577684895E+03,6.,-148.2630931814));
#9267 = PCURVE('',#8145,#9268);
#9268 = DEFINITIONAL_REPRESENTATION('',(#9269),#9280);
#9269 = B_SPLINE_CURVE_WITH_KNOTS('',5,(#9270,#9271,#9272,#9273,#9274,
    #9275,#9276,#9277,#9278,#9279),.UNSPECIFIED.,.F.,.F.,(6,4,6),(0.,
    0.210107992985,1.),.UNSPECIFIED.);
#9270 = CARTESIAN_POINT('',(1.,-5.E-02));
#9271 = CARTESIAN_POINT('',(0.957676374842,-5.E-02));
#9272 = CARTESIAN_POINT('',(0.91529568387,-5.E-02));
#9273 = CARTESIAN_POINT('',(0.872876638917,-5.E-02));
#9274 = CARTESIAN_POINT('',(0.830438284936,-5.E-02));
#9275 = CARTESIAN_POINT('',(0.628455084138,-5.E-02));
#9276 = CARTESIAN_POINT('',(0.468885837014,-5.E-02));
#9277 = CARTESIAN_POINT('',(0.31039868029,-5.E-02));
#9278 = CARTESIAN_POINT('',(0.153872293982,-5.E-02));
#9279 = CARTESIAN_POINT('',(0.,-5.E-02));
#9280 = ( GEOMETRIC_REPRESENTATION_CONTEXT(2) 
PARAMETRIC_REPRESENTATION_CONTEXT() REPRESENTATION_CONTEXT('2D SPACE',''
  ) );
#9281 = PCURVE('',#8970,#9282);
#9282 = DEFINITIONAL_REPRESENTATION('',(#9283),#9294);
#9283 = B_SPLINE_CURVE_WITH_KNOTS('',5,(#9284,#9285,#9286,#9287,#9288,
    #9289,#9290,#9291,#9292,#9293),.UNSPECIFIED.,.F.,.F.,(6,4,6),(0.,
    0.210107992985,1.),.UNSPECIFIED.);
#9284 = CARTESIAN_POINT('',(20.973666872821,-28.22136205827));
#9285 = CARTESIAN_POINT('',(20.961060714937,-28.21020250867));
#9286 = CARTESIAN_POINT('',(20.949104476595,-28.19852499164));
#9287 = CARTESIAN_POINT('',(20.937807353096,-28.18633170966));
#9288 = CARTESIAN_POINT('',(20.927176225752,-28.17362677283));
#9289 = CARTESIAN_POINT('',(20.879769348331,-28.11075161161));
#9290 = CARTESIAN_POINT('',(20.851794461351,-28.05393275658));
#9291 = CARTESIAN_POINT('',(20.833556348923,-27.99029978027));
#9292 = CARTESIAN_POINT('',(20.824741091571,-27.92051845182));
#9293 = CARTESIAN_POINT('',(20.824741091571,-27.84538549577));
#9294 = ( GEOMETRIC_REPRESENTATION_CONTEXT(2) 
PARAMETRIC_REPRESENTATION_CONTEXT() REPRESENTATION_CONTEXT('2D SPACE',''
  ) );
#9295 = ORIENTED_EDGE('',*,*,#9228,.T.);
#9296 = ORIENTED_EDGE('',*,*,#8129,.T.);
#9297 = ORIENTED_EDGE('',*,*,#9298,.F.);
#9298 = EDGE_CURVE('',#9253,#8130,#9299,.T.);
#9299 = SURFACE_CURVE('',#9300,(#9304,#9311),.PCURVE_S1.);
#9300 = LINE('',#9301,#9302);
#9301 = CARTESIAN_POINT('',(1.106201708333E+03,5.95,-148.1141674001));
#9302 = VECTOR('',#9303,1.);
#9303 = DIRECTION('',(0.,1.,0.));
#9304 = PCURVE('',#8145,#9305);
#9305 = DEFINITIONAL_REPRESENTATION('',(#9306),#9310);
#9306 = LINE('',#9307,#9308);
#9307 = CARTESIAN_POINT('',(1.,0.));
#9308 = VECTOR('',#9309,1.);
#9309 = DIRECTION('',(0.,-1.));
#9310 = ( GEOMETRIC_REPRESENTATION_CONTEXT(2) 
PARAMETRIC_REPRESENTATION_CONTEXT() REPRESENTATION_CONTEXT('2D SPACE',''
  ) );
#9311 = PCURVE('',#8173,#9312);
#9312 = DEFINITIONAL_REPRESENTATION('',(#9313),#9317);
#9313 = LINE('',#9314,#9315);
#9314 = CARTESIAN_POINT('',(0.,0.));
#9315 = VECTOR('',#9316,1.);
#9316 = DIRECTION('',(0.,-1.));
#9317 = ( GEOMETRIC_REPRESENTATION_CONTEXT(2) 
PARAMETRIC_REPRESENTATION_CONTEXT() REPRESENTATION_CONTEXT('2D SPACE',''
  ) );
#9318 = ADVANCED_FACE('',(#9319),#8173,.T.);
#9319 = FACE_BOUND('',#9320,.T.);
#9320 = EDGE_LOOP('',(#9321,#9354,#9355,#9356));
#9321 = ORIENTED_EDGE('',*,*,#9322,.T.);
#9322 = EDGE_CURVE('',#8956,#9253,#9323,.T.);
#9323 = SURFACE_CURVE('',#9324,(#9332,#9343),.PCURVE_S1.);
#9324 = B_SPLINE_CURVE_WITH_KNOTS('',6,(#9325,#9326,#9327,#9328,#9329,
    #9330,#9331),.UNSPECIFIED.,.F.,.F.,(7,7),(0.,1.),
  .PIECEWISE_BEZIER_KNOTS.);
#9325 = CARTESIAN_POINT('',(1.106069872395E+03,6.,-147.6918041189));
#9326 = CARTESIAN_POINT('',(1.106069872395E+03,6.,-147.7796266481));
#9327 = CARTESIAN_POINT('',(1.106078032269E+03,6.,-147.8615487476));
#9328 = CARTESIAN_POINT('',(1.106094980982E+03,6.,-147.9366917051));
#9329 = CARTESIAN_POINT('',(1.106121194097E+03,6.,-148.0042308575));
#9330 = CARTESIAN_POINT('',(1.106156860769E+03,6.,-148.0635062632));
#9331 = CARTESIAN_POINT('',(1.106201708333E+03,6.,-148.1141674001));
#9332 = PCURVE('',#8173,#9333);
#9333 = DEFINITIONAL_REPRESENTATION('',(#9334),#9342);
#9334 = B_SPLINE_CURVE_WITH_KNOTS('',6,(#9335,#9336,#9337,#9338,#9339,
    #9340,#9341),.UNSPECIFIED.,.F.,.F.,(7,7),(0.,1.),
  .PIECEWISE_BEZIER_KNOTS.);
#9335 = CARTESIAN_POINT('',(1.,-5.E-02));
#9336 = CARTESIAN_POINT('',(0.839410232337,-5.E-02));
#9337 = CARTESIAN_POINT('',(0.675517848697,-5.E-02));
#9338 = CARTESIAN_POINT('',(0.508843425281,-5.E-02));
#9339 = CARTESIAN_POINT('',(0.340073627064,-5.E-02));
#9340 = CARTESIAN_POINT('',(0.170088538267,-5.E-02));
#9341 = CARTESIAN_POINT('',(0.,-5.E-02));
#9342 = ( GEOMETRIC_REPRESENTATION_CONTEXT(2) 
PARAMETRIC_REPRESENTATION_CONTEXT() REPRESENTATION_CONTEXT('2D SPACE',''
  ) );
#9343 = PCURVE('',#8970,#9344);
#9344 = DEFINITIONAL_REPRESENTATION('',(#9345),#9353);
#9345 = B_SPLINE_CURVE_WITH_KNOTS('',6,(#9346,#9347,#9348,#9349,#9350,
    #9351,#9352),.UNSPECIFIED.,.F.,.F.,(7,7),(0.,1.),
  .PIECEWISE_BEZIER_KNOTS.);
#9346 = CARTESIAN_POINT('',(21.396030154071,-28.35319799577));
#9347 = CARTESIAN_POINT('',(21.30820762488,-28.35319799577));
#9348 = CARTESIAN_POINT('',(21.226285525335,-28.34503812168));
#9349 = CARTESIAN_POINT('',(21.151142567874,-28.32808940867));
#9350 = CARTESIAN_POINT('',(21.083603415409,-28.30187629356));
#9351 = CARTESIAN_POINT('',(21.024328009707,-28.26620962208));
#9352 = CARTESIAN_POINT('',(20.973666872821,-28.22136205827));
#9353 = ( GEOMETRIC_REPRESENTATION_CONTEXT(2) 
PARAMETRIC_REPRESENTATION_CONTEXT() REPRESENTATION_CONTEXT('2D SPACE',''
  ) );
#9354 = ORIENTED_EDGE('',*,*,#9298,.T.);
#9355 = ORIENTED_EDGE('',*,*,#8159,.T.);
#9356 = ORIENTED_EDGE('',*,*,#8981,.F.);
#9357 = ADVANCED_FACE('',(#9358),#8218,.T.);
#9358 = FACE_BOUND('',#9359,.T.);
#9359 = EDGE_LOOP('',(#9360,#9405,#9426,#9427));
#9360 = ORIENTED_EDGE('',*,*,#9361,.T.);
#9361 = EDGE_CURVE('',#9362,#9364,#9366,.T.);
#9362 = VERTEX_POINT('',#9363);
#9363 = CARTESIAN_POINT('',(1.106244432942E+03,6.,-172.351227947));
#9364 = VERTEX_POINT('',#9365);
#9365 = CARTESIAN_POINT('',(1.107207567708E+03,6.,-172.4794017751));
#9366 = SURFACE_CURVE('',#9367,(#9376,#9388),.PCURVE_S1.);
#9367 = B_SPLINE_CURVE_WITH_KNOTS('',7,(#9368,#9369,#9370,#9371,#9372,
    #9373,#9374,#9375),.UNSPECIFIED.,.F.,.F.,(8,8),(0.,1.),
  .PIECEWISE_BEZIER_KNOTS.);
#9368 = CARTESIAN_POINT('',(1.106244432942E+03,6.,-172.351227947));
#9369 = CARTESIAN_POINT('',(1.106340333454E+03,6.,-172.3951997974));
#9370 = CARTESIAN_POINT('',(1.106458119317E+03,6.,-172.4276865202));
#9371 = CARTESIAN_POINT('',(1.106591712766E+03,6.,-172.4506397847));
#9372 = CARTESIAN_POINT('',(1.106736076411E+03,6.,-172.4659741393));
#9373 = CARTESIAN_POINT('',(1.106887826703E+03,6.,-172.4751768321));
#9374 = CARTESIAN_POINT('',(1.10704507852E+03,6.,-172.4794017751));
#9375 = CARTESIAN_POINT('',(1.107207567708E+03,6.,-172.4794017751));
#9376 = PCURVE('',#8218,#9377);
#9377 = DEFINITIONAL_REPRESENTATION('',(#9378),#9387);
#9378 = B_SPLINE_CURVE_WITH_KNOTS('',7,(#9379,#9380,#9381,#9382,#9383,
    #9384,#9385,#9386),.UNSPECIFIED.,.F.,.F.,(8,8),(0.,1.),
  .PIECEWISE_BEZIER_KNOTS.);
#9379 = CARTESIAN_POINT('',(1.,-5.E-02));
#9380 = CARTESIAN_POINT('',(0.828467905427,-5.E-02));
#9381 = CARTESIAN_POINT('',(0.667409974774,-5.E-02));
#9382 = CARTESIAN_POINT('',(0.516771615362,-5.E-02));
#9383 = CARTESIAN_POINT('',(0.375822862661,-5.E-02));
#9384 = CARTESIAN_POINT('',(0.243609332727,-5.E-02));
#9385 = CARTESIAN_POINT('',(0.118849234737,-5.E-02));
#9386 = CARTESIAN_POINT('',(0.,-5.E-02));
#9387 = ( GEOMETRIC_REPRESENTATION_CONTEXT(2) 
PARAMETRIC_REPRESENTATION_CONTEXT() REPRESENTATION_CONTEXT('2D SPACE',''
  ) );
#9388 = PCURVE('',#9389,#9394);
#9389 = PLANE('',#9390);
#9390 = AXIS2_PLACEMENT_3D('',#9391,#9392,#9393);
#9391 = CARTESIAN_POINT('',(1.134423070391E+03,6.,-169.0878342729));
#9392 = DIRECTION('',(0.,1.,0.));
#9393 = DIRECTION('',(0.,-0.,1.));
#9394 = DEFINITIONAL_REPRESENTATION('',(#9395),#9404);
#9395 = B_SPLINE_CURVE_WITH_KNOTS('',7,(#9396,#9397,#9398,#9399,#9400,
    #9401,#9402,#9403),.UNSPECIFIED.,.F.,.F.,(8,8),(0.,1.),
  .PIECEWISE_BEZIER_KNOTS.);
#9396 = CARTESIAN_POINT('',(-3.263393674054,-28.1786374489));
#9397 = CARTESIAN_POINT('',(-3.30736552447,-28.08273693704));
#9398 = CARTESIAN_POINT('',(-3.339852247299,-27.96495107373));
#9399 = CARTESIAN_POINT('',(-3.36280551174,-27.83135762534));
#9400 = CARTESIAN_POINT('',(-3.378139866331,-27.68699397984));
#9401 = CARTESIAN_POINT('',(-3.387342559145,-27.53524368792));
#9402 = CARTESIAN_POINT('',(-3.391567502179,-27.37799187139));
#9403 = CARTESIAN_POINT('',(-3.391567502179,-27.21550268327));
#9404 = ( GEOMETRIC_REPRESENTATION_CONTEXT(2) 
PARAMETRIC_REPRESENTATION_CONTEXT() REPRESENTATION_CONTEXT('2D SPACE',''
  ) );
#9405 = ORIENTED_EDGE('',*,*,#9406,.T.);
#9406 = EDGE_CURVE('',#9364,#8201,#9407,.T.);
#9407 = SURFACE_CURVE('',#9408,(#9412,#9419),.PCURVE_S1.);
#9408 = LINE('',#9409,#9410);
#9409 = CARTESIAN_POINT('',(1.107207567708E+03,5.95,-172.4794017751));
#9410 = VECTOR('',#9411,1.);
#9411 = DIRECTION('',(0.,1.,0.));
#9412 = PCURVE('',#8218,#9413);
#9413 = DEFINITIONAL_REPRESENTATION('',(#9414),#9418);
#9414 = LINE('',#9415,#9416);
#9415 = CARTESIAN_POINT('',(0.,0.));
#9416 = VECTOR('',#9417,1.);
#9417 = DIRECTION('',(0.,-1.));
#9418 = ( GEOMETRIC_REPRESENTATION_CONTEXT(2) 
PARAMETRIC_REPRESENTATION_CONTEXT() REPRESENTATION_CONTEXT('2D SPACE',''
  ) );
#9419 = PCURVE('',#8426,#9420);
#9420 = DEFINITIONAL_REPRESENTATION('',(#9421),#9425);
#9421 = LINE('',#9422,#9423);
#9422 = CARTESIAN_POINT('',(1.,0.));
#9423 = VECTOR('',#9424,1.);
#9424 = DIRECTION('',(0.,-1.));
#9425 = ( GEOMETRIC_REPRESENTATION_CONTEXT(2) 
PARAMETRIC_REPRESENTATION_CONTEXT() REPRESENTATION_CONTEXT('2D SPACE',''
  ) );
#9426 = ORIENTED_EDGE('',*,*,#8200,.T.);
#9427 = ORIENTED_EDGE('',*,*,#9428,.F.);
#9428 = EDGE_CURVE('',#9362,#8203,#9429,.T.);
#9429 = SURFACE_CURVE('',#9430,(#9434,#9441),.PCURVE_S1.);
#9430 = LINE('',#9431,#9432);
#9431 = CARTESIAN_POINT('',(1.106244432942E+03,5.95,-172.351227947));
#9432 = VECTOR('',#9433,1.);
#9433 = DIRECTION('',(0.,1.,0.));
#9434 = PCURVE('',#8218,#9435);
#9435 = DEFINITIONAL_REPRESENTATION('',(#9436),#9440);
#9436 = LINE('',#9437,#9438);
#9437 = CARTESIAN_POINT('',(1.,0.));
#9438 = VECTOR('',#9439,1.);
#9439 = DIRECTION('',(0.,-1.));
#9440 = ( GEOMETRIC_REPRESENTATION_CONTEXT(2) 
PARAMETRIC_REPRESENTATION_CONTEXT() REPRESENTATION_CONTEXT('2D SPACE',''
  ) );
#9441 = PCURVE('',#8248,#9442);
#9442 = DEFINITIONAL_REPRESENTATION('',(#9443),#9447);
#9443 = LINE('',#9444,#9445);
#9444 = CARTESIAN_POINT('',(0.,0.));
#9445 = VECTOR('',#9446,1.);
#9446 = DIRECTION('',(0.,-1.));
#9447 = ( GEOMETRIC_REPRESENTATION_CONTEXT(2) 
PARAMETRIC_REPRESENTATION_CONTEXT() REPRESENTATION_CONTEXT('2D SPACE',''
  ) );
#9448 = ADVANCED_FACE('',(#9449),#8248,.T.);
#9449 = FACE_BOUND('',#9450,.T.);
#9450 = EDGE_LOOP('',(#9451,#9495,#9496,#9497));
#9451 = ORIENTED_EDGE('',*,*,#9452,.T.);
#9452 = EDGE_CURVE('',#9453,#9362,#9455,.T.);
#9453 = VERTEX_POINT('',#9454);
#9454 = CARTESIAN_POINT('',(1.105964891926E+03,6.,-171.9203197439));
#9455 = SURFACE_CURVE('',#9456,(#9467,#9481),.PCURVE_S1.);
#9456 = B_SPLINE_CURVE_WITH_KNOTS('',5,(#9457,#9458,#9459,#9460,#9461,
    #9462,#9463,#9464,#9465,#9466),.UNSPECIFIED.,.F.,.F.,(6,4,6),(0.,
    0.485638210317,1.),.UNSPECIFIED.);
#9457 = CARTESIAN_POINT('',(1.105964891926E+03,6.,-171.9203197439));
#9458 = CARTESIAN_POINT('',(1.105964891926E+03,6.,-171.9776693136));
#9459 = CARTESIAN_POINT('',(1.105971161954E+03,6.,-172.0321675159));
#9460 = CARTESIAN_POINT('',(1.105984166596E+03,6.,-172.0832533415));
#9461 = CARTESIAN_POINT('',(1.106004154293E+03,6.,-172.1304206969));
#9462 = CARTESIAN_POINT('',(1.10605926549E+03,6.,-172.2188123342));
#9463 = CARTESIAN_POINT('',(1.10609522592E+03,6.,-172.2595386336));
#9464 = CARTESIAN_POINT('',(1.106138563833E+03,6.,-172.295132821));
#9465 = CARTESIAN_POINT('',(1.106188584013E+03,6.,-172.3256203593));
#9466 = CARTESIAN_POINT('',(1.106244432942E+03,6.,-172.351227947));
#9467 = PCURVE('',#8248,#9468);
#9468 = DEFINITIONAL_REPRESENTATION('',(#9469),#9480);
#9469 = B_SPLINE_CURVE_WITH_KNOTS('',5,(#9470,#9471,#9472,#9473,#9474,
    #9475,#9476,#9477,#9478,#9479),.UNSPECIFIED.,.F.,.F.,(6,4,6),(0.,
    0.485638210317,1.),.UNSPECIFIED.);
#9470 = CARTESIAN_POINT('',(1.,-5.E-02));
#9471 = CARTESIAN_POINT('',(0.905280710696,-5.E-02));
#9472 = CARTESIAN_POINT('',(0.808804142787,-5.E-02));
#9473 = CARTESIAN_POINT('',(0.711017711376,-5.E-02));
#9474 = CARTESIAN_POINT('',(0.612501056789,-5.E-02));
#9475 = CARTESIAN_POINT('',(0.409672995288,-5.E-02));
#9476 = CARTESIAN_POINT('',(0.305320889339,-5.E-02));
#9477 = CARTESIAN_POINT('',(0.201836230589,-5.E-02));
#9478 = CARTESIAN_POINT('',(9.989398037664E-02,-5.E-02));
#9479 = CARTESIAN_POINT('',(0.,-5.E-02));
#9480 = ( GEOMETRIC_REPRESENTATION_CONTEXT(2) 
PARAMETRIC_REPRESENTATION_CONTEXT() REPRESENTATION_CONTEXT('2D SPACE',''
  ) );
#9481 = PCURVE('',#9389,#9482);
#9482 = DEFINITIONAL_REPRESENTATION('',(#9483),#9494);
#9483 = B_SPLINE_CURVE_WITH_KNOTS('',5,(#9484,#9485,#9486,#9487,#9488,
    #9489,#9490,#9491,#9492,#9493),.UNSPECIFIED.,.F.,.F.,(6,4,6),(0.,
    0.485638210317,1.),.UNSPECIFIED.);
#9484 = CARTESIAN_POINT('',(-2.832485470929,-28.45817846452));
#9485 = CARTESIAN_POINT('',(-2.889835040625,-28.45817846452));
#9486 = CARTESIAN_POINT('',(-2.944333242999,-28.45190843715));
#9487 = CARTESIAN_POINT('',(-2.995419068564,-28.43890379486));
#9488 = CARTESIAN_POINT('',(-3.042586423959,-28.41891609786));
#9489 = CARTESIAN_POINT('',(-3.130978061249,-28.3638049009));
#9490 = CARTESIAN_POINT('',(-3.171704360696,-28.32784447088));
#9491 = CARTESIAN_POINT('',(-3.207298548078,-28.28450655782));
#9492 = CARTESIAN_POINT('',(-3.237786086311,-28.23448637836));
#9493 = CARTESIAN_POINT('',(-3.263393674054,-28.1786374489));
#9494 = ( GEOMETRIC_REPRESENTATION_CONTEXT(2) 
PARAMETRIC_REPRESENTATION_CONTEXT() REPRESENTATION_CONTEXT('2D SPACE',''
  ) );
#9495 = ORIENTED_EDGE('',*,*,#9428,.T.);
#9496 = ORIENTED_EDGE('',*,*,#8232,.T.);
#9497 = ORIENTED_EDGE('',*,*,#9498,.F.);
#9498 = EDGE_CURVE('',#9453,#8233,#9499,.T.);
#9499 = SURFACE_CURVE('',#9500,(#9504,#9511),.PCURVE_S1.);
#9500 = LINE('',#9501,#9502);
#9501 = CARTESIAN_POINT('',(1.105964891926E+03,5.95,-171.9203197439));
#9502 = VECTOR('',#9503,1.);
#9503 = DIRECTION('',(0.,1.,0.));
#9504 = PCURVE('',#8248,#9505);
#9505 = DEFINITIONAL_REPRESENTATION('',(#9506),#9510);
#9506 = LINE('',#9507,#9508);
#9507 = CARTESIAN_POINT('',(1.,0.));
#9508 = VECTOR('',#9509,1.);
#9509 = DIRECTION('',(0.,-1.));
#9510 = ( GEOMETRIC_REPRESENTATION_CONTEXT(2) 
PARAMETRIC_REPRESENTATION_CONTEXT() REPRESENTATION_CONTEXT('2D SPACE',''
  ) );
#9511 = PCURVE('',#8278,#9512);
#9512 = DEFINITIONAL_REPRESENTATION('',(#9513),#9517);
#9513 = LINE('',#9514,#9515);
#9514 = CARTESIAN_POINT('',(0.,0.));
#9515 = VECTOR('',#9516,1.);
#9516 = DIRECTION('',(0.,-1.));
#9517 = ( GEOMETRIC_REPRESENTATION_CONTEXT(2) 
PARAMETRIC_REPRESENTATION_CONTEXT() REPRESENTATION_CONTEXT('2D SPACE',''
  ) );
#9518 = ADVANCED_FACE('',(#9519),#8278,.T.);
#9519 = FACE_BOUND('',#9520,.T.);
#9520 = EDGE_LOOP('',(#9521,#9565,#9566,#9567));
#9521 = ORIENTED_EDGE('',*,*,#9522,.T.);
#9522 = EDGE_CURVE('',#9523,#9453,#9525,.T.);
#9523 = VERTEX_POINT('',#9524);
#9524 = CARTESIAN_POINT('',(1.106244432942E+03,6.,-171.4881908376));
#9525 = SURFACE_CURVE('',#9526,(#9537,#9551),.PCURVE_S1.);
#9526 = B_SPLINE_CURVE_WITH_KNOTS('',5,(#9527,#9528,#9529,#9530,#9531,
    #9532,#9533,#9534,#9535,#9536),.UNSPECIFIED.,.F.,.F.,(6,4,6),(0.,
    0.514422413726,1.),.UNSPECIFIED.);
#9527 = CARTESIAN_POINT('',(1.106244432942E+03,6.,-171.4881908376));
#9528 = CARTESIAN_POINT('',(1.106188583256E+03,6.,-171.5140426574));
#9529 = CARTESIAN_POINT('',(1.106138564802E+03,6.,-171.544748032));
#9530 = CARTESIAN_POINT('',(1.106095228233E+03,6.,-171.5805300173));
#9531 = CARTESIAN_POINT('',(1.106059267182E+03,6.,-171.6214123216));
#9532 = CARTESIAN_POINT('',(1.106004159191E+03,6.,-171.7100394621));
#9533 = CARTESIAN_POINT('',(1.105984172222E+03,6.,-171.7572873882));
#9534 = CARTESIAN_POINT('',(1.105971164796E+03,6.,-171.8084272696));
#9535 = CARTESIAN_POINT('',(1.105964891926E+03,6.,-171.8629571511));
#9536 = CARTESIAN_POINT('',(1.105964891926E+03,6.,-171.9203197439));
#9537 = PCURVE('',#8278,#9538);
#9538 = DEFINITIONAL_REPRESENTATION('',(#9539),#9550);
#9539 = B_SPLINE_CURVE_WITH_KNOTS('',5,(#9540,#9541,#9542,#9543,#9544,
    #9545,#9546,#9547,#9548,#9549),.UNSPECIFIED.,.F.,.F.,(6,4,6),(0.,
    0.514422413726,1.),.UNSPECIFIED.);
#9540 = CARTESIAN_POINT('',(1.,-5.E-02));
#9541 = CARTESIAN_POINT('',(0.90010466632,-5.E-02));
#9542 = CARTESIAN_POINT('',(0.798165161446,-5.E-02));
#9543 = CARTESIAN_POINT('',(0.694684275485,-5.E-02));
#9544 = CARTESIAN_POINT('',(0.59033322998,-5.E-02));
#9545 = CARTESIAN_POINT('',(0.387516970043,-5.E-02));
#9546 = CARTESIAN_POINT('',(0.289012145694,-5.E-02));
#9547 = CARTESIAN_POINT('',(0.191227377183,-5.E-02));
#9548 = CARTESIAN_POINT('',(9.47407983168E-02,-5.E-02));
#9549 = CARTESIAN_POINT('',(0.,-5.E-02));
#9550 = ( GEOMETRIC_REPRESENTATION_CONTEXT(2) 
PARAMETRIC_REPRESENTATION_CONTEXT() REPRESENTATION_CONTEXT('2D SPACE',''
  ) );
#9551 = PCURVE('',#9389,#9552);
#9552 = DEFINITIONAL_REPRESENTATION('',(#9553),#9564);
#9553 = B_SPLINE_CURVE_WITH_KNOTS('',5,(#9554,#9555,#9556,#9557,#9558,
    #9559,#9560,#9561,#9562,#9563),.UNSPECIFIED.,.F.,.F.,(6,4,6),(0.,
    0.514422413726,1.),.UNSPECIFIED.);
#9554 = CARTESIAN_POINT('',(-2.400356564679,-28.1786374489));
#9555 = CARTESIAN_POINT('',(-2.42620838443,-28.23448713497));
#9556 = CARTESIAN_POINT('',(-2.456913759046,-28.28450558908));
#9557 = CARTESIAN_POINT('',(-2.492695744393,-28.32784215758));
#9558 = CARTESIAN_POINT('',(-2.533578048645,-28.3638032094));
#9559 = CARTESIAN_POINT('',(-2.622205189108,-28.41891119972));
#9560 = CARTESIAN_POINT('',(-2.669453115282,-28.43889816925));
#9561 = CARTESIAN_POINT('',(-2.720592996633,-28.45190559536));
#9562 = CARTESIAN_POINT('',(-2.775122878198,-28.45817846452));
#9563 = CARTESIAN_POINT('',(-2.832485470929,-28.45817846452));
#9564 = ( GEOMETRIC_REPRESENTATION_CONTEXT(2) 
PARAMETRIC_REPRESENTATION_CONTEXT() REPRESENTATION_CONTEXT('2D SPACE',''
  ) );
#9565 = ORIENTED_EDGE('',*,*,#9498,.T.);
#9566 = ORIENTED_EDGE('',*,*,#8262,.T.);
#9567 = ORIENTED_EDGE('',*,*,#9568,.F.);
#9568 = EDGE_CURVE('',#9523,#8263,#9569,.T.);
#9569 = SURFACE_CURVE('',#9570,(#9574,#9581),.PCURVE_S1.);
#9570 = LINE('',#9571,#9572);
#9571 = CARTESIAN_POINT('',(1.106244432942E+03,5.95,-171.4881908376));
#9572 = VECTOR('',#9573,1.);
#9573 = DIRECTION('',(0.,1.,0.));
#9574 = PCURVE('',#8278,#9575);
#9575 = DEFINITIONAL_REPRESENTATION('',(#9576),#9580);
#9576 = LINE('',#9577,#9578);
#9577 = CARTESIAN_POINT('',(1.,0.));
#9578 = VECTOR('',#9579,1.);
#9579 = DIRECTION('',(0.,-1.));
#9580 = ( GEOMETRIC_REPRESENTATION_CONTEXT(2) 
PARAMETRIC_REPRESENTATION_CONTEXT() REPRESENTATION_CONTEXT('2D SPACE',''
  ) );
#9581 = PCURVE('',#8308,#9582);
#9582 = DEFINITIONAL_REPRESENTATION('',(#9583),#9587);
#9583 = LINE('',#9584,#9585);
#9584 = CARTESIAN_POINT('',(0.,0.));
#9585 = VECTOR('',#9586,1.);
#9586 = DIRECTION('',(0.,-1.));
#9587 = ( GEOMETRIC_REPRESENTATION_CONTEXT(2) 
PARAMETRIC_REPRESENTATION_CONTEXT() REPRESENTATION_CONTEXT('2D SPACE',''
  ) );
#9588 = ADVANCED_FACE('',(#9589),#8308,.T.);
#9589 = FACE_BOUND('',#9590,.T.);
#9590 = EDGE_LOOP('',(#9591,#9629,#9630,#9631));
#9591 = ORIENTED_EDGE('',*,*,#9592,.T.);
#9592 = EDGE_CURVE('',#9593,#9523,#9595,.T.);
#9593 = VERTEX_POINT('',#9594);
#9594 = CARTESIAN_POINT('',(1.107207567708E+03,6.,-171.3587963064));
#9595 = SURFACE_CURVE('',#9596,(#9605,#9617),.PCURVE_S1.);
#9596 = B_SPLINE_CURVE_WITH_KNOTS('',7,(#9597,#9598,#9599,#9600,#9601,
    #9602,#9603,#9604),.UNSPECIFIED.,.F.,.F.,(8,8),(0.,1.),
  .PIECEWISE_BEZIER_KNOTS.);
#9597 = CARTESIAN_POINT('',(1.107207567708E+03,6.,-171.3587963064));
#9598 = CARTESIAN_POINT('',(1.10704506091E+03,6.,-171.3587963064));
#9599 = CARTESIAN_POINT('',(1.106887790036E+03,6.,-171.3630624262));
#9600 = CARTESIAN_POINT('',(1.106736022901E+03,6.,-171.3723550347));
#9601 = CARTESIAN_POINT('',(1.106591651015E+03,6.,-171.3878396014));
#9602 = CARTESIAN_POINT('',(1.106458062787E+03,6.,-171.4110159728));
#9603 = CARTESIAN_POINT('',(1.106340301864E+03,6.,-171.4438148302));
#9604 = CARTESIAN_POINT('',(1.106244432942E+03,6.,-171.4881908376));
#9605 = PCURVE('',#8308,#9606);
#9606 = DEFINITIONAL_REPRESENTATION('',(#9607),#9616);
#9607 = B_SPLINE_CURVE_WITH_KNOTS('',7,(#9608,#9609,#9610,#9611,#9612,
    #9613,#9614,#9615),.UNSPECIFIED.,.F.,.F.,(8,8),(0.,1.),
  .PIECEWISE_BEZIER_KNOTS.);
#9608 = CARTESIAN_POINT('',(1.,-5.E-02));
#9609 = CARTESIAN_POINT('',(0.881137885083,-5.E-02));
#9610 = CARTESIAN_POINT('',(0.756361703045,-5.E-02));
#9611 = CARTESIAN_POINT('',(0.624130666474,-5.E-02));
#9612 = CARTESIAN_POINT('',(0.483166360339,-5.E-02));
#9613 = CARTESIAN_POINT('',(0.332521531861,-5.E-02));
#9614 = CARTESIAN_POINT('',(0.171475590814,-5.E-02));
#9615 = CARTESIAN_POINT('',(0.,-5.E-02));
#9616 = ( GEOMETRIC_REPRESENTATION_CONTEXT(2) 
PARAMETRIC_REPRESENTATION_CONTEXT() REPRESENTATION_CONTEXT('2D SPACE',''
  ) );
#9617 = PCURVE('',#9389,#9618);
#9618 = DEFINITIONAL_REPRESENTATION('',(#9619),#9628);
#9619 = B_SPLINE_CURVE_WITH_KNOTS('',7,(#9620,#9621,#9622,#9623,#9624,
    #9625,#9626,#9627),.UNSPECIFIED.,.F.,.F.,(8,8),(0.,1.),
  .PIECEWISE_BEZIER_KNOTS.);
#9620 = CARTESIAN_POINT('',(-2.270962033429,-27.21550268327));
#9621 = CARTESIAN_POINT('',(-2.270962033429,-27.37800948101));
#9622 = CARTESIAN_POINT('',(-2.275228153269,-27.53528035449));
#9623 = CARTESIAN_POINT('',(-2.284520761732,-27.68704748989));
#9624 = CARTESIAN_POINT('',(-2.300005328463,-27.83141937635));
#9625 = CARTESIAN_POINT('',(-2.323181699845,-27.96500760348));
#9626 = CARTESIAN_POINT('',(-2.355980557291,-28.08276852728));
#9627 = CARTESIAN_POINT('',(-2.400356564679,-28.1786374489));
#9628 = ( GEOMETRIC_REPRESENTATION_CONTEXT(2) 
PARAMETRIC_REPRESENTATION_CONTEXT() REPRESENTATION_CONTEXT('2D SPACE',''
  ) );
#9629 = ORIENTED_EDGE('',*,*,#9568,.T.);
#9630 = ORIENTED_EDGE('',*,*,#8292,.T.);
#9631 = ORIENTED_EDGE('',*,*,#9632,.F.);
#9632 = EDGE_CURVE('',#9593,#8293,#9633,.T.);
#9633 = SURFACE_CURVE('',#9634,(#9638,#9645),.PCURVE_S1.);
#9634 = LINE('',#9635,#9636);
#9635 = CARTESIAN_POINT('',(1.107207567708E+03,5.95,-171.3587963064));
#9636 = VECTOR('',#9637,1.);
#9637 = DIRECTION('',(0.,1.,0.));
#9638 = PCURVE('',#8308,#9639);
#9639 = DEFINITIONAL_REPRESENTATION('',(#9640),#9644);
#9640 = LINE('',#9641,#9642);
#9641 = CARTESIAN_POINT('',(1.,0.));
#9642 = VECTOR('',#9643,1.);
#9643 = DIRECTION('',(0.,-1.));
#9644 = ( GEOMETRIC_REPRESENTATION_CONTEXT(2) 
PARAMETRIC_REPRESENTATION_CONTEXT() REPRESENTATION_CONTEXT('2D SPACE',''
  ) );
#9645 = PCURVE('',#8338,#9646);
#9646 = DEFINITIONAL_REPRESENTATION('',(#9647),#9651);
#9647 = LINE('',#9648,#9649);
#9648 = CARTESIAN_POINT('',(0.,0.));
#9649 = VECTOR('',#9650,1.);
#9650 = DIRECTION('',(0.,-1.));
#9651 = ( GEOMETRIC_REPRESENTATION_CONTEXT(2) 
PARAMETRIC_REPRESENTATION_CONTEXT() REPRESENTATION_CONTEXT('2D SPACE',''
  ) );
#9652 = ADVANCED_FACE('',(#9653),#8338,.T.);
#9653 = FACE_BOUND('',#9654,.T.);
#9654 = EDGE_LOOP('',(#9655,#9693,#9694,#9695));
#9655 = ORIENTED_EDGE('',*,*,#9656,.T.);
#9656 = EDGE_CURVE('',#9657,#9593,#9659,.T.);
#9657 = VERTEX_POINT('',#9658);
#9658 = CARTESIAN_POINT('',(1.108181688801E+03,6.,-171.4881908376));
#9659 = SURFACE_CURVE('',#9660,(#9669,#9681),.PCURVE_S1.);
#9660 = B_SPLINE_CURVE_WITH_KNOTS('',7,(#9661,#9662,#9663,#9664,#9665,
    #9666,#9667,#9668),.UNSPECIFIED.,.F.,.F.,(8,8),(0.,1.),
  .PIECEWISE_BEZIER_KNOTS.);
#9661 = CARTESIAN_POINT('',(1.108181688801E+03,6.,-171.4881908376));
#9662 = CARTESIAN_POINT('',(1.108084326716E+03,6.,-171.4437064364));
#9663 = CARTESIAN_POINT('',(1.107964908046E+03,6.,-171.4109097243));
#9664 = CARTESIAN_POINT('',(1.107829656068E+03,6.,-171.3877643131));
#9665 = CARTESIAN_POINT('',(1.107683664982E+03,6.,-171.3723160179));
#9666 = CARTESIAN_POINT('',(1.107530344237E+03,6.,-171.3630495634));
#9667 = CARTESIAN_POINT('',(1.107371568805E+03,6.,-171.3587963064));
#9668 = CARTESIAN_POINT('',(1.107207567708E+03,6.,-171.3587963064));
#9669 = PCURVE('',#8338,#9670);
#9670 = DEFINITIONAL_REPRESENTATION('',(#9671),#9680);
#9671 = B_SPLINE_CURVE_WITH_KNOTS('',7,(#9672,#9673,#9674,#9675,#9676,
    #9677,#9678,#9679),.UNSPECIFIED.,.F.,.F.,(8,8),(0.,1.),
  .PIECEWISE_BEZIER_KNOTS.);
#9672 = CARTESIAN_POINT('',(1.,-5.E-02));
#9673 = CARTESIAN_POINT('',(0.828105558989,-5.E-02));
#9674 = CARTESIAN_POINT('',(0.666900276084,-5.E-02));
#9675 = CARTESIAN_POINT('',(0.516244288411,-5.E-02));
#9676 = CARTESIAN_POINT('',(0.375368092808,-5.E-02));
#9677 = CARTESIAN_POINT('',(0.243283802532,-5.E-02));
#9678 = CARTESIAN_POINT('',(0.118683479929,-5.E-02));
#9679 = CARTESIAN_POINT('',(0.,-5.E-02));
#9680 = ( GEOMETRIC_REPRESENTATION_CONTEXT(2) 
PARAMETRIC_REPRESENTATION_CONTEXT() REPRESENTATION_CONTEXT('2D SPACE',''
  ) );
#9681 = PCURVE('',#9389,#9682);
#9682 = DEFINITIONAL_REPRESENTATION('',(#9683),#9692);
#9683 = B_SPLINE_CURVE_WITH_KNOTS('',7,(#9684,#9685,#9686,#9687,#9688,
    #9689,#9690,#9691),.UNSPECIFIED.,.F.,.F.,(8,8),(0.,1.),
  .PIECEWISE_BEZIER_KNOTS.);
#9684 = CARTESIAN_POINT('',(-2.400356564679,-26.24138158952));
#9685 = CARTESIAN_POINT('',(-2.355872163441,-26.33874367525));
#9686 = CARTESIAN_POINT('',(-2.323075451332,-26.45816234505));
#9687 = CARTESIAN_POINT('',(-2.299930040156,-26.59341432252));
#9688 = CARTESIAN_POINT('',(-2.284481744956,-26.7394054086));
#9689 = CARTESIAN_POINT('',(-2.275215290409,-26.89272615392));
#9690 = CARTESIAN_POINT('',(-2.270962033429,-27.05150158552));
#9691 = CARTESIAN_POINT('',(-2.270962033429,-27.21550268327));
#9692 = ( GEOMETRIC_REPRESENTATION_CONTEXT(2) 
PARAMETRIC_REPRESENTATION_CONTEXT() REPRESENTATION_CONTEXT('2D SPACE',''
  ) );
#9693 = ORIENTED_EDGE('',*,*,#9632,.T.);
#9694 = ORIENTED_EDGE('',*,*,#8322,.T.);
#9695 = ORIENTED_EDGE('',*,*,#9696,.F.);
#9696 = EDGE_CURVE('',#9657,#8323,#9697,.T.);
#9697 = SURFACE_CURVE('',#9698,(#9702,#9709),.PCURVE_S1.);
#9698 = LINE('',#9699,#9700);
#9699 = CARTESIAN_POINT('',(1.108181688801E+03,5.95,-171.4881908376));
#9700 = VECTOR('',#9701,1.);
#9701 = DIRECTION('',(0.,1.,0.));
#9702 = PCURVE('',#8338,#9703);
#9703 = DEFINITIONAL_REPRESENTATION('',(#9704),#9708);
#9704 = LINE('',#9705,#9706);
#9705 = CARTESIAN_POINT('',(1.,0.));
#9706 = VECTOR('',#9707,1.);
#9707 = DIRECTION('',(0.,-1.));
#9708 = ( GEOMETRIC_REPRESENTATION_CONTEXT(2) 
PARAMETRIC_REPRESENTATION_CONTEXT() REPRESENTATION_CONTEXT('2D SPACE',''
  ) );
#9709 = PCURVE('',#8368,#9710);
#9710 = DEFINITIONAL_REPRESENTATION('',(#9711),#9715);
#9711 = LINE('',#9712,#9713);
#9712 = CARTESIAN_POINT('',(0.,0.));
#9713 = VECTOR('',#9714,1.);
#9714 = DIRECTION('',(0.,-1.));
#9715 = ( GEOMETRIC_REPRESENTATION_CONTEXT(2) 
PARAMETRIC_REPRESENTATION_CONTEXT() REPRESENTATION_CONTEXT('2D SPACE',''
  ) );
#9716 = ADVANCED_FACE('',(#9717),#8368,.T.);
#9717 = FACE_BOUND('',#9718,.T.);
#9718 = EDGE_LOOP('',(#9719,#9763,#9764,#9765));
#9719 = ORIENTED_EDGE('',*,*,#9720,.T.);
#9720 = EDGE_CURVE('',#9721,#9657,#9723,.T.);
#9721 = VERTEX_POINT('',#9722);
#9722 = CARTESIAN_POINT('',(1.108464891926E+03,6.,-171.9203197439));
#9723 = SURFACE_CURVE('',#9724,(#9735,#9749),.PCURVE_S1.);
#9724 = B_SPLINE_CURVE_WITH_KNOTS('',5,(#9725,#9726,#9727,#9728,#9729,
    #9730,#9731,#9732,#9733,#9734),.UNSPECIFIED.,.F.,.F.,(6,4,6),(0.,
    0.475332937031,1.),.UNSPECIFIED.);
#9725 = CARTESIAN_POINT('',(1.108464891926E+03,6.,-171.9203197439));
#9726 = CARTESIAN_POINT('',(1.108464891926E+03,6.,-171.864108291));
#9727 = CARTESIAN_POINT('',(1.108458789393E+03,6.,-171.8106173318));
#9728 = CARTESIAN_POINT('',(1.108446144288E+03,6.,-171.7603772258));
#9729 = CARTESIAN_POINT('',(1.108426724408E+03,6.,-171.7138655516));
#9730 = CARTESIAN_POINT('',(1.10837202693E+03,6.,-171.6245086378));
#9731 = CARTESIAN_POINT('',(1.108335300377E+03,6.,-171.5825251187));
#9732 = CARTESIAN_POINT('',(1.108290798374E+03,6.,-171.5458688701));
#9733 = CARTESIAN_POINT('',(1.108239285367E+03,6.,-171.5145065101));
#9734 = CARTESIAN_POINT('',(1.108181688801E+03,6.,-171.4881908376));
#9735 = PCURVE('',#8368,#9736);
#9736 = DEFINITIONAL_REPRESENTATION('',(#9737),#9748);
#9737 = B_SPLINE_CURVE_WITH_KNOTS('',5,(#9738,#9739,#9740,#9741,#9742,
    #9743,#9744,#9745,#9746,#9747),.UNSPECIFIED.,.F.,.F.,(6,4,6),(0.,
    0.475332937031,1.),.UNSPECIFIED.);
#9738 = CARTESIAN_POINT('',(1.,-5.E-02));
#9739 = CARTESIAN_POINT('',(0.907160439159,-5.E-02));
#9740 = CARTESIAN_POINT('',(0.812645023448,-5.E-02));
#9741 = CARTESIAN_POINT('',(0.716884867206,-5.E-02));
#9742 = CARTESIAN_POINT('',(0.620434009875,-5.E-02));
#9743 = CARTESIAN_POINT('',(0.417557242115,-5.E-02));
#9744 = CARTESIAN_POINT('',(0.31108981159,-5.E-02));
#9745 = CARTESIAN_POINT('',(0.205560758574,-5.E-02));
#9746 = CARTESIAN_POINT('',(0.10168773048,-5.E-02));
#9747 = CARTESIAN_POINT('',(0.,-5.E-02));
#9748 = ( GEOMETRIC_REPRESENTATION_CONTEXT(2) 
PARAMETRIC_REPRESENTATION_CONTEXT() REPRESENTATION_CONTEXT('2D SPACE',''
  ) );
#9749 = PCURVE('',#9389,#9750);
#9750 = DEFINITIONAL_REPRESENTATION('',(#9751),#9762);
#9751 = B_SPLINE_CURVE_WITH_KNOTS('',5,(#9752,#9753,#9754,#9755,#9756,
    #9757,#9758,#9759,#9760,#9761),.UNSPECIFIED.,.F.,.F.,(6,4,6),(0.,
    0.475332937031,1.),.UNSPECIFIED.);
#9752 = CARTESIAN_POINT('',(-2.832485470929,-25.95817846452));
#9753 = CARTESIAN_POINT('',(-2.776274018076,-25.95817846452));
#9754 = CARTESIAN_POINT('',(-2.72278305888,-25.9642809981));
#9755 = CARTESIAN_POINT('',(-2.672542952837,-25.97692610264));
#9756 = CARTESIAN_POINT('',(-2.626031278677,-25.99634598264));
#9757 = CARTESIAN_POINT('',(-2.536674364814,-26.0510434612));
#9758 = CARTESIAN_POINT('',(-2.494690845789,-26.08777001379));
#9759 = CARTESIAN_POINT('',(-2.458034597144,-26.13227201717));
#9760 = CARTESIAN_POINT('',(-2.426672237118,-26.18378502343));
#9761 = CARTESIAN_POINT('',(-2.400356564679,-26.24138158952));
#9762 = ( GEOMETRIC_REPRESENTATION_CONTEXT(2) 
PARAMETRIC_REPRESENTATION_CONTEXT() REPRESENTATION_CONTEXT('2D SPACE',''
  ) );
#9763 = ORIENTED_EDGE('',*,*,#9696,.T.);
#9764 = ORIENTED_EDGE('',*,*,#8352,.T.);
#9765 = ORIENTED_EDGE('',*,*,#9766,.F.);
#9766 = EDGE_CURVE('',#9721,#8353,#9767,.T.);
#9767 = SURFACE_CURVE('',#9768,(#9772,#9779),.PCURVE_S1.);
#9768 = LINE('',#9769,#9770);
#9769 = CARTESIAN_POINT('',(1.108464891926E+03,5.95,-171.9203197439));
#9770 = VECTOR('',#9771,1.);
#9771 = DIRECTION('',(0.,1.,0.));
#9772 = PCURVE('',#8368,#9773);
#9773 = DEFINITIONAL_REPRESENTATION('',(#9774),#9778);
#9774 = LINE('',#9775,#9776);
#9775 = CARTESIAN_POINT('',(1.,0.));
#9776 = VECTOR('',#9777,1.);
#9777 = DIRECTION('',(0.,-1.));
#9778 = ( GEOMETRIC_REPRESENTATION_CONTEXT(2) 
PARAMETRIC_REPRESENTATION_CONTEXT() REPRESENTATION_CONTEXT('2D SPACE',''
  ) );
#9779 = PCURVE('',#8398,#9780);
#9780 = DEFINITIONAL_REPRESENTATION('',(#9781),#9785);
#9781 = LINE('',#9782,#9783);
#9782 = CARTESIAN_POINT('',(0.,0.));
#9783 = VECTOR('',#9784,1.);
#9784 = DIRECTION('',(0.,-1.));
#9785 = ( GEOMETRIC_REPRESENTATION_CONTEXT(2) 
PARAMETRIC_REPRESENTATION_CONTEXT() REPRESENTATION_CONTEXT('2D SPACE',''
  ) );
#9786 = ADVANCED_FACE('',(#9787),#8398,.T.);
#9787 = FACE_BOUND('',#9788,.T.);
#9788 = EDGE_LOOP('',(#9789,#9833,#9834,#9835));
#9789 = ORIENTED_EDGE('',*,*,#9790,.T.);
#9790 = EDGE_CURVE('',#9791,#9721,#9793,.T.);
#9791 = VERTEX_POINT('',#9792);
#9792 = CARTESIAN_POINT('',(1.108181688801E+03,6.,-172.3500072439));
#9793 = SURFACE_CURVE('',#9794,(#9805,#9819),.PCURVE_S1.);
#9794 = B_SPLINE_CURVE_WITH_KNOTS('',5,(#9795,#9796,#9797,#9798,#9799,
    #9800,#9801,#9802,#9803,#9804),.UNSPECIFIED.,.F.,.F.,(6,4,6),(0.,
    0.530865712403,1.),.UNSPECIFIED.);
#9795 = CARTESIAN_POINT('',(1.108181688801E+03,6.,-172.3500072439));
#9796 = CARTESIAN_POINT('',(1.108239912356E+03,6.,-172.3234051026));
#9797 = CARTESIAN_POINT('',(1.108291926334E+03,6.,-172.2917070044));
#9798 = CARTESIAN_POINT('',(1.108336773609E+03,6.,-172.2546589757));
#9799 = CARTESIAN_POINT('',(1.108373661919E+03,6.,-172.2122245639));
#9800 = CARTESIAN_POINT('',(1.108427668867E+03,6.,-172.1229724364));
#9801 = CARTESIAN_POINT('',(1.108446597245E+03,6.,-172.0772225538));
#9802 = CARTESIAN_POINT('',(1.108458932702E+03,6.,-172.0278879208));
#9803 = CARTESIAN_POINT('',(1.108464891926E+03,6.,-171.9754193576));
#9804 = CARTESIAN_POINT('',(1.108464891926E+03,6.,-171.9203197439));
#9805 = PCURVE('',#8398,#9806);
#9806 = DEFINITIONAL_REPRESENTATION('',(#9807),#9818);
#9807 = B_SPLINE_CURVE_WITH_KNOTS('',5,(#9808,#9809,#9810,#9811,#9812,
    #9813,#9814,#9815,#9816,#9817),.UNSPECIFIED.,.F.,.F.,(6,4,6),(0.,
    0.530865712403,1.),.UNSPECIFIED.);
#9808 = CARTESIAN_POINT('',(1.,-5.E-02));
#9809 = CARTESIAN_POINT('',(0.897205310789,-5.E-02));
#9810 = CARTESIAN_POINT('',(0.792164816257,-5.E-02));
#9811 = CARTESIAN_POINT('',(0.685417329737,-5.E-02));
#9812 = CARTESIAN_POINT('',(0.577698192515,-5.E-02));
#9813 = CARTESIAN_POINT('',(0.374825432043,-5.E-02));
#9814 = CARTESIAN_POINT('',(0.279631428651,-5.E-02));
#9815 = CARTESIAN_POINT('',(0.185093012992,-5.E-02));
#9816 = CARTESIAN_POINT('',(9.1743096596E-02,-5.E-02));
#9817 = CARTESIAN_POINT('',(0.,-5.E-02));
#9818 = ( GEOMETRIC_REPRESENTATION_CONTEXT(2) 
PARAMETRIC_REPRESENTATION_CONTEXT() REPRESENTATION_CONTEXT('2D SPACE',''
  ) );
#9819 = PCURVE('',#9389,#9820);
#9820 = DEFINITIONAL_REPRESENTATION('',(#9821),#9832);
#9821 = B_SPLINE_CURVE_WITH_KNOTS('',5,(#9822,#9823,#9824,#9825,#9826,
    #9827,#9828,#9829,#9830,#9831),.UNSPECIFIED.,.F.,.F.,(6,4,6),(0.,
    0.530865712403,1.),.UNSPECIFIED.);
#9822 = CARTESIAN_POINT('',(-3.262172970929,-26.24138158952));
#9823 = CARTESIAN_POINT('',(-3.235570829678,-26.18315803509));
#9824 = CARTESIAN_POINT('',(-3.203872731482,-26.13114405652));
#9825 = CARTESIAN_POINT('',(-3.166824702715,-26.08629678198));
#9826 = CARTESIAN_POINT('',(-3.124390290976,-26.04940847163));
#9827 = CARTESIAN_POINT('',(-3.035138163444,-25.99540152387));
#9828 = CARTESIAN_POINT('',(-2.989388280808,-25.97647314577));
#9829 = CARTESIAN_POINT('',(-2.940053647893,-25.96413768905));
#9830 = CARTESIAN_POINT('',(-2.887585084607,-25.95817846452));
#9831 = CARTESIAN_POINT('',(-2.832485470929,-25.95817846452));
#9832 = ( GEOMETRIC_REPRESENTATION_CONTEXT(2) 
PARAMETRIC_REPRESENTATION_CONTEXT() REPRESENTATION_CONTEXT('2D SPACE',''
  ) );
#9833 = ORIENTED_EDGE('',*,*,#9766,.T.);
#9834 = ORIENTED_EDGE('',*,*,#8382,.T.);
#9835 = ORIENTED_EDGE('',*,*,#9836,.F.);
#9836 = EDGE_CURVE('',#9791,#8383,#9837,.T.);
#9837 = SURFACE_CURVE('',#9838,(#9842,#9849),.PCURVE_S1.);
#9838 = LINE('',#9839,#9840);
#9839 = CARTESIAN_POINT('',(1.108181688801E+03,5.95,-172.3500072439));
#9840 = VECTOR('',#9841,1.);
#9841 = DIRECTION('',(0.,1.,0.));
#9842 = PCURVE('',#8398,#9843);
#9843 = DEFINITIONAL_REPRESENTATION('',(#9844),#9848);
#9844 = LINE('',#9845,#9846);
#9845 = CARTESIAN_POINT('',(1.,0.));
#9846 = VECTOR('',#9847,1.);
#9847 = DIRECTION('',(0.,-1.));
#9848 = ( GEOMETRIC_REPRESENTATION_CONTEXT(2) 
PARAMETRIC_REPRESENTATION_CONTEXT() REPRESENTATION_CONTEXT('2D SPACE',''
  ) );
#9849 = PCURVE('',#8426,#9850);
#9850 = DEFINITIONAL_REPRESENTATION('',(#9851),#9855);
#9851 = LINE('',#9852,#9853);
#9852 = CARTESIAN_POINT('',(0.,0.));
#9853 = VECTOR('',#9854,1.);
#9854 = DIRECTION('',(0.,-1.));
#9855 = ( GEOMETRIC_REPRESENTATION_CONTEXT(2) 
PARAMETRIC_REPRESENTATION_CONTEXT() REPRESENTATION_CONTEXT('2D SPACE',''
  ) );
#9856 = ADVANCED_FACE('',(#9857),#8426,.T.);
#9857 = FACE_BOUND('',#9858,.T.);
#9858 = EDGE_LOOP('',(#9859,#9913,#9914,#9915));
#9859 = ORIENTED_EDGE('',*,*,#9860,.T.);
#9860 = EDGE_CURVE('',#9364,#9791,#9861,.T.);
#9861 = SURFACE_CURVE('',#9862,(#9877,#9895),.PCURVE_S1.);
#9862 = B_SPLINE_CURVE_WITH_KNOTS('',7,(#9863,#9864,#9865,#9866,#9867,
    #9868,#9869,#9870,#9871,#9872,#9873,#9874,#9875,#9876),
  .UNSPECIFIED.,.F.,.F.,(8,6,8),(0.,0.950518435888,1.),.UNSPECIFIED.);
#9863 = CARTESIAN_POINT('',(1.107207567708E+03,6.,-172.4794017751));
#9864 = CARTESIAN_POINT('',(1.10736340819E+03,6.,-172.4794017751));
#9865 = CARTESIAN_POINT('',(1.107514614158E+03,6.,-172.4755615171));
#9866 = CARTESIAN_POINT('',(1.107660878505E+03,6.,-172.467219963));
#9867 = CARTESIAN_POINT('',(1.107800637472E+03,6.,-172.4534004149));
#9868 = CARTESIAN_POINT('',(1.10793110868E+03,6.,-172.4328321878));
#9869 = CARTESIAN_POINT('',(1.10804822625E+03,6.,-172.4039086));
#9870 = CARTESIAN_POINT('',(1.10815198576E+03,6.,-172.3627908033));
#9871 = CARTESIAN_POINT('',(1.108157068794E+03,6.,-172.3607291097));
#9872 = CARTESIAN_POINT('',(1.108162099887E+03,6.,-172.3586401011));
#9873 = CARTESIAN_POINT('',(1.108167078242E+03,6.,-172.3565235891));
#9874 = CARTESIAN_POINT('',(1.108172003053E+03,6.,-172.3543793918));
#9875 = CARTESIAN_POINT('',(1.108176873511E+03,6.,-172.3522073333));
#9876 = CARTESIAN_POINT('',(1.108181688801E+03,6.,-172.3500072439));
#9877 = PCURVE('',#8426,#9878);
#9878 = DEFINITIONAL_REPRESENTATION('',(#9879),#9894);
#9879 = B_SPLINE_CURVE_WITH_KNOTS('',7,(#9880,#9881,#9882,#9883,#9884,
    #9885,#9886,#9887,#9888,#9889,#9890,#9891,#9892,#9893),
  .UNSPECIFIED.,.F.,.F.,(8,6,8),(0.,0.950518435888,1.),.UNSPECIFIED.);
#9880 = CARTESIAN_POINT('',(1.,-5.E-02));
#9881 = CARTESIAN_POINT('',(0.887222152766,-5.E-02));
#9882 = CARTESIAN_POINT('',(0.769041405151,-5.E-02));
#9883 = CARTESIAN_POINT('',(0.644172666225,-5.E-02));
#9884 = CARTESIAN_POINT('',(0.511520463075,-5.E-02));
#9885 = CARTESIAN_POINT('',(0.370200844704,-5.E-02));
#9886 = CARTESIAN_POINT('',(0.219492535787,-5.E-02));
#9887 = CARTESIAN_POINT('',(5.06451681532E-02,-5.E-02));
#9888 = CARTESIAN_POINT('',(4.22655091889E-02,-5.E-02));
#9889 = CARTESIAN_POINT('',(3.386115315963E-02,-5.E-02));
#9890 = CARTESIAN_POINT('',(2.543224841954E-02,-5.E-02));
#9891 = CARTESIAN_POINT('',(1.697896162439E-02,-5.E-02));
#9892 = CARTESIAN_POINT('',(8.501477731547E-03,-5.E-02));
#9893 = CARTESIAN_POINT('',(0.,-5.E-02));
#9894 = ( GEOMETRIC_REPRESENTATION_CONTEXT(2) 
PARAMETRIC_REPRESENTATION_CONTEXT() REPRESENTATION_CONTEXT('2D SPACE',''
  ) );
#9895 = PCURVE('',#9389,#9896);
#9896 = DEFINITIONAL_REPRESENTATION('',(#9897),#9912);
#9897 = B_SPLINE_CURVE_WITH_KNOTS('',7,(#9898,#9899,#9900,#9901,#9902,
    #9903,#9904,#9905,#9906,#9907,#9908,#9909,#9910,#9911),
  .UNSPECIFIED.,.F.,.F.,(8,6,8),(0.,0.950518435888,1.),.UNSPECIFIED.);
#9898 = CARTESIAN_POINT('',(-3.391567502179,-27.21550268327));
#9899 = CARTESIAN_POINT('',(-3.391567502179,-27.05966220101));
#9900 = CARTESIAN_POINT('',(-3.387727244152,-26.90845623251));
#9901 = CARTESIAN_POINT('',(-3.379385690081,-26.76219188631));
#9902 = CARTESIAN_POINT('',(-3.36556614197,-26.62243291866));
#9903 = CARTESIAN_POINT('',(-3.344997914811,-26.49196171086));
#9904 = CARTESIAN_POINT('',(-3.316074327068,-26.37484414131));
#9905 = CARTESIAN_POINT('',(-3.274956530359,-26.27108463077));
#9906 = CARTESIAN_POINT('',(-3.272894836777,-26.26600159665));
#9907 = CARTESIAN_POINT('',(-3.270805828122,-26.26097050348));
#9908 = CARTESIAN_POINT('',(-3.268689316177,-26.25599214933));
#9909 = CARTESIAN_POINT('',(-3.266545118891,-26.25106733813));
#9910 = CARTESIAN_POINT('',(-3.264373060381,-26.24619687965));
#9911 = CARTESIAN_POINT('',(-3.262172970929,-26.24138158952));
#9912 = ( GEOMETRIC_REPRESENTATION_CONTEXT(2) 
PARAMETRIC_REPRESENTATION_CONTEXT() REPRESENTATION_CONTEXT('2D SPACE',''
  ) );
#9913 = ORIENTED_EDGE('',*,*,#9836,.T.);
#9914 = ORIENTED_EDGE('',*,*,#8412,.T.);
#9915 = ORIENTED_EDGE('',*,*,#9406,.F.);
#9916 = ADVANCED_FACE('',(#9917),#8479,.T.);
#9917 = FACE_BOUND('',#9918,.T.);
#9918 = EDGE_LOOP('',(#9919,#9970,#9991,#9992));
#9919 = ORIENTED_EDGE('',*,*,#9920,.T.);
#9920 = EDGE_CURVE('',#9921,#9923,#9925,.T.);
#9921 = VERTEX_POINT('',#9922);
#9922 = CARTESIAN_POINT('',(1.107546923176E+03,6.,-156.1512767751));
#9923 = VERTEX_POINT('',#9924);
#9924 = CARTESIAN_POINT('',(1.107402880208E+03,6.,-156.5565502126));
#9925 = SURFACE_CURVE('',#9926,(#9937,#9951),.PCURVE_S1.);
#9926 = B_SPLINE_CURVE_WITH_KNOTS('',5,(#9927,#9928,#9929,#9930,#9931,
    #9932,#9933,#9934,#9935,#9936),.UNSPECIFIED.,.F.,.F.,(6,4,6),(0.,
    9.658735689539E-02,1.),.UNSPECIFIED.);
#9927 = CARTESIAN_POINT('',(1.107546923176E+03,6.,-156.1512767751));
#9928 = CARTESIAN_POINT('',(1.107541278879E+03,6.,-156.156825406));
#9929 = CARTESIAN_POINT('',(1.107535771168E+03,6.,-156.1624928009));
#9930 = CARTESIAN_POINT('',(1.107530400754E+03,6.,-156.1682785544));
#9931 = CARTESIAN_POINT('',(1.107525168246E+03,6.,-156.1741821669));
#9932 = CARTESIAN_POINT('',(1.107472427359E+03,6.,-156.236518253));
#9933 = CARTESIAN_POINT('',(1.107436877654E+03,6.,-156.3031062059));
#9934 = CARTESIAN_POINT('',(1.107413885358E+03,6.,-156.3794410578));
#9935 = CARTESIAN_POINT('',(1.107402880208E+03,6.,-156.4643637899));
#9936 = CARTESIAN_POINT('',(1.107402880208E+03,6.,-156.5565502126));
#9937 = PCURVE('',#8479,#9938);
#9938 = DEFINITIONAL_REPRESENTATION('',(#9939),#9950);
#9939 = B_SPLINE_CURVE_WITH_KNOTS('',5,(#9940,#9941,#9942,#9943,#9944,
    #9945,#9946,#9947,#9948,#9949),.UNSPECIFIED.,.F.,.F.,(6,4,6),(0.,
    9.658735689539E-02,1.),.UNSPECIFIED.);
#9940 = CARTESIAN_POINT('',(1.,-5.E-02));
#9941 = CARTESIAN_POINT('',(0.980407593013,-5.E-02));
#9942 = CARTESIAN_POINT('',(0.960809470811,-5.E-02));
#9943 = CARTESIAN_POINT('',(0.941207548491,-5.E-02));
#9944 = CARTESIAN_POINT('',(0.921603748373,-5.E-02));
#9945 = CARTESIAN_POINT('',(0.718639830491,-5.E-02));
#9946 = CARTESIAN_POINT('',(0.535239873176,-5.E-02));
#9947 = CARTESIAN_POINT('',(0.353537048798,-5.E-02));
#9948 = CARTESIAN_POINT('',(0.174812771946,-5.E-02));
#9949 = CARTESIAN_POINT('',(0.,-5.E-02));
#9950 = ( GEOMETRIC_REPRESENTATION_CONTEXT(2) 
PARAMETRIC_REPRESENTATION_CONTEXT() REPRESENTATION_CONTEXT('2D SPACE',''
  ) );
#9951 = PCURVE('',#9952,#9957);
#9952 = PLANE('',#9953);
#9953 = AXIS2_PLACEMENT_3D('',#9954,#9955,#9956);
#9954 = CARTESIAN_POINT('',(1.134423070391E+03,6.,-169.0878342729));
#9955 = DIRECTION('',(0.,1.,0.));
#9956 = DIRECTION('',(0.,-0.,1.));
#9957 = DEFINITIONAL_REPRESENTATION('',(#9958),#9969);
#9958 = B_SPLINE_CURVE_WITH_KNOTS('',5,(#9959,#9960,#9961,#9962,#9963,
    #9964,#9965,#9966,#9967,#9968),.UNSPECIFIED.,.F.,.F.,(6,4,6),(0.,
    9.658735689539E-02,1.),.UNSPECIFIED.);
#9959 = CARTESIAN_POINT('',(12.936557497821,-26.87614721452));
#9960 = CARTESIAN_POINT('',(12.931008866936,-26.88179151146));
#9961 = CARTESIAN_POINT('',(12.925341472024,-26.88729922322));
#9962 = CARTESIAN_POINT('',(12.919555718552,-26.89266963657));
#9963 = CARTESIAN_POINT('',(12.913652106086,-26.89790214479));
#9964 = CARTESIAN_POINT('',(12.851316019979,-26.9506430324));
#9965 = CARTESIAN_POINT('',(12.784728066998,-26.98619273695));
#9966 = CARTESIAN_POINT('',(12.708393215183,-27.00918503338));
#9967 = CARTESIAN_POINT('',(12.623470483027,-27.02019018327));
#9968 = CARTESIAN_POINT('',(12.531284060321,-27.02019018327));
#9969 = ( GEOMETRIC_REPRESENTATION_CONTEXT(2) 
PARAMETRIC_REPRESENTATION_CONTEXT() REPRESENTATION_CONTEXT('2D SPACE',''
  ) );
#9970 = ORIENTED_EDGE('',*,*,#9971,.T.);
#9971 = EDGE_CURVE('',#9923,#8462,#9972,.T.);
#9972 = SURFACE_CURVE('',#9973,(#9977,#9984),.PCURVE_S1.);
#9973 = LINE('',#9974,#9975);
#9974 = CARTESIAN_POINT('',(1.107402880208E+03,5.95,-156.5565502126));
#9975 = VECTOR('',#9976,1.);
#9976 = DIRECTION('',(0.,1.,0.));
#9977 = PCURVE('',#8479,#9978);
#9978 = DEFINITIONAL_REPRESENTATION('',(#9979),#9983);
#9979 = LINE('',#9980,#9981);
#9980 = CARTESIAN_POINT('',(0.,0.));
#9981 = VECTOR('',#9982,1.);
#9982 = DIRECTION('',(0.,-1.));
#9983 = ( GEOMETRIC_REPRESENTATION_CONTEXT(2) 
PARAMETRIC_REPRESENTATION_CONTEXT() REPRESENTATION_CONTEXT('2D SPACE',''
  ) );
#9984 = PCURVE('',#8687,#9985);
#9985 = DEFINITIONAL_REPRESENTATION('',(#9986),#9990);
#9986 = LINE('',#9987,#9988);
#9987 = CARTESIAN_POINT('',(1.,0.));
#9988 = VECTOR('',#9989,1.);
#9989 = DIRECTION('',(0.,-1.));
#9990 = ( GEOMETRIC_REPRESENTATION_CONTEXT(2) 
PARAMETRIC_REPRESENTATION_CONTEXT() REPRESENTATION_CONTEXT('2D SPACE',''
  ) );
#9991 = ORIENTED_EDGE('',*,*,#8461,.T.);
#9992 = ORIENTED_EDGE('',*,*,#9993,.F.);
#9993 = EDGE_CURVE('',#9921,#8464,#9994,.T.);
#9994 = SURFACE_CURVE('',#9995,(#9999,#10006),.PCURVE_S1.);
#9995 = LINE('',#9996,#9997);
#9996 = CARTESIAN_POINT('',(1.107546923176E+03,5.95,-156.1512767751));
#9997 = VECTOR('',#9998,1.);
#9998 = DIRECTION('',(0.,1.,0.));
#9999 = PCURVE('',#8479,#10000);
#10000 = DEFINITIONAL_REPRESENTATION('',(#10001),#10005);
#10001 = LINE('',#10002,#10003);
#10002 = CARTESIAN_POINT('',(1.,0.));
#10003 = VECTOR('',#10004,1.);
#10004 = DIRECTION('',(0.,-1.));
#10005 = ( GEOMETRIC_REPRESENTATION_CONTEXT(2) 
PARAMETRIC_REPRESENTATION_CONTEXT() REPRESENTATION_CONTEXT('2D SPACE',''
  ) );
#10006 = PCURVE('',#8509,#10007);
#10007 = DEFINITIONAL_REPRESENTATION('',(#10008),#10012);
#10008 = LINE('',#10009,#10010);
#10009 = CARTESIAN_POINT('',(0.,0.));
#10010 = VECTOR('',#10011,1.);
#10011 = DIRECTION('',(0.,-1.));
#10012 = ( GEOMETRIC_REPRESENTATION_CONTEXT(2) 
PARAMETRIC_REPRESENTATION_CONTEXT() REPRESENTATION_CONTEXT('2D SPACE',''
  ) );
#10013 = ADVANCED_FACE('',(#10014),#8509,.T.);
#10014 = FACE_BOUND('',#10015,.T.);
#10015 = EDGE_LOOP('',(#10016,#10048,#10049,#10050));
#10016 = ORIENTED_EDGE('',*,*,#10017,.T.);
#10017 = EDGE_CURVE('',#10018,#9921,#10020,.T.);
#10018 = VERTEX_POINT('',#10019);
#10019 = CARTESIAN_POINT('',(1.107959520833E+03,6.,-156.0096752126));
#10020 = SURFACE_CURVE('',#10021,(#10028,#10038),.PCURVE_S1.);
#10021 = B_SPLINE_CURVE_WITH_KNOTS('',5,(#10022,#10023,#10024,#10025,
    #10026,#10027),.UNSPECIFIED.,.F.,.F.,(6,6),(0.,1.),
  .PIECEWISE_BEZIER_KNOTS.);
#10022 = CARTESIAN_POINT('',(1.107959520833E+03,6.,-156.0096752126));
#10023 = CARTESIAN_POINT('',(1.107855789233E+03,6.,-156.0096752126));
#10024 = CARTESIAN_POINT('',(1.107761011564E+03,6.,-156.022879875));
#10025 = CARTESIAN_POINT('',(1.107677042928E+03,6.,-156.0506374686));
#10026 = CARTESIAN_POINT('',(1.107605486403E+03,6.,-156.0937061458));
#10027 = CARTESIAN_POINT('',(1.107546923176E+03,6.,-156.1512767751));
#10028 = PCURVE('',#8509,#10029);
#10029 = DEFINITIONAL_REPRESENTATION('',(#10030),#10037);
#10030 = B_SPLINE_CURVE_WITH_KNOTS('',5,(#10031,#10032,#10033,#10034,
    #10035,#10036),.UNSPECIFIED.,.F.,.F.,(6,6),(0.,1.),
  .PIECEWISE_BEZIER_KNOTS.);
#10031 = CARTESIAN_POINT('',(1.,-5.E-02));
#10032 = CARTESIAN_POINT('',(0.806870621543,-5.E-02));
#10033 = CARTESIAN_POINT('',(0.608794269921,-5.E-02));
#10034 = CARTESIAN_POINT('',(0.407017537579,-5.E-02));
#10035 = CARTESIAN_POINT('',(0.203283877405,-5.E-02));
#10036 = CARTESIAN_POINT('',(0.,-5.E-02));
#10037 = ( GEOMETRIC_REPRESENTATION_CONTEXT(2) 
PARAMETRIC_REPRESENTATION_CONTEXT() REPRESENTATION_CONTEXT('2D SPACE',''
  ) );
#10038 = PCURVE('',#9952,#10039);
#10039 = DEFINITIONAL_REPRESENTATION('',(#10040),#10047);
#10040 = B_SPLINE_CURVE_WITH_KNOTS('',5,(#10041,#10042,#10043,#10044,
    #10045,#10046),.UNSPECIFIED.,.F.,.F.,(6,6),(0.,1.),
  .PIECEWISE_BEZIER_KNOTS.);
#10041 = CARTESIAN_POINT('',(13.078159060321,-26.46354955827));
#10042 = CARTESIAN_POINT('',(13.078159060321,-26.56728115803));
#10043 = CARTESIAN_POINT('',(13.064954397904,-26.66205882719));
#10044 = CARTESIAN_POINT('',(13.037196804355,-26.74602746263));
#10045 = CARTESIAN_POINT('',(12.994128127164,-26.81758398812));
#10046 = CARTESIAN_POINT('',(12.936557497821,-26.87614721452));
#10047 = ( GEOMETRIC_REPRESENTATION_CONTEXT(2) 
PARAMETRIC_REPRESENTATION_CONTEXT() REPRESENTATION_CONTEXT('2D SPACE',''
  ) );
#10048 = ORIENTED_EDGE('',*,*,#9993,.T.);
#10049 = ORIENTED_EDGE('',*,*,#8493,.T.);
#10050 = ORIENTED_EDGE('',*,*,#10051,.F.);
#10051 = EDGE_CURVE('',#10018,#8494,#10052,.T.);
#10052 = SURFACE_CURVE('',#10053,(#10057,#10064),.PCURVE_S1.);
#10053 = LINE('',#10054,#10055);
#10054 = CARTESIAN_POINT('',(1.107959520833E+03,5.95,-156.0096752126));
#10055 = VECTOR('',#10056,1.);
#10056 = DIRECTION('',(0.,1.,0.));
#10057 = PCURVE('',#8509,#10058);
#10058 = DEFINITIONAL_REPRESENTATION('',(#10059),#10063);
#10059 = LINE('',#10060,#10061);
#10060 = CARTESIAN_POINT('',(1.,0.));
#10061 = VECTOR('',#10062,1.);
#10062 = DIRECTION('',(0.,-1.));
#10063 = ( GEOMETRIC_REPRESENTATION_CONTEXT(2) 
PARAMETRIC_REPRESENTATION_CONTEXT() REPRESENTATION_CONTEXT('2D SPACE',''
  ) );
#10064 = PCURVE('',#8539,#10065);
#10065 = DEFINITIONAL_REPRESENTATION('',(#10066),#10070);
#10066 = LINE('',#10067,#10068);
#10067 = CARTESIAN_POINT('',(0.,0.));
#10068 = VECTOR('',#10069,1.);
#10069 = DIRECTION('',(0.,-1.));
#10070 = ( GEOMETRIC_REPRESENTATION_CONTEXT(2) 
PARAMETRIC_REPRESENTATION_CONTEXT() REPRESENTATION_CONTEXT('2D SPACE',''
  ) );
#10071 = ADVANCED_FACE('',(#10072),#8539,.T.);
#10072 = FACE_BOUND('',#10073,.T.);
#10073 = EDGE_LOOP('',(#10074,#10118,#10119,#10120));
#10074 = ORIENTED_EDGE('',*,*,#10075,.T.);
#10075 = EDGE_CURVE('',#10076,#10018,#10078,.T.);
#10076 = VERTEX_POINT('',#10077);
#10077 = CARTESIAN_POINT('',(1.108370897786E+03,6.,-156.1512767751));
#10078 = SURFACE_CURVE('',#10079,(#10090,#10104),.PCURVE_S1.);
#10079 = B_SPLINE_CURVE_WITH_KNOTS('',5,(#10080,#10081,#10082,#10083,
    #10084,#10085,#10086,#10087,#10088,#10089),.UNSPECIFIED.,.F.,.F.,(6,
    4,6),(0.,5.704134955343E-02,1.),.UNSPECIFIED.);
#10080 = CARTESIAN_POINT('',(1.108370897786E+03,6.,-156.1512767751));
#10081 = CARTESIAN_POINT('',(1.108367584773E+03,6.,-156.1479920782));
#10082 = CARTESIAN_POINT('',(1.108364229128E+03,6.,-156.1447546595));
#10083 = CARTESIAN_POINT('',(1.10836083095E+03,6.,-156.1415646524));
#10084 = CARTESIAN_POINT('',(1.108357390347E+03,6.,-156.1384221773));
#10085 = CARTESIAN_POINT('',(1.108296330991E+03,6.,-156.0841661726));
#10086 = CARTESIAN_POINT('',(1.108227177248E+03,6.,-156.0460101014));
#10087 = CARTESIAN_POINT('',(1.108147039282E+03,6.,-156.0214084441));
#10088 = CARTESIAN_POINT('',(1.108057301924E+03,6.,-156.0096752126));
#10089 = CARTESIAN_POINT('',(1.107959520833E+03,6.,-156.0096752126));
#10090 = PCURVE('',#8539,#10091);
#10091 = DEFINITIONAL_REPRESENTATION('',(#10092),#10103);
#10092 = B_SPLINE_CURVE_WITH_KNOTS('',5,(#10093,#10094,#10095,#10096,
    #10097,#10098,#10099,#10100,#10101,#10102),.UNSPECIFIED.,.F.,.F.,(6,
    4,6),(0.,5.704134955343E-02,1.),.UNSPECIFIED.);
#10093 = CARTESIAN_POINT('',(1.,-5.E-02));
#10094 = CARTESIAN_POINT('',(0.988401622021,-5.E-02));
#10095 = CARTESIAN_POINT('',(0.976802031882,-5.E-02));
#10096 = CARTESIAN_POINT('',(0.965201630458,-5.E-02));
#10097 = CARTESIAN_POINT('',(0.953600819173,-5.E-02));
#10098 = CARTESIAN_POINT('',(0.750225210704,-5.E-02));
#10099 = CARTESIAN_POINT('',(0.558395189176,-5.E-02));
#10100 = CARTESIAN_POINT('',(0.368522240129,-5.E-02));
#10101 = CARTESIAN_POINT('',(0.182050612997,-5.E-02));
#10102 = CARTESIAN_POINT('',(0.,-5.E-02));
#10103 = ( GEOMETRIC_REPRESENTATION_CONTEXT(2) 
PARAMETRIC_REPRESENTATION_CONTEXT() REPRESENTATION_CONTEXT('2D SPACE',''
  ) );
#10104 = PCURVE('',#9952,#10105);
#10105 = DEFINITIONAL_REPRESENTATION('',(#10106),#10117);
#10106 = B_SPLINE_CURVE_WITH_KNOTS('',5,(#10107,#10108,#10109,#10110,
    #10111,#10112,#10113,#10114,#10115,#10116),.UNSPECIFIED.,.F.,.F.,(6,
    4,6),(0.,5.704134955343E-02,1.),.UNSPECIFIED.);
#10107 = CARTESIAN_POINT('',(12.936557497821,-26.05217260515));
#10108 = CARTESIAN_POINT('',(12.93984219471,-26.05548561839));
#10109 = CARTESIAN_POINT('',(12.943079613443,-26.05884126243));
#10110 = CARTESIAN_POINT('',(12.946269620574,-26.06223944046));
#10111 = CARTESIAN_POINT('',(12.94941209569,-26.06568004378));
#10112 = CARTESIAN_POINT('',(13.003668100301,-26.12673939943));
#10113 = CARTESIAN_POINT('',(13.041824171528,-26.19589314261));
#10114 = CARTESIAN_POINT('',(13.066425828849,-26.27603110856));
#10115 = CARTESIAN_POINT('',(13.078159060321,-26.36576846731));
#10116 = CARTESIAN_POINT('',(13.078159060321,-26.46354955827));
#10117 = ( GEOMETRIC_REPRESENTATION_CONTEXT(2) 
PARAMETRIC_REPRESENTATION_CONTEXT() REPRESENTATION_CONTEXT('2D SPACE',''
  ) );
#10118 = ORIENTED_EDGE('',*,*,#10051,.T.);
#10119 = ORIENTED_EDGE('',*,*,#8523,.T.);
#10120 = ORIENTED_EDGE('',*,*,#10121,.F.);
#10121 = EDGE_CURVE('',#10076,#8524,#10122,.T.);
#10122 = SURFACE_CURVE('',#10123,(#10127,#10134),.PCURVE_S1.);
#10123 = LINE('',#10124,#10125);
#10124 = CARTESIAN_POINT('',(1.108370897786E+03,5.95,-156.1512767751));
#10125 = VECTOR('',#10126,1.);
#10126 = DIRECTION('',(0.,1.,0.));
#10127 = PCURVE('',#8539,#10128);
#10128 = DEFINITIONAL_REPRESENTATION('',(#10129),#10133);
#10129 = LINE('',#10130,#10131);
#10130 = CARTESIAN_POINT('',(1.,0.));
#10131 = VECTOR('',#10132,1.);
#10132 = DIRECTION('',(0.,-1.));
#10133 = ( GEOMETRIC_REPRESENTATION_CONTEXT(2) 
PARAMETRIC_REPRESENTATION_CONTEXT() REPRESENTATION_CONTEXT('2D SPACE',''
  ) );
#10134 = PCURVE('',#8569,#10135);
#10135 = DEFINITIONAL_REPRESENTATION('',(#10136),#10140);
#10136 = LINE('',#10137,#10138);
#10137 = CARTESIAN_POINT('',(0.,0.));
#10138 = VECTOR('',#10139,1.);
#10139 = DIRECTION('',(0.,-1.));
#10140 = ( GEOMETRIC_REPRESENTATION_CONTEXT(2) 
PARAMETRIC_REPRESENTATION_CONTEXT() REPRESENTATION_CONTEXT('2D SPACE',''
  ) );
#10141 = ADVANCED_FACE('',(#10142),#8569,.T.);
#10142 = FACE_BOUND('',#10143,.T.);
#10143 = EDGE_LOOP('',(#10144,#10188,#10189,#10190));
#10144 = ORIENTED_EDGE('',*,*,#10145,.T.);
#10145 = EDGE_CURVE('',#10146,#10076,#10148,.T.);
#10146 = VERTEX_POINT('',#10147);
#10147 = CARTESIAN_POINT('',(1.108513720051E+03,6.,-156.5565502126));
#10148 = SURFACE_CURVE('',#10149,(#10160,#10174),.PCURVE_S1.);
#10149 = B_SPLINE_CURVE_WITH_KNOTS('',5,(#10150,#10151,#10152,#10153,
    #10154,#10155,#10156,#10157,#10158,#10159),.UNSPECIFIED.,.F.,.F.,(6,
    4,6),(0.,0.912312159555,1.),.UNSPECIFIED.);
#10150 = CARTESIAN_POINT('',(1.108513720051E+03,6.,-156.5565502126));
#10151 = CARTESIAN_POINT('',(1.108513720051E+03,6.,-156.4634742169));
#10152 = CARTESIAN_POINT('',(1.108502596534E+03,6.,-156.3778024906));
#10153 = CARTESIAN_POINT('',(1.108479347336E+03,6.,-156.3008911813));
#10154 = CARTESIAN_POINT('',(1.10844338765E+03,6.,-156.2339287337));
#10155 = CARTESIAN_POINT('',(1.108390556176E+03,6.,-156.1720201414));
#10156 = CARTESIAN_POINT('',(1.108385810323E+03,6.,-156.1666882206));
#10157 = CARTESIAN_POINT('',(1.108380951666E+03,6.,-156.1614534471));
#10158 = CARTESIAN_POINT('',(1.108375980649E+03,6.,-156.156316195));
#10159 = CARTESIAN_POINT('',(1.108370897786E+03,6.,-156.1512767751));
#10160 = PCURVE('',#8569,#10161);
#10161 = DEFINITIONAL_REPRESENTATION('',(#10162),#10173);
#10162 = B_SPLINE_CURVE_WITH_KNOTS('',5,(#10163,#10164,#10165,#10166,
    #10167,#10168,#10169,#10170,#10171,#10172),.UNSPECIFIED.,.F.,.F.,(6,
    4,6),(0.,0.912312159555,1.),.UNSPECIFIED.);
#10163 = CARTESIAN_POINT('',(1.,-5.E-02));
#10164 = CARTESIAN_POINT('',(0.823500334077,-5.E-02));
#10165 = CARTESIAN_POINT('',(0.643012737586,-5.E-02));
#10166 = CARTESIAN_POINT('',(0.459484594457,-5.E-02));
#10167 = CARTESIAN_POINT('',(0.274221715184,-5.E-02));
#10168 = CARTESIAN_POINT('',(7.119722050407E-02,-5.E-02));
#10169 = CARTESIAN_POINT('',(5.339440106142E-02,-5.E-02));
#10170 = CARTESIAN_POINT('',(3.55929735259E-02,-5.E-02));
#10171 = CARTESIAN_POINT('',(1.779436543303E-02,-5.E-02));
#10172 = CARTESIAN_POINT('',(0.,-5.E-02));
#10173 = ( GEOMETRIC_REPRESENTATION_CONTEXT(2) 
PARAMETRIC_REPRESENTATION_CONTEXT() REPRESENTATION_CONTEXT('2D SPACE',''
  ) );
#10174 = PCURVE('',#9952,#10175);
#10175 = DEFINITIONAL_REPRESENTATION('',(#10176),#10187);
#10176 = B_SPLINE_CURVE_WITH_KNOTS('',5,(#10177,#10178,#10179,#10180,
    #10181,#10182,#10183,#10184,#10185,#10186),.UNSPECIFIED.,.F.,.F.,(6,
    4,6),(0.,0.912312159555,1.),.UNSPECIFIED.);
#10177 = CARTESIAN_POINT('',(12.531284060321,-25.90935033952));
#10178 = CARTESIAN_POINT('',(12.624360056023,-25.90935033952));
#10179 = CARTESIAN_POINT('',(12.710031782335,-25.92047385671));
#10180 = CARTESIAN_POINT('',(12.78694309162,-25.94372305535));
#10181 = CARTESIAN_POINT('',(12.85390553926,-25.97968274075));
#10182 = CARTESIAN_POINT('',(12.91581413151,-26.03251421491));
#10183 = CARTESIAN_POINT('',(12.92114605233,-26.03726006806));
#10184 = CARTESIAN_POINT('',(12.926380825829,-26.04211872478));
#10185 = CARTESIAN_POINT('',(12.931518077923,-26.04708974198));
#10186 = CARTESIAN_POINT('',(12.936557497821,-26.05217260515));
#10187 = ( GEOMETRIC_REPRESENTATION_CONTEXT(2) 
PARAMETRIC_REPRESENTATION_CONTEXT() REPRESENTATION_CONTEXT('2D SPACE',''
  ) );
#10188 = ORIENTED_EDGE('',*,*,#10121,.T.);
#10189 = ORIENTED_EDGE('',*,*,#8553,.T.);
#10190 = ORIENTED_EDGE('',*,*,#10191,.F.);
#10191 = EDGE_CURVE('',#10146,#8554,#10192,.T.);
#10192 = SURFACE_CURVE('',#10193,(#10197,#10204),.PCURVE_S1.);
#10193 = LINE('',#10194,#10195);
#10194 = CARTESIAN_POINT('',(1.108513720051E+03,5.95,-156.5565502126));
#10195 = VECTOR('',#10196,1.);
#10196 = DIRECTION('',(0.,1.,0.));
#10197 = PCURVE('',#8569,#10198);
#10198 = DEFINITIONAL_REPRESENTATION('',(#10199),#10203);
#10199 = LINE('',#10200,#10201);
#10200 = CARTESIAN_POINT('',(1.,0.));
#10201 = VECTOR('',#10202,1.);
#10202 = DIRECTION('',(0.,-1.));
#10203 = ( GEOMETRIC_REPRESENTATION_CONTEXT(2) 
PARAMETRIC_REPRESENTATION_CONTEXT() REPRESENTATION_CONTEXT('2D SPACE',''
  ) );
#10204 = PCURVE('',#8599,#10205);
#10205 = DEFINITIONAL_REPRESENTATION('',(#10206),#10210);
#10206 = LINE('',#10207,#10208);
#10207 = CARTESIAN_POINT('',(0.,0.));
#10208 = VECTOR('',#10209,1.);
#10209 = DIRECTION('',(0.,-1.));
#10210 = ( GEOMETRIC_REPRESENTATION_CONTEXT(2) 
PARAMETRIC_REPRESENTATION_CONTEXT() REPRESENTATION_CONTEXT('2D SPACE',''
  ) );
#10211 = ADVANCED_FACE('',(#10212),#8599,.T.);
#10212 = FACE_BOUND('',#10213,.T.);
#10213 = EDGE_LOOP('',(#10214,#10258,#10259,#10260));
#10214 = ORIENTED_EDGE('',*,*,#10215,.T.);
#10215 = EDGE_CURVE('',#10216,#10146,#10218,.T.);
#10216 = VERTEX_POINT('',#10217);
#10217 = CARTESIAN_POINT('',(1.108370897786E+03,6.,-156.9569408376));
#10218 = SURFACE_CURVE('',#10219,(#10230,#10244),.PCURVE_S1.);
#10219 = B_SPLINE_CURVE_WITH_KNOTS('',5,(#10220,#10221,#10222,#10223,
    #10224,#10225,#10226,#10227,#10228,#10229),.UNSPECIFIED.,.F.,.F.,(6,
    4,6),(0.,9.46224836005E-02,1.),.UNSPECIFIED.);
#10220 = CARTESIAN_POINT('',(1.108370897786E+03,6.,-156.9569408376));
#10221 = CARTESIAN_POINT('',(1.108376380088E+03,6.,-156.9515991076));
#10222 = CARTESIAN_POINT('',(1.108381732413E+03,6.,-156.9461434538));
#10223 = CARTESIAN_POINT('',(1.108386954101E+03,6.,-156.940574247));
#10224 = CARTESIAN_POINT('',(1.108392044589E+03,6.,-156.934891944));
#10225 = CARTESIAN_POINT('',(1.108444450968E+03,6.,-156.8736500896));
#10226 = CARTESIAN_POINT('',(1.108479855335E+03,6.,-156.8078849161));
#10227 = CARTESIAN_POINT('',(1.108502756948E+03,6.,-156.7323163502));
#10228 = CARTESIAN_POINT('',(1.108513720051E+03,6.,-156.6480971896));
#10229 = CARTESIAN_POINT('',(1.108513720051E+03,6.,-156.5565502126));
#10230 = PCURVE('',#8599,#10231);
#10231 = DEFINITIONAL_REPRESENTATION('',(#10232),#10243);
#10232 = B_SPLINE_CURVE_WITH_KNOTS('',5,(#10233,#10234,#10235,#10236,
    #10237,#10238,#10239,#10240,#10241,#10242),.UNSPECIFIED.,.F.,.F.,(6,
    4,6),(0.,9.46224836005E-02,1.),.UNSPECIFIED.);
#10233 = CARTESIAN_POINT('',(1.,-5.E-02));
#10234 = CARTESIAN_POINT('',(0.980807257582,-5.E-02));
#10235 = CARTESIAN_POINT('',(0.961609094093,-5.E-02));
#10236 = CARTESIAN_POINT('',(0.942407298497,-5.E-02));
#10237 = CARTESIAN_POINT('',(0.92320366639,-5.E-02));
#10238 = CARTESIAN_POINT('',(0.720253314011,-5.E-02));
#10239 = CARTESIAN_POINT('',(0.536459064069,-5.E-02));
#10240 = CARTESIAN_POINT('',(0.354354360678,-5.E-02));
#10241 = CARTESIAN_POINT('',(0.175222625081,-5.E-02));
#10242 = CARTESIAN_POINT('',(0.,-5.E-02));
#10243 = ( GEOMETRIC_REPRESENTATION_CONTEXT(2) 
PARAMETRIC_REPRESENTATION_CONTEXT() REPRESENTATION_CONTEXT('2D SPACE',''
  ) );
#10244 = PCURVE('',#9952,#10245);
#10245 = DEFINITIONAL_REPRESENTATION('',(#10246),#10257);
#10246 = B_SPLINE_CURVE_WITH_KNOTS('',5,(#10247,#10248,#10249,#10250,
    #10251,#10252,#10253,#10254,#10255,#10256),.UNSPECIFIED.,.F.,.F.,(6,
    4,6),(0.,9.46224836005E-02,1.),.UNSPECIFIED.);
#10247 = CARTESIAN_POINT('',(12.130893435321,-26.05217260515));
#10248 = CARTESIAN_POINT('',(12.136235165389,-26.04669030324));
#10249 = CARTESIAN_POINT('',(12.141690819171,-26.04133797828));
#10250 = CARTESIAN_POINT('',(12.147260025956,-26.03611629011));
#10251 = CARTESIAN_POINT('',(12.152942328959,-26.03102580189));
#10252 = CARTESIAN_POINT('',(12.214184183339,-25.97861942282));
#10253 = CARTESIAN_POINT('',(12.279949356797,-25.94321505589));
#10254 = CARTESIAN_POINT('',(12.355517922695,-25.92031344294));
#10255 = CARTESIAN_POINT('',(12.43973708335,-25.90935033952));
#10256 = CARTESIAN_POINT('',(12.531284060321,-25.90935033952));
#10257 = ( GEOMETRIC_REPRESENTATION_CONTEXT(2) 
PARAMETRIC_REPRESENTATION_CONTEXT() REPRESENTATION_CONTEXT('2D SPACE',''
  ) );
#10258 = ORIENTED_EDGE('',*,*,#10191,.T.);
#10259 = ORIENTED_EDGE('',*,*,#8583,.T.);
#10260 = ORIENTED_EDGE('',*,*,#10261,.F.);
#10261 = EDGE_CURVE('',#10216,#8584,#10262,.T.);
#10262 = SURFACE_CURVE('',#10263,(#10267,#10274),.PCURVE_S1.);
#10263 = LINE('',#10264,#10265);
#10264 = CARTESIAN_POINT('',(1.108370897786E+03,5.95,-156.9569408376));
#10265 = VECTOR('',#10266,1.);
#10266 = DIRECTION('',(0.,1.,0.));
#10267 = PCURVE('',#8599,#10268);
#10268 = DEFINITIONAL_REPRESENTATION('',(#10269),#10273);
#10269 = LINE('',#10270,#10271);
#10270 = CARTESIAN_POINT('',(1.,0.));
#10271 = VECTOR('',#10272,1.);
#10272 = DIRECTION('',(0.,-1.));
#10273 = ( GEOMETRIC_REPRESENTATION_CONTEXT(2) 
PARAMETRIC_REPRESENTATION_CONTEXT() REPRESENTATION_CONTEXT('2D SPACE',''
  ) );
#10274 = PCURVE('',#8629,#10275);
#10275 = DEFINITIONAL_REPRESENTATION('',(#10276),#10280);
#10276 = LINE('',#10277,#10278);
#10277 = CARTESIAN_POINT('',(0.,0.));
#10278 = VECTOR('',#10279,1.);
#10279 = DIRECTION('',(0.,-1.));
#10280 = ( GEOMETRIC_REPRESENTATION_CONTEXT(2) 
PARAMETRIC_REPRESENTATION_CONTEXT() REPRESENTATION_CONTEXT('2D SPACE',''
  ) );
#10281 = ADVANCED_FACE('',(#10282),#8629,.T.);
#10282 = FACE_BOUND('',#10283,.T.);
#10283 = EDGE_LOOP('',(#10284,#10319,#10320,#10321));
#10284 = ORIENTED_EDGE('',*,*,#10285,.T.);
#10285 = EDGE_CURVE('',#10286,#10216,#10288,.T.);
#10286 = VERTEX_POINT('',#10287);
#10287 = CARTESIAN_POINT('',(1.107959520833E+03,6.,-157.0961009939));
#10288 = SURFACE_CURVE('',#10289,(#10297,#10308),.PCURVE_S1.);
#10289 = B_SPLINE_CURVE_WITH_KNOTS('',6,(#10290,#10291,#10292,#10293,
    #10294,#10295,#10296),.UNSPECIFIED.,.F.,.F.,(7,7),(0.,1.),
  .PIECEWISE_BEZIER_KNOTS.);
#10290 = CARTESIAN_POINT('',(1.107959520833E+03,6.,-157.0961009939));
#10291 = CARTESIAN_POINT('',(1.108045898142E+03,6.,-157.0961009939));
#10292 = CARTESIAN_POINT('',(1.108126255655E+03,6.,-157.0874631866));
#10293 = CARTESIAN_POINT('',(1.108199665629E+03,6.,-157.0695188255));
#10294 = CARTESIAN_POINT('',(1.108265281729E+03,6.,-157.0417898709));
#10295 = CARTESIAN_POINT('',(1.10832245915E+03,6.,-157.0041374574));
#10296 = CARTESIAN_POINT('',(1.108370897786E+03,6.,-156.9569408376));
#10297 = PCURVE('',#8629,#10298);
#10298 = DEFINITIONAL_REPRESENTATION('',(#10299),#10307);
#10299 = B_SPLINE_CURVE_WITH_KNOTS('',6,(#10300,#10301,#10302,#10303,
    #10304,#10305,#10306),.UNSPECIFIED.,.F.,.F.,(7,7),(0.,1.),
  .PIECEWISE_BEZIER_KNOTS.);
#10300 = CARTESIAN_POINT('',(1.,-5.E-02));
#10301 = CARTESIAN_POINT('',(0.839181155075,-5.E-02));
#10302 = CARTESIAN_POINT('',(0.675039824278,-5.E-02));
#10303 = CARTESIAN_POINT('',(0.508178350665,-5.E-02));
#10304 = CARTESIAN_POINT('',(0.339368312721,-5.E-02));
#10305 = CARTESIAN_POINT('',(0.169576626884,-5.E-02));
#10306 = CARTESIAN_POINT('',(0.,-5.E-02));
#10307 = ( GEOMETRIC_REPRESENTATION_CONTEXT(2) 
PARAMETRIC_REPRESENTATION_CONTEXT() REPRESENTATION_CONTEXT('2D SPACE',''
  ) );
#10308 = PCURVE('',#9952,#10309);
#10309 = DEFINITIONAL_REPRESENTATION('',(#10310),#10318);
#10310 = B_SPLINE_CURVE_WITH_KNOTS('',6,(#10311,#10312,#10313,#10314,
    #10315,#10316,#10317),.UNSPECIFIED.,.F.,.F.,(7,7),(0.,1.),
  .PIECEWISE_BEZIER_KNOTS.);
#10311 = CARTESIAN_POINT('',(11.991733279071,-26.46354955827));
#10312 = CARTESIAN_POINT('',(11.991733279071,-26.37717224899));
#10313 = CARTESIAN_POINT('',(12.000371086384,-26.29681473607));
#10314 = CARTESIAN_POINT('',(12.018315447424,-26.22340476187));
#10315 = CARTESIAN_POINT('',(12.046044402019,-26.15778866161));
#10316 = CARTESIAN_POINT('',(12.083696815534,-26.10061124125));
#10317 = CARTESIAN_POINT('',(12.130893435321,-26.05217260515));
#10318 = ( GEOMETRIC_REPRESENTATION_CONTEXT(2) 
PARAMETRIC_REPRESENTATION_CONTEXT() REPRESENTATION_CONTEXT('2D SPACE',''
  ) );
#10319 = ORIENTED_EDGE('',*,*,#10261,.T.);
#10320 = ORIENTED_EDGE('',*,*,#8613,.T.);
#10321 = ORIENTED_EDGE('',*,*,#10322,.F.);
#10322 = EDGE_CURVE('',#10286,#8614,#10323,.T.);
#10323 = SURFACE_CURVE('',#10324,(#10328,#10335),.PCURVE_S1.);
#10324 = LINE('',#10325,#10326);
#10325 = CARTESIAN_POINT('',(1.107959520833E+03,5.95,-157.0961009939));
#10326 = VECTOR('',#10327,1.);
#10327 = DIRECTION('',(0.,1.,0.));
#10328 = PCURVE('',#8629,#10329);
#10329 = DEFINITIONAL_REPRESENTATION('',(#10330),#10334);
#10330 = LINE('',#10331,#10332);
#10331 = CARTESIAN_POINT('',(1.,0.));
#10332 = VECTOR('',#10333,1.);
#10333 = DIRECTION('',(0.,-1.));
#10334 = ( GEOMETRIC_REPRESENTATION_CONTEXT(2) 
PARAMETRIC_REPRESENTATION_CONTEXT() REPRESENTATION_CONTEXT('2D SPACE',''
  ) );
#10335 = PCURVE('',#8659,#10336);
#10336 = DEFINITIONAL_REPRESENTATION('',(#10337),#10341);
#10337 = LINE('',#10338,#10339);
#10338 = CARTESIAN_POINT('',(0.,0.));
#10339 = VECTOR('',#10340,1.);
#10340 = DIRECTION('',(0.,-1.));
#10341 = ( GEOMETRIC_REPRESENTATION_CONTEXT(2) 
PARAMETRIC_REPRESENTATION_CONTEXT() REPRESENTATION_CONTEXT('2D SPACE',''
  ) );
#10342 = ADVANCED_FACE('',(#10343),#8659,.T.);
#10343 = FACE_BOUND('',#10344,.T.);
#10344 = EDGE_LOOP('',(#10345,#10395,#10396,#10397));
#10345 = ORIENTED_EDGE('',*,*,#10346,.T.);
#10346 = EDGE_CURVE('',#10347,#10286,#10349,.T.);
#10347 = VERTEX_POINT('',#10348);
#10348 = CARTESIAN_POINT('',(1.107545702473E+03,6.,-156.9569408376));
#10349 = SURFACE_CURVE('',#10350,(#10363,#10379),.PCURVE_S1.);
#10350 = B_SPLINE_CURVE_WITH_KNOTS('',6,(#10351,#10352,#10353,#10354,
    #10355,#10356,#10357,#10358,#10359,#10360,#10361,#10362),
  .UNSPECIFIED.,.F.,.F.,(7,5,7),(0.,2.945687091839E-02,1.),
  .UNSPECIFIED.);
#10351 = CARTESIAN_POINT('',(1.107545702473E+03,6.,-156.9569408376));
#10352 = CARTESIAN_POINT('',(1.107547130644E+03,6.,-156.9583323886));
#10353 = CARTESIAN_POINT('',(1.107548566536E+03,6.,-156.9597156212));
#10354 = CARTESIAN_POINT('',(1.107550010142E+03,6.,-156.9610905268));
#10355 = CARTESIAN_POINT('',(1.107551461454E+03,6.,-156.9624570975));
#10356 = CARTESIAN_POINT('',(1.107552920465E+03,6.,-156.9638153253));
#10357 = CARTESIAN_POINT('',(1.107602711934E+03,6.,-157.0096408827));
#10358 = CARTESIAN_POINT('',(1.107659396658E+03,6.,-157.0450625848));
#10359 = CARTESIAN_POINT('',(1.107724124028E+03,6.,-157.07112289));
#10360 = CARTESIAN_POINT('',(1.107796265637E+03,6.,-157.08798262));
#10361 = CARTESIAN_POINT('',(1.107875019614E+03,6.,-157.0961009939));
#10362 = CARTESIAN_POINT('',(1.107959520833E+03,6.,-157.0961009939));
#10363 = PCURVE('',#8659,#10364);
#10364 = DEFINITIONAL_REPRESENTATION('',(#10365),#10378);
#10365 = B_SPLINE_CURVE_WITH_KNOTS('',6,(#10366,#10367,#10368,#10369,
    #10370,#10371,#10372,#10373,#10374,#10375,#10376,#10377),
  .UNSPECIFIED.,.F.,.F.,(7,5,7),(0.,2.945687091839E-02,1.),
  .UNSPECIFIED.);
#10366 = CARTESIAN_POINT('',(1.,-5.E-02));
#10367 = CARTESIAN_POINT('',(0.995000181583,-5.E-02));
#10368 = CARTESIAN_POINT('',(0.990000253482,-5.E-02));
#10369 = CARTESIAN_POINT('',(0.98500024348,-5.E-02));
#10370 = CARTESIAN_POINT('',(0.980000179368,-5.E-02));
#10371 = CARTESIAN_POINT('',(0.97500008894,-5.E-02));
#10372 = CARTESIAN_POINT('',(0.805257384303,-5.E-02));
#10373 = CARTESIAN_POINT('',(0.6404764565,-5.E-02));
#10374 = CARTESIAN_POINT('',(0.476765087841,-5.E-02));
#10375 = CARTESIAN_POINT('',(0.315009422014,-5.E-02));
#10376 = CARTESIAN_POINT('',(0.155908554214,-5.E-02));
#10377 = CARTESIAN_POINT('',(0.,-5.E-02));
#10378 = ( GEOMETRIC_REPRESENTATION_CONTEXT(2) 
PARAMETRIC_REPRESENTATION_CONTEXT() REPRESENTATION_CONTEXT('2D SPACE',''
  ) );
#10379 = PCURVE('',#9952,#10380);
#10380 = DEFINITIONAL_REPRESENTATION('',(#10381),#10394);
#10381 = B_SPLINE_CURVE_WITH_KNOTS('',6,(#10382,#10383,#10384,#10385,
    #10386,#10387,#10388,#10389,#10390,#10391,#10392,#10393),
  .UNSPECIFIED.,.F.,.F.,(7,5,7),(0.,2.945687091839E-02,1.),
  .UNSPECIFIED.);
#10382 = CARTESIAN_POINT('',(12.130893435321,-26.87736791765));
#10383 = CARTESIAN_POINT('',(12.129501884297,-26.87593974686));
#10384 = CARTESIAN_POINT('',(12.128118651748,-26.87450385487));
#10385 = CARTESIAN_POINT('',(12.126743746095,-26.87306024898));
#10386 = CARTESIAN_POINT('',(12.125377175448,-26.87160893679));
#10387 = CARTESIAN_POINT('',(12.124018947613,-26.87014992616));
#10388 = CARTESIAN_POINT('',(12.078193390292,-26.82035845653));
#10389 = CARTESIAN_POINT('',(12.042771688164,-26.76367373297));
#10390 = CARTESIAN_POINT('',(12.016711382943,-26.69894636285));
#10391 = CARTESIAN_POINT('',(11.999851652984,-26.62680475434));
#10392 = CARTESIAN_POINT('',(11.991733279071,-26.54805077662));
#10393 = CARTESIAN_POINT('',(11.991733279071,-26.46354955827));
#10394 = ( GEOMETRIC_REPRESENTATION_CONTEXT(2) 
PARAMETRIC_REPRESENTATION_CONTEXT() REPRESENTATION_CONTEXT('2D SPACE',''
  ) );
#10395 = ORIENTED_EDGE('',*,*,#10322,.T.);
#10396 = ORIENTED_EDGE('',*,*,#8643,.T.);
#10397 = ORIENTED_EDGE('',*,*,#10398,.F.);
#10398 = EDGE_CURVE('',#10347,#8644,#10399,.T.);
#10399 = SURFACE_CURVE('',#10400,(#10404,#10411),.PCURVE_S1.);
#10400 = LINE('',#10401,#10402);
#10401 = CARTESIAN_POINT('',(1.107545702473E+03,5.95,-156.9569408376));
#10402 = VECTOR('',#10403,1.);
#10403 = DIRECTION('',(0.,1.,0.));
#10404 = PCURVE('',#8659,#10405);
#10405 = DEFINITIONAL_REPRESENTATION('',(#10406),#10410);
#10406 = LINE('',#10407,#10408);
#10407 = CARTESIAN_POINT('',(1.,0.));
#10408 = VECTOR('',#10409,1.);
#10409 = DIRECTION('',(0.,-1.));
#10410 = ( GEOMETRIC_REPRESENTATION_CONTEXT(2) 
PARAMETRIC_REPRESENTATION_CONTEXT() REPRESENTATION_CONTEXT('2D SPACE',''
  ) );
#10411 = PCURVE('',#8687,#10412);
#10412 = DEFINITIONAL_REPRESENTATION('',(#10413),#10417);
#10413 = LINE('',#10414,#10415);
#10414 = CARTESIAN_POINT('',(0.,0.));
#10415 = VECTOR('',#10416,1.);
#10416 = DIRECTION('',(0.,-1.));
#10417 = ( GEOMETRIC_REPRESENTATION_CONTEXT(2) 
PARAMETRIC_REPRESENTATION_CONTEXT() REPRESENTATION_CONTEXT('2D SPACE',''
  ) );
#10418 = ADVANCED_FACE('',(#10419),#8687,.T.);
#10419 = FACE_BOUND('',#10420,.T.);
#10420 = EDGE_LOOP('',(#10421,#10463,#10464,#10465));
#10421 = ORIENTED_EDGE('',*,*,#10422,.T.);
#10422 = EDGE_CURVE('',#9923,#10347,#10423,.T.);
#10423 = SURFACE_CURVE('',#10424,(#10435,#10449),.PCURVE_S1.);
#10424 = B_SPLINE_CURVE_WITH_KNOTS('',5,(#10425,#10426,#10427,#10428,
    #10429,#10430,#10431,#10432,#10433,#10434),.UNSPECIFIED.,.F.,.F.,(6,
    4,6),(0.,0.905377516761,1.),.UNSPECIFIED.);
#10425 = CARTESIAN_POINT('',(1.107402880208E+03,6.,-156.5565502126));
#10426 = CARTESIAN_POINT('',(1.107402880208E+03,6.,-156.6480971935));
#10427 = CARTESIAN_POINT('',(1.107413843312E+03,6.,-156.7323163532));
#10428 = CARTESIAN_POINT('',(1.107436744924E+03,6.,-156.8078849157));
#10429 = CARTESIAN_POINT('',(1.107472149291E+03,6.,-156.8736500894));
#10430 = CARTESIAN_POINT('',(1.10752455567E+03,6.,-156.934891944));
#10431 = CARTESIAN_POINT('',(1.107529646158E+03,6.,-156.940574247));
#10432 = CARTESIAN_POINT('',(1.107534867846E+03,6.,-156.9461434538));
#10433 = CARTESIAN_POINT('',(1.107540220171E+03,6.,-156.9515991076));
#10434 = CARTESIAN_POINT('',(1.107545702473E+03,6.,-156.9569408376));
#10435 = PCURVE('',#8687,#10436);
#10436 = DEFINITIONAL_REPRESENTATION('',(#10437),#10448);
#10437 = B_SPLINE_CURVE_WITH_KNOTS('',5,(#10438,#10439,#10440,#10441,
    #10442,#10443,#10444,#10445,#10446,#10447),.UNSPECIFIED.,.F.,.F.,(6,
    4,6),(0.,0.905377516761,1.),.UNSPECIFIED.);
#10438 = CARTESIAN_POINT('',(1.,-5.E-02));
#10439 = CARTESIAN_POINT('',(0.824777367429,-5.E-02));
#10440 = CARTESIAN_POINT('',(0.645645631845,-5.E-02));
#10441 = CARTESIAN_POINT('',(0.463540936353,-5.E-02));
#10442 = CARTESIAN_POINT('',(0.279746686765,-5.E-02));
#10443 = CARTESIAN_POINT('',(7.679633361031E-02,-5.E-02));
#10444 = CARTESIAN_POINT('',(5.759270150261E-02,-5.E-02));
#10445 = CARTESIAN_POINT('',(3.839090590668E-02,-5.E-02));
#10446 = CARTESIAN_POINT('',(1.919274241844E-02,-5.E-02));
#10447 = CARTESIAN_POINT('',(0.,-5.E-02));
#10448 = ( GEOMETRIC_REPRESENTATION_CONTEXT(2) 
PARAMETRIC_REPRESENTATION_CONTEXT() REPRESENTATION_CONTEXT('2D SPACE',''
  ) );
#10449 = PCURVE('',#9952,#10450);
#10450 = DEFINITIONAL_REPRESENTATION('',(#10451),#10462);
#10451 = B_SPLINE_CURVE_WITH_KNOTS('',5,(#10452,#10453,#10454,#10455,
    #10456,#10457,#10458,#10459,#10460,#10461),.UNSPECIFIED.,.F.,.F.,(6,
    4,6),(0.,0.905377516761,1.),.UNSPECIFIED.);
#10452 = CARTESIAN_POINT('',(12.531284060321,-27.02019018327));
#10453 = CARTESIAN_POINT('',(12.439737079437,-27.02019018327));
#10454 = CARTESIAN_POINT('',(12.355517919716,-27.00922707877));
#10455 = CARTESIAN_POINT('',(12.279949357233,-26.98632546666));
#10456 = CARTESIAN_POINT('',(12.214184183573,-26.95092110018));
#10457 = CARTESIAN_POINT('',(12.152942328959,-26.8985147209));
#10458 = CARTESIAN_POINT('',(12.147260025956,-26.89342423269));
#10459 = CARTESIAN_POINT('',(12.141690819171,-26.88820254451));
#10460 = CARTESIAN_POINT('',(12.136235165389,-26.88285021956));
#10461 = CARTESIAN_POINT('',(12.130893435321,-26.87736791765));
#10462 = ( GEOMETRIC_REPRESENTATION_CONTEXT(2) 
PARAMETRIC_REPRESENTATION_CONTEXT() REPRESENTATION_CONTEXT('2D SPACE',''
  ) );
#10463 = ORIENTED_EDGE('',*,*,#10398,.T.);
#10464 = ORIENTED_EDGE('',*,*,#8673,.T.);
#10465 = ORIENTED_EDGE('',*,*,#9971,.F.);
#10466 = ADVANCED_FACE('',(#10467),#8721,.T.);
#10467 = FACE_BOUND('',#10468,.T.);
#10468 = EDGE_LOOP('',(#10469,#10520,#10541,#10542));
#10469 = ORIENTED_EDGE('',*,*,#10470,.T.);
#10470 = EDGE_CURVE('',#10471,#10473,#10475,.T.);
#10471 = VERTEX_POINT('',#10472);
#10472 = CARTESIAN_POINT('',(1.106697313801E+03,6.,-156.2110912282));
#10473 = VERTEX_POINT('',#10474);
#10474 = CARTESIAN_POINT('',(1.106362841145E+03,6.,-156.0902416189));
#10475 = SURFACE_CURVE('',#10476,(#10487,#10501),.PCURVE_S1.);
#10476 = B_SPLINE_CURVE_WITH_KNOTS('',5,(#10477,#10478,#10479,#10480,
    #10481,#10482,#10483,#10484,#10485,#10486),.UNSPECIFIED.,.F.,.F.,(6,
    4,6),(0.,0.115856751493,1.),.UNSPECIFIED.);
#10477 = CARTESIAN_POINT('',(1.106697313801E+03,6.,-156.2110912282));
#10478 = CARTESIAN_POINT('',(1.106691831633E+03,6.,-156.2054377425));
#10479 = CARTESIAN_POINT('',(1.106686210896E+03,6.,-156.1999478471));
#10480 = CARTESIAN_POINT('',(1.106680451976E+03,6.,-156.1946223105));
#10481 = CARTESIAN_POINT('',(1.10667455537E+03,6.,-156.1894617696));
#10482 = CARTESIAN_POINT('',(1.106622476574E+03,6.,-156.1463478416));
#10483 = CARTESIAN_POINT('',(1.106568442141E+03,6.,-156.1178619994));
#10484 = CARTESIAN_POINT('',(1.10650670665E+03,6.,-156.0992565095));
#10485 = CARTESIAN_POINT('',(1.106437907668E+03,6.,-156.0902416189));
#10486 = CARTESIAN_POINT('',(1.106362841145E+03,6.,-156.0902416189));
#10487 = PCURVE('',#8721,#10488);
#10488 = DEFINITIONAL_REPRESENTATION('',(#10489),#10500);
#10489 = B_SPLINE_CURVE_WITH_KNOTS('',5,(#10490,#10491,#10492,#10493,
    #10494,#10495,#10496,#10497,#10498,#10499),.UNSPECIFIED.,.F.,.F.,(6,
    4,6),(0.,0.115856751493,1.),.UNSPECIFIED.);
#10490 = CARTESIAN_POINT('',(1.,-5.E-02));
#10491 = CARTESIAN_POINT('',(0.976609416336,-5.E-02));
#10492 = CARTESIAN_POINT('',(0.953211768541,-5.E-02));
#10493 = CARTESIAN_POINT('',(0.929809407956,-5.E-02));
#10494 = CARTESIAN_POINT('',(0.906404695166,-5.E-02));
#10495 = CARTESIAN_POINT('',(0.70439061429,-5.E-02));
#10496 = CARTESIAN_POINT('',(0.525757227378,-5.E-02));
#10497 = CARTESIAN_POINT('',(0.348234520203,-5.E-02));
#10498 = CARTESIAN_POINT('',(0.172737346573,-5.E-02));
#10499 = CARTESIAN_POINT('',(0.,-5.E-02));
#10500 = ( GEOMETRIC_REPRESENTATION_CONTEXT(2) 
PARAMETRIC_REPRESENTATION_CONTEXT() REPRESENTATION_CONTEXT('2D SPACE',''
  ) );
#10501 = PCURVE('',#10502,#10507);
#10502 = PLANE('',#10503);
#10503 = AXIS2_PLACEMENT_3D('',#10504,#10505,#10506);
#10504 = CARTESIAN_POINT('',(1.134423070391E+03,6.,-169.0878342729));
#10505 = DIRECTION('',(0.,1.,0.));
#10506 = DIRECTION('',(0.,-0.,1.));
#10507 = DEFINITIONAL_REPRESENTATION('',(#10508),#10519);
#10508 = B_SPLINE_CURVE_WITH_KNOTS('',5,(#10509,#10510,#10511,#10512,
    #10513,#10514,#10515,#10516,#10517,#10518),.UNSPECIFIED.,.F.,.F.,(6,
    4,6),(0.,0.115856751493,1.),.UNSPECIFIED.);
#10509 = CARTESIAN_POINT('',(12.876743044696,-27.72575658952));
#10510 = CARTESIAN_POINT('',(12.882396530494,-27.73123875757));
#10511 = CARTESIAN_POINT('',(12.887886425848,-27.73685949463));
#10512 = CARTESIAN_POINT('',(12.893211962444,-27.74261841527));
#10513 = CARTESIAN_POINT('',(12.898372503345,-27.74851502121));
#10514 = CARTESIAN_POINT('',(12.941486431343,-27.80059381725));
#10515 = CARTESIAN_POINT('',(12.969972273565,-27.85462825006));
#10516 = CARTESIAN_POINT('',(12.988577763437,-27.91636374062));
#10517 = CARTESIAN_POINT('',(12.997592654071,-27.98516272309));
#10518 = CARTESIAN_POINT('',(12.997592654071,-28.06022924577));
#10519 = ( GEOMETRIC_REPRESENTATION_CONTEXT(2) 
PARAMETRIC_REPRESENTATION_CONTEXT() REPRESENTATION_CONTEXT('2D SPACE',''
  ) );
#10520 = ORIENTED_EDGE('',*,*,#10521,.T.);
#10521 = EDGE_CURVE('',#10473,#8704,#10522,.T.);
#10522 = SURFACE_CURVE('',#10523,(#10527,#10534),.PCURVE_S1.);
#10523 = LINE('',#10524,#10525);
#10524 = CARTESIAN_POINT('',(1.106362841145E+03,5.95,-156.0902416189));
#10525 = VECTOR('',#10526,1.);
#10526 = DIRECTION('',(0.,1.,0.));
#10527 = PCURVE('',#8721,#10528);
#10528 = DEFINITIONAL_REPRESENTATION('',(#10529),#10533);
#10529 = LINE('',#10530,#10531);
#10530 = CARTESIAN_POINT('',(0.,0.));
#10531 = VECTOR('',#10532,1.);
#10532 = DIRECTION('',(0.,-1.));
#10533 = ( GEOMETRIC_REPRESENTATION_CONTEXT(2) 
PARAMETRIC_REPRESENTATION_CONTEXT() REPRESENTATION_CONTEXT('2D SPACE',''
  ) );
#10534 = PCURVE('',#8929,#10535);
#10535 = DEFINITIONAL_REPRESENTATION('',(#10536),#10540);
#10536 = LINE('',#10537,#10538);
#10537 = CARTESIAN_POINT('',(1.,0.));
#10538 = VECTOR('',#10539,1.);
#10539 = DIRECTION('',(0.,-1.));
#10540 = ( GEOMETRIC_REPRESENTATION_CONTEXT(2) 
PARAMETRIC_REPRESENTATION_CONTEXT() REPRESENTATION_CONTEXT('2D SPACE',''
  ) );
#10541 = ORIENTED_EDGE('',*,*,#8703,.T.);
#10542 = ORIENTED_EDGE('',*,*,#10543,.F.);
#10543 = EDGE_CURVE('',#10471,#8706,#10544,.T.);
#10544 = SURFACE_CURVE('',#10545,(#10549,#10556),.PCURVE_S1.);
#10545 = LINE('',#10546,#10547);
#10546 = CARTESIAN_POINT('',(1.106697313801E+03,5.95,-156.2110912282));
#10547 = VECTOR('',#10548,1.);
#10548 = DIRECTION('',(0.,1.,0.));
#10549 = PCURVE('',#8721,#10550);
#10550 = DEFINITIONAL_REPRESENTATION('',(#10551),#10555);
#10551 = LINE('',#10552,#10553);
#10552 = CARTESIAN_POINT('',(1.,0.));
#10553 = VECTOR('',#10554,1.);
#10554 = DIRECTION('',(0.,-1.));
#10555 = ( GEOMETRIC_REPRESENTATION_CONTEXT(2) 
PARAMETRIC_REPRESENTATION_CONTEXT() REPRESENTATION_CONTEXT('2D SPACE',''
  ) );
#10556 = PCURVE('',#8751,#10557);
#10557 = DEFINITIONAL_REPRESENTATION('',(#10558),#10562);
#10558 = LINE('',#10559,#10560);
#10559 = CARTESIAN_POINT('',(0.,0.));
#10560 = VECTOR('',#10561,1.);
#10561 = DIRECTION('',(0.,-1.));
#10562 = ( GEOMETRIC_REPRESENTATION_CONTEXT(2) 
PARAMETRIC_REPRESENTATION_CONTEXT() REPRESENTATION_CONTEXT('2D SPACE',''
  ) );
#10563 = ADVANCED_FACE('',(#10564),#8751,.T.);
#10564 = FACE_BOUND('',#10565,.T.);
#10565 = EDGE_LOOP('',(#10566,#10598,#10599,#10600));
#10566 = ORIENTED_EDGE('',*,*,#10567,.T.);
#10567 = EDGE_CURVE('',#10568,#10471,#10570,.T.);
#10568 = VERTEX_POINT('',#10569);
#10569 = CARTESIAN_POINT('',(1.106814501301E+03,6.,-156.5565502126));
#10570 = SURFACE_CURVE('',#10571,(#10578,#10588),.PCURVE_S1.);
#10571 = B_SPLINE_CURVE_WITH_KNOTS('',5,(#10572,#10573,#10574,#10575,
    #10576,#10577),.UNSPECIFIED.,.F.,.F.,(6,6),(0.,1.),
  .PIECEWISE_BEZIER_KNOTS.);
#10572 = CARTESIAN_POINT('',(1.106814501301E+03,6.,-156.5565502126));
#10573 = CARTESIAN_POINT('',(1.106814501301E+03,6.,-156.4690115757));
#10574 = CARTESIAN_POINT('',(1.106803376039E+03,6.,-156.3896443211));
#10575 = CARTESIAN_POINT('',(1.106780272893E+03,6.,-156.319661584));
#10576 = CARTESIAN_POINT('',(1.106744767263E+03,6.,-156.2600276101));
#10577 = CARTESIAN_POINT('',(1.106697313801E+03,6.,-156.2110912282));
#10578 = PCURVE('',#8751,#10579);
#10579 = DEFINITIONAL_REPRESENTATION('',(#10580),#10587);
#10580 = B_SPLINE_CURVE_WITH_KNOTS('',5,(#10581,#10582,#10583,#10584,
    #10585,#10586),.UNSPECIFIED.,.F.,.F.,(6,6),(0.,1.),
  .PIECEWISE_BEZIER_KNOTS.);
#10581 = CARTESIAN_POINT('',(1.,-5.E-02));
#10582 = CARTESIAN_POINT('',(0.805131382085,-5.E-02));
#10583 = CARTESIAN_POINT('',(0.606524918517,-5.E-02));
#10584 = CARTESIAN_POINT('',(0.405200625137,-5.E-02));
#10585 = CARTESIAN_POINT('',(0.202468101171,-5.E-02));
#10586 = CARTESIAN_POINT('',(0.,-5.E-02));
#10587 = ( GEOMETRIC_REPRESENTATION_CONTEXT(2) 
PARAMETRIC_REPRESENTATION_CONTEXT() REPRESENTATION_CONTEXT('2D SPACE',''
  ) );
#10588 = PCURVE('',#10502,#10589);
#10589 = DEFINITIONAL_REPRESENTATION('',(#10590),#10597);
#10590 = B_SPLINE_CURVE_WITH_KNOTS('',5,(#10591,#10592,#10593,#10594,
    #10595,#10596),.UNSPECIFIED.,.F.,.F.,(6,6),(0.,1.),
  .PIECEWISE_BEZIER_KNOTS.);
#10591 = CARTESIAN_POINT('',(12.531284060321,-27.60856908952));
#10592 = CARTESIAN_POINT('',(12.618822697275,-27.60856908952));
#10593 = CARTESIAN_POINT('',(12.698189951825,-27.61969435193));
#10594 = CARTESIAN_POINT('',(12.768172688961,-27.64279749766));
#10595 = CARTESIAN_POINT('',(12.827806662821,-27.67830312831));
#10596 = CARTESIAN_POINT('',(12.876743044696,-27.72575658952));
#10597 = ( GEOMETRIC_REPRESENTATION_CONTEXT(2) 
PARAMETRIC_REPRESENTATION_CONTEXT() REPRESENTATION_CONTEXT('2D SPACE',''
  ) );
#10598 = ORIENTED_EDGE('',*,*,#10543,.T.);
#10599 = ORIENTED_EDGE('',*,*,#8735,.T.);
#10600 = ORIENTED_EDGE('',*,*,#10601,.F.);
#10601 = EDGE_CURVE('',#10568,#8736,#10602,.T.);
#10602 = SURFACE_CURVE('',#10603,(#10607,#10614),.PCURVE_S1.);
#10603 = LINE('',#10604,#10605);
#10604 = CARTESIAN_POINT('',(1.106814501301E+03,5.95,-156.5565502126));
#10605 = VECTOR('',#10606,1.);
#10606 = DIRECTION('',(0.,1.,0.));
#10607 = PCURVE('',#8751,#10608);
#10608 = DEFINITIONAL_REPRESENTATION('',(#10609),#10613);
#10609 = LINE('',#10610,#10611);
#10610 = CARTESIAN_POINT('',(1.,0.));
#10611 = VECTOR('',#10612,1.);
#10612 = DIRECTION('',(0.,-1.));
#10613 = ( GEOMETRIC_REPRESENTATION_CONTEXT(2) 
PARAMETRIC_REPRESENTATION_CONTEXT() REPRESENTATION_CONTEXT('2D SPACE',''
  ) );
#10614 = PCURVE('',#8781,#10615);
#10615 = DEFINITIONAL_REPRESENTATION('',(#10616),#10620);
#10616 = LINE('',#10617,#10618);
#10617 = CARTESIAN_POINT('',(0.,0.));
#10618 = VECTOR('',#10619,1.);
#10619 = DIRECTION('',(0.,-1.));
#10620 = ( GEOMETRIC_REPRESENTATION_CONTEXT(2) 
PARAMETRIC_REPRESENTATION_CONTEXT() REPRESENTATION_CONTEXT('2D SPACE',''
  ) );
#10621 = ADVANCED_FACE('',(#10622),#8781,.T.);
#10622 = FACE_BOUND('',#10623,.T.);
#10623 = EDGE_LOOP('',(#10624,#10668,#10669,#10670));
#10624 = ORIENTED_EDGE('',*,*,#10625,.T.);
#10625 = EDGE_CURVE('',#10626,#10568,#10628,.T.);
#10626 = VERTEX_POINT('',#10627);
#10627 = CARTESIAN_POINT('',(1.106697313801E+03,6.,-156.8959056814));
#10628 = SURFACE_CURVE('',#10629,(#10640,#10654),.PCURVE_S1.);
#10629 = B_SPLINE_CURVE_WITH_KNOTS('',5,(#10630,#10631,#10632,#10633,
    #10634,#10635,#10636,#10637,#10638,#10639),.UNSPECIFIED.,.F.,.F.,(6,
    4,6),(0.,7.417735947005E-02,1.),.UNSPECIFIED.);
#10630 = CARTESIAN_POINT('',(1.106697313801E+03,6.,-156.8959056814));
#10631 = CARTESIAN_POINT('',(1.106700828874E+03,6.,-156.8923173779));
#10632 = CARTESIAN_POINT('',(1.106704278466E+03,6.,-156.8886723618));
#10633 = CARTESIAN_POINT('',(1.106707662406E+03,6.,-156.8849707497));
#10634 = CARTESIAN_POINT('',(1.106710980543E+03,6.,-156.8812126767));
#10635 = CARTESIAN_POINT('',(1.106754824157E+03,6.,-156.8297902396));
#10636 = CARTESIAN_POINT('',(1.106785150653E+03,6.,-156.7734032243));
#10637 = CARTESIAN_POINT('',(1.106804932565E+03,6.,-156.7085544426));
#10638 = CARTESIAN_POINT('',(1.106814501301E+03,6.,-156.6359697267));
#10639 = CARTESIAN_POINT('',(1.106814501301E+03,6.,-156.5565502126));
#10640 = PCURVE('',#8781,#10641);
#10641 = DEFINITIONAL_REPRESENTATION('',(#10642),#10653);
#10642 = B_SPLINE_CURVE_WITH_KNOTS('',5,(#10643,#10644,#10645,#10646,
    #10647,#10648,#10649,#10650,#10651,#10652),.UNSPECIFIED.,.F.,.F.,(6,
    4,6),(0.,7.417735947005E-02,1.),.UNSPECIFIED.);
#10643 = CARTESIAN_POINT('',(1.,-5.E-02));
#10644 = CARTESIAN_POINT('',(0.98500235616,-5.E-02));
#10645 = CARTESIAN_POINT('',(0.970002934126,-5.E-02));
#10646 = CARTESIAN_POINT('',(0.955002333556,-5.E-02));
#10647 = CARTESIAN_POINT('',(0.940001155019,-5.E-02));
#10648 = CARTESIAN_POINT('',(0.73776754727,-5.E-02));
#10649 = CARTESIAN_POINT('',(0.550510038842,-5.E-02));
#10650 = CARTESIAN_POINT('',(0.364492859236,-5.E-02));
#10651 = CARTESIAN_POINT('',(0.180723516363,-5.E-02));
#10652 = CARTESIAN_POINT('',(0.,-5.E-02));
#10653 = ( GEOMETRIC_REPRESENTATION_CONTEXT(2) 
PARAMETRIC_REPRESENTATION_CONTEXT() REPRESENTATION_CONTEXT('2D SPACE',''
  ) );
#10654 = PCURVE('',#10502,#10655);
#10655 = DEFINITIONAL_REPRESENTATION('',(#10656),#10667);
#10656 = B_SPLINE_CURVE_WITH_KNOTS('',5,(#10657,#10658,#10659,#10660,
    #10661,#10662,#10663,#10664,#10665,#10666),.UNSPECIFIED.,.F.,.F.,(6,
    4,6),(0.,7.417735947005E-02,1.),.UNSPECIFIED.);
#10657 = CARTESIAN_POINT('',(12.191928591571,-27.72575658952));
#10658 = CARTESIAN_POINT('',(12.195516895029,-27.72224151675));
#10659 = CARTESIAN_POINT('',(12.199161911174,-27.71879192447));
#10660 = CARTESIAN_POINT('',(12.202863523245,-27.71540798449));
#10661 = CARTESIAN_POINT('',(12.206621596221,-27.71208984774));
#10662 = CARTESIAN_POINT('',(12.258044033348,-27.66824623356));
#10663 = CARTESIAN_POINT('',(12.314431048609,-27.63791973756));
#10664 = CARTESIAN_POINT('',(12.37927983036,-27.61813782639));
#10665 = CARTESIAN_POINT('',(12.451864546294,-27.60856908952));
#10666 = CARTESIAN_POINT('',(12.531284060321,-27.60856908952));
#10667 = ( GEOMETRIC_REPRESENTATION_CONTEXT(2) 
PARAMETRIC_REPRESENTATION_CONTEXT() REPRESENTATION_CONTEXT('2D SPACE',''
  ) );
#10668 = ORIENTED_EDGE('',*,*,#10601,.T.);
#10669 = ORIENTED_EDGE('',*,*,#8765,.T.);
#10670 = ORIENTED_EDGE('',*,*,#10671,.F.);
#10671 = EDGE_CURVE('',#10626,#8766,#10672,.T.);
#10672 = SURFACE_CURVE('',#10673,(#10677,#10684),.PCURVE_S1.);
#10673 = LINE('',#10674,#10675);
#10674 = CARTESIAN_POINT('',(1.106697313801E+03,5.95,-156.8959056814));
#10675 = VECTOR('',#10676,1.);
#10676 = DIRECTION('',(0.,1.,0.));
#10677 = PCURVE('',#8781,#10678);
#10678 = DEFINITIONAL_REPRESENTATION('',(#10679),#10683);
#10679 = LINE('',#10680,#10681);
#10680 = CARTESIAN_POINT('',(1.,0.));
#10681 = VECTOR('',#10682,1.);
#10682 = DIRECTION('',(0.,-1.));
#10683 = ( GEOMETRIC_REPRESENTATION_CONTEXT(2) 
PARAMETRIC_REPRESENTATION_CONTEXT() REPRESENTATION_CONTEXT('2D SPACE',''
  ) );
#10684 = PCURVE('',#8811,#10685);
#10685 = DEFINITIONAL_REPRESENTATION('',(#10686),#10690);
#10686 = LINE('',#10687,#10688);
#10687 = CARTESIAN_POINT('',(0.,0.));
#10688 = VECTOR('',#10689,1.);
#10689 = DIRECTION('',(0.,-1.));
#10690 = ( GEOMETRIC_REPRESENTATION_CONTEXT(2) 
PARAMETRIC_REPRESENTATION_CONTEXT() REPRESENTATION_CONTEXT('2D SPACE',''
  ) );
#10691 = ADVANCED_FACE('',(#10692),#8811,.T.);
#10692 = FACE_BOUND('',#10693,.T.);
#10693 = EDGE_LOOP('',(#10694,#10738,#10739,#10740));
#10694 = ORIENTED_EDGE('',*,*,#10695,.T.);
#10695 = EDGE_CURVE('',#10696,#10626,#10698,.T.);
#10696 = VERTEX_POINT('',#10697);
#10697 = CARTESIAN_POINT('',(1.106362841145E+03,6.,-157.0155345876));
#10698 = SURFACE_CURVE('',#10699,(#10710,#10724),.PCURVE_S1.);
#10699 = B_SPLINE_CURVE_WITH_KNOTS('',5,(#10700,#10701,#10702,#10703,
    #10704,#10705,#10706,#10707,#10708,#10709),.UNSPECIFIED.,.F.,.F.,(6,
    4,6),(0.,0.895065018195,1.),.UNSPECIFIED.);
#10700 = CARTESIAN_POINT('',(1.106362841145E+03,6.,-157.0155345876));
#10701 = CARTESIAN_POINT('',(1.106438821638E+03,6.,-157.0155345876));
#10702 = CARTESIAN_POINT('',(1.106508381227E+03,6.,-157.0063921247));
#10703 = CARTESIAN_POINT('',(1.106570699266E+03,6.,-156.9875161734));
#10704 = CARTESIAN_POINT('',(1.106625118422E+03,6.,-156.958608088));
#10705 = CARTESIAN_POINT('',(1.106676764874E+03,6.,-156.9153875084));
#10706 = CARTESIAN_POINT('',(1.106682071886E+03,6.,-156.910717699));
#10707 = CARTESIAN_POINT('',(1.106687265945E+03,6.,-156.9059138038));
#10708 = CARTESIAN_POINT('',(1.106692346682E+03,6.,-156.9009762824));
#10709 = CARTESIAN_POINT('',(1.106697313801E+03,6.,-156.8959056814));
#10710 = PCURVE('',#8811,#10711);
#10711 = DEFINITIONAL_REPRESENTATION('',(#10712),#10723);
#10712 = B_SPLINE_CURVE_WITH_KNOTS('',5,(#10713,#10714,#10715,#10716,
    #10717,#10718,#10719,#10720,#10721,#10722),.UNSPECIFIED.,.F.,.F.,(6,
    4,6),(0.,0.895065018195,1.),.UNSPECIFIED.);
#10713 = CARTESIAN_POINT('',(1.,-5.E-02));
#10714 = CARTESIAN_POINT('',(0.825159494034,-5.E-02));
#10715 = CARTESIAN_POINT('',(0.647491112627,-5.E-02));
#10716 = CARTESIAN_POINT('',(0.467745280762,-5.E-02));
#10717 = CARTESIAN_POINT('',(0.286859582423,-5.E-02));
#10718 = CARTESIAN_POINT('',(8.479651577819E-02,-5.E-02));
#10719 = CARTESIAN_POINT('',(6.359303449492E-02,-5.E-02));
#10720 = CARTESIAN_POINT('',(4.239129803809E-02,-5.E-02));
#10721 = CARTESIAN_POINT('',(2.119304286453E-02,-5.E-02));
#10722 = CARTESIAN_POINT('',(0.,-5.E-02));
#10723 = ( GEOMETRIC_REPRESENTATION_CONTEXT(2) 
PARAMETRIC_REPRESENTATION_CONTEXT() REPRESENTATION_CONTEXT('2D SPACE',''
  ) );
#10724 = PCURVE('',#10502,#10725);
#10725 = DEFINITIONAL_REPRESENTATION('',(#10726),#10737);
#10726 = B_SPLINE_CURVE_WITH_KNOTS('',5,(#10727,#10728,#10729,#10730,
    #10731,#10732,#10733,#10734,#10735,#10736),.UNSPECIFIED.,.F.,.F.,(6,
    4,6),(0.,0.895065018195,1.),.UNSPECIFIED.);
#10727 = CARTESIAN_POINT('',(12.072299685321,-28.06022924577));
#10728 = CARTESIAN_POINT('',(12.072299685321,-27.98424875246));
#10729 = CARTESIAN_POINT('',(12.081442148239,-27.91468916434));
#10730 = CARTESIAN_POINT('',(12.100318099526,-27.85237112534));
#10731 = CARTESIAN_POINT('',(12.129226184991,-27.79795196893));
#10732 = CARTESIAN_POINT('',(12.172446764568,-27.74630551733));
#10733 = CARTESIAN_POINT('',(12.177116573935,-27.74099850536));
#10734 = CARTESIAN_POINT('',(12.181920469125,-27.73580444589));
#10735 = CARTESIAN_POINT('',(12.186857990495,-27.73072370895));
#10736 = CARTESIAN_POINT('',(12.191928591571,-27.72575658952));
#10737 = ( GEOMETRIC_REPRESENTATION_CONTEXT(2) 
PARAMETRIC_REPRESENTATION_CONTEXT() REPRESENTATION_CONTEXT('2D SPACE',''
  ) );
#10738 = ORIENTED_EDGE('',*,*,#10671,.T.);
#10739 = ORIENTED_EDGE('',*,*,#8795,.T.);
#10740 = ORIENTED_EDGE('',*,*,#10741,.F.);
#10741 = EDGE_CURVE('',#10696,#8796,#10742,.T.);
#10742 = SURFACE_CURVE('',#10743,(#10747,#10754),.PCURVE_S1.);
#10743 = LINE('',#10744,#10745);
#10744 = CARTESIAN_POINT('',(1.106362841145E+03,5.95,-157.0155345876));
#10745 = VECTOR('',#10746,1.);
#10746 = DIRECTION('',(0.,1.,0.));
#10747 = PCURVE('',#8811,#10748);
#10748 = DEFINITIONAL_REPRESENTATION('',(#10749),#10753);
#10749 = LINE('',#10750,#10751);
#10750 = CARTESIAN_POINT('',(1.,0.));
#10751 = VECTOR('',#10752,1.);
#10752 = DIRECTION('',(0.,-1.));
#10753 = ( GEOMETRIC_REPRESENTATION_CONTEXT(2) 
PARAMETRIC_REPRESENTATION_CONTEXT() REPRESENTATION_CONTEXT('2D SPACE',''
  ) );
#10754 = PCURVE('',#8841,#10755);
#10755 = DEFINITIONAL_REPRESENTATION('',(#10756),#10760);
#10756 = LINE('',#10757,#10758);
#10757 = CARTESIAN_POINT('',(0.,0.));
#10758 = VECTOR('',#10759,1.);
#10759 = DIRECTION('',(0.,-1.));
#10760 = ( GEOMETRIC_REPRESENTATION_CONTEXT(2) 
PARAMETRIC_REPRESENTATION_CONTEXT() REPRESENTATION_CONTEXT('2D SPACE',''
  ) );
#10761 = ADVANCED_FACE('',(#10762),#8841,.T.);
#10762 = FACE_BOUND('',#10763,.T.);
#10763 = EDGE_LOOP('',(#10764,#10808,#10809,#10810));
#10764 = ORIENTED_EDGE('',*,*,#10765,.T.);
#10765 = EDGE_CURVE('',#10766,#10696,#10768,.T.);
#10766 = VERTEX_POINT('',#10767);
#10767 = CARTESIAN_POINT('',(1.106029589192E+03,6.,-156.8959056814));
#10768 = SURFACE_CURVE('',#10769,(#10780,#10794),.PCURVE_S1.);
#10769 = B_SPLINE_CURVE_WITH_KNOTS('',5,(#10770,#10771,#10772,#10773,
    #10774,#10775,#10776,#10777,#10778,#10779),.UNSPECIFIED.,.F.,.F.,(6,
    4,6),(0.,0.103926292281,1.),.UNSPECIFIED.);
#10770 = CARTESIAN_POINT('',(1.106029589192E+03,6.,-156.8959056814));
#10771 = CARTESIAN_POINT('',(1.106034458231E+03,6.,-156.9009284794));
#10772 = CARTESIAN_POINT('',(1.10603944008E+03,6.,-156.9058206871));
#10773 = CARTESIAN_POINT('',(1.106044534453E+03,6.,-156.9105817697));
#10774 = CARTESIAN_POINT('',(1.106049740989E+03,6.,-156.9152112769));
#10775 = CARTESIAN_POINT('',(1.106100914425E+03,6.,-156.9584877759));
#10776 = CARTESIAN_POINT('',(1.106155082544E+03,6.,-156.9874635356));
#10777 = CARTESIAN_POINT('',(1.106217267964E+03,6.,-157.0063774735));
#10778 = CARTESIAN_POINT('',(1.106286799824E+03,6.,-157.0155345876));
#10779 = CARTESIAN_POINT('',(1.106362841145E+03,6.,-157.0155345876));
#10780 = PCURVE('',#8841,#10781);
#10781 = DEFINITIONAL_REPRESENTATION('',(#10782),#10793);
#10782 = B_SPLINE_CURVE_WITH_KNOTS('',5,(#10783,#10784,#10785,#10786,
    #10787,#10788,#10789,#10790,#10791,#10792),.UNSPECIFIED.,.F.,.F.,(6,
    4,6),(0.,0.103926292281,1.),.UNSPECIFIED.);
#10783 = CARTESIAN_POINT('',(1.,-5.E-02));
#10784 = CARTESIAN_POINT('',(0.979006754522,-5.E-02));
#10785 = CARTESIAN_POINT('',(0.958008427846,-5.E-02));
#10786 = CARTESIAN_POINT('',(0.937006721245,-5.E-02));
#10787 = CARTESIAN_POINT('',(0.91600334132,-5.E-02));
#10788 = CARTESIAN_POINT('',(0.713904903488,-5.E-02));
#10789 = CARTESIAN_POINT('',(0.532786195271,-5.E-02));
#10790 = CARTESIAN_POINT('',(0.352828280838,-5.E-02));
#10791 = CARTESIAN_POINT('',(0.174980478742,-5.E-02));
#10792 = CARTESIAN_POINT('',(0.,-5.E-02));
#10793 = ( GEOMETRIC_REPRESENTATION_CONTEXT(2) 
PARAMETRIC_REPRESENTATION_CONTEXT() REPRESENTATION_CONTEXT('2D SPACE',''
  ) );
#10794 = PCURVE('',#10502,#10795);
#10795 = DEFINITIONAL_REPRESENTATION('',(#10796),#10807);
#10796 = B_SPLINE_CURVE_WITH_KNOTS('',5,(#10797,#10798,#10799,#10800,
    #10801,#10802,#10803,#10804,#10805,#10806),.UNSPECIFIED.,.F.,.F.,(6,
    4,6),(0.,0.103926292281,1.),.UNSPECIFIED.);
#10797 = CARTESIAN_POINT('',(12.191928591571,-28.3934811989));
#10798 = CARTESIAN_POINT('',(12.186905793581,-28.38861216003));
#10799 = CARTESIAN_POINT('',(12.182013585873,-28.38363031105));
#10800 = CARTESIAN_POINT('',(12.177252503261,-28.37853593833));
#10801 = CARTESIAN_POINT('',(12.172622996032,-28.37332940213));
#10802 = CARTESIAN_POINT('',(12.129346497052,-28.3221559659));
#10803 = CARTESIAN_POINT('',(12.100370737307,-28.26798784675));
#10804 = CARTESIAN_POINT('',(12.08145679945,-28.20580242701));
#10805 = CARTESIAN_POINT('',(12.072299685321,-28.1362705671));
#10806 = CARTESIAN_POINT('',(12.072299685321,-28.06022924577));
#10807 = ( GEOMETRIC_REPRESENTATION_CONTEXT(2) 
PARAMETRIC_REPRESENTATION_CONTEXT() REPRESENTATION_CONTEXT('2D SPACE',''
  ) );
#10808 = ORIENTED_EDGE('',*,*,#10741,.T.);
#10809 = ORIENTED_EDGE('',*,*,#8825,.T.);
#10810 = ORIENTED_EDGE('',*,*,#10811,.F.);
#10811 = EDGE_CURVE('',#10766,#8826,#10812,.T.);
#10812 = SURFACE_CURVE('',#10813,(#10817,#10824),.PCURVE_S1.);
#10813 = LINE('',#10814,#10815);
#10814 = CARTESIAN_POINT('',(1.106029589192E+03,5.95,-156.8959056814));
#10815 = VECTOR('',#10816,1.);
#10816 = DIRECTION('',(0.,1.,0.));
#10817 = PCURVE('',#8841,#10818);
#10818 = DEFINITIONAL_REPRESENTATION('',(#10819),#10823);
#10819 = LINE('',#10820,#10821);
#10820 = CARTESIAN_POINT('',(1.,0.));
#10821 = VECTOR('',#10822,1.);
#10822 = DIRECTION('',(0.,-1.));
#10823 = ( GEOMETRIC_REPRESENTATION_CONTEXT(2) 
PARAMETRIC_REPRESENTATION_CONTEXT() REPRESENTATION_CONTEXT('2D SPACE',''
  ) );
#10824 = PCURVE('',#8871,#10825);
#10825 = DEFINITIONAL_REPRESENTATION('',(#10826),#10830);
#10826 = LINE('',#10827,#10828);
#10827 = CARTESIAN_POINT('',(0.,0.));
#10828 = VECTOR('',#10829,1.);
#10829 = DIRECTION('',(0.,-1.));
#10830 = ( GEOMETRIC_REPRESENTATION_CONTEXT(2) 
PARAMETRIC_REPRESENTATION_CONTEXT() REPRESENTATION_CONTEXT('2D SPACE',''
  ) );
#10831 = ADVANCED_FACE('',(#10832),#8871,.T.);
#10832 = FACE_BOUND('',#10833,.T.);
#10833 = EDGE_LOOP('',(#10834,#10866,#10867,#10868));
#10834 = ORIENTED_EDGE('',*,*,#10835,.T.);
#10835 = EDGE_CURVE('',#10836,#10766,#10838,.T.);
#10836 = VERTEX_POINT('',#10837);
#10837 = CARTESIAN_POINT('',(1.105913622395E+03,6.,-156.5565502126));
#10838 = SURFACE_CURVE('',#10839,(#10846,#10856),.PCURVE_S1.);
#10839 = B_SPLINE_CURVE_WITH_KNOTS('',5,(#10840,#10841,#10842,#10843,
    #10844,#10845),.UNSPECIFIED.,.F.,.F.,(6,6),(0.,1.),
  .PIECEWISE_BEZIER_KNOTS.);
#10840 = CARTESIAN_POINT('',(1.105913622395E+03,6.,-156.5565502126));
#10841 = CARTESIAN_POINT('',(1.105913622395E+03,6.,-156.6423166829));
#10842 = CARTESIAN_POINT('',(1.105924665376E+03,6.,-156.7201170842));
#10843 = CARTESIAN_POINT('',(1.105947557204E+03,6.,-156.7888126875));
#10844 = CARTESIAN_POINT('',(1.105982679869E+03,6.,-156.8475150108));
#10845 = CARTESIAN_POINT('',(1.106029589192E+03,6.,-156.8959056814));
#10846 = PCURVE('',#8871,#10847);
#10847 = DEFINITIONAL_REPRESENTATION('',(#10848),#10855);
#10848 = B_SPLINE_CURVE_WITH_KNOTS('',5,(#10849,#10850,#10851,#10852,
    #10853,#10854),.UNSPECIFIED.,.F.,.F.,(6,6),(0.,1.),
  .PIECEWISE_BEZIER_KNOTS.);
#10849 = CARTESIAN_POINT('',(1.,-5.E-02));
#10850 = CARTESIAN_POINT('',(0.804833632058,-5.E-02));
#10851 = CARTESIAN_POINT('',(0.606104274255,-5.E-02));
#10852 = CARTESIAN_POINT('',(0.404820313404,-5.E-02));
#10853 = CARTESIAN_POINT('',(0.202253251541,-5.E-02));
#10854 = CARTESIAN_POINT('',(0.,-5.E-02));
#10855 = ( GEOMETRIC_REPRESENTATION_CONTEXT(2) 
PARAMETRIC_REPRESENTATION_CONTEXT() REPRESENTATION_CONTEXT('2D SPACE',''
  ) );
#10856 = PCURVE('',#10502,#10857);
#10857 = DEFINITIONAL_REPRESENTATION('',(#10858),#10865);
#10858 = B_SPLINE_CURVE_WITH_KNOTS('',5,(#10859,#10860,#10861,#10862,
    #10863,#10864),.UNSPECIFIED.,.F.,.F.,(6,6),(0.,1.),
  .PIECEWISE_BEZIER_KNOTS.);
#10859 = CARTESIAN_POINT('',(12.531284060321,-28.50944799577));
#10860 = CARTESIAN_POINT('',(12.445517590034,-28.50944799577));
#10861 = CARTESIAN_POINT('',(12.367717188778,-28.49840501497));
#10862 = CARTESIAN_POINT('',(12.299021585429,-28.47551318675));
#10863 = CARTESIAN_POINT('',(12.240319262106,-28.44039052238));
#10864 = CARTESIAN_POINT('',(12.191928591571,-28.3934811989));
#10865 = ( GEOMETRIC_REPRESENTATION_CONTEXT(2) 
PARAMETRIC_REPRESENTATION_CONTEXT() REPRESENTATION_CONTEXT('2D SPACE',''
  ) );
#10866 = ORIENTED_EDGE('',*,*,#10811,.T.);
#10867 = ORIENTED_EDGE('',*,*,#8855,.T.);
#10868 = ORIENTED_EDGE('',*,*,#10869,.F.);
#10869 = EDGE_CURVE('',#10836,#8856,#10870,.T.);
#10870 = SURFACE_CURVE('',#10871,(#10875,#10882),.PCURVE_S1.);
#10871 = LINE('',#10872,#10873);
#10872 = CARTESIAN_POINT('',(1.105913622395E+03,5.95,-156.5565502126));
#10873 = VECTOR('',#10874,1.);
#10874 = DIRECTION('',(0.,1.,0.));
#10875 = PCURVE('',#8871,#10876);
#10876 = DEFINITIONAL_REPRESENTATION('',(#10877),#10881);
#10877 = LINE('',#10878,#10879);
#10878 = CARTESIAN_POINT('',(1.,0.));
#10879 = VECTOR('',#10880,1.);
#10880 = DIRECTION('',(0.,-1.));
#10881 = ( GEOMETRIC_REPRESENTATION_CONTEXT(2) 
PARAMETRIC_REPRESENTATION_CONTEXT() REPRESENTATION_CONTEXT('2D SPACE',''
  ) );
#10882 = PCURVE('',#8901,#10883);
#10883 = DEFINITIONAL_REPRESENTATION('',(#10884),#10888);
#10884 = LINE('',#10885,#10886);
#10885 = CARTESIAN_POINT('',(0.,0.));
#10886 = VECTOR('',#10887,1.);
#10887 = DIRECTION('',(0.,-1.));
#10888 = ( GEOMETRIC_REPRESENTATION_CONTEXT(2) 
PARAMETRIC_REPRESENTATION_CONTEXT() REPRESENTATION_CONTEXT('2D SPACE',''
  ) );
#10889 = ADVANCED_FACE('',(#10890),#8901,.T.);
#10890 = FACE_BOUND('',#10891,.T.);
#10891 = EDGE_LOOP('',(#10892,#10936,#10937,#10938));
#10892 = ORIENTED_EDGE('',*,*,#10893,.T.);
#10893 = EDGE_CURVE('',#10894,#10836,#10896,.T.);
#10894 = VERTEX_POINT('',#10895);
#10895 = CARTESIAN_POINT('',(1.106030809895E+03,6.,-156.2110912282));
#10896 = SURFACE_CURVE('',#10897,(#10908,#10922),.PCURVE_S1.);
#10897 = B_SPLINE_CURVE_WITH_KNOTS('',5,(#10898,#10899,#10900,#10901,
    #10902,#10903,#10904,#10905,#10906,#10907),.UNSPECIFIED.,.F.,.F.,(6,
    4,6),(0.,4.741114871554E-02,1.),.UNSPECIFIED.);
#10898 = CARTESIAN_POINT('',(1.106030809895E+03,6.,-156.2110912282));
#10899 = CARTESIAN_POINT('',(1.106028560051E+03,6.,-156.2134113804));
#10900 = CARTESIAN_POINT('',(1.106026337087E+03,6.,-156.2157555548));
#10901 = CARTESIAN_POINT('',(1.106024141047E+03,6.,-156.2181237173));
#10902 = CARTESIAN_POINT('',(1.106021971971E+03,6.,-156.2205158304));
#10903 = CARTESIAN_POINT('',(1.105976791128E+03,6.,-156.2714747907));
#10904 = CARTESIAN_POINT('',(1.105944644625E+03,6.,-156.3296785593));
#10905 = CARTESIAN_POINT('',(1.105923718084E+03,6.,-156.3971896159));
#10906 = CARTESIAN_POINT('',(1.105913622395E+03,6.,-156.47316058));
#10907 = CARTESIAN_POINT('',(1.105913622395E+03,6.,-156.5565502126));
#10908 = PCURVE('',#8901,#10909);
#10909 = DEFINITIONAL_REPRESENTATION('',(#10910),#10921);
#10910 = B_SPLINE_CURVE_WITH_KNOTS('',5,(#10911,#10912,#10913,#10914,
    #10915,#10916,#10917,#10918,#10919,#10920),.UNSPECIFIED.,.F.,.F.,(6,
    4,6),(0.,4.741114871554E-02,1.),.UNSPECIFIED.);
#10911 = CARTESIAN_POINT('',(1.,-5.E-02));
#10912 = CARTESIAN_POINT('',(0.990400663572,-5.E-02));
#10913 = CARTESIAN_POINT('',(0.98080083319,-5.E-02));
#10914 = CARTESIAN_POINT('',(0.971200670966,-5.E-02));
#10915 = CARTESIAN_POINT('',(0.961600339125,-5.E-02));
#10916 = CARTESIAN_POINT('',(0.759109165959,-5.E-02));
#10917 = CARTESIAN_POINT('',(0.56618129267,-5.E-02));
#10918 = CARTESIAN_POINT('',(0.374649294528,-5.E-02));
#10919 = CARTESIAN_POINT('',(0.185632573405,-5.E-02));
#10920 = CARTESIAN_POINT('',(0.,-5.E-02));
#10921 = ( GEOMETRIC_REPRESENTATION_CONTEXT(2) 
PARAMETRIC_REPRESENTATION_CONTEXT() REPRESENTATION_CONTEXT('2D SPACE',''
  ) );
#10922 = PCURVE('',#10502,#10923);
#10923 = DEFINITIONAL_REPRESENTATION('',(#10924),#10935);
#10924 = B_SPLINE_CURVE_WITH_KNOTS('',5,(#10925,#10926,#10927,#10928,
    #10929,#10930,#10931,#10932,#10933,#10934),.UNSPECIFIED.,.F.,.F.,(6,
    4,6),(0.,4.741114871554E-02,1.),.UNSPECIFIED.);
#10925 = CARTESIAN_POINT('',(12.876743044696,-28.39226049577));
#10926 = CARTESIAN_POINT('',(12.874422892581,-28.39451034025));
#10927 = CARTESIAN_POINT('',(12.872078718132,-28.39673330423));
#10928 = CARTESIAN_POINT('',(12.869710555612,-28.39892934416));
#10929 = CARTESIAN_POINT('',(12.86731844254,-28.40109842011));
#10930 = CARTESIAN_POINT('',(12.816359482262,-28.44627926312));
#10931 = CARTESIAN_POINT('',(12.758155713635,-28.47842576603));
#10932 = CARTESIAN_POINT('',(12.690644657092,-28.49935230711));
#10933 = CARTESIAN_POINT('',(12.614673692905,-28.50944799577));
#10934 = CARTESIAN_POINT('',(12.531284060321,-28.50944799577));
#10935 = ( GEOMETRIC_REPRESENTATION_CONTEXT(2) 
PARAMETRIC_REPRESENTATION_CONTEXT() REPRESENTATION_CONTEXT('2D SPACE',''
  ) );
#10936 = ORIENTED_EDGE('',*,*,#10869,.T.);
#10937 = ORIENTED_EDGE('',*,*,#8885,.T.);
#10938 = ORIENTED_EDGE('',*,*,#10939,.F.);
#10939 = EDGE_CURVE('',#10894,#8886,#10940,.T.);
#10940 = SURFACE_CURVE('',#10941,(#10945,#10952),.PCURVE_S1.);
#10941 = LINE('',#10942,#10943);
#10942 = CARTESIAN_POINT('',(1.106030809895E+03,5.95,-156.2110912282));
#10943 = VECTOR('',#10944,1.);
#10944 = DIRECTION('',(0.,1.,0.));
#10945 = PCURVE('',#8901,#10946);
#10946 = DEFINITIONAL_REPRESENTATION('',(#10947),#10951);
#10947 = LINE('',#10948,#10949);
#10948 = CARTESIAN_POINT('',(1.,0.));
#10949 = VECTOR('',#10950,1.);
#10950 = DIRECTION('',(0.,-1.));
#10951 = ( GEOMETRIC_REPRESENTATION_CONTEXT(2) 
PARAMETRIC_REPRESENTATION_CONTEXT() REPRESENTATION_CONTEXT('2D SPACE',''
  ) );
#10952 = PCURVE('',#8929,#10953);
#10953 = DEFINITIONAL_REPRESENTATION('',(#10954),#10958);
#10954 = LINE('',#10955,#10956);
#10955 = CARTESIAN_POINT('',(0.,0.));
#10956 = VECTOR('',#10957,1.);
#10957 = DIRECTION('',(0.,-1.));
#10958 = ( GEOMETRIC_REPRESENTATION_CONTEXT(2) 
PARAMETRIC_REPRESENTATION_CONTEXT() REPRESENTATION_CONTEXT('2D SPACE',''
  ) );
#10959 = ADVANCED_FACE('',(#10960),#8929,.T.);
#10960 = FACE_BOUND('',#10961,.T.);
#10961 = EDGE_LOOP('',(#10962,#11004,#11005,#11006));
#10962 = ORIENTED_EDGE('',*,*,#10963,.T.);
#10963 = EDGE_CURVE('',#10473,#10894,#10964,.T.);
#10964 = SURFACE_CURVE('',#10965,(#10976,#10990),.PCURVE_S1.);
#10965 = B_SPLINE_CURVE_WITH_KNOTS('',5,(#10966,#10967,#10968,#10969,
    #10970,#10971,#10972,#10973,#10974,#10975),.UNSPECIFIED.,.F.,.F.,(6,
    4,6),(0.,0.871181400129,1.),.UNSPECIFIED.);
#10966 = CARTESIAN_POINT('',(1.106362841145E+03,6.,-156.0902416189));
#10967 = CARTESIAN_POINT('',(1.106289633125E+03,6.,-156.0902416189));
#10968 = CARTESIAN_POINT('',(1.10622239569E+03,6.,-156.0990116059));
#10969 = CARTESIAN_POINT('',(1.10616186194E+03,6.,-156.117086198));
#10970 = CARTESIAN_POINT('',(1.106108616127E+03,6.,-156.1447293313));
#10971 = CARTESIAN_POINT('',(1.106056173443E+03,6.,-156.1871812901));
#10972 = CARTESIAN_POINT('',(1.106049582988E+03,6.,-156.1928542163));
#10973 = CARTESIAN_POINT('',(1.106043158498E+03,6.,-156.1987307935));
#10974 = CARTESIAN_POINT('',(1.106036900635E+03,6.,-156.2048101526));
#10975 = CARTESIAN_POINT('',(1.106030809895E+03,6.,-156.2110912282));
#10976 = PCURVE('',#8929,#10977);
#10977 = DEFINITIONAL_REPRESENTATION('',(#10978),#10989);
#10978 = B_SPLINE_CURVE_WITH_KNOTS('',5,(#10979,#10980,#10981,#10982,
    #10983,#10984,#10985,#10986,#10987,#10988),.UNSPECIFIED.,.F.,.F.,(6,
    4,6),(0.,0.871181400129,1.),.UNSPECIFIED.);
#10979 = CARTESIAN_POINT('',(1.,-5.E-02));
#10980 = CARTESIAN_POINT('',(0.829624970706,-5.E-02));
#10981 = CARTESIAN_POINT('',(0.656652071747,-5.E-02));
#10982 = CARTESIAN_POINT('',(0.481782005967,-5.E-02));
#10983 = CARTESIAN_POINT('',(0.305878126029,-5.E-02));
#10984 = CARTESIAN_POINT('',(0.103993505899,-5.E-02));
#10985 = CARTESIAN_POINT('',(7.798707700626E-02,-5.E-02));
#10986 = CARTESIAN_POINT('',(5.1983902765E-02,-5.E-02));
#10987 = CARTESIAN_POINT('',(2.598715741682E-02,-5.E-02));
#10988 = CARTESIAN_POINT('',(0.,-5.E-02));
#10989 = ( GEOMETRIC_REPRESENTATION_CONTEXT(2) 
PARAMETRIC_REPRESENTATION_CONTEXT() REPRESENTATION_CONTEXT('2D SPACE',''
  ) );
#10990 = PCURVE('',#10502,#10991);
#10991 = DEFINITIONAL_REPRESENTATION('',(#10992),#11003);
#10992 = B_SPLINE_CURVE_WITH_KNOTS('',5,(#10993,#10994,#10995,#10996,
    #10997,#10998,#10999,#11000,#11001,#11002),.UNSPECIFIED.,.F.,.F.,(6,
    4,6),(0.,0.871181400129,1.),.UNSPECIFIED.);
#10993 = CARTESIAN_POINT('',(12.997592654071,-28.06022924577));
#10994 = CARTESIAN_POINT('',(12.997592654071,-28.13343726617));
#10995 = CARTESIAN_POINT('',(12.988822667079,-28.20067470052));
#10996 = CARTESIAN_POINT('',(12.970748074904,-28.26120845086));
#10997 = CARTESIAN_POINT('',(12.943104941656,-28.31445426382));
#10998 = CARTESIAN_POINT('',(12.900652982838,-28.36689694834));
#10999 = CARTESIAN_POINT('',(12.89498005664,-28.37348740297));
#11000 = CARTESIAN_POINT('',(12.889103479396,-28.37991189262));
#11001 = CARTESIAN_POINT('',(12.883024120341,-28.38616975575));
#11002 = CARTESIAN_POINT('',(12.876743044696,-28.39226049577));
#11003 = ( GEOMETRIC_REPRESENTATION_CONTEXT(2) 
PARAMETRIC_REPRESENTATION_CONTEXT() REPRESENTATION_CONTEXT('2D SPACE',''
  ) );
#11004 = ORIENTED_EDGE('',*,*,#10939,.T.);
#11005 = ORIENTED_EDGE('',*,*,#8915,.T.);
#11006 = ORIENTED_EDGE('',*,*,#10521,.F.);
#11007 = ADVANCED_FACE('',(#11008),#8970,.T.);
#11008 = FACE_BOUND('',#11009,.T.);
#11009 = EDGE_LOOP('',(#11010,#11011,#11012,#11013,#11014,#11015,#11016)
  );
#11010 = ORIENTED_EDGE('',*,*,#8953,.F.);
#11011 = ORIENTED_EDGE('',*,*,#9027,.F.);
#11012 = ORIENTED_EDGE('',*,*,#9074,.F.);
#11013 = ORIENTED_EDGE('',*,*,#9121,.F.);
#11014 = ORIENTED_EDGE('',*,*,#9182,.F.);
#11015 = ORIENTED_EDGE('',*,*,#9252,.F.);
#11016 = ORIENTED_EDGE('',*,*,#9322,.F.);
#11017 = ADVANCED_FACE('',(#11018),#9389,.T.);
#11018 = FACE_BOUND('',#11019,.T.);
#11019 = EDGE_LOOP('',(#11020,#11021,#11022,#11023,#11024,#11025,#11026,
    #11027));
#11020 = ORIENTED_EDGE('',*,*,#9361,.F.);
#11021 = ORIENTED_EDGE('',*,*,#9452,.F.);
#11022 = ORIENTED_EDGE('',*,*,#9522,.F.);
#11023 = ORIENTED_EDGE('',*,*,#9592,.F.);
#11024 = ORIENTED_EDGE('',*,*,#9656,.F.);
#11025 = ORIENTED_EDGE('',*,*,#9720,.F.);
#11026 = ORIENTED_EDGE('',*,*,#9790,.F.);
#11027 = ORIENTED_EDGE('',*,*,#9860,.F.);
#11028 = ADVANCED_FACE('',(#11029),#9952,.T.);
#11029 = FACE_BOUND('',#11030,.T.);
#11030 = EDGE_LOOP('',(#11031,#11032,#11033,#11034,#11035,#11036,#11037,
    #11038));
#11031 = ORIENTED_EDGE('',*,*,#9920,.F.);
#11032 = ORIENTED_EDGE('',*,*,#10017,.F.);
#11033 = ORIENTED_EDGE('',*,*,#10075,.F.);
#11034 = ORIENTED_EDGE('',*,*,#10145,.F.);
#11035 = ORIENTED_EDGE('',*,*,#10215,.F.);
#11036 = ORIENTED_EDGE('',*,*,#10285,.F.);
#11037 = ORIENTED_EDGE('',*,*,#10346,.F.);
#11038 = ORIENTED_EDGE('',*,*,#10422,.F.);
#11039 = ADVANCED_FACE('',(#11040),#10502,.T.);
#11040 = FACE_BOUND('',#11041,.T.);
#11041 = EDGE_LOOP('',(#11042,#11043,#11044,#11045,#11046,#11047,#11048,
    #11049));
#11042 = ORIENTED_EDGE('',*,*,#10470,.F.);
#11043 = ORIENTED_EDGE('',*,*,#10567,.F.);
#11044 = ORIENTED_EDGE('',*,*,#10625,.F.);
#11045 = ORIENTED_EDGE('',*,*,#10695,.F.);
#11046 = ORIENTED_EDGE('',*,*,#10765,.F.);
#11047 = ORIENTED_EDGE('',*,*,#10835,.F.);
#11048 = ORIENTED_EDGE('',*,*,#10893,.F.);
#11049 = ORIENTED_EDGE('',*,*,#10963,.F.);
#11050 = ( GEOMETRIC_REPRESENTATION_CONTEXT(3) 
GLOBAL_UNCERTAINTY_ASSIGNED_CONTEXT((#11054)) 
GLOBAL_UNIT_ASSIGNED_CONTEXT((#11051,#11052,#11053)) 
REPRESENTATION_CONTEXT('Context #1',
  '3D Context with UNIT and UNCERTAINTY') );
#11051 = ( LENGTH_UNIT() NAMED_UNIT(*) SI_UNIT(.MILLI.,.METRE.) );
#11052 = ( NAMED_UNIT(*) PLANE_ANGLE_UNIT() SI_UNIT($,.RADIAN.) );
#11053 = ( NAMED_UNIT(*) SI_UNIT($,.STERADIAN.) SOLID_ANGLE_UNIT() );
#11054 = UNCERTAINTY_MEASURE_WITH_UNIT(LENGTH_MEASURE(1.E-06),#11051,
  'distance_accuracy_value','confusion accuracy');
#11055 = CONTEXT_DEPENDENT_SHAPE_REPRESENTATION(#11056,#11058);
#11056 = ( REPRESENTATION_RELATIONSHIP('','',#32,#10) 
REPRESENTATION_RELATIONSHIP_WITH_TRANSFORMATION(#11057) 
SHAPE_REPRESENTATION_RELATIONSHIP() );
#11057 = ITEM_DEFINED_TRANSFORMATION('','',#11,#15);
#11058 = PRODUCT_DEFINITION_SHAPE('Placement','Placement of an item',
  #11059);
#11059 = NEXT_ASSEMBLY_USAGE_OCCURRENCE('16','=>[0:1:1:2]','',#5,#27,$);
#11060 = PRODUCT_RELATED_PRODUCT_CATEGORY('part',$,(#29));
ENDSEC;
END-ISO-10303-21;
