cordon,seta,desconectador,F1,F2,K1,MCU_armado,timeout_VESC,falla_sensor,N1,N2_bobina,K1_cerrado,bus_VESC,precarga_sola,kill_liberado,PPM_valido,comando_posible,MCU_coherente,motor,n_barreras,barreras
1,1,1,1,1,normal,1,0,0,1,1,1,1,0,1,1,1,1,PUEDE GIRAR,0,—
1,1,1,1,1,normal,1,0,1,1,1,1,1,0,1,1,0,0,PARADO,1,MCU manda neutro
1,1,1,1,1,normal,1,1,0,1,1,1,1,0,1,0,1,1,PARADO,1,VESC en timeout PPM
1,1,1,1,1,normal,1,1,1,1,1,1,1,0,1,0,0,0,PARADO,2,VESC en timeout PPM; MCU manda neutro
1,1,1,1,1,normal,0,0,0,1,1,1,1,0,0,1,0,1,PARADO,2,VESC en kill (ADC2); MCU manda neutro
1,1,1,1,1,normal,0,0,1,1,1,1,1,0,0,1,0,1,PARADO,2,VESC en kill (ADC2); MCU manda neutro
1,1,1,1,1,normal,0,1,0,1,1,1,1,0,0,0,0,1,PARADO,3,VESC en kill (ADC2); VESC en timeout PPM; MCU manda neutro
1,1,1,1,1,normal,0,1,1,1,1,1,1,0,0,0,0,1,PARADO,3,VESC en kill (ADC2); VESC en timeout PPM; MCU manda neutro
1,1,1,1,1,soldado,1,0,0,1,1,1,1,0,1,1,1,1,PUEDE GIRAR,0,—
1,1,1,1,1,soldado,1,0,1,1,1,1,1,0,1,1,0,0,PARADO,1,MCU manda neutro
1,1,1,1,1,soldado,1,1,0,1,1,1,1,0,1,0,1,1,PARADO,1,VESC en timeout PPM
1,1,1,1,1,soldado,1,1,1,1,1,1,1,0,1,0,0,0,PARADO,2,VESC en timeout PPM; MCU manda neutro
1,1,1,1,1,soldado,0,0,0,1,1,1,1,0,0,1,0,1,PARADO,2,VESC en kill (ADC2); MCU manda neutro
1,1,1,1,1,soldado,0,0,1,1,1,1,1,0,0,1,0,1,PARADO,2,VESC en kill (ADC2); MCU manda neutro
1,1,1,1,1,soldado,0,1,0,1,1,1,1,0,0,0,0,1,PARADO,3,VESC en kill (ADC2); VESC en timeout PPM; MCU manda neutro
1,1,1,1,1,soldado,0,1,1,1,1,1,1,0,0,0,0,1,PARADO,3,VESC en kill (ADC2); VESC en timeout PPM; MCU manda neutro
1,1,1,1,1,bobina_abierta,1,0,0,1,1,0,0,1,1,1,1,1,PARADO,1,bus sin potencia (K1/F1/S1)
1,1,1,1,1,bobina_abierta,1,0,1,1,1,0,0,1,1,1,0,0,PARADO,2,bus sin potencia (K1/F1/S1); MCU manda neutro
1,1,1,1,1,bobina_abierta,1,1,0,1,1,0,0,1,1,0,1,1,PARADO,2,bus sin potencia (K1/F1/S1); VESC en timeout PPM
1,1,1,1,1,bobina_abierta,1,1,1,1,1,0,0,1,1,0,0,0,PARADO,3,bus sin potencia (K1/F1/S1); VESC en timeout PPM; MCU manda neutro
1,1,1,1,1,bobina_abierta,0,0,0,1,1,0,0,1,0,1,0,1,PARADO,3,bus sin potencia (K1/F1/S1); VESC en kill (ADC2); MCU manda neutro
1,1,1,1,1,bobina_abierta,0,0,1,1,1,0,0,1,0,1,0,1,PARADO,3,bus sin potencia (K1/F1/S1); VESC en kill (ADC2); MCU manda neutro
1,1,1,1,1,bobina_abierta,0,1,0,1,1,0,0,1,0,0,0,1,PARADO,4,bus sin potencia (K1/F1/S1); VESC en kill (ADC2); VESC en timeout PPM; MCU manda neutro
1,1,1,1,1,bobina_abierta,0,1,1,1,1,0,0,1,0,0,0,1,PARADO,4,bus sin potencia (K1/F1/S1); VESC en kill (ADC2); VESC en timeout PPM; MCU manda neutro
1,1,1,1,0,normal,1,0,0,0,0,0,0,1,0,1,1,0,PARADO,2,bus sin potencia (K1/F1/S1); VESC en kill (ADC2)
1,1,1,1,0,normal,1,0,1,0,0,0,0,1,0,1,0,0,PARADO,3,bus sin potencia (K1/F1/S1); VESC en kill (ADC2); MCU manda neutro
1,1,1,1,0,normal,1,1,0,0,0,0,0,1,0,0,1,0,PARADO,3,bus sin potencia (K1/F1/S1); VESC en kill (ADC2); VESC en timeout PPM
1,1,1,1,0,normal,1,1,1,0,0,0,0,1,0,0,0,0,PARADO,4,bus sin potencia (K1/F1/S1); VESC en kill (ADC2); VESC en timeout PPM; MCU manda neutro
1,1,1,1,0,normal,0,0,0,0,0,0,0,1,0,1,0,1,PARADO,3,bus sin potencia (K1/F1/S1); VESC en kill (ADC2); MCU manda neutro
1,1,1,1,0,normal,0,0,1,0,0,0,0,1,0,1,0,1,PARADO,3,bus sin potencia (K1/F1/S1); VESC en kill (ADC2); MCU manda neutro
1,1,1,1,0,normal,0,1,0,0,0,0,0,1,0,0,0,1,PARADO,4,bus sin potencia (K1/F1/S1); VESC en kill (ADC2); VESC en timeout PPM; MCU manda neutro
1,1,1,1,0,normal,0,1,1,0,0,0,0,1,0,0,0,1,PARADO,4,bus sin potencia (K1/F1/S1); VESC en kill (ADC2); VESC en timeout PPM; MCU manda neutro
1,1,1,1,0,soldado,1,0,0,0,0,1,1,0,0,1,1,0,PARADO,1,VESC en kill (ADC2)
1,1,1,1,0,soldado,1,0,1,0,0,1,1,0,0,1,0,0,PARADO,2,VESC en kill (ADC2); MCU manda neutro
1,1,1,1,0,soldado,1,1,0,0,0,1,1,0,0,0,1,0,PARADO,2,VESC en kill (ADC2); VESC en timeout PPM
1,1,1,1,0,soldado,1,1,1,0,0,1,1,0,0,0,0,0,PARADO,3,VESC en kill (ADC2); VESC en timeout PPM; MCU manda neutro
1,1,1,1,0,soldado,0,0,0,0,0,1,1,0,0,1,0,1,PARADO,2,VESC en kill (ADC2); MCU manda neutro
1,1,1,1,0,soldado,0,0,1,0,0,1,1,0,0,1,0,1,PARADO,2,VESC en kill (ADC2); MCU manda neutro
1,1,1,1,0,soldado,0,1,0,0,0,1,1,0,0,0,0,1,PARADO,3,VESC en kill (ADC2); VESC en timeout PPM; MCU manda neutro
1,1,1,1,0,soldado,0,1,1,0,0,1,1,0,0,0,0,1,PARADO,3,VESC en kill (ADC2); VESC en timeout PPM; MCU manda neutro
1,1,1,1,0,bobina_abierta,1,0,0,0,0,0,0,1,0,1,1,0,PARADO,2,bus sin potencia (K1/F1/S1); VESC en kill (ADC2)
1,1,1,1,0,bobina_abierta,1,0,1,0,0,0,0,1,0,1,0,0,PARADO,3,bus sin potencia (K1/F1/S1); VESC en kill (ADC2); MCU manda neutro
1,1,1,1,0,bobina_abierta,1,1,0,0,0,0,0,1,0,0,1,0,PARADO,3,bus sin potencia (K1/F1/S1); VESC en kill (ADC2); VESC en timeout PPM
1,1,1,1,0,bobina_abierta,1,1,1,0,0,0,0,1,0,0,0,0,PARADO,4,bus sin potencia (K1/F1/S1); VESC en kill (ADC2); VESC en timeout PPM; MCU manda neutro
1,1,1,1,0,bobina_abierta,0,0,0,0,0,0,0,1,0,1,0,1,PARADO,3,bus sin potencia (K1/F1/S1); VESC en kill (ADC2); MCU manda neutro
1,1,1,1,0,bobina_abierta,0,0,1,0,0,0,0,1,0,1,0,1,PARADO,3,bus sin potencia (K1/F1/S1); VESC en kill (ADC2); MCU manda neutro
1,1,1,1,0,bobina_abierta,0,1,0,0,0,0,0,1,0,0,0,1,PARADO,4,bus sin potencia (K1/F1/S1); VESC en kill (ADC2); VESC en timeout PPM; MCU manda neutro
1,1,1,1,0,bobina_abierta,0,1,1,0,0,0,0,1,0,0,0,1,PARADO,4,bus sin potencia (K1/F1/S1); VESC en kill (ADC2); VESC en timeout PPM; MCU manda neutro
1,1,1,0,1,normal,1,0,0,0,0,0,0,0,0,0,0,0,PARADO,4,bus sin potencia (K1/F1/S1); VESC en kill (ADC2); VESC en timeout PPM; MCU manda neutro
1,1,1,0,1,normal,1,0,1,0,0,0,0,0,0,0,0,0,PARADO,4,bus sin potencia (K1/F1/S1); VESC en kill (ADC2); VESC en timeout PPM; MCU manda neutro
1,1,1,0,1,normal,1,1,0,0,0,0,0,0,0,0,0,0,PARADO,4,bus sin potencia (K1/F1/S1); VESC en kill (ADC2); VESC en timeout PPM; MCU manda neutro
1,1,1,0,1,normal,1,1,1,0,0,0,0,0,0,0,0,0,PARADO,4,bus sin potencia (K1/F1/S1); VESC en kill (ADC2); VESC en timeout PPM; MCU manda neutro
1,1,1,0,1,normal,0,0,0,0,0,0,0,0,0,0,0,1,PARADO,4,bus sin potencia (K1/F1/S1); VESC en kill (ADC2); VESC en timeout PPM; MCU manda neutro
1,1,1,0,1,normal,0,0,1,0,0,0,0,0,0,0,0,1,PARADO,4,bus sin potencia (K1/F1/S1); VESC en kill (ADC2); VESC en timeout PPM; MCU manda neutro
1,1,1,0,1,normal,0,1,0,0,0,0,0,0,0,0,0,1,PARADO,4,bus sin potencia (K1/F1/S1); VESC en kill (ADC2); VESC en timeout PPM; MCU manda neutro
1,1,1,0,1,normal,0,1,1,0,0,0,0,0,0,0,0,1,PARADO,4,bus sin potencia (K1/F1/S1); VESC en kill (ADC2); VESC en timeout PPM; MCU manda neutro
1,1,1,0,1,soldado,1,0,0,0,0,1,0,0,0,0,0,0,PARADO,4,bus sin potencia (K1/F1/S1); VESC en kill (ADC2); VESC en timeout PPM; MCU manda neutro
1,1,1,0,1,soldado,1,0,1,0,0,1,0,0,0,0,0,0,PARADO,4,bus sin potencia (K1/F1/S1); VESC en kill (ADC2); VESC en timeout PPM; MCU manda neutro
1,1,1,0,1,soldado,1,1,0,0,0,1,0,0,0,0,0,0,PARADO,4,bus sin potencia (K1/F1/S1); VESC en kill (ADC2); VESC en timeout PPM; MCU manda neutro
1,1,1,0,1,soldado,1,1,1,0,0,1,0,0,0,0,0,0,PARADO,4,bus sin potencia (K1/F1/S1); VESC en kill (ADC2); VESC en timeout PPM; MCU manda neutro
1,1,1,0,1,soldado,0,0,0,0,0,1,0,0,0,0,0,1,PARADO,4,bus sin potencia (K1/F1/S1); VESC en kill (ADC2); VESC en timeout PPM; MCU manda neutro
1,1,1,0,1,soldado,0,0,1,0,0,1,0,0,0,0,0,1,PARADO,4,bus sin potencia (K1/F1/S1); VESC en kill (ADC2); VESC en timeout PPM; MCU manda neutro
1,1,1,0,1,soldado,0,1,0,0,0,1,0,0,0,0,0,1,PARADO,4,bus sin potencia (K1/F1/S1); VESC en kill (ADC2); VESC en timeout PPM; MCU manda neutro
1,1,1,0,1,soldado,0,1,1,0,0,1,0,0,0,0,0,1,PARADO,4,bus sin potencia (K1/F1/S1); VESC en kill (ADC2); VESC en timeout PPM; MCU manda neutro
1,1,1,0,1,bobina_abierta,1,0,0,0,0,0,0,0,0,0,0,0,PARADO,4,bus sin potencia (K1/F1/S1); VESC en kill (ADC2); VESC en timeout PPM; MCU manda neutro
1,1,1,0,1,bobina_abierta,1,0,1,0,0,0,0,0,0,0,0,0,PARADO,4,bus sin potencia (K1/F1/S1); VESC en kill (ADC2); VESC en timeout PPM; MCU manda neutro
1,1,1,0,1,bobina_abierta,1,1,0,0,0,0,0,0,0,0,0,0,PARADO,4,bus sin potencia (K1/F1/S1); VESC en kill (ADC2); VESC en timeout PPM; MCU manda neutro
1,1,1,0,1,bobina_abierta,1,1,1,0,0,0,0,0,0,0,0,0,PARADO,4,bus sin potencia (K1/F1/S1); VESC en kill (ADC2); VESC en timeout PPM; MCU manda neutro
1,1,1,0,1,bobina_abierta,0,0,0,0,0,0,0,0,0,0,0,1,PARADO,4,bus sin potencia (K1/F1/S1); VESC en kill (ADC2); VESC en timeout PPM; MCU manda neutro
1,1,1,0,1,bobina_abierta,0,0,1,0,0,0,0,0,0,0,0,1,PARADO,4,bus sin potencia (K1/F1/S1); VESC en kill (ADC2); VESC en timeout PPM; MCU manda neutro
1,1,1,0,1,bobina_abierta,0,1,0,0,0,0,0,0,0,0,0,1,PARADO,4,bus sin potencia (K1/F1/S1); VESC en kill (ADC2); VESC en timeout PPM; MCU manda neutro
1,1,1,0,1,bobina_abierta,0,1,1,0,0,0,0,0,0,0,0,1,PARADO,4,bus sin potencia (K1/F1/S1); VESC en kill (ADC2); VESC en timeout PPM; MCU manda neutro
1,1,1,0,0,normal,1,0,0,0,0,0,0,0,0,0,0,0,PARADO,4,bus sin potencia (K1/F1/S1); VESC en kill (ADC2); VESC en timeout PPM; MCU manda neutro
1,1,1,0,0,normal,1,0,1,0,0,0,0,0,0,0,0,0,PARADO,4,bus sin potencia (K1/F1/S1); VESC en kill (ADC2); VESC en timeout PPM; MCU manda neutro
1,1,1,0,0,normal,1,1,0,0,0,0,0,0,0,0,0,0,PARADO,4,bus sin potencia (K1/F1/S1); VESC en kill (ADC2); VESC en timeout PPM; MCU manda neutro
1,1,1,0,0,normal,1,1,1,0,0,0,0,0,0,0,0,0,PARADO,4,bus sin potencia (K1/F1/S1); VESC en kill (ADC2); VESC en timeout PPM; MCU manda neutro
1,1,1,0,0,normal,0,0,0,0,0,0,0,0,0,0,0,1,PARADO,4,bus sin potencia (K1/F1/S1); VESC en kill (ADC2); VESC en timeout PPM; MCU manda neutro
1,1,1,0,0,normal,0,0,1,0,0,0,0,0,0,0,0,1,PARADO,4,bus sin potencia (K1/F1/S1); VESC en kill (ADC2); VESC en timeout PPM; MCU manda neutro
1,1,1,0,0,normal,0,1,0,0,0,0,0,0,0,0,0,1,PARADO,4,bus sin potencia (K1/F1/S1); VESC en kill (ADC2); VESC en timeout PPM; MCU manda neutro
1,1,1,0,0,normal,0,1,1,0,0,0,0,0,0,0,0,1,PARADO,4,bus sin potencia (K1/F1/S1); VESC en kill (ADC2); VESC en timeout PPM; MCU manda neutro
1,1,1,0,0,soldado,1,0,0,0,0,1,0,0,0,0,0,0,PARADO,4,bus sin potencia (K1/F1/S1); VESC en kill (ADC2); VESC en timeout PPM; MCU manda neutro
1,1,1,0,0,soldado,1,0,1,0,0,1,0,0,0,0,0,0,PARADO,4,bus sin potencia (K1/F1/S1); VESC en kill (ADC2); VESC en timeout PPM; MCU manda neutro
1,1,1,0,0,soldado,1,1,0,0,0,1,0,0,0,0,0,0,PARADO,4,bus sin potencia (K1/F1/S1); VESC en kill (ADC2); VESC en timeout PPM; MCU manda neutro
1,1,1,0,0,soldado,1,1,1,0,0,1,0,0,0,0,0,0,PARADO,4,bus sin potencia (K1/F1/S1); VESC en kill (ADC2); VESC en timeout PPM; MCU manda neutro
1,1,1,0,0,soldado,0,0,0,0,0,1,0,0,0,0,0,1,PARADO,4,bus sin potencia (K1/F1/S1); VESC en kill (ADC2); VESC en timeout PPM; MCU manda neutro
1,1,1,0,0,soldado,0,0,1,0,0,1,0,0,0,0,0,1,PARADO,4,bus sin potencia (K1/F1/S1); VESC en kill (ADC2); VESC en timeout PPM; MCU manda neutro
1,1,1,0,0,soldado,0,1,0,0,0,1,0,0,0,0,0,1,PARADO,4,bus sin potencia (K1/F1/S1); VESC en kill (ADC2); VESC en timeout PPM; MCU manda neutro
1,1,1,0,0,soldado,0,1,1,0,0,1,0,0,0,0,0,1,PARADO,4,bus sin potencia (K1/F1/S1); VESC en kill (ADC2); VESC en timeout PPM; MCU manda neutro
1,1,1,0,0,bobina_abierta,1,0,0,0,0,0,0,0,0,0,0,0,PARADO,4,bus sin potencia (K1/F1/S1); VESC en kill (ADC2); VESC en timeout PPM; MCU manda neutro
1,1,1,0,0,bobina_abierta,1,0,1,0,0,0,0,0,0,0,0,0,PARADO,4,bus sin potencia (K1/F1/S1); VESC en kill (ADC2); VESC en timeout PPM; MCU manda neutro
1,1,1,0,0,bobina_abierta,1,1,0,0,0,0,0,0,0,0,0,0,PARADO,4,bus sin potencia (K1/F1/S1); VESC en kill (ADC2); VESC en timeout PPM; MCU manda neutro
1,1,1,0,0,bobina_abierta,1,1,1,0,0,0,0,0,0,0,0,0,PARADO,4,bus sin potencia (K1/F1/S1); VESC en kill (ADC2); VESC en timeout PPM; MCU manda neutro
1,1,1,0,0,bobina_abierta,0,0,0,0,0,0,0,0,0,0,0,1,PARADO,4,bus sin potencia (K1/F1/S1); VESC en kill (ADC2); VESC en timeout PPM; MCU manda neutro
1,1,1,0,0,bobina_abierta,0,0,1,0,0,0,0,0,0,0,0,1,PARADO,4,bus sin potencia (K1/F1/S1); VESC en kill (ADC2); VESC en timeout PPM; MCU manda neutro
1,1,1,0,0,bobina_abierta,0,1,0,0,0,0,0,0,0,0,0,1,PARADO,4,bus sin potencia (K1/F1/S1); VESC en kill (ADC2); VESC en timeout PPM; MCU manda neutro
1,1,1,0,0,bobina_abierta,0,1,1,0,0,0,0,0,0,0,0,1,PARADO,4,bus sin potencia (K1/F1/S1); VESC en kill (ADC2); VESC en timeout PPM; MCU manda neutro
1,1,0,1,1,normal,1,0,0,0,0,0,0,0,0,0,0,0,PARADO,4,bus sin potencia (K1/F1/S1); VESC en kill (ADC2); VESC en timeout PPM; MCU manda neutro
1,1,0,1,1,normal,1,0,1,0,0,0,0,0,0,0,0,0,PARADO,4,bus sin potencia (K1/F1/S1); VESC en kill (ADC2); VESC en timeout PPM; MCU manda neutro
1,1,0,1,1,normal,1,1,0,0,0,0,0,0,0,0,0,0,PARADO,4,bus sin potencia (K1/F1/S1); VESC en kill (ADC2); VESC en timeout PPM; MCU manda neutro
1,1,0,1,1,normal,1,1,1,0,0,0,0,0,0,0,0,0,PARADO,4,bus sin potencia (K1/F1/S1); VESC en kill (ADC2); VESC en timeout PPM; MCU manda neutro
1,1,0,1,1,normal,0,0,0,0,0,0,0,0,0,0,0,1,PARADO,4,bus sin potencia (K1/F1/S1); VESC en kill (ADC2); VESC en timeout PPM; MCU manda neutro
1,1,0,1,1,normal,0,0,1,0,0,0,0,0,0,0,0,1,PARADO,4,bus sin potencia (K1/F1/S1); VESC en kill (ADC2); VESC en timeout PPM; MCU manda neutro
1,1,0,1,1,normal,0,1,0,0,0,0,0,0,0,0,0,1,PARADO,4,bus sin potencia (K1/F1/S1); VESC en kill (ADC2); VESC en timeout PPM; MCU manda neutro
1,1,0,1,1,normal,0,1,1,0,0,0,0,0,0,0,0,1,PARADO,4,bus sin potencia (K1/F1/S1); VESC en kill (ADC2); VESC en timeout PPM; MCU manda neutro
1,1,0,1,1,soldado,1,0,0,0,0,1,0,0,0,0,0,0,PARADO,4,bus sin potencia (K1/F1/S1); VESC en kill (ADC2); VESC en timeout PPM; MCU manda neutro
1,1,0,1,1,soldado,1,0,1,0,0,1,0,0,0,0,0,0,PARADO,4,bus sin potencia (K1/F1/S1); VESC en kill (ADC2); VESC en timeout PPM; MCU manda neutro
1,1,0,1,1,soldado,1,1,0,0,0,1,0,0,0,0,0,0,PARADO,4,bus sin potencia (K1/F1/S1); VESC en kill (ADC2); VESC en timeout PPM; MCU manda neutro
1,1,0,1,1,soldado,1,1,1,0,0,1,0,0,0,0,0,0,PARADO,4,bus sin potencia (K1/F1/S1); VESC en kill (ADC2); VESC en timeout PPM; MCU manda neutro
1,1,0,1,1,soldado,0,0,0,0,0,1,0,0,0,0,0,1,PARADO,4,bus sin potencia (K1/F1/S1); VESC en kill (ADC2); VESC en timeout PPM; MCU manda neutro
1,1,0,1,1,soldado,0,0,1,0,0,1,0,0,0,0,0,1,PARADO,4,bus sin potencia (K1/F1/S1); VESC en kill (ADC2); VESC en timeout PPM; MCU manda neutro
1,1,0,1,1,soldado,0,1,0,0,0,1,0,0,0,0,0,1,PARADO,4,bus sin potencia (K1/F1/S1); VESC en kill (ADC2); VESC en timeout PPM; MCU manda neutro
1,1,0,1,1,soldado,0,1,1,0,0,1,0,0,0,0,0,1,PARADO,4,bus sin potencia (K1/F1/S1); VESC en kill (ADC2); VESC en timeout PPM; MCU manda neutro
1,1,0,1,1,bobina_abierta,1,0,0,0,0,0,0,0,0,0,0,0,PARADO,4,bus sin potencia (K1/F1/S1); VESC en kill (ADC2); VESC en timeout PPM; MCU manda neutro
1,1,0,1,1,bobina_abierta,1,0,1,0,0,0,0,0,0,0,0,0,PARADO,4,bus sin potencia (K1/F1/S1); VESC en kill (ADC2); VESC en timeout PPM; MCU manda neutro
1,1,0,1,1,bobina_abierta,1,1,0,0,0,0,0,0,0,0,0,0,PARADO,4,bus sin potencia (K1/F1/S1); VESC en kill (ADC2); VESC en timeout PPM; MCU manda neutro
1,1,0,1,1,bobina_abierta,1,1,1,0,0,0,0,0,0,0,0,0,PARADO,4,bus sin potencia (K1/F1/S1); VESC en kill (ADC2); VESC en timeout PPM; MCU manda neutro
1,1,0,1,1,bobina_abierta,0,0,0,0,0,0,0,0,0,0,0,1,PARADO,4,bus sin potencia (K1/F1/S1); VESC en kill (ADC2); VESC en timeout PPM; MCU manda neutro
1,1,0,1,1,bobina_abierta,0,0,1,0,0,0,0,0,0,0,0,1,PARADO,4,bus sin potencia (K1/F1/S1); VESC en kill (ADC2); VESC en timeout PPM; MCU manda neutro
1,1,0,1,1,bobina_abierta,0,1,0,0,0,0,0,0,0,0,0,1,PARADO,4,bus sin potencia (K1/F1/S1); VESC en kill (ADC2); VESC en timeout PPM; MCU manda neutro
1,1,0,1,1,bobina_abierta,0,1,1,0,0,0,0,0,0,0,0,1,PARADO,4,bus sin potencia (K1/F1/S1); VESC en kill (ADC2); VESC en timeout PPM; MCU manda neutro
1,1,0,1,0,normal,1,0,0,0,0,0,0,0,0,0,0,0,PARADO,4,bus sin potencia (K1/F1/S1); VESC en kill (ADC2); VESC en timeout PPM; MCU manda neutro
1,1,0,1,0,normal,1,0,1,0,0,0,0,0,0,0,0,0,PARADO,4,bus sin potencia (K1/F1/S1); VESC en kill (ADC2); VESC en timeout PPM; MCU manda neutro
1,1,0,1,0,normal,1,1,0,0,0,0,0,0,0,0,0,0,PARADO,4,bus sin potencia (K1/F1/S1); VESC en kill (ADC2); VESC en timeout PPM; MCU manda neutro
1,1,0,1,0,normal,1,1,1,0,0,0,0,0,0,0,0,0,PARADO,4,bus sin potencia (K1/F1/S1); VESC en kill (ADC2); VESC en timeout PPM; MCU manda neutro
1,1,0,1,0,normal,0,0,0,0,0,0,0,0,0,0,0,1,PARADO,4,bus sin potencia (K1/F1/S1); VESC en kill (ADC2); VESC en timeout PPM; MCU manda neutro
1,1,0,1,0,normal,0,0,1,0,0,0,0,0,0,0,0,1,PARADO,4,bus sin potencia (K1/F1/S1); VESC en kill (ADC2); VESC en timeout PPM; MCU manda neutro
1,1,0,1,0,normal,0,1,0,0,0,0,0,0,0,0,0,1,PARADO,4,bus sin potencia (K1/F1/S1); VESC en kill (ADC2); VESC en timeout PPM; MCU manda neutro
1,1,0,1,0,normal,0,1,1,0,0,0,0,0,0,0,0,1,PARADO,4,bus sin potencia (K1/F1/S1); VESC en kill (ADC2); VESC en timeout PPM; MCU manda neutro
1,1,0,1,0,soldado,1,0,0,0,0,1,0,0,0,0,0,0,PARADO,4,bus sin potencia (K1/F1/S1); VESC en kill (ADC2); VESC en timeout PPM; MCU manda neutro
1,1,0,1,0,soldado,1,0,1,0,0,1,0,0,0,0,0,0,PARADO,4,bus sin potencia (K1/F1/S1); VESC en kill (ADC2); VESC en timeout PPM; MCU manda neutro
1,1,0,1,0,soldado,1,1,0,0,0,1,0,0,0,0,0,0,PARADO,4,bus sin potencia (K1/F1/S1); VESC en kill (ADC2); VESC en timeout PPM; MCU manda neutro
1,1,0,1,0,soldado,1,1,1,0,0,1,0,0,0,0,0,0,PARADO,4,bus sin potencia (K1/F1/S1); VESC en kill (ADC2); VESC en timeout PPM; MCU manda neutro
1,1,0,1,0,soldado,0,0,0,0,0,1,0,0,0,0,0,1,PARADO,4,bus sin potencia (K1/F1/S1); VESC en kill (ADC2); VESC en timeout PPM; MCU manda neutro
1,1,0,1,0,soldado,0,0,1,0,0,1,0,0,0,0,0,1,PARADO,4,bus sin potencia (K1/F1/S1); VESC en kill (ADC2); VESC en timeout PPM; MCU manda neutro
1,1,0,1,0,soldado,0,1,0,0,0,1,0,0,0,0,0,1,PARADO,4,bus sin potencia (K1/F1/S1); VESC en kill (ADC2); VESC en timeout PPM; MCU manda neutro
1,1,0,1,0,soldado,0,1,1,0,0,1,0,0,0,0,0,1,PARADO,4,bus sin potencia (K1/F1/S1); VESC en kill (ADC2); VESC en timeout PPM; MCU manda neutro
1,1,0,1,0,bobina_abierta,1,0,0,0,0,0,0,0,0,0,0,0,PARADO,4,bus sin potencia (K1/F1/S1); VESC en kill (ADC2); VESC en timeout PPM; MCU manda neutro
1,1,0,1,0,bobina_abierta,1,0,1,0,0,0,0,0,0,0,0,0,PARADO,4,bus sin potencia (K1/F1/S1); VESC en kill (ADC2); VESC en timeout PPM; MCU manda neutro
1,1,0,1,0,bobina_abierta,1,1,0,0,0,0,0,0,0,0,0,0,PARADO,4,bus sin potencia (K1/F1/S1); VESC en kill (ADC2); VESC en timeout PPM; MCU manda neutro
1,1,0,1,0,bobina_abierta,1,1,1,0,0,0,0,0,0,0,0,0,PARADO,4,bus sin potencia (K1/F1/S1); VESC en kill (ADC2); VESC en timeout PPM; MCU manda neutro
1,1,0,1,0,bobina_abierta,0,0,0,0,0,0,0,0,0,0,0,1,PARADO,4,bus sin potencia (K1/F1/S1); VESC en kill (ADC2); VESC en timeout PPM; MCU manda neutro
1,1,0,1,0,bobina_abierta,0,0,1,0,0,0,0,0,0,0,0,1,PARADO,4,bus sin potencia (K1/F1/S1); VESC en kill (ADC2); VESC en timeout PPM; MCU manda neutro
1,1,0,1,0,bobina_abierta,0,1,0,0,0,0,0,0,0,0,0,1,PARADO,4,bus sin potencia (K1/F1/S1); VESC en kill (ADC2); VESC en timeout PPM; MCU manda neutro
1,1,0,1,0,bobina_abierta,0,1,1,0,0,0,0,0,0,0,0,1,PARADO,4,bus sin potencia (K1/F1/S1); VESC en kill (ADC2); VESC en timeout PPM; MCU manda neutro
1,1,0,0,1,normal,1,0,0,0,0,0,0,0,0,0,0,0,PARADO,4,bus sin potencia (K1/F1/S1); VESC en kill (ADC2); VESC en timeout PPM; MCU manda neutro
1,1,0,0,1,normal,1,0,1,0,0,0,0,0,0,0,0,0,PARADO,4,bus sin potencia (K1/F1/S1); VESC en kill (ADC2); VESC en timeout PPM; MCU manda neutro
1,1,0,0,1,normal,1,1,0,0,0,0,0,0,0,0,0,0,PARADO,4,bus sin potencia (K1/F1/S1); VESC en kill (ADC2); VESC en timeout PPM; MCU manda neutro
1,1,0,0,1,normal,1,1,1,0,0,0,0,0,0,0,0,0,PARADO,4,bus sin potencia (K1/F1/S1); VESC en kill (ADC2); VESC en timeout PPM; MCU manda neutro
1,1,0,0,1,normal,0,0,0,0,0,0,0,0,0,0,0,1,PARADO,4,bus sin potencia (K1/F1/S1); VESC en kill (ADC2); VESC en timeout PPM; MCU manda neutro
1,1,0,0,1,normal,0,0,1,0,0,0,0,0,0,0,0,1,PARADO,4,bus sin potencia (K1/F1/S1); VESC en kill (ADC2); VESC en timeout PPM; MCU manda neutro
1,1,0,0,1,normal,0,1,0,0,0,0,0,0,0,0,0,1,PARADO,4,bus sin potencia (K1/F1/S1); VESC en kill (ADC2); VESC en timeout PPM; MCU manda neutro
1,1,0,0,1,normal,0,1,1,0,0,0,0,0,0,0,0,1,PARADO,4,bus sin potencia (K1/F1/S1); VESC en kill (ADC2); VESC en timeout PPM; MCU manda neutro
1,1,0,0,1,soldado,1,0,0,0,0,1,0,0,0,0,0,0,PARADO,4,bus sin potencia (K1/F1/S1); VESC en kill (ADC2); VESC en timeout PPM; MCU manda neutro
1,1,0,0,1,soldado,1,0,1,0,0,1,0,0,0,0,0,0,PARADO,4,bus sin potencia (K1/F1/S1); VESC en kill (ADC2); VESC en timeout PPM; MCU manda neutro
1,1,0,0,1,soldado,1,1,0,0,0,1,0,0,0,0,0,0,PARADO,4,bus sin potencia (K1/F1/S1); VESC en kill (ADC2); VESC en timeout PPM; MCU manda neutro
1,1,0,0,1,soldado,1,1,1,0,0,1,0,0,0,0,0,0,PARADO,4,bus sin potencia (K1/F1/S1); VESC en kill (ADC2); VESC en timeout PPM; MCU manda neutro
1,1,0,0,1,soldado,0,0,0,0,0,1,0,0,0,0,0,1,PARADO,4,bus sin potencia (K1/F1/S1); VESC en kill (ADC2); VESC en timeout PPM; MCU manda neutro
1,1,0,0,1,soldado,0,0,1,0,0,1,0,0,0,0,0,1,PARADO,4,bus sin potencia (K1/F1/S1); VESC en kill (ADC2); VESC en timeout PPM; MCU manda neutro
1,1,0,0,1,soldado,0,1,0,0,0,1,0,0,0,0,0,1,PARADO,4,bus sin potencia (K1/F1/S1); VESC en kill (ADC2); VESC en timeout PPM; MCU manda neutro
1,1,0,0,1,soldado,0,1,1,0,0,1,0,0,0,0,0,1,PARADO,4,bus sin potencia (K1/F1/S1); VESC en kill (ADC2); VESC en timeout PPM; MCU manda neutro
1,1,0,0,1,bobina_abierta,1,0,0,0,0,0,0,0,0,0,0,0,PARADO,4,bus sin potencia (K1/F1/S1); VESC en kill (ADC2); VESC en timeout PPM; MCU manda neutro
1,1,0,0,1,bobina_abierta,1,0,1,0,0,0,0,0,0,0,0,0,PARADO,4,bus sin potencia (K1/F1/S1); VESC en kill (ADC2); VESC en timeout PPM; MCU manda neutro
1,1,0,0,1,bobina_abierta,1,1,0,0,0,0,0,0,0,0,0,0,PARADO,4,bus sin potencia (K1/F1/S1); VESC en kill (ADC2); VESC en timeout PPM; MCU manda neutro
1,1,0,0,1,bobina_abierta,1,1,1,0,0,0,0,0,0,0,0,0,PARADO,4,bus sin potencia (K1/F1/S1); VESC en kill (ADC2); VESC en timeout PPM; MCU manda neutro
1,1,0,0,1,bobina_abierta,0,0,0,0,0,0,0,0,0,0,0,1,PARADO,4,bus sin potencia (K1/F1/S1); VESC en kill (ADC2); VESC en timeout PPM; MCU manda neutro
1,1,0,0,1,bobina_abierta,0,0,1,0,0,0,0,0,0,0,0,1,PARADO,4,bus sin potencia (K1/F1/S1); VESC en kill (ADC2); VESC en timeout PPM; MCU manda neutro
1,1,0,0,1,bobina_abierta,0,1,0,0,0,0,0,0,0,0,0,1,PARADO,4,bus sin potencia (K1/F1/S1); VESC en kill (ADC2); VESC en timeout PPM; MCU manda neutro
1,1,0,0,1,bobina_abierta,0,1,1,0,0,0,0,0,0,0,0,1,PARADO,4,bus sin potencia (K1/F1/S1); VESC en kill (ADC2); VESC en timeout PPM; MCU manda neutro
1,1,0,0,0,normal,1,0,0,0,0,0,0,0,0,0,0,0,PARADO,4,bus sin potencia (K1/F1/S1); VESC en kill (ADC2); VESC en timeout PPM; MCU manda neutro
1,1,0,0,0,normal,1,0,1,0,0,0,0,0,0,0,0,0,PARADO,4,bus sin potencia (K1/F1/S1); VESC en kill (ADC2); VESC en timeout PPM; MCU manda neutro
1,1,0,0,0,normal,1,1,0,0,0,0,0,0,0,0,0,0,PARADO,4,bus sin potencia (K1/F1/S1); VESC en kill (ADC2); VESC en timeout PPM; MCU manda neutro
1,1,0,0,0,normal,1,1,1,0,0,0,0,0,0,0,0,0,PARADO,4,bus sin potencia (K1/F1/S1); VESC en kill (ADC2); VESC en timeout PPM; MCU manda neutro
1,1,0,0,0,normal,0,0,0,0,0,0,0,0,0,0,0,1,PARADO,4,bus sin potencia (K1/F1/S1); VESC en kill (ADC2); VESC en timeout PPM; MCU manda neutro
1,1,0,0,0,normal,0,0,1,0,0,0,0,0,0,0,0,1,PARADO,4,bus sin potencia (K1/F1/S1); VESC en kill (ADC2); VESC en timeout PPM; MCU manda neutro
1,1,0,0,0,normal,0,1,0,0,0,0,0,0,0,0,0,1,PARADO,4,bus sin potencia (K1/F1/S1); VESC en kill (ADC2); VESC en timeout PPM; MCU manda neutro
1,1,0,0,0,normal,0,1,1,0,0,0,0,0,0,0,0,1,PARADO,4,bus sin potencia (K1/F1/S1); VESC en kill (ADC2); VESC en timeout PPM; MCU manda neutro
1,1,0,0,0,soldado,1,0,0,0,0,1,0,0,0,0,0,0,PARADO,4,bus sin potencia (K1/F1/S1); VESC en kill (ADC2); VESC en timeout PPM; MCU manda neutro
1,1,0,0,0,soldado,1,0,1,0,0,1,0,0,0,0,0,0,PARADO,4,bus sin potencia (K1/F1/S1); VESC en kill (ADC2); VESC en timeout PPM; MCU manda neutro
1,1,0,0,0,soldado,1,1,0,0,0,1,0,0,0,0,0,0,PARADO,4,bus sin potencia (K1/F1/S1); VESC en kill (ADC2); VESC en timeout PPM; MCU manda neutro
1,1,0,0,0,soldado,1,1,1,0,0,1,0,0,0,0,0,0,PARADO,4,bus sin potencia (K1/F1/S1); VESC en kill (ADC2); VESC en timeout PPM; MCU manda neutro
1,1,0,0,0,soldado,0,0,0,0,0,1,0,0,0,0,0,1,PARADO,4,bus sin potencia (K1/F1/S1); VESC en kill (ADC2); VESC en timeout PPM; MCU manda neutro
1,1,0,0,0,soldado,0,0,1,0,0,1,0,0,0,0,0,1,PARADO,4,bus sin potencia (K1/F1/S1); VESC en kill (ADC2); VESC en timeout PPM; MCU manda neutro
1,1,0,0,0,soldado,0,1,0,0,0,1,0,0,0,0,0,1,PARADO,4,bus sin potencia (K1/F1/S1); VESC en kill (ADC2); VESC en timeout PPM; MCU manda neutro
1,1,0,0,0,soldado,0,1,1,0,0,1,0,0,0,0,0,1,PARADO,4,bus sin potencia (K1/F1/S1); VESC en kill (ADC2); VESC en timeout PPM; MCU manda neutro
1,1,0,0,0,bobina_abierta,1,0,0,0,0,0,0,0,0,0,0,0,PARADO,4,bus sin potencia (K1/F1/S1); VESC en kill (ADC2); VESC en timeout PPM; MCU manda neutro
1,1,0,0,0,bobina_abierta,1,0,1,0,0,0,0,0,0,0,0,0,PARADO,4,bus sin potencia (K1/F1/S1); VESC en kill (ADC2); VESC en timeout PPM; MCU manda neutro
1,1,0,0,0,bobina_abierta,1,1,0,0,0,0,0,0,0,0,0,0,PARADO,4,bus sin potencia (K1/F1/S1); VESC en kill (ADC2); VESC en timeout PPM; MCU manda neutro
1,1,0,0,0,bobina_abierta,1,1,1,0,0,0,0,0,0,0,0,0,PARADO,4,bus sin potencia (K1/F1/S1); VESC en kill (ADC2); VESC en timeout PPM; MCU manda neutro
1,1,0,0,0,bobina_abierta,0,0,0,0,0,0,0,0,0,0,0,1,PARADO,4,bus sin potencia (K1/F1/S1); VESC en kill (ADC2); VESC en timeout PPM; MCU manda neutro
1,1,0,0,0,bobina_abierta,0,0,1,0,0,0,0,0,0,0,0,1,PARADO,4,bus sin potencia (K1/F1/S1); VESC en kill (ADC2); VESC en timeout PPM; MCU manda neutro
1,1,0,0,0,bobina_abierta,0,1,0,0,0,0,0,0,0,0,0,1,PARADO,4,bus sin potencia (K1/F1/S1); VESC en kill (ADC2); VESC en timeout PPM; MCU manda neutro
1,1,0,0,0,bobina_abierta,0,1,1,0,0,0,0,0,0,0,0,1,PARADO,4,bus sin potencia (K1/F1/S1); VESC en kill (ADC2); VESC en timeout PPM; MCU manda neutro
1,0,1,1,1,normal,1,0,0,0,0,0,0,1,0,1,1,0,PARADO,2,bus sin potencia (K1/F1/S1); VESC en kill (ADC2)
1,0,1,1,1,normal,1,0,1,0,0,0,0,1,0,1,0,0,PARADO,3,bus sin potencia (K1/F1/S1); VESC en kill (ADC2); MCU manda neutro
1,0,1,1,1,normal,1,1,0,0,0,0,0,1,0,0,1,0,PARADO,3,bus sin potencia (K1/F1/S1); VESC en kill (ADC2); VESC en timeout PPM
1,0,1,1,1,normal,1,1,1,0,0,0,0,1,0,0,0,0,PARADO,4,bus sin potencia (K1/F1/S1); VESC en kill (ADC2); VESC en timeout PPM; MCU manda neutro
1,0,1,1,1,normal,0,0,0,0,0,0,0,1,0,1,0,1,PARADO,3,bus sin potencia (K1/F1/S1); VESC en kill (ADC2); MCU manda neutro
1,0,1,1,1,normal,0,0,1,0,0,0,0,1,0,1,0,1,PARADO,3,bus sin potencia (K1/F1/S1); VESC en kill (ADC2); MCU manda neutro
1,0,1,1,1,normal,0,1,0,0,0,0,0,1,0,0,0,1,PARADO,4,bus sin potencia (K1/F1/S1); VESC en kill (ADC2); VESC en timeout PPM; MCU manda neutro
1,0,1,1,1,normal,0,1,1,0,0,0,0,1,0,0,0,1,PARADO,4,bus sin potencia (K1/F1/S1); VESC en kill (ADC2); VESC en timeout PPM; MCU manda neutro
1,0,1,1,1,soldado,1,0,0,0,0,1,1,0,0,1,1,0,PARADO,1,VESC en kill (ADC2)
1,0,1,1,1,soldado,1,0,1,0,0,1,1,0,0,1,0,0,PARADO,2,VESC en kill (ADC2); MCU manda neutro
1,0,1,1,1,soldado,1,1,0,0,0,1,1,0,0,0,1,0,PARADO,2,VESC en kill (ADC2); VESC en timeout PPM
1,0,1,1,1,soldado,1,1,1,0,0,1,1,0,0,0,0,0,PARADO,3,VESC en kill (ADC2); VESC en timeout PPM; MCU manda neutro
1,0,1,1,1,soldado,0,0,0,0,0,1,1,0,0,1,0,1,PARADO,2,VESC en kill (ADC2); MCU manda neutro
1,0,1,1,1,soldado,0,0,1,0,0,1,1,0,0,1,0,1,PARADO,2,VESC en kill (ADC2); MCU manda neutro
1,0,1,1,1,soldado,0,1,0,0,0,1,1,0,0,0,0,1,PARADO,3,VESC en kill (ADC2); VESC en timeout PPM; MCU manda neutro
1,0,1,1,1,soldado,0,1,1,0,0,1,1,0,0,0,0,1,PARADO,3,VESC en kill (ADC2); VESC en timeout PPM; MCU manda neutro
1,0,1,1,1,bobina_abierta,1,0,0,0,0,0,0,1,0,1,1,0,PARADO,2,bus sin potencia (K1/F1/S1); VESC en kill (ADC2)
1,0,1,1,1,bobina_abierta,1,0,1,0,0,0,0,1,0,1,0,0,PARADO,3,bus sin potencia (K1/F1/S1); VESC en kill (ADC2); MCU manda neutro
1,0,1,1,1,bobina_abierta,1,1,0,0,0,0,0,1,0,0,1,0,PARADO,3,bus sin potencia (K1/F1/S1); VESC en kill (ADC2); VESC en timeout PPM
1,0,1,1,1,bobina_abierta,1,1,1,0,0,0,0,1,0,0,0,0,PARADO,4,bus sin potencia (K1/F1/S1); VESC en kill (ADC2); VESC en timeout PPM; MCU manda neutro
1,0,1,1,1,bobina_abierta,0,0,0,0,0,0,0,1,0,1,0,1,PARADO,3,bus sin potencia (K1/F1/S1); VESC en kill (ADC2); MCU manda neutro
1,0,1,1,1,bobina_abierta,0,0,1,0,0,0,0,1,0,1,0,1,PARADO,3,bus sin potencia (K1/F1/S1); VESC en kill (ADC2); MCU manda neutro
1,0,1,1,1,bobina_abierta,0,1,0,0,0,0,0,1,0,0,0,1,PARADO,4,bus sin potencia (K1/F1/S1); VESC en kill (ADC2); VESC en timeout PPM; MCU manda neutro
1,0,1,1,1,bobina_abierta,0,1,1,0,0,0,0,1,0,0,0,1,PARADO,4,bus sin potencia (K1/F1/S1); VESC en kill (ADC2); VESC en timeout PPM; MCU manda neutro
1,0,1,1,0,normal,1,0,0,0,0,0,0,1,0,1,1,0,PARADO,2,bus sin potencia (K1/F1/S1); VESC en kill (ADC2)
1,0,1,1,0,normal,1,0,1,0,0,0,0,1,0,1,0,0,PARADO,3,bus sin potencia (K1/F1/S1); VESC en kill (ADC2); MCU manda neutro
1,0,1,1,0,normal,1,1,0,0,0,0,0,1,0,0,1,0,PARADO,3,bus sin potencia (K1/F1/S1); VESC en kill (ADC2); VESC en timeout PPM
1,0,1,1,0,normal,1,1,1,0,0,0,0,1,0,0,0,0,PARADO,4,bus sin potencia (K1/F1/S1); VESC en kill (ADC2); VESC en timeout PPM; MCU manda neutro
1,0,1,1,0,normal,0,0,0,0,0,0,0,1,0,1,0,1,PARADO,3,bus sin potencia (K1/F1/S1); VESC en kill (ADC2); MCU manda neutro
1,0,1,1,0,normal,0,0,1,0,0,0,0,1,0,1,0,1,PARADO,3,bus sin potencia (K1/F1/S1); VESC en kill (ADC2); MCU manda neutro
1,0,1,1,0,normal,0,1,0,0,0,0,0,1,0,0,0,1,PARADO,4,bus sin potencia (K1/F1/S1); VESC en kill (ADC2); VESC en timeout PPM; MCU manda neutro
1,0,1,1,0,normal,0,1,1,0,0,0,0,1,0,0,0,1,PARADO,4,bus sin potencia (K1/F1/S1); VESC en kill (ADC2); VESC en timeout PPM; MCU manda neutro
1,0,1,1,0,soldado,1,0,0,0,0,1,1,0,0,1,1,0,PARADO,1,VESC en kill (ADC2)
1,0,1,1,0,soldado,1,0,1,0,0,1,1,0,0,1,0,0,PARADO,2,VESC en kill (ADC2); MCU manda neutro
1,0,1,1,0,soldado,1,1,0,0,0,1,1,0,0,0,1,0,PARADO,2,VESC en kill (ADC2); VESC en timeout PPM
1,0,1,1,0,soldado,1,1,1,0,0,1,1,0,0,0,0,0,PARADO,3,VESC en kill (ADC2); VESC en timeout PPM; MCU manda neutro
1,0,1,1,0,soldado,0,0,0,0,0,1,1,0,0,1,0,1,PARADO,2,VESC en kill (ADC2); MCU manda neutro
1,0,1,1,0,soldado,0,0,1,0,0,1,1,0,0,1,0,1,PARADO,2,VESC en kill (ADC2); MCU manda neutro
1,0,1,1,0,soldado,0,1,0,0,0,1,1,0,0,0,0,1,PARADO,3,VESC en kill (ADC2); VESC en timeout PPM; MCU manda neutro
1,0,1,1,0,soldado,0,1,1,0,0,1,1,0,0,0,0,1,PARADO,3,VESC en kill (ADC2); VESC en timeout PPM; MCU manda neutro
1,0,1,1,0,bobina_abierta,1,0,0,0,0,0,0,1,0,1,1,0,PARADO,2,bus sin potencia (K1/F1/S1); VESC en kill (ADC2)
1,0,1,1,0,bobina_abierta,1,0,1,0,0,0,0,1,0,1,0,0,PARADO,3,bus sin potencia (K1/F1/S1); VESC en kill (ADC2); MCU manda neutro
1,0,1,1,0,bobina_abierta,1,1,0,0,0,0,0,1,0,0,1,0,PARADO,3,bus sin potencia (K1/F1/S1); VESC en kill (ADC2); VESC en timeout PPM
1,0,1,1,0,bobina_abierta,1,1,1,0,0,0,0,1,0,0,0,0,PARADO,4,bus sin potencia (K1/F1/S1); VESC en kill (ADC2); VESC en timeout PPM; MCU manda neutro
1,0,1,1,0,bobina_abierta,0,0,0,0,0,0,0,1,0,1,0,1,PARADO,3,bus sin potencia (K1/F1/S1); VESC en kill (ADC2); MCU manda neutro
1,0,1,1,0,bobina_abierta,0,0,1,0,0,0,0,1,0,1,0,1,PARADO,3,bus sin potencia (K1/F1/S1); VESC en kill (ADC2); MCU manda neutro
1,0,1,1,0,bobina_abierta,0,1,0,0,0,0,0,1,0,0,0,1,PARADO,4,bus sin potencia (K1/F1/S1); VESC en kill (ADC2); VESC en timeout PPM; MCU manda neutro
1,0,1,1,0,bobina_abierta,0,1,1,0,0,0,0,1,0,0,0,1,PARADO,4,bus sin potencia (K1/F1/S1); VESC en kill (ADC2); VESC en timeout PPM; MCU manda neutro
1,0,1,0,1,normal,1,0,0,0,0,0,0,0,0,0,0,0,PARADO,4,bus sin potencia (K1/F1/S1); VESC en kill (ADC2); VESC en timeout PPM; MCU manda neutro
1,0,1,0,1,normal,1,0,1,0,0,0,0,0,0,0,0,0,PARADO,4,bus sin potencia (K1/F1/S1); VESC en kill (ADC2); VESC en timeout PPM; MCU manda neutro
1,0,1,0,1,normal,1,1,0,0,0,0,0,0,0,0,0,0,PARADO,4,bus sin potencia (K1/F1/S1); VESC en kill (ADC2); VESC en timeout PPM; MCU manda neutro
1,0,1,0,1,normal,1,1,1,0,0,0,0,0,0,0,0,0,PARADO,4,bus sin potencia (K1/F1/S1); VESC en kill (ADC2); VESC en timeout PPM; MCU manda neutro
1,0,1,0,1,normal,0,0,0,0,0,0,0,0,0,0,0,1,PARADO,4,bus sin potencia (K1/F1/S1); VESC en kill (ADC2); VESC en timeout PPM; MCU manda neutro
1,0,1,0,1,normal,0,0,1,0,0,0,0,0,0,0,0,1,PARADO,4,bus sin potencia (K1/F1/S1); VESC en kill (ADC2); VESC en timeout PPM; MCU manda neutro
1,0,1,0,1,normal,0,1,0,0,0,0,0,0,0,0,0,1,PARADO,4,bus sin potencia (K1/F1/S1); VESC en kill (ADC2); VESC en timeout PPM; MCU manda neutro
1,0,1,0,1,normal,0,1,1,0,0,0,0,0,0,0,0,1,PARADO,4,bus sin potencia (K1/F1/S1); VESC en kill (ADC2); VESC en timeout PPM; MCU manda neutro
1,0,1,0,1,soldado,1,0,0,0,0,1,0,0,0,0,0,0,PARADO,4,bus sin potencia (K1/F1/S1); VESC en kill (ADC2); VESC en timeout PPM; MCU manda neutro
1,0,1,0,1,soldado,1,0,1,0,0,1,0,0,0,0,0,0,PARADO,4,bus sin potencia (K1/F1/S1); VESC en kill (ADC2); VESC en timeout PPM; MCU manda neutro
1,0,1,0,1,soldado,1,1,0,0,0,1,0,0,0,0,0,0,PARADO,4,bus sin potencia (K1/F1/S1); VESC en kill (ADC2); VESC en timeout PPM; MCU manda neutro
1,0,1,0,1,soldado,1,1,1,0,0,1,0,0,0,0,0,0,PARADO,4,bus sin potencia (K1/F1/S1); VESC en kill (ADC2); VESC en timeout PPM; MCU manda neutro
1,0,1,0,1,soldado,0,0,0,0,0,1,0,0,0,0,0,1,PARADO,4,bus sin potencia (K1/F1/S1); VESC en kill (ADC2); VESC en timeout PPM; MCU manda neutro
1,0,1,0,1,soldado,0,0,1,0,0,1,0,0,0,0,0,1,PARADO,4,bus sin potencia (K1/F1/S1); VESC en kill (ADC2); VESC en timeout PPM; MCU manda neutro
1,0,1,0,1,soldado,0,1,0,0,0,1,0,0,0,0,0,1,PARADO,4,bus sin potencia (K1/F1/S1); VESC en kill (ADC2); VESC en timeout PPM; MCU manda neutro
1,0,1,0,1,soldado,0,1,1,0,0,1,0,0,0,0,0,1,PARADO,4,bus sin potencia (K1/F1/S1); VESC en kill (ADC2); VESC en timeout PPM; MCU manda neutro
1,0,1,0,1,bobina_abierta,1,0,0,0,0,0,0,0,0,0,0,0,PARADO,4,bus sin potencia (K1/F1/S1); VESC en kill (ADC2); VESC en timeout PPM; MCU manda neutro
1,0,1,0,1,bobina_abierta,1,0,1,0,0,0,0,0,0,0,0,0,PARADO,4,bus sin potencia (K1/F1/S1); VESC en kill (ADC2); VESC en timeout PPM; MCU manda neutro
1,0,1,0,1,bobina_abierta,1,1,0,0,0,0,0,0,0,0,0,0,PARADO,4,bus sin potencia (K1/F1/S1); VESC en kill (ADC2); VESC en timeout PPM; MCU manda neutro
1,0,1,0,1,bobina_abierta,1,1,1,0,0,0,0,0,0,0,0,0,PARADO,4,bus sin potencia (K1/F1/S1); VESC en kill (ADC2); VESC en timeout PPM; MCU manda neutro
1,0,1,0,1,bobina_abierta,0,0,0,0,0,0,0,0,0,0,0,1,PARADO,4,bus sin potencia (K1/F1/S1); VESC en kill (ADC2); VESC en timeout PPM; MCU manda neutro
1,0,1,0,1,bobina_abierta,0,0,1,0,0,0,0,0,0,0,0,1,PARADO,4,bus sin potencia (K1/F1/S1); VESC en kill (ADC2); VESC en timeout PPM; MCU manda neutro
1,0,1,0,1,bobina_abierta,0,1,0,0,0,0,0,0,0,0,0,1,PARADO,4,bus sin potencia (K1/F1/S1); VESC en kill (ADC2); VESC en timeout PPM; MCU manda neutro
1,0,1,0,1,bobina_abierta,0,1,1,0,0,0,0,0,0,0,0,1,PARADO,4,bus sin potencia (K1/F1/S1); VESC en kill (ADC2); VESC en timeout PPM; MCU manda neutro
1,0,1,0,0,normal,1,0,0,0,0,0,0,0,0,0,0,0,PARADO,4,bus sin potencia (K1/F1/S1); VESC en kill (ADC2); VESC en timeout PPM; MCU manda neutro
1,0,1,0,0,normal,1,0,1,0,0,0,0,0,0,0,0,0,PARADO,4,bus sin potencia (K1/F1/S1); VESC en kill (ADC2); VESC en timeout PPM; MCU manda neutro
1,0,1,0,0,normal,1,1,0,0,0,0,0,0,0,0,0,0,PARADO,4,bus sin potencia (K1/F1/S1); VESC en kill (ADC2); VESC en timeout PPM; MCU manda neutro
1,0,1,0,0,normal,1,1,1,0,0,0,0,0,0,0,0,0,PARADO,4,bus sin potencia (K1/F1/S1); VESC en kill (ADC2); VESC en timeout PPM; MCU manda neutro
1,0,1,0,0,normal,0,0,0,0,0,0,0,0,0,0,0,1,PARADO,4,bus sin potencia (K1/F1/S1); VESC en kill (ADC2); VESC en timeout PPM; MCU manda neutro
1,0,1,0,0,normal,0,0,1,0,0,0,0,0,0,0,0,1,PARADO,4,bus sin potencia (K1/F1/S1); VESC en kill (ADC2); VESC en timeout PPM; MCU manda neutro
1,0,1,0,0,normal,0,1,0,0,0,0,0,0,0,0,0,1,PARADO,4,bus sin potencia (K1/F1/S1); VESC en kill (ADC2); VESC en timeout PPM; MCU manda neutro
1,0,1,0,0,normal,0,1,1,0,0,0,0,0,0,0,0,1,PARADO,4,bus sin potencia (K1/F1/S1); VESC en kill (ADC2); VESC en timeout PPM; MCU manda neutro
1,0,1,0,0,soldado,1,0,0,0,0,1,0,0,0,0,0,0,PARADO,4,bus sin potencia (K1/F1/S1); VESC en kill (ADC2); VESC en timeout PPM; MCU manda neutro
1,0,1,0,0,soldado,1,0,1,0,0,1,0,0,0,0,0,0,PARADO,4,bus sin potencia (K1/F1/S1); VESC en kill (ADC2); VESC en timeout PPM; MCU manda neutro
1,0,1,0,0,soldado,1,1,0,0,0,1,0,0,0,0,0,0,PARADO,4,bus sin potencia (K1/F1/S1); VESC en kill (ADC2); VESC en timeout PPM; MCU manda neutro
1,0,1,0,0,soldado,1,1,1,0,0,1,0,0,0,0,0,0,PARADO,4,bus sin potencia (K1/F1/S1); VESC en kill (ADC2); VESC en timeout PPM; MCU manda neutro
1,0,1,0,0,soldado,0,0,0,0,0,1,0,0,0,0,0,1,PARADO,4,bus sin potencia (K1/F1/S1); VESC en kill (ADC2); VESC en timeout PPM; MCU manda neutro
1,0,1,0,0,soldado,0,0,1,0,0,1,0,0,0,0,0,1,PARADO,4,bus sin potencia (K1/F1/S1); VESC en kill (ADC2); VESC en timeout PPM; MCU manda neutro
1,0,1,0,0,soldado,0,1,0,0,0,1,0,0,0,0,0,1,PARADO,4,bus sin potencia (K1/F1/S1); VESC en kill (ADC2); VESC en timeout PPM; MCU manda neutro
1,0,1,0,0,soldado,0,1,1,0,0,1,0,0,0,0,0,1,PARADO,4,bus sin potencia (K1/F1/S1); VESC en kill (ADC2); VESC en timeout PPM; MCU manda neutro
1,0,1,0,0,bobina_abierta,1,0,0,0,0,0,0,0,0,0,0,0,PARADO,4,bus sin potencia (K1/F1/S1); VESC en kill (ADC2); VESC en timeout PPM; MCU manda neutro
1,0,1,0,0,bobina_abierta,1,0,1,0,0,0,0,0,0,0,0,0,PARADO,4,bus sin potencia (K1/F1/S1); VESC en kill (ADC2); VESC en timeout PPM; MCU manda neutro
1,0,1,0,0,bobina_abierta,1,1,0,0,0,0,0,0,0,0,0,0,PARADO,4,bus sin potencia (K1/F1/S1); VESC en kill (ADC2); VESC en timeout PPM; MCU manda neutro
1,0,1,0,0,bobina_abierta,1,1,1,0,0,0,0,0,0,0,0,0,PARADO,4,bus sin potencia (K1/F1/S1); VESC en kill (ADC2); VESC en timeout PPM; MCU manda neutro
1,0,1,0,0,bobina_abierta,0,0,0,0,0,0,0,0,0,0,0,1,PARADO,4,bus sin potencia (K1/F1/S1); VESC en kill (ADC2); VESC en timeout PPM; MCU manda neutro
1,0,1,0,0,bobina_abierta,0,0,1,0,0,0,0,0,0,0,0,1,PARADO,4,bus sin potencia (K1/F1/S1); VESC en kill (ADC2); VESC en timeout PPM; MCU manda neutro
1,0,1,0,0,bobina_abierta,0,1,0,0,0,0,0,0,0,0,0,1,PARADO,4,bus sin potencia (K1/F1/S1); VESC en kill (ADC2); VESC en timeout PPM; MCU manda neutro
1,0,1,0,0,bobina_abierta,0,1,1,0,0,0,0,0,0,0,0,1,PARADO,4,bus sin potencia (K1/F1/S1); VESC en kill (ADC2); VESC en timeout PPM; MCU manda neutro
1,0,0,1,1,normal,1,0,0,0,0,0,0,0,0,0,0,0,PARADO,4,bus sin potencia (K1/F1/S1); VESC en kill (ADC2); VESC en timeout PPM; MCU manda neutro
1,0,0,1,1,normal,1,0,1,0,0,0,0,0,0,0,0,0,PARADO,4,bus sin potencia (K1/F1/S1); VESC en kill (ADC2); VESC en timeout PPM; MCU manda neutro
1,0,0,1,1,normal,1,1,0,0,0,0,0,0,0,0,0,0,PARADO,4,bus sin potencia (K1/F1/S1); VESC en kill (ADC2); VESC en timeout PPM; MCU manda neutro
1,0,0,1,1,normal,1,1,1,0,0,0,0,0,0,0,0,0,PARADO,4,bus sin potencia (K1/F1/S1); VESC en kill (ADC2); VESC en timeout PPM; MCU manda neutro
1,0,0,1,1,normal,0,0,0,0,0,0,0,0,0,0,0,1,PARADO,4,bus sin potencia (K1/F1/S1); VESC en kill (ADC2); VESC en timeout PPM; MCU manda neutro
1,0,0,1,1,normal,0,0,1,0,0,0,0,0,0,0,0,1,PARADO,4,bus sin potencia (K1/F1/S1); VESC en kill (ADC2); VESC en timeout PPM; MCU manda neutro
1,0,0,1,1,normal,0,1,0,0,0,0,0,0,0,0,0,1,PARADO,4,bus sin potencia (K1/F1/S1); VESC en kill (ADC2); VESC en timeout PPM; MCU manda neutro
1,0,0,1,1,normal,0,1,1,0,0,0,0,0,0,0,0,1,PARADO,4,bus sin potencia (K1/F1/S1); VESC en kill (ADC2); VESC en timeout PPM; MCU manda neutro
1,0,0,1,1,soldado,1,0,0,0,0,1,0,0,0,0,0,0,PARADO,4,bus sin potencia (K1/F1/S1); VESC en kill (ADC2); VESC en timeout PPM; MCU manda neutro
1,0,0,1,1,soldado,1,0,1,0,0,1,0,0,0,0,0,0,PARADO,4,bus sin potencia (K1/F1/S1); VESC en kill (ADC2); VESC en timeout PPM; MCU manda neutro
1,0,0,1,1,soldado,1,1,0,0,0,1,0,0,0,0,0,0,PARADO,4,bus sin potencia (K1/F1/S1); VESC en kill (ADC2); VESC en timeout PPM; MCU manda neutro
1,0,0,1,1,soldado,1,1,1,0,0,1,0,0,0,0,0,0,PARADO,4,bus sin potencia (K1/F1/S1); VESC en kill (ADC2); VESC en timeout PPM; MCU manda neutro
1,0,0,1,1,soldado,0,0,0,0,0,1,0,0,0,0,0,1,PARADO,4,bus sin potencia (K1/F1/S1); VESC en kill (ADC2); VESC en timeout PPM; MCU manda neutro
1,0,0,1,1,soldado,0,0,1,0,0,1,0,0,0,0,0,1,PARADO,4,bus sin potencia (K1/F1/S1); VESC en kill (ADC2); VESC en timeout PPM; MCU manda neutro
1,0,0,1,1,soldado,0,1,0,0,0,1,0,0,0,0,0,1,PARADO,4,bus sin potencia (K1/F1/S1); VESC en kill (ADC2); VESC en timeout PPM; MCU manda neutro
1,0,0,1,1,soldado,0,1,1,0,0,1,0,0,0,0,0,1,PARADO,4,bus sin potencia (K1/F1/S1); VESC en kill (ADC2); VESC en timeout PPM; MCU manda neutro
1,0,0,1,1,bobina_abierta,1,0,0,0,0,0,0,0,0,0,0,0,PARADO,4,bus sin potencia (K1/F1/S1); VESC en kill (ADC2); VESC en timeout PPM; MCU manda neutro
1,0,0,1,1,bobina_abierta,1,0,1,0,0,0,0,0,0,0,0,0,PARADO,4,bus sin potencia (K1/F1/S1); VESC en kill (ADC2); VESC en timeout PPM; MCU manda neutro
1,0,0,1,1,bobina_abierta,1,1,0,0,0,0,0,0,0,0,0,0,PARADO,4,bus sin potencia (K1/F1/S1); VESC en kill (ADC2); VESC en timeout PPM; MCU manda neutro
1,0,0,1,1,bobina_abierta,1,1,1,0,0,0,0,0,0,0,0,0,PARADO,4,bus sin potencia (K1/F1/S1); VESC en kill (ADC2); VESC en timeout PPM; MCU manda neutro
1,0,0,1,1,bobina_abierta,0,0,0,0,0,0,0,0,0,0,0,1,PARADO,4,bus sin potencia (K1/F1/S1); VESC en kill (ADC2); VESC en timeout PPM; MCU manda neutro
1,0,0,1,1,bobina_abierta,0,0,1,0,0,0,0,0,0,0,0,1,PARADO,4,bus sin potencia (K1/F1/S1); VESC en kill (ADC2); VESC en timeout PPM; MCU manda neutro
1,0,0,1,1,bobina_abierta,0,1,0,0,0,0,0,0,0,0,0,1,PARADO,4,bus sin potencia (K1/F1/S1); VESC en kill (ADC2); VESC en timeout PPM; MCU manda neutro
1,0,0,1,1,bobina_abierta,0,1,1,0,0,0,0,0,0,0,0,1,PARADO,4,bus sin potencia (K1/F1/S1); VESC en kill (ADC2); VESC en timeout PPM; MCU manda neutro
1,0,0,1,0,normal,1,0,0,0,0,0,0,0,0,0,0,0,PARADO,4,bus sin potencia (K1/F1/S1); VESC en kill (ADC2); VESC en timeout PPM; MCU manda neutro
1,0,0,1,0,normal,1,0,1,0,0,0,0,0,0,0,0,0,PARADO,4,bus sin potencia (K1/F1/S1); VESC en kill (ADC2); VESC en timeout PPM; MCU manda neutro
1,0,0,1,0,normal,1,1,0,0,0,0,0,0,0,0,0,0,PARADO,4,bus sin potencia (K1/F1/S1); VESC en kill (ADC2); VESC en timeout PPM; MCU manda neutro
1,0,0,1,0,normal,1,1,1,0,0,0,0,0,0,0,0,0,PARADO,4,bus sin potencia (K1/F1/S1); VESC en kill (ADC2); VESC en timeout PPM; MCU manda neutro
1,0,0,1,0,normal,0,0,0,0,0,0,0,0,0,0,0,1,PARADO,4,bus sin potencia (K1/F1/S1); VESC en kill (ADC2); VESC en timeout PPM; MCU manda neutro
1,0,0,1,0,normal,0,0,1,0,0,0,0,0,0,0,0,1,PARADO,4,bus sin potencia (K1/F1/S1); VESC en kill (ADC2); VESC en timeout PPM; MCU manda neutro
1,0,0,1,0,normal,0,1,0,0,0,0,0,0,0,0,0,1,PARADO,4,bus sin potencia (K1/F1/S1); VESC en kill (ADC2); VESC en timeout PPM; MCU manda neutro
1,0,0,1,0,normal,0,1,1,0,0,0,0,0,0,0,0,1,PARADO,4,bus sin potencia (K1/F1/S1); VESC en kill (ADC2); VESC en timeout PPM; MCU manda neutro
1,0,0,1,0,soldado,1,0,0,0,0,1,0,0,0,0,0,0,PARADO,4,bus sin potencia (K1/F1/S1); VESC en kill (ADC2); VESC en timeout PPM; MCU manda neutro
1,0,0,1,0,soldado,1,0,1,0,0,1,0,0,0,0,0,0,PARADO,4,bus sin potencia (K1/F1/S1); VESC en kill (ADC2); VESC en timeout PPM; MCU manda neutro
1,0,0,1,0,soldado,1,1,0,0,0,1,0,0,0,0,0,0,PARADO,4,bus sin potencia (K1/F1/S1); VESC en kill (ADC2); VESC en timeout PPM; MCU manda neutro
1,0,0,1,0,soldado,1,1,1,0,0,1,0,0,0,0,0,0,PARADO,4,bus sin potencia (K1/F1/S1); VESC en kill (ADC2); VESC en timeout PPM; MCU manda neutro
1,0,0,1,0,soldado,0,0,0,0,0,1,0,0,0,0,0,1,PARADO,4,bus sin potencia (K1/F1/S1); VESC en kill (ADC2); VESC en timeout PPM; MCU manda neutro
1,0,0,1,0,soldado,0,0,1,0,0,1,0,0,0,0,0,1,PARADO,4,bus sin potencia (K1/F1/S1); VESC en kill (ADC2); VESC en timeout PPM; MCU manda neutro
1,0,0,1,0,soldado,0,1,0,0,0,1,0,0,0,0,0,1,PARADO,4,bus sin potencia (K1/F1/S1); VESC en kill (ADC2); VESC en timeout PPM; MCU manda neutro
1,0,0,1,0,soldado,0,1,1,0,0,1,0,0,0,0,0,1,PARADO,4,bus sin potencia (K1/F1/S1); VESC en kill (ADC2); VESC en timeout PPM; MCU manda neutro
1,0,0,1,0,bobina_abierta,1,0,0,0,0,0,0,0,0,0,0,0,PARADO,4,bus sin potencia (K1/F1/S1); VESC en kill (ADC2); VESC en timeout PPM; MCU manda neutro
1,0,0,1,0,bobina_abierta,1,0,1,0,0,0,0,0,0,0,0,0,PARADO,4,bus sin potencia (K1/F1/S1); VESC en kill (ADC2); VESC en timeout PPM; MCU manda neutro
1,0,0,1,0,bobina_abierta,1,1,0,0,0,0,0,0,0,0,0,0,PARADO,4,bus sin potencia (K1/F1/S1); VESC en kill (ADC2); VESC en timeout PPM; MCU manda neutro
1,0,0,1,0,bobina_abierta,1,1,1,0,0,0,0,0,0,0,0,0,PARADO,4,bus sin potencia (K1/F1/S1); VESC en kill (ADC2); VESC en timeout PPM; MCU manda neutro
1,0,0,1,0,bobina_abierta,0,0,0,0,0,0,0,0,0,0,0,1,PARADO,4,bus sin potencia (K1/F1/S1); VESC en kill (ADC2); VESC en timeout PPM; MCU manda neutro
1,0,0,1,0,bobina_abierta,0,0,1,0,0,0,0,0,0,0,0,1,PARADO,4,bus sin potencia (K1/F1/S1); VESC en kill (ADC2); VESC en timeout PPM; MCU manda neutro
1,0,0,1,0,bobina_abierta,0,1,0,0,0,0,0,0,0,0,0,1,PARADO,4,bus sin potencia (K1/F1/S1); VESC en kill (ADC2); VESC en timeout PPM; MCU manda neutro
1,0,0,1,0,bobina_abierta,0,1,1,0,0,0,0,0,0,0,0,1,PARADO,4,bus sin potencia (K1/F1/S1); VESC en kill (ADC2); VESC en timeout PPM; MCU manda neutro
1,0,0,0,1,normal,1,0,0,0,0,0,0,0,0,0,0,0,PARADO,4,bus sin potencia (K1/F1/S1); VESC en kill (ADC2); VESC en timeout PPM; MCU manda neutro
1,0,0,0,1,normal,1,0,1,0,0,0,0,0,0,0,0,0,PARADO,4,bus sin potencia (K1/F1/S1); VESC en kill (ADC2); VESC en timeout PPM; MCU manda neutro
1,0,0,0,1,normal,1,1,0,0,0,0,0,0,0,0,0,0,PARADO,4,bus sin potencia (K1/F1/S1); VESC en kill (ADC2); VESC en timeout PPM; MCU manda neutro
1,0,0,0,1,normal,1,1,1,0,0,0,0,0,0,0,0,0,PARADO,4,bus sin potencia (K1/F1/S1); VESC en kill (ADC2); VESC en timeout PPM; MCU manda neutro
1,0,0,0,1,normal,0,0,0,0,0,0,0,0,0,0,0,1,PARADO,4,bus sin potencia (K1/F1/S1); VESC en kill (ADC2); VESC en timeout PPM; MCU manda neutro
1,0,0,0,1,normal,0,0,1,0,0,0,0,0,0,0,0,1,PARADO,4,bus sin potencia (K1/F1/S1); VESC en kill (ADC2); VESC en timeout PPM; MCU manda neutro
1,0,0,0,1,normal,0,1,0,0,0,0,0,0,0,0,0,1,PARADO,4,bus sin potencia (K1/F1/S1); VESC en kill (ADC2); VESC en timeout PPM; MCU manda neutro
1,0,0,0,1,normal,0,1,1,0,0,0,0,0,0,0,0,1,PARADO,4,bus sin potencia (K1/F1/S1); VESC en kill (ADC2); VESC en timeout PPM; MCU manda neutro
1,0,0,0,1,soldado,1,0,0,0,0,1,0,0,0,0,0,0,PARADO,4,bus sin potencia (K1/F1/S1); VESC en kill (ADC2); VESC en timeout PPM; MCU manda neutro
1,0,0,0,1,soldado,1,0,1,0,0,1,0,0,0,0,0,0,PARADO,4,bus sin potencia (K1/F1/S1); VESC en kill (ADC2); VESC en timeout PPM; MCU manda neutro
1,0,0,0,1,soldado,1,1,0,0,0,1,0,0,0,0,0,0,PARADO,4,bus sin potencia (K1/F1/S1); VESC en kill (ADC2); VESC en timeout PPM; MCU manda neutro
1,0,0,0,1,soldado,1,1,1,0,0,1,0,0,0,0,0,0,PARADO,4,bus sin potencia (K1/F1/S1); VESC en kill (ADC2); VESC en timeout PPM; MCU manda neutro
1,0,0,0,1,soldado,0,0,0,0,0,1,0,0,0,0,0,1,PARADO,4,bus sin potencia (K1/F1/S1); VESC en kill (ADC2); VESC en timeout PPM; MCU manda neutro
1,0,0,0,1,soldado,0,0,1,0,0,1,0,0,0,0,0,1,PARADO,4,bus sin potencia (K1/F1/S1); VESC en kill (ADC2); VESC en timeout PPM; MCU manda neutro
1,0,0,0,1,soldado,0,1,0,0,0,1,0,0,0,0,0,1,PARADO,4,bus sin potencia (K1/F1/S1); VESC en kill (ADC2); VESC en timeout PPM; MCU manda neutro
1,0,0,0,1,soldado,0,1,1,0,0,1,0,0,0,0,0,1,PARADO,4,bus sin potencia (K1/F1/S1); VESC en kill (ADC2); VESC en timeout PPM; MCU manda neutro
1,0,0,0,1,bobina_abierta,1,0,0,0,0,0,0,0,0,0,0,0,PARADO,4,bus sin potencia (K1/F1/S1); VESC en kill (ADC2); VESC en timeout PPM; MCU manda neutro
1,0,0,0,1,bobina_abierta,1,0,1,0,0,0,0,0,0,0,0,0,PARADO,4,bus sin potencia (K1/F1/S1); VESC en kill (ADC2); VESC en timeout PPM; MCU manda neutro
1,0,0,0,1,bobina_abierta,1,1,0,0,0,0,0,0,0,0,0,0,PARADO,4,bus sin potencia (K1/F1/S1); VESC en kill (ADC2); VESC en timeout PPM; MCU manda neutro
1,0,0,0,1,bobina_abierta,1,1,1,0,0,0,0,0,0,0,0,0,PARADO,4,bus sin potencia (K1/F1/S1); VESC en kill (ADC2); VESC en timeout PPM; MCU manda neutro
1,0,0,0,1,bobina_abierta,0,0,0,0,0,0,0,0,0,0,0,1,PARADO,4,bus sin potencia (K1/F1/S1); VESC en kill (ADC2); VESC en timeout PPM; MCU manda neutro
1,0,0,0,1,bobina_abierta,0,0,1,0,0,0,0,0,0,0,0,1,PARADO,4,bus sin potencia (K1/F1/S1); VESC en kill (ADC2); VESC en timeout PPM; MCU manda neutro
1,0,0,0,1,bobina_abierta,0,1,0,0,0,0,0,0,0,0,0,1,PARADO,4,bus sin potencia (K1/F1/S1); VESC en kill (ADC2); VESC en timeout PPM; MCU manda neutro
1,0,0,0,1,bobina_abierta,0,1,1,0,0,0,0,0,0,0,0,1,PARADO,4,bus sin potencia (K1/F1/S1); VESC en kill (ADC2); VESC en timeout PPM; MCU manda neutro
1,0,0,0,0,normal,1,0,0,0,0,0,0,0,0,0,0,0,PARADO,4,bus sin potencia (K1/F1/S1); VESC en kill (ADC2); VESC en timeout PPM; MCU manda neutro
1,0,0,0,0,normal,1,0,1,0,0,0,0,0,0,0,0,0,PARADO,4,bus sin potencia (K1/F1/S1); VESC en kill (ADC2); VESC en timeout PPM; MCU manda neutro
1,0,0,0,0,normal,1,1,0,0,0,0,0,0,0,0,0,0,PARADO,4,bus sin potencia (K1/F1/S1); VESC en kill (ADC2); VESC en timeout PPM; MCU manda neutro
1,0,0,0,0,normal,1,1,1,0,0,0,0,0,0,0,0,0,PARADO,4,bus sin potencia (K1/F1/S1); VESC en kill (ADC2); VESC en timeout PPM; MCU manda neutro
1,0,0,0,0,normal,0,0,0,0,0,0,0,0,0,0,0,1,PARADO,4,bus sin potencia (K1/F1/S1); VESC en kill (ADC2); VESC en timeout PPM; MCU manda neutro
1,0,0,0,0,normal,0,0,1,0,0,0,0,0,0,0,0,1,PARADO,4,bus sin potencia (K1/F1/S1); VESC en kill (ADC2); VESC en timeout PPM; MCU manda neutro
1,0,0,0,0,normal,0,1,0,0,0,0,0,0,0,0,0,1,PARADO,4,bus sin potencia (K1/F1/S1); VESC en kill (ADC2); VESC en timeout PPM; MCU manda neutro
1,0,0,0,0,normal,0,1,1,0,0,0,0,0,0,0,0,1,PARADO,4,bus sin potencia (K1/F1/S1); VESC en kill (ADC2); VESC en timeout PPM; MCU manda neutro
1,0,0,0,0,soldado,1,0,0,0,0,1,0,0,0,0,0,0,PARADO,4,bus sin potencia (K1/F1/S1); VESC en kill (ADC2); VESC en timeout PPM; MCU manda neutro
1,0,0,0,0,soldado,1,0,1,0,0,1,0,0,0,0,0,0,PARADO,4,bus sin potencia (K1/F1/S1); VESC en kill (ADC2); VESC en timeout PPM; MCU manda neutro
1,0,0,0,0,soldado,1,1,0,0,0,1,0,0,0,0,0,0,PARADO,4,bus sin potencia (K1/F1/S1); VESC en kill (ADC2); VESC en timeout PPM; MCU manda neutro
1,0,0,0,0,soldado,1,1,1,0,0,1,0,0,0,0,0,0,PARADO,4,bus sin potencia (K1/F1/S1); VESC en kill (ADC2); VESC en timeout PPM; MCU manda neutro
1,0,0,0,0,soldado,0,0,0,0,0,1,0,0,0,0,0,1,PARADO,4,bus sin potencia (K1/F1/S1); VESC en kill (ADC2); VESC en timeout PPM; MCU manda neutro
1,0,0,0,0,soldado,0,0,1,0,0,1,0,0,0,0,0,1,PARADO,4,bus sin potencia (K1/F1/S1); VESC en kill (ADC2); VESC en timeout PPM; MCU manda neutro
1,0,0,0,0,soldado,0,1,0,0,0,1,0,0,0,0,0,1,PARADO,4,bus sin potencia (K1/F1/S1); VESC en kill (ADC2); VESC en timeout PPM; MCU manda neutro
1,0,0,0,0,soldado,0,1,1,0,0,1,0,0,0,0,0,1,PARADO,4,bus sin potencia (K1/F1/S1); VESC en kill (ADC2); VESC en timeout PPM; MCU manda neutro
1,0,0,0,0,bobina_abierta,1,0,0,0,0,0,0,0,0,0,0,0,PARADO,4,bus sin potencia (K1/F1/S1); VESC en kill (ADC2); VESC en timeout PPM; MCU manda neutro
1,0,0,0,0,bobina_abierta,1,0,1,0,0,0,0,0,0,0,0,0,PARADO,4,bus sin potencia (K1/F1/S1); VESC en kill (ADC2); VESC en timeout PPM; MCU manda neutro
1,0,0,0,0,bobina_abierta,1,1,0,0,0,0,0,0,0,0,0,0,PARADO,4,bus sin potencia (K1/F1/S1); VESC en kill (ADC2); VESC en timeout PPM; MCU manda neutro
1,0,0,0,0,bobina_abierta,1,1,1,0,0,0,0,0,0,0,0,0,PARADO,4,bus sin potencia (K1/F1/S1); VESC en kill (ADC2); VESC en timeout PPM; MCU manda neutro
1,0,0,0,0,bobina_abierta,0,0,0,0,0,0,0,0,0,0,0,1,PARADO,4,bus sin potencia (K1/F1/S1); VESC en kill (ADC2); VESC en timeout PPM; MCU manda neutro
1,0,0,0,0,bobina_abierta,0,0,1,0,0,0,0,0,0,0,0,1,PARADO,4,bus sin potencia (K1/F1/S1); VESC en kill (ADC2); VESC en timeout PPM; MCU manda neutro
1,0,0,0,0,bobina_abierta,0,1,0,0,0,0,0,0,0,0,0,1,PARADO,4,bus sin potencia (K1/F1/S1); VESC en kill (ADC2); VESC en timeout PPM; MCU manda neutro
1,0,0,0,0,bobina_abierta,0,1,1,0,0,0,0,0,0,0,0,1,PARADO,4,bus sin potencia (K1/F1/S1); VESC en kill (ADC2); VESC en timeout PPM; MCU manda neutro
0,1,1,1,1,normal,1,0,0,1,0,0,0,1,0,1,1,0,PARADO,2,bus sin potencia (K1/F1/S1); VESC en kill (ADC2)
0,1,1,1,1,normal,1,0,1,1,0,0,0,1,0,1,0,0,PARADO,3,bus sin potencia (K1/F1/S1); VESC en kill (ADC2); MCU manda neutro
0,1,1,1,1,normal,1,1,0,1,0,0,0,1,0,0,1,0,PARADO,3,bus sin potencia (K1/F1/S1); VESC en kill (ADC2); VESC en timeout PPM
0,1,1,1,1,normal,1,1,1,1,0,0,0,1,0,0,0,0,PARADO,4,bus sin potencia (K1/F1/S1); VESC en kill (ADC2); VESC en timeout PPM; MCU manda neutro
0,1,1,1,1,normal,0,0,0,1,0,0,0,1,0,1,0,1,PARADO,3,bus sin potencia (K1/F1/S1); VESC en kill (ADC2); MCU manda neutro
0,1,1,1,1,normal,0,0,1,1,0,0,0,1,0,1,0,1,PARADO,3,bus sin potencia (K1/F1/S1); VESC en kill (ADC2); MCU manda neutro
0,1,1,1,1,normal,0,1,0,1,0,0,0,1,0,0,0,1,PARADO,4,bus sin potencia (K1/F1/S1); VESC en kill (ADC2); VESC en timeout PPM; MCU manda neutro
0,1,1,1,1,normal,0,1,1,1,0,0,0,1,0,0,0,1,PARADO,4,bus sin potencia (K1/F1/S1); VESC en kill (ADC2); VESC en timeout PPM; MCU manda neutro
0,1,1,1,1,soldado,1,0,0,1,0,1,1,0,0,1,1,0,PARADO,1,VESC en kill (ADC2)
0,1,1,1,1,soldado,1,0,1,1,0,1,1,0,0,1,0,0,PARADO,2,VESC en kill (ADC2); MCU manda neutro
0,1,1,1,1,soldado,1,1,0,1,0,1,1,0,0,0,1,0,PARADO,2,VESC en kill (ADC2); VESC en timeout PPM
0,1,1,1,1,soldado,1,1,1,1,0,1,1,0,0,0,0,0,PARADO,3,VESC en kill (ADC2); VESC en timeout PPM; MCU manda neutro
0,1,1,1,1,soldado,0,0,0,1,0,1,1,0,0,1,0,1,PARADO,2,VESC en kill (ADC2); MCU manda neutro
0,1,1,1,1,soldado,0,0,1,1,0,1,1,0,0,1,0,1,PARADO,2,VESC en kill (ADC2); MCU manda neutro
0,1,1,1,1,soldado,0,1,0,1,0,1,1,0,0,0,0,1,PARADO,3,VESC en kill (ADC2); VESC en timeout PPM; MCU manda neutro
0,1,1,1,1,soldado,0,1,1,1,0,1,1,0,0,0,0,1,PARADO,3,VESC en kill (ADC2); VESC en timeout PPM; MCU manda neutro
0,1,1,1,1,bobina_abierta,1,0,0,1,0,0,0,1,0,1,1,0,PARADO,2,bus sin potencia (K1/F1/S1); VESC en kill (ADC2)
0,1,1,1,1,bobina_abierta,1,0,1,1,0,0,0,1,0,1,0,0,PARADO,3,bus sin potencia (K1/F1/S1); VESC en kill (ADC2); MCU manda neutro
0,1,1,1,1,bobina_abierta,1,1,0,1,0,0,0,1,0,0,1,0,PARADO,3,bus sin potencia (K1/F1/S1); VESC en kill (ADC2); VESC en timeout PPM
0,1,1,1,1,bobina_abierta,1,1,1,1,0,0,0,1,0,0,0,0,PARADO,4,bus sin potencia (K1/F1/S1); VESC en kill (ADC2); VESC en timeout PPM; MCU manda neutro
0,1,1,1,1,bobina_abierta,0,0,0,1,0,0,0,1,0,1,0,1,PARADO,3,bus sin potencia (K1/F1/S1); VESC en kill (ADC2); MCU manda neutro
0,1,1,1,1,bobina_abierta,0,0,1,1,0,0,0,1,0,1,0,1,PARADO,3,bus sin potencia (K1/F1/S1); VESC en kill (ADC2); MCU manda neutro
0,1,1,1,1,bobina_abierta,0,1,0,1,0,0,0,1,0,0,0,1,PARADO,4,bus sin potencia (K1/F1/S1); VESC en kill (ADC2); VESC en timeout PPM; MCU manda neutro
0,1,1,1,1,bobina_abierta,0,1,1,1,0,0,0,1,0,0,0,1,PARADO,4,bus sin potencia (K1/F1/S1); VESC en kill (ADC2); VESC en timeout PPM; MCU manda neutro
0,1,1,1,0,normal,1,0,0,0,0,0,0,1,0,1,1,0,PARADO,2,bus sin potencia (K1/F1/S1); VESC en kill (ADC2)
0,1,1,1,0,normal,1,0,1,0,0,0,0,1,0,1,0,0,PARADO,3,bus sin potencia (K1/F1/S1); VESC en kill (ADC2); MCU manda neutro
0,1,1,1,0,normal,1,1,0,0,0,0,0,1,0,0,1,0,PARADO,3,bus sin potencia (K1/F1/S1); VESC en kill (ADC2); VESC en timeout PPM
0,1,1,1,0,normal,1,1,1,0,0,0,0,1,0,0,0,0,PARADO,4,bus sin potencia (K1/F1/S1); VESC en kill (ADC2); VESC en timeout PPM; MCU manda neutro
0,1,1,1,0,normal,0,0,0,0,0,0,0,1,0,1,0,1,PARADO,3,bus sin potencia (K1/F1/S1); VESC en kill (ADC2); MCU manda neutro
0,1,1,1,0,normal,0,0,1,0,0,0,0,1,0,1,0,1,PARADO,3,bus sin potencia (K1/F1/S1); VESC en kill (ADC2); MCU manda neutro
0,1,1,1,0,normal,0,1,0,0,0,0,0,1,0,0,0,1,PARADO,4,bus sin potencia (K1/F1/S1); VESC en kill (ADC2); VESC en timeout PPM; MCU manda neutro
0,1,1,1,0,normal,0,1,1,0,0,0,0,1,0,0,0,1,PARADO,4,bus sin potencia (K1/F1/S1); VESC en kill (ADC2); VESC en timeout PPM; MCU manda neutro
0,1,1,1,0,soldado,1,0,0,0,0,1,1,0,0,1,1,0,PARADO,1,VESC en kill (ADC2)
0,1,1,1,0,soldado,1,0,1,0,0,1,1,0,0,1,0,0,PARADO,2,VESC en kill (ADC2); MCU manda neutro
0,1,1,1,0,soldado,1,1,0,0,0,1,1,0,0,0,1,0,PARADO,2,VESC en kill (ADC2); VESC en timeout PPM
0,1,1,1,0,soldado,1,1,1,0,0,1,1,0,0,0,0,0,PARADO,3,VESC en kill (ADC2); VESC en timeout PPM; MCU manda neutro
0,1,1,1,0,soldado,0,0,0,0,0,1,1,0,0,1,0,1,PARADO,2,VESC en kill (ADC2); MCU manda neutro
0,1,1,1,0,soldado,0,0,1,0,0,1,1,0,0,1,0,1,PARADO,2,VESC en kill (ADC2); MCU manda neutro
0,1,1,1,0,soldado,0,1,0,0,0,1,1,0,0,0,0,1,PARADO,3,VESC en kill (ADC2); VESC en timeout PPM; MCU manda neutro
0,1,1,1,0,soldado,0,1,1,0,0,1,1,0,0,0,0,1,PARADO,3,VESC en kill (ADC2); VESC en timeout PPM; MCU manda neutro
0,1,1,1,0,bobina_abierta,1,0,0,0,0,0,0,1,0,1,1,0,PARADO,2,bus sin potencia (K1/F1/S1); VESC en kill (ADC2)
0,1,1,1,0,bobina_abierta,1,0,1,0,0,0,0,1,0,1,0,0,PARADO,3,bus sin potencia (K1/F1/S1); VESC en kill (ADC2); MCU manda neutro
0,1,1,1,0,bobina_abierta,1,1,0,0,0,0,0,1,0,0,1,0,PARADO,3,bus sin potencia (K1/F1/S1); VESC en kill (ADC2); VESC en timeout PPM
0,1,1,1,0,bobina_abierta,1,1,1,0,0,0,0,1,0,0,0,0,PARADO,4,bus sin potencia (K1/F1/S1); VESC en kill (ADC2); VESC en timeout PPM; MCU manda neutro
0,1,1,1,0,bobina_abierta,0,0,0,0,0,0,0,1,0,1,0,1,PARADO,3,bus sin potencia (K1/F1/S1); VESC en kill (ADC2); MCU manda neutro
0,1,1,1,0,bobina_abierta,0,0,1,0,0,0,0,1,0,1,0,1,PARADO,3,bus sin potencia (K1/F1/S1); VESC en kill (ADC2); MCU manda neutro
0,1,1,1,0,bobina_abierta,0,1,0,0,0,0,0,1,0,0,0,1,PARADO,4,bus sin potencia (K1/F1/S1); VESC en kill (ADC2); VESC en timeout PPM; MCU manda neutro
0,1,1,1,0,bobina_abierta,0,1,1,0,0,0,0,1,0,0,0,1,PARADO,4,bus sin potencia (K1/F1/S1); VESC en kill (ADC2); VESC en timeout PPM; MCU manda neutro
0,1,1,0,1,normal,1,0,0,0,0,0,0,0,0,0,0,0,PARADO,4,bus sin potencia (K1/F1/S1); VESC en kill (ADC2); VESC en timeout PPM; MCU manda neutro
0,1,1,0,1,normal,1,0,1,0,0,0,0,0,0,0,0,0,PARADO,4,bus sin potencia (K1/F1/S1); VESC en kill (ADC2); VESC en timeout PPM; MCU manda neutro
0,1,1,0,1,normal,1,1,0,0,0,0,0,0,0,0,0,0,PARADO,4,bus sin potencia (K1/F1/S1); VESC en kill (ADC2); VESC en timeout PPM; MCU manda neutro
0,1,1,0,1,normal,1,1,1,0,0,0,0,0,0,0,0,0,PARADO,4,bus sin potencia (K1/F1/S1); VESC en kill (ADC2); VESC en timeout PPM; MCU manda neutro
0,1,1,0,1,normal,0,0,0,0,0,0,0,0,0,0,0,1,PARADO,4,bus sin potencia (K1/F1/S1); VESC en kill (ADC2); VESC en timeout PPM; MCU manda neutro
0,1,1,0,1,normal,0,0,1,0,0,0,0,0,0,0,0,1,PARADO,4,bus sin potencia (K1/F1/S1); VESC en kill (ADC2); VESC en timeout PPM; MCU manda neutro
0,1,1,0,1,normal,0,1,0,0,0,0,0,0,0,0,0,1,PARADO,4,bus sin potencia (K1/F1/S1); VESC en kill (ADC2); VESC en timeout PPM; MCU manda neutro
0,1,1,0,1,normal,0,1,1,0,0,0,0,0,0,0,0,1,PARADO,4,bus sin potencia (K1/F1/S1); VESC en kill (ADC2); VESC en timeout PPM; MCU manda neutro
0,1,1,0,1,soldado,1,0,0,0,0,1,0,0,0,0,0,0,PARADO,4,bus sin potencia (K1/F1/S1); VESC en kill (ADC2); VESC en timeout PPM; MCU manda neutro
0,1,1,0,1,soldado,1,0,1,0,0,1,0,0,0,0,0,0,PARADO,4,bus sin potencia (K1/F1/S1); VESC en kill (ADC2); VESC en timeout PPM; MCU manda neutro
0,1,1,0,1,soldado,1,1,0,0,0,1,0,0,0,0,0,0,PARADO,4,bus sin potencia (K1/F1/S1); VESC en kill (ADC2); VESC en timeout PPM; MCU manda neutro
0,1,1,0,1,soldado,1,1,1,0,0,1,0,0,0,0,0,0,PARADO,4,bus sin potencia (K1/F1/S1); VESC en kill (ADC2); VESC en timeout PPM; MCU manda neutro
0,1,1,0,1,soldado,0,0,0,0,0,1,0,0,0,0,0,1,PARADO,4,bus sin potencia (K1/F1/S1); VESC en kill (ADC2); VESC en timeout PPM; MCU manda neutro
0,1,1,0,1,soldado,0,0,1,0,0,1,0,0,0,0,0,1,PARADO,4,bus sin potencia (K1/F1/S1); VESC en kill (ADC2); VESC en timeout PPM; MCU manda neutro
0,1,1,0,1,soldado,0,1,0,0,0,1,0,0,0,0,0,1,PARADO,4,bus sin potencia (K1/F1/S1); VESC en kill (ADC2); VESC en timeout PPM; MCU manda neutro
0,1,1,0,1,soldado,0,1,1,0,0,1,0,0,0,0,0,1,PARADO,4,bus sin potencia (K1/F1/S1); VESC en kill (ADC2); VESC en timeout PPM; MCU manda neutro
0,1,1,0,1,bobina_abierta,1,0,0,0,0,0,0,0,0,0,0,0,PARADO,4,bus sin potencia (K1/F1/S1); VESC en kill (ADC2); VESC en timeout PPM; MCU manda neutro
0,1,1,0,1,bobina_abierta,1,0,1,0,0,0,0,0,0,0,0,0,PARADO,4,bus sin potencia (K1/F1/S1); VESC en kill (ADC2); VESC en timeout PPM; MCU manda neutro
0,1,1,0,1,bobina_abierta,1,1,0,0,0,0,0,0,0,0,0,0,PARADO,4,bus sin potencia (K1/F1/S1); VESC en kill (ADC2); VESC en timeout PPM; MCU manda neutro
0,1,1,0,1,bobina_abierta,1,1,1,0,0,0,0,0,0,0,0,0,PARADO,4,bus sin potencia (K1/F1/S1); VESC en kill (ADC2); VESC en timeout PPM; MCU manda neutro
0,1,1,0,1,bobina_abierta,0,0,0,0,0,0,0,0,0,0,0,1,PARADO,4,bus sin potencia (K1/F1/S1); VESC en kill (ADC2); VESC en timeout PPM; MCU manda neutro
0,1,1,0,1,bobina_abierta,0,0,1,0,0,0,0,0,0,0,0,1,PARADO,4,bus sin potencia (K1/F1/S1); VESC en kill (ADC2); VESC en timeout PPM; MCU manda neutro
0,1,1,0,1,bobina_abierta,0,1,0,0,0,0,0,0,0,0,0,1,PARADO,4,bus sin potencia (K1/F1/S1); VESC en kill (ADC2); VESC en timeout PPM; MCU manda neutro
0,1,1,0,1,bobina_abierta,0,1,1,0,0,0,0,0,0,0,0,1,PARADO,4,bus sin potencia (K1/F1/S1); VESC en kill (ADC2); VESC en timeout PPM; MCU manda neutro
0,1,1,0,0,normal,1,0,0,0,0,0,0,0,0,0,0,0,PARADO,4,bus sin potencia (K1/F1/S1); VESC en kill (ADC2); VESC en timeout PPM; MCU manda neutro
0,1,1,0,0,normal,1,0,1,0,0,0,0,0,0,0,0,0,PARADO,4,bus sin potencia (K1/F1/S1); VESC en kill (ADC2); VESC en timeout PPM; MCU manda neutro
0,1,1,0,0,normal,1,1,0,0,0,0,0,0,0,0,0,0,PARADO,4,bus sin potencia (K1/F1/S1); VESC en kill (ADC2); VESC en timeout PPM; MCU manda neutro
0,1,1,0,0,normal,1,1,1,0,0,0,0,0,0,0,0,0,PARADO,4,bus sin potencia (K1/F1/S1); VESC en kill (ADC2); VESC en timeout PPM; MCU manda neutro
0,1,1,0,0,normal,0,0,0,0,0,0,0,0,0,0,0,1,PARADO,4,bus sin potencia (K1/F1/S1); VESC en kill (ADC2); VESC en timeout PPM; MCU manda neutro
0,1,1,0,0,normal,0,0,1,0,0,0,0,0,0,0,0,1,PARADO,4,bus sin potencia (K1/F1/S1); VESC en kill (ADC2); VESC en timeout PPM; MCU manda neutro
0,1,1,0,0,normal,0,1,0,0,0,0,0,0,0,0,0,1,PARADO,4,bus sin potencia (K1/F1/S1); VESC en kill (ADC2); VESC en timeout PPM; MCU manda neutro
0,1,1,0,0,normal,0,1,1,0,0,0,0,0,0,0,0,1,PARADO,4,bus sin potencia (K1/F1/S1); VESC en kill (ADC2); VESC en timeout PPM; MCU manda neutro
0,1,1,0,0,soldado,1,0,0,0,0,1,0,0,0,0,0,0,PARADO,4,bus sin potencia (K1/F1/S1); VESC en kill (ADC2); VESC en timeout PPM; MCU manda neutro
0,1,1,0,0,soldado,1,0,1,0,0,1,0,0,0,0,0,0,PARADO,4,bus sin potencia (K1/F1/S1); VESC en kill (ADC2); VESC en timeout PPM; MCU manda neutro
0,1,1,0,0,soldado,1,1,0,0,0,1,0,0,0,0,0,0,PARADO,4,bus sin potencia (K1/F1/S1); VESC en kill (ADC2); VESC en timeout PPM; MCU manda neutro
0,1,1,0,0,soldado,1,1,1,0,0,1,0,0,0,0,0,0,PARADO,4,bus sin potencia (K1/F1/S1); VESC en kill (ADC2); VESC en timeout PPM; MCU manda neutro
0,1,1,0,0,soldado,0,0,0,0,0,1,0,0,0,0,0,1,PARADO,4,bus sin potencia (K1/F1/S1); VESC en kill (ADC2); VESC en timeout PPM; MCU manda neutro
0,1,1,0,0,soldado,0,0,1,0,0,1,0,0,0,0,0,1,PARADO,4,bus sin potencia (K1/F1/S1); VESC en kill (ADC2); VESC en timeout PPM; MCU manda neutro
0,1,1,0,0,soldado,0,1,0,0,0,1,0,0,0,0,0,1,PARADO,4,bus sin potencia (K1/F1/S1); VESC en kill (ADC2); VESC en timeout PPM; MCU manda neutro
0,1,1,0,0,soldado,0,1,1,0,0,1,0,0,0,0,0,1,PARADO,4,bus sin potencia (K1/F1/S1); VESC en kill (ADC2); VESC en timeout PPM; MCU manda neutro
0,1,1,0,0,bobina_abierta,1,0,0,0,0,0,0,0,0,0,0,0,PARADO,4,bus sin potencia (K1/F1/S1); VESC en kill (ADC2); VESC en timeout PPM; MCU manda neutro
0,1,1,0,0,bobina_abierta,1,0,1,0,0,0,0,0,0,0,0,0,PARADO,4,bus sin potencia (K1/F1/S1); VESC en kill (ADC2); VESC en timeout PPM; MCU manda neutro
0,1,1,0,0,bobina_abierta,1,1,0,0,0,0,0,0,0,0,0,0,PARADO,4,bus sin potencia (K1/F1/S1); VESC en kill (ADC2); VESC en timeout PPM; MCU manda neutro
0,1,1,0,0,bobina_abierta,1,1,1,0,0,0,0,0,0,0,0,0,PARADO,4,bus sin potencia (K1/F1/S1); VESC en kill (ADC2); VESC en timeout PPM; MCU manda neutro
0,1,1,0,0,bobina_abierta,0,0,0,0,0,0,0,0,0,0,0,1,PARADO,4,bus sin potencia (K1/F1/S1); VESC en kill (ADC2); VESC en timeout PPM; MCU manda neutro
0,1,1,0,0,bobina_abierta,0,0,1,0,0,0,0,0,0,0,0,1,PARADO,4,bus sin potencia (K1/F1/S1); VESC en kill (ADC2); VESC en timeout PPM; MCU manda neutro
0,1,1,0,0,bobina_abierta,0,1,0,0,0,0,0,0,0,0,0,1,PARADO,4,bus sin potencia (K1/F1/S1); VESC en kill (ADC2); VESC en timeout PPM; MCU manda neutro
0,1,1,0,0,bobina_abierta,0,1,1,0,0,0,0,0,0,0,0,1,PARADO,4,bus sin potencia (K1/F1/S1); VESC en kill (ADC2); VESC en timeout PPM; MCU manda neutro
0,1,0,1,1,normal,1,0,0,0,0,0,0,0,0,0,0,0,PARADO,4,bus sin potencia (K1/F1/S1); VESC en kill (ADC2); VESC en timeout PPM; MCU manda neutro
0,1,0,1,1,normal,1,0,1,0,0,0,0,0,0,0,0,0,PARADO,4,bus sin potencia (K1/F1/S1); VESC en kill (ADC2); VESC en timeout PPM; MCU manda neutro
0,1,0,1,1,normal,1,1,0,0,0,0,0,0,0,0,0,0,PARADO,4,bus sin potencia (K1/F1/S1); VESC en kill (ADC2); VESC en timeout PPM; MCU manda neutro
0,1,0,1,1,normal,1,1,1,0,0,0,0,0,0,0,0,0,PARADO,4,bus sin potencia (K1/F1/S1); VESC en kill (ADC2); VESC en timeout PPM; MCU manda neutro
0,1,0,1,1,normal,0,0,0,0,0,0,0,0,0,0,0,1,PARADO,4,bus sin potencia (K1/F1/S1); VESC en kill (ADC2); VESC en timeout PPM; MCU manda neutro
0,1,0,1,1,normal,0,0,1,0,0,0,0,0,0,0,0,1,PARADO,4,bus sin potencia (K1/F1/S1); VESC en kill (ADC2); VESC en timeout PPM; MCU manda neutro
0,1,0,1,1,normal,0,1,0,0,0,0,0,0,0,0,0,1,PARADO,4,bus sin potencia (K1/F1/S1); VESC en kill (ADC2); VESC en timeout PPM; MCU manda neutro
0,1,0,1,1,normal,0,1,1,0,0,0,0,0,0,0,0,1,PARADO,4,bus sin potencia (K1/F1/S1); VESC en kill (ADC2); VESC en timeout PPM; MCU manda neutro
0,1,0,1,1,soldado,1,0,0,0,0,1,0,0,0,0,0,0,PARADO,4,bus sin potencia (K1/F1/S1); VESC en kill (ADC2); VESC en timeout PPM; MCU manda neutro
0,1,0,1,1,soldado,1,0,1,0,0,1,0,0,0,0,0,0,PARADO,4,bus sin potencia (K1/F1/S1); VESC en kill (ADC2); VESC en timeout PPM; MCU manda neutro
0,1,0,1,1,soldado,1,1,0,0,0,1,0,0,0,0,0,0,PARADO,4,bus sin potencia (K1/F1/S1); VESC en kill (ADC2); VESC en timeout PPM; MCU manda neutro
0,1,0,1,1,soldado,1,1,1,0,0,1,0,0,0,0,0,0,PARADO,4,bus sin potencia (K1/F1/S1); VESC en kill (ADC2); VESC en timeout PPM; MCU manda neutro
0,1,0,1,1,soldado,0,0,0,0,0,1,0,0,0,0,0,1,PARADO,4,bus sin potencia (K1/F1/S1); VESC en kill (ADC2); VESC en timeout PPM; MCU manda neutro
0,1,0,1,1,soldado,0,0,1,0,0,1,0,0,0,0,0,1,PARADO,4,bus sin potencia (K1/F1/S1); VESC en kill (ADC2); VESC en timeout PPM; MCU manda neutro
0,1,0,1,1,soldado,0,1,0,0,0,1,0,0,0,0,0,1,PARADO,4,bus sin potencia (K1/F1/S1); VESC en kill (ADC2); VESC en timeout PPM; MCU manda neutro
0,1,0,1,1,soldado,0,1,1,0,0,1,0,0,0,0,0,1,PARADO,4,bus sin potencia (K1/F1/S1); VESC en kill (ADC2); VESC en timeout PPM; MCU manda neutro
0,1,0,1,1,bobina_abierta,1,0,0,0,0,0,0,0,0,0,0,0,PARADO,4,bus sin potencia (K1/F1/S1); VESC en kill (ADC2); VESC en timeout PPM; MCU manda neutro
0,1,0,1,1,bobina_abierta,1,0,1,0,0,0,0,0,0,0,0,0,PARADO,4,bus sin potencia (K1/F1/S1); VESC en kill (ADC2); VESC en timeout PPM; MCU manda neutro
0,1,0,1,1,bobina_abierta,1,1,0,0,0,0,0,0,0,0,0,0,PARADO,4,bus sin potencia (K1/F1/S1); VESC en kill (ADC2); VESC en timeout PPM; MCU manda neutro
0,1,0,1,1,bobina_abierta,1,1,1,0,0,0,0,0,0,0,0,0,PARADO,4,bus sin potencia (K1/F1/S1); VESC en kill (ADC2); VESC en timeout PPM; MCU manda neutro
0,1,0,1,1,bobina_abierta,0,0,0,0,0,0,0,0,0,0,0,1,PARADO,4,bus sin potencia (K1/F1/S1); VESC en kill (ADC2); VESC en timeout PPM; MCU manda neutro
0,1,0,1,1,bobina_abierta,0,0,1,0,0,0,0,0,0,0,0,1,PARADO,4,bus sin potencia (K1/F1/S1); VESC en kill (ADC2); VESC en timeout PPM; MCU manda neutro
0,1,0,1,1,bobina_abierta,0,1,0,0,0,0,0,0,0,0,0,1,PARADO,4,bus sin potencia (K1/F1/S1); VESC en kill (ADC2); VESC en timeout PPM; MCU manda neutro
0,1,0,1,1,bobina_abierta,0,1,1,0,0,0,0,0,0,0,0,1,PARADO,4,bus sin potencia (K1/F1/S1); VESC en kill (ADC2); VESC en timeout PPM; MCU manda neutro
0,1,0,1,0,normal,1,0,0,0,0,0,0,0,0,0,0,0,PARADO,4,bus sin potencia (K1/F1/S1); VESC en kill (ADC2); VESC en timeout PPM; MCU manda neutro
0,1,0,1,0,normal,1,0,1,0,0,0,0,0,0,0,0,0,PARADO,4,bus sin potencia (K1/F1/S1); VESC en kill (ADC2); VESC en timeout PPM; MCU manda neutro
0,1,0,1,0,normal,1,1,0,0,0,0,0,0,0,0,0,0,PARADO,4,bus sin potencia (K1/F1/S1); VESC en kill (ADC2); VESC en timeout PPM; MCU manda neutro
0,1,0,1,0,normal,1,1,1,0,0,0,0,0,0,0,0,0,PARADO,4,bus sin potencia (K1/F1/S1); VESC en kill (ADC2); VESC en timeout PPM; MCU manda neutro
0,1,0,1,0,normal,0,0,0,0,0,0,0,0,0,0,0,1,PARADO,4,bus sin potencia (K1/F1/S1); VESC en kill (ADC2); VESC en timeout PPM; MCU manda neutro
0,1,0,1,0,normal,0,0,1,0,0,0,0,0,0,0,0,1,PARADO,4,bus sin potencia (K1/F1/S1); VESC en kill (ADC2); VESC en timeout PPM; MCU manda neutro
0,1,0,1,0,normal,0,1,0,0,0,0,0,0,0,0,0,1,PARADO,4,bus sin potencia (K1/F1/S1); VESC en kill (ADC2); VESC en timeout PPM; MCU manda neutro
0,1,0,1,0,normal,0,1,1,0,0,0,0,0,0,0,0,1,PARADO,4,bus sin potencia (K1/F1/S1); VESC en kill (ADC2); VESC en timeout PPM; MCU manda neutro
0,1,0,1,0,soldado,1,0,0,0,0,1,0,0,0,0,0,0,PARADO,4,bus sin potencia (K1/F1/S1); VESC en kill (ADC2); VESC en timeout PPM; MCU manda neutro
0,1,0,1,0,soldado,1,0,1,0,0,1,0,0,0,0,0,0,PARADO,4,bus sin potencia (K1/F1/S1); VESC en kill (ADC2); VESC en timeout PPM; MCU manda neutro
0,1,0,1,0,soldado,1,1,0,0,0,1,0,0,0,0,0,0,PARADO,4,bus sin potencia (K1/F1/S1); VESC en kill (ADC2); VESC en timeout PPM; MCU manda neutro
0,1,0,1,0,soldado,1,1,1,0,0,1,0,0,0,0,0,0,PARADO,4,bus sin potencia (K1/F1/S1); VESC en kill (ADC2); VESC en timeout PPM; MCU manda neutro
0,1,0,1,0,soldado,0,0,0,0,0,1,0,0,0,0,0,1,PARADO,4,bus sin potencia (K1/F1/S1); VESC en kill (ADC2); VESC en timeout PPM; MCU manda neutro
0,1,0,1,0,soldado,0,0,1,0,0,1,0,0,0,0,0,1,PARADO,4,bus sin potencia (K1/F1/S1); VESC en kill (ADC2); VESC en timeout PPM; MCU manda neutro
0,1,0,1,0,soldado,0,1,0,0,0,1,0,0,0,0,0,1,PARADO,4,bus sin potencia (K1/F1/S1); VESC en kill (ADC2); VESC en timeout PPM; MCU manda neutro
0,1,0,1,0,soldado,0,1,1,0,0,1,0,0,0,0,0,1,PARADO,4,bus sin potencia (K1/F1/S1); VESC en kill (ADC2); VESC en timeout PPM; MCU manda neutro
0,1,0,1,0,bobina_abierta,1,0,0,0,0,0,0,0,0,0,0,0,PARADO,4,bus sin potencia (K1/F1/S1); VESC en kill (ADC2); VESC en timeout PPM; MCU manda neutro
0,1,0,1,0,bobina_abierta,1,0,1,0,0,0,0,0,0,0,0,0,PARADO,4,bus sin potencia (K1/F1/S1); VESC en kill (ADC2); VESC en timeout PPM; MCU manda neutro
0,1,0,1,0,bobina_abierta,1,1,0,0,0,0,0,0,0,0,0,0,PARADO,4,bus sin potencia (K1/F1/S1); VESC en kill (ADC2); VESC en timeout PPM; MCU manda neutro
0,1,0,1,0,bobina_abierta,1,1,1,0,0,0,0,0,0,0,0,0,PARADO,4,bus sin potencia (K1/F1/S1); VESC en kill (ADC2); VESC en timeout PPM; MCU manda neutro
0,1,0,1,0,bobina_abierta,0,0,0,0,0,0,0,0,0,0,0,1,PARADO,4,bus sin potencia (K1/F1/S1); VESC en kill (ADC2); VESC en timeout PPM; MCU manda neutro
0,1,0,1,0,bobina_abierta,0,0,1,0,0,0,0,0,0,0,0,1,PARADO,4,bus sin potencia (K1/F1/S1); VESC en kill (ADC2); VESC en timeout PPM; MCU manda neutro
0,1,0,1,0,bobina_abierta,0,1,0,0,0,0,0,0,0,0,0,1,PARADO,4,bus sin potencia (K1/F1/S1); VESC en kill (ADC2); VESC en timeout PPM; MCU manda neutro
0,1,0,1,0,bobina_abierta,0,1,1,0,0,0,0,0,0,0,0,1,PARADO,4,bus sin potencia (K1/F1/S1); VESC en kill (ADC2); VESC en timeout PPM; MCU manda neutro
0,1,0,0,1,normal,1,0,0,0,0,0,0,0,0,0,0,0,PARADO,4,bus sin potencia (K1/F1/S1); VESC en kill (ADC2); VESC en timeout PPM; MCU manda neutro
0,1,0,0,1,normal,1,0,1,0,0,0,0,0,0,0,0,0,PARADO,4,bus sin potencia (K1/F1/S1); VESC en kill (ADC2); VESC en timeout PPM; MCU manda neutro
0,1,0,0,1,normal,1,1,0,0,0,0,0,0,0,0,0,0,PARADO,4,bus sin potencia (K1/F1/S1); VESC en kill (ADC2); VESC en timeout PPM; MCU manda neutro
0,1,0,0,1,normal,1,1,1,0,0,0,0,0,0,0,0,0,PARADO,4,bus sin potencia (K1/F1/S1); VESC en kill (ADC2); VESC en timeout PPM; MCU manda neutro
0,1,0,0,1,normal,0,0,0,0,0,0,0,0,0,0,0,1,PARADO,4,bus sin potencia (K1/F1/S1); VESC en kill (ADC2); VESC en timeout PPM; MCU manda neutro
0,1,0,0,1,normal,0,0,1,0,0,0,0,0,0,0,0,1,PARADO,4,bus sin potencia (K1/F1/S1); VESC en kill (ADC2); VESC en timeout PPM; MCU manda neutro
0,1,0,0,1,normal,0,1,0,0,0,0,0,0,0,0,0,1,PARADO,4,bus sin potencia (K1/F1/S1); VESC en kill (ADC2); VESC en timeout PPM; MCU manda neutro
0,1,0,0,1,normal,0,1,1,0,0,0,0,0,0,0,0,1,PARADO,4,bus sin potencia (K1/F1/S1); VESC en kill (ADC2); VESC en timeout PPM; MCU manda neutro
0,1,0,0,1,soldado,1,0,0,0,0,1,0,0,0,0,0,0,PARADO,4,bus sin potencia (K1/F1/S1); VESC en kill (ADC2); VESC en timeout PPM; MCU manda neutro
0,1,0,0,1,soldado,1,0,1,0,0,1,0,0,0,0,0,0,PARADO,4,bus sin potencia (K1/F1/S1); VESC en kill (ADC2); VESC en timeout PPM; MCU manda neutro
0,1,0,0,1,soldado,1,1,0,0,0,1,0,0,0,0,0,0,PARADO,4,bus sin potencia (K1/F1/S1); VESC en kill (ADC2); VESC en timeout PPM; MCU manda neutro
0,1,0,0,1,soldado,1,1,1,0,0,1,0,0,0,0,0,0,PARADO,4,bus sin potencia (K1/F1/S1); VESC en kill (ADC2); VESC en timeout PPM; MCU manda neutro
0,1,0,0,1,soldado,0,0,0,0,0,1,0,0,0,0,0,1,PARADO,4,bus sin potencia (K1/F1/S1); VESC en kill (ADC2); VESC en timeout PPM; MCU manda neutro
0,1,0,0,1,soldado,0,0,1,0,0,1,0,0,0,0,0,1,PARADO,4,bus sin potencia (K1/F1/S1); VESC en kill (ADC2); VESC en timeout PPM; MCU manda neutro
0,1,0,0,1,soldado,0,1,0,0,0,1,0,0,0,0,0,1,PARADO,4,bus sin potencia (K1/F1/S1); VESC en kill (ADC2); VESC en timeout PPM; MCU manda neutro
0,1,0,0,1,soldado,0,1,1,0,0,1,0,0,0,0,0,1,PARADO,4,bus sin potencia (K1/F1/S1); VESC en kill (ADC2); VESC en timeout PPM; MCU manda neutro
0,1,0,0,1,bobina_abierta,1,0,0,0,0,0,0,0,0,0,0,0,PARADO,4,bus sin potencia (K1/F1/S1); VESC en kill (ADC2); VESC en timeout PPM; MCU manda neutro
0,1,0,0,1,bobina_abierta,1,0,1,0,0,0,0,0,0,0,0,0,PARADO,4,bus sin potencia (K1/F1/S1); VESC en kill (ADC2); VESC en timeout PPM; MCU manda neutro
0,1,0,0,1,bobina_abierta,1,1,0,0,0,0,0,0,0,0,0,0,PARADO,4,bus sin potencia (K1/F1/S1); VESC en kill (ADC2); VESC en timeout PPM; MCU manda neutro
0,1,0,0,1,bobina_abierta,1,1,1,0,0,0,0,0,0,0,0,0,PARADO,4,bus sin potencia (K1/F1/S1); VESC en kill (ADC2); VESC en timeout PPM; MCU manda neutro
0,1,0,0,1,bobina_abierta,0,0,0,0,0,0,0,0,0,0,0,1,PARADO,4,bus sin potencia (K1/F1/S1); VESC en kill (ADC2); VESC en timeout PPM; MCU manda neutro
0,1,0,0,1,bobina_abierta,0,0,1,0,0,0,0,0,0,0,0,1,PARADO,4,bus sin potencia (K1/F1/S1); VESC en kill (ADC2); VESC en timeout PPM; MCU manda neutro
0,1,0,0,1,bobina_abierta,0,1,0,0,0,0,0,0,0,0,0,1,PARADO,4,bus sin potencia (K1/F1/S1); VESC en kill (ADC2); VESC en timeout PPM; MCU manda neutro
0,1,0,0,1,bobina_abierta,0,1,1,0,0,0,0,0,0,0,0,1,PARADO,4,bus sin potencia (K1/F1/S1); VESC en kill (ADC2); VESC en timeout PPM; MCU manda neutro
0,1,0,0,0,normal,1,0,0,0,0,0,0,0,0,0,0,0,PARADO,4,bus sin potencia (K1/F1/S1); VESC en kill (ADC2); VESC en timeout PPM; MCU manda neutro
0,1,0,0,0,normal,1,0,1,0,0,0,0,0,0,0,0,0,PARADO,4,bus sin potencia (K1/F1/S1); VESC en kill (ADC2); VESC en timeout PPM; MCU manda neutro
0,1,0,0,0,normal,1,1,0,0,0,0,0,0,0,0,0,0,PARADO,4,bus sin potencia (K1/F1/S1); VESC en kill (ADC2); VESC en timeout PPM; MCU manda neutro
0,1,0,0,0,normal,1,1,1,0,0,0,0,0,0,0,0,0,PARADO,4,bus sin potencia (K1/F1/S1); VESC en kill (ADC2); VESC en timeout PPM; MCU manda neutro
0,1,0,0,0,normal,0,0,0,0,0,0,0,0,0,0,0,1,PARADO,4,bus sin potencia (K1/F1/S1); VESC en kill (ADC2); VESC en timeout PPM; MCU manda neutro
0,1,0,0,0,normal,0,0,1,0,0,0,0,0,0,0,0,1,PARADO,4,bus sin potencia (K1/F1/S1); VESC en kill (ADC2); VESC en timeout PPM; MCU manda neutro
0,1,0,0,0,normal,0,1,0,0,0,0,0,0,0,0,0,1,PARADO,4,bus sin potencia (K1/F1/S1); VESC en kill (ADC2); VESC en timeout PPM; MCU manda neutro
0,1,0,0,0,normal,0,1,1,0,0,0,0,0,0,0,0,1,PARADO,4,bus sin potencia (K1/F1/S1); VESC en kill (ADC2); VESC en timeout PPM; MCU manda neutro
0,1,0,0,0,soldado,1,0,0,0,0,1,0,0,0,0,0,0,PARADO,4,bus sin potencia (K1/F1/S1); VESC en kill (ADC2); VESC en timeout PPM; MCU manda neutro
0,1,0,0,0,soldado,1,0,1,0,0,1,0,0,0,0,0,0,PARADO,4,bus sin potencia (K1/F1/S1); VESC en kill (ADC2); VESC en timeout PPM; MCU manda neutro
0,1,0,0,0,soldado,1,1,0,0,0,1,0,0,0,0,0,0,PARADO,4,bus sin potencia (K1/F1/S1); VESC en kill (ADC2); VESC en timeout PPM; MCU manda neutro
0,1,0,0,0,soldado,1,1,1,0,0,1,0,0,0,0,0,0,PARADO,4,bus sin potencia (K1/F1/S1); VESC en kill (ADC2); VESC en timeout PPM; MCU manda neutro
0,1,0,0,0,soldado,0,0,0,0,0,1,0,0,0,0,0,1,PARADO,4,bus sin potencia (K1/F1/S1); VESC en kill (ADC2); VESC en timeout PPM; MCU manda neutro
0,1,0,0,0,soldado,0,0,1,0,0,1,0,0,0,0,0,1,PARADO,4,bus sin potencia (K1/F1/S1); VESC en kill (ADC2); VESC en timeout PPM; MCU manda neutro
0,1,0,0,0,soldado,0,1,0,0,0,1,0,0,0,0,0,1,PARADO,4,bus sin potencia (K1/F1/S1); VESC en kill (ADC2); VESC en timeout PPM; MCU manda neutro
0,1,0,0,0,soldado,0,1,1,0,0,1,0,0,0,0,0,1,PARADO,4,bus sin potencia (K1/F1/S1); VESC en kill (ADC2); VESC en timeout PPM; MCU manda neutro
0,1,0,0,0,bobina_abierta,1,0,0,0,0,0,0,0,0,0,0,0,PARADO,4,bus sin potencia (K1/F1/S1); VESC en kill (ADC2); VESC en timeout PPM; MCU manda neutro
0,1,0,0,0,bobina_abierta,1,0,1,0,0,0,0,0,0,0,0,0,PARADO,4,bus sin potencia (K1/F1/S1); VESC en kill (ADC2); VESC en timeout PPM; MCU manda neutro
0,1,0,0,0,bobina_abierta,1,1,0,0,0,0,0,0,0,0,0,0,PARADO,4,bus sin potencia (K1/F1/S1); VESC en kill (ADC2); VESC en timeout PPM; MCU manda neutro
0,1,0,0,0,bobina_abierta,1,1,1,0,0,0,0,0,0,0,0,0,PARADO,4,bus sin potencia (K1/F1/S1); VESC en kill (ADC2); VESC en timeout PPM; MCU manda neutro
0,1,0,0,0,bobina_abierta,0,0,0,0,0,0,0,0,0,0,0,1,PARADO,4,bus sin potencia (K1/F1/S1); VESC en kill (ADC2); VESC en timeout PPM; MCU manda neutro
0,1,0,0,0,bobina_abierta,0,0,1,0,0,0,0,0,0,0,0,1,PARADO,4,bus sin potencia (K1/F1/S1); VESC en kill (ADC2); VESC en timeout PPM; MCU manda neutro
0,1,0,0,0,bobina_abierta,0,1,0,0,0,0,0,0,0,0,0,1,PARADO,4,bus sin potencia (K1/F1/S1); VESC en kill (ADC2); VESC en timeout PPM; MCU manda neutro
0,1,0,0,0,bobina_abierta,0,1,1,0,0,0,0,0,0,0,0,1,PARADO,4,bus sin potencia (K1/F1/S1); VESC en kill (ADC2); VESC en timeout PPM; MCU manda neutro
0,0,1,1,1,normal,1,0,0,0,0,0,0,1,0,1,1,0,PARADO,2,bus sin potencia (K1/F1/S1); VESC en kill (ADC2)
0,0,1,1,1,normal,1,0,1,0,0,0,0,1,0,1,0,0,PARADO,3,bus sin potencia (K1/F1/S1); VESC en kill (ADC2); MCU manda neutro
0,0,1,1,1,normal,1,1,0,0,0,0,0,1,0,0,1,0,PARADO,3,bus sin potencia (K1/F1/S1); VESC en kill (ADC2); VESC en timeout PPM
0,0,1,1,1,normal,1,1,1,0,0,0,0,1,0,0,0,0,PARADO,4,bus sin potencia (K1/F1/S1); VESC en kill (ADC2); VESC en timeout PPM; MCU manda neutro
0,0,1,1,1,normal,0,0,0,0,0,0,0,1,0,1,0,1,PARADO,3,bus sin potencia (K1/F1/S1); VESC en kill (ADC2); MCU manda neutro
0,0,1,1,1,normal,0,0,1,0,0,0,0,1,0,1,0,1,PARADO,3,bus sin potencia (K1/F1/S1); VESC en kill (ADC2); MCU manda neutro
0,0,1,1,1,normal,0,1,0,0,0,0,0,1,0,0,0,1,PARADO,4,bus sin potencia (K1/F1/S1); VESC en kill (ADC2); VESC en timeout PPM; MCU manda neutro
0,0,1,1,1,normal,0,1,1,0,0,0,0,1,0,0,0,1,PARADO,4,bus sin potencia (K1/F1/S1); VESC en kill (ADC2); VESC en timeout PPM; MCU manda neutro
0,0,1,1,1,soldado,1,0,0,0,0,1,1,0,0,1,1,0,PARADO,1,VESC en kill (ADC2)
0,0,1,1,1,soldado,1,0,1,0,0,1,1,0,0,1,0,0,PARADO,2,VESC en kill (ADC2); MCU manda neutro
0,0,1,1,1,soldado,1,1,0,0,0,1,1,0,0,0,1,0,PARADO,2,VESC en kill (ADC2); VESC en timeout PPM
0,0,1,1,1,soldado,1,1,1,0,0,1,1,0,0,0,0,0,PARADO,3,VESC en kill (ADC2); VESC en timeout PPM; MCU manda neutro
0,0,1,1,1,soldado,0,0,0,0,0,1,1,0,0,1,0,1,PARADO,2,VESC en kill (ADC2); MCU manda neutro
0,0,1,1,1,soldado,0,0,1,0,0,1,1,0,0,1,0,1,PARADO,2,VESC en kill (ADC2); MCU manda neutro
0,0,1,1,1,soldado,0,1,0,0,0,1,1,0,0,0,0,1,PARADO,3,VESC en kill (ADC2); VESC en timeout PPM; MCU manda neutro
0,0,1,1,1,soldado,0,1,1,0,0,1,1,0,0,0,0,1,PARADO,3,VESC en kill (ADC2); VESC en timeout PPM; MCU manda neutro
0,0,1,1,1,bobina_abierta,1,0,0,0,0,0,0,1,0,1,1,0,PARADO,2,bus sin potencia (K1/F1/S1); VESC en kill (ADC2)
0,0,1,1,1,bobina_abierta,1,0,1,0,0,0,0,1,0,1,0,0,PARADO,3,bus sin potencia (K1/F1/S1); VESC en kill (ADC2); MCU manda neutro
0,0,1,1,1,bobina_abierta,1,1,0,0,0,0,0,1,0,0,1,0,PARADO,3,bus sin potencia (K1/F1/S1); VESC en kill (ADC2); VESC en timeout PPM
0,0,1,1,1,bobina_abierta,1,1,1,0,0,0,0,1,0,0,0,0,PARADO,4,bus sin potencia (K1/F1/S1); VESC en kill (ADC2); VESC en timeout PPM; MCU manda neutro
0,0,1,1,1,bobina_abierta,0,0,0,0,0,0,0,1,0,1,0,1,PARADO,3,bus sin potencia (K1/F1/S1); VESC en kill (ADC2); MCU manda neutro
0,0,1,1,1,bobina_abierta,0,0,1,0,0,0,0,1,0,1,0,1,PARADO,3,bus sin potencia (K1/F1/S1); VESC en kill (ADC2); MCU manda neutro
0,0,1,1,1,bobina_abierta,0,1,0,0,0,0,0,1,0,0,0,1,PARADO,4,bus sin potencia (K1/F1/S1); VESC en kill (ADC2); VESC en timeout PPM; MCU manda neutro
0,0,1,1,1,bobina_abierta,0,1,1,0,0,0,0,1,0,0,0,1,PARADO,4,bus sin potencia (K1/F1/S1); VESC en kill (ADC2); VESC en timeout PPM; MCU manda neutro
0,0,1,1,0,normal,1,0,0,0,0,0,0,1,0,1,1,0,PARADO,2,bus sin potencia (K1/F1/S1); VESC en kill (ADC2)
0,0,1,1,0,normal,1,0,1,0,0,0,0,1,0,1,0,0,PARADO,3,bus sin potencia (K1/F1/S1); VESC en kill (ADC2); MCU manda neutro
0,0,1,1,0,normal,1,1,0,0,0,0,0,1,0,0,1,0,PARADO,3,bus sin potencia (K1/F1/S1); VESC en kill (ADC2); VESC en timeout PPM
0,0,1,1,0,normal,1,1,1,0,0,0,0,1,0,0,0,0,PARADO,4,bus sin potencia (K1/F1/S1); VESC en kill (ADC2); VESC en timeout PPM; MCU manda neutro
0,0,1,1,0,normal,0,0,0,0,0,0,0,1,0,1,0,1,PARADO,3,bus sin potencia (K1/F1/S1); VESC en kill (ADC2); MCU manda neutro
0,0,1,1,0,normal,0,0,1,0,0,0,0,1,0,1,0,1,PARADO,3,bus sin potencia (K1/F1/S1); VESC en kill (ADC2); MCU manda neutro
0,0,1,1,0,normal,0,1,0,0,0,0,0,1,0,0,0,1,PARADO,4,bus sin potencia (K1/F1/S1); VESC en kill (ADC2); VESC en timeout PPM; MCU manda neutro
0,0,1,1,0,normal,0,1,1,0,0,0,0,1,0,0,0,1,PARADO,4,bus sin potencia (K1/F1/S1); VESC en kill (ADC2); VESC en timeout PPM; MCU manda neutro
0,0,1,1,0,soldado,1,0,0,0,0,1,1,0,0,1,1,0,PARADO,1,VESC en kill (ADC2)
0,0,1,1,0,soldado,1,0,1,0,0,1,1,0,0,1,0,0,PARADO,2,VESC en kill (ADC2); MCU manda neutro
0,0,1,1,0,soldado,1,1,0,0,0,1,1,0,0,0,1,0,PARADO,2,VESC en kill (ADC2); VESC en timeout PPM
0,0,1,1,0,soldado,1,1,1,0,0,1,1,0,0,0,0,0,PARADO,3,VESC en kill (ADC2); VESC en timeout PPM; MCU manda neutro
0,0,1,1,0,soldado,0,0,0,0,0,1,1,0,0,1,0,1,PARADO,2,VESC en kill (ADC2); MCU manda neutro
0,0,1,1,0,soldado,0,0,1,0,0,1,1,0,0,1,0,1,PARADO,2,VESC en kill (ADC2); MCU manda neutro
0,0,1,1,0,soldado,0,1,0,0,0,1,1,0,0,0,0,1,PARADO,3,VESC en kill (ADC2); VESC en timeout PPM; MCU manda neutro
0,0,1,1,0,soldado,0,1,1,0,0,1,1,0,0,0,0,1,PARADO,3,VESC en kill (ADC2); VESC en timeout PPM; MCU manda neutro
0,0,1,1,0,bobina_abierta,1,0,0,0,0,0,0,1,0,1,1,0,PARADO,2,bus sin potencia (K1/F1/S1); VESC en kill (ADC2)
0,0,1,1,0,bobina_abierta,1,0,1,0,0,0,0,1,0,1,0,0,PARADO,3,bus sin potencia (K1/F1/S1); VESC en kill (ADC2); MCU manda neutro
0,0,1,1,0,bobina_abierta,1,1,0,0,0,0,0,1,0,0,1,0,PARADO,3,bus sin potencia (K1/F1/S1); VESC en kill (ADC2); VESC en timeout PPM
0,0,1,1,0,bobina_abierta,1,1,1,0,0,0,0,1,0,0,0,0,PARADO,4,bus sin potencia (K1/F1/S1); VESC en kill (ADC2); VESC en timeout PPM; MCU manda neutro
0,0,1,1,0,bobina_abierta,0,0,0,0,0,0,0,1,0,1,0,1,PARADO,3,bus sin potencia (K1/F1/S1); VESC en kill (ADC2); MCU manda neutro
0,0,1,1,0,bobina_abierta,0,0,1,0,0,0,0,1,0,1,0,1,PARADO,3,bus sin potencia (K1/F1/S1); VESC en kill (ADC2); MCU manda neutro
0,0,1,1,0,bobina_abierta,0,1,0,0,0,0,0,1,0,0,0,1,PARADO,4,bus sin potencia (K1/F1/S1); VESC en kill (ADC2); VESC en timeout PPM; MCU manda neutro
0,0,1,1,0,bobina_abierta,0,1,1,0,0,0,0,1,0,0,0,1,PARADO,4,bus sin potencia (K1/F1/S1); VESC en kill (ADC2); VESC en timeout PPM; MCU manda neutro
0,0,1,0,1,normal,1,0,0,0,0,0,0,0,0,0,0,0,PARADO,4,bus sin potencia (K1/F1/S1); VESC en kill (ADC2); VESC en timeout PPM; MCU manda neutro
0,0,1,0,1,normal,1,0,1,0,0,0,0,0,0,0,0,0,PARADO,4,bus sin potencia (K1/F1/S1); VESC en kill (ADC2); VESC en timeout PPM; MCU manda neutro
0,0,1,0,1,normal,1,1,0,0,0,0,0,0,0,0,0,0,PARADO,4,bus sin potencia (K1/F1/S1); VESC en kill (ADC2); VESC en timeout PPM; MCU manda neutro
0,0,1,0,1,normal,1,1,1,0,0,0,0,0,0,0,0,0,PARADO,4,bus sin potencia (K1/F1/S1); VESC en kill (ADC2); VESC en timeout PPM; MCU manda neutro
0,0,1,0,1,normal,0,0,0,0,0,0,0,0,0,0,0,1,PARADO,4,bus sin potencia (K1/F1/S1); VESC en kill (ADC2); VESC en timeout PPM; MCU manda neutro
0,0,1,0,1,normal,0,0,1,0,0,0,0,0,0,0,0,1,PARADO,4,bus sin potencia (K1/F1/S1); VESC en kill (ADC2); VESC en timeout PPM; MCU manda neutro
0,0,1,0,1,normal,0,1,0,0,0,0,0,0,0,0,0,1,PARADO,4,bus sin potencia (K1/F1/S1); VESC en kill (ADC2); VESC en timeout PPM; MCU manda neutro
0,0,1,0,1,normal,0,1,1,0,0,0,0,0,0,0,0,1,PARADO,4,bus sin potencia (K1/F1/S1); VESC en kill (ADC2); VESC en timeout PPM; MCU manda neutro
0,0,1,0,1,soldado,1,0,0,0,0,1,0,0,0,0,0,0,PARADO,4,bus sin potencia (K1/F1/S1); VESC en kill (ADC2); VESC en timeout PPM; MCU manda neutro
0,0,1,0,1,soldado,1,0,1,0,0,1,0,0,0,0,0,0,PARADO,4,bus sin potencia (K1/F1/S1); VESC en kill (ADC2); VESC en timeout PPM; MCU manda neutro
0,0,1,0,1,soldado,1,1,0,0,0,1,0,0,0,0,0,0,PARADO,4,bus sin potencia (K1/F1/S1); VESC en kill (ADC2); VESC en timeout PPM; MCU manda neutro
0,0,1,0,1,soldado,1,1,1,0,0,1,0,0,0,0,0,0,PARADO,4,bus sin potencia (K1/F1/S1); VESC en kill (ADC2); VESC en timeout PPM; MCU manda neutro
0,0,1,0,1,soldado,0,0,0,0,0,1,0,0,0,0,0,1,PARADO,4,bus sin potencia (K1/F1/S1); VESC en kill (ADC2); VESC en timeout PPM; MCU manda neutro
0,0,1,0,1,soldado,0,0,1,0,0,1,0,0,0,0,0,1,PARADO,4,bus sin potencia (K1/F1/S1); VESC en kill (ADC2); VESC en timeout PPM; MCU manda neutro
0,0,1,0,1,soldado,0,1,0,0,0,1,0,0,0,0,0,1,PARADO,4,bus sin potencia (K1/F1/S1); VESC en kill (ADC2); VESC en timeout PPM; MCU manda neutro
0,0,1,0,1,soldado,0,1,1,0,0,1,0,0,0,0,0,1,PARADO,4,bus sin potencia (K1/F1/S1); VESC en kill (ADC2); VESC en timeout PPM; MCU manda neutro
0,0,1,0,1,bobina_abierta,1,0,0,0,0,0,0,0,0,0,0,0,PARADO,4,bus sin potencia (K1/F1/S1); VESC en kill (ADC2); VESC en timeout PPM; MCU manda neutro
0,0,1,0,1,bobina_abierta,1,0,1,0,0,0,0,0,0,0,0,0,PARADO,4,bus sin potencia (K1/F1/S1); VESC en kill (ADC2); VESC en timeout PPM; MCU manda neutro
0,0,1,0,1,bobina_abierta,1,1,0,0,0,0,0,0,0,0,0,0,PARADO,4,bus sin potencia (K1/F1/S1); VESC en kill (ADC2); VESC en timeout PPM; MCU manda neutro
0,0,1,0,1,bobina_abierta,1,1,1,0,0,0,0,0,0,0,0,0,PARADO,4,bus sin potencia (K1/F1/S1); VESC en kill (ADC2); VESC en timeout PPM; MCU manda neutro
0,0,1,0,1,bobina_abierta,0,0,0,0,0,0,0,0,0,0,0,1,PARADO,4,bus sin potencia (K1/F1/S1); VESC en kill (ADC2); VESC en timeout PPM; MCU manda neutro
0,0,1,0,1,bobina_abierta,0,0,1,0,0,0,0,0,0,0,0,1,PARADO,4,bus sin potencia (K1/F1/S1); VESC en kill (ADC2); VESC en timeout PPM; MCU manda neutro
0,0,1,0,1,bobina_abierta,0,1,0,0,0,0,0,0,0,0,0,1,PARADO,4,bus sin potencia (K1/F1/S1); VESC en kill (ADC2); VESC en timeout PPM; MCU manda neutro
0,0,1,0,1,bobina_abierta,0,1,1,0,0,0,0,0,0,0,0,1,PARADO,4,bus sin potencia (K1/F1/S1); VESC en kill (ADC2); VESC en timeout PPM; MCU manda neutro
0,0,1,0,0,normal,1,0,0,0,0,0,0,0,0,0,0,0,PARADO,4,bus sin potencia (K1/F1/S1); VESC en kill (ADC2); VESC en timeout PPM; MCU manda neutro
0,0,1,0,0,normal,1,0,1,0,0,0,0,0,0,0,0,0,PARADO,4,bus sin potencia (K1/F1/S1); VESC en kill (ADC2); VESC en timeout PPM; MCU manda neutro
0,0,1,0,0,normal,1,1,0,0,0,0,0,0,0,0,0,0,PARADO,4,bus sin potencia (K1/F1/S1); VESC en kill (ADC2); VESC en timeout PPM; MCU manda neutro
0,0,1,0,0,normal,1,1,1,0,0,0,0,0,0,0,0,0,PARADO,4,bus sin potencia (K1/F1/S1); VESC en kill (ADC2); VESC en timeout PPM; MCU manda neutro
0,0,1,0,0,normal,0,0,0,0,0,0,0,0,0,0,0,1,PARADO,4,bus sin potencia (K1/F1/S1); VESC en kill (ADC2); VESC en timeout PPM; MCU manda neutro
0,0,1,0,0,normal,0,0,1,0,0,0,0,0,0,0,0,1,PARADO,4,bus sin potencia (K1/F1/S1); VESC en kill (ADC2); VESC en timeout PPM; MCU manda neutro
0,0,1,0,0,normal,0,1,0,0,0,0,0,0,0,0,0,1,PARADO,4,bus sin potencia (K1/F1/S1); VESC en kill (ADC2); VESC en timeout PPM; MCU manda neutro
0,0,1,0,0,normal,0,1,1,0,0,0,0,0,0,0,0,1,PARADO,4,bus sin potencia (K1/F1/S1); VESC en kill (ADC2); VESC en timeout PPM; MCU manda neutro
0,0,1,0,0,soldado,1,0,0,0,0,1,0,0,0,0,0,0,PARADO,4,bus sin potencia (K1/F1/S1); VESC en kill (ADC2); VESC en timeout PPM; MCU manda neutro
0,0,1,0,0,soldado,1,0,1,0,0,1,0,0,0,0,0,0,PARADO,4,bus sin potencia (K1/F1/S1); VESC en kill (ADC2); VESC en timeout PPM; MCU manda neutro
0,0,1,0,0,soldado,1,1,0,0,0,1,0,0,0,0,0,0,PARADO,4,bus sin potencia (K1/F1/S1); VESC en kill (ADC2); VESC en timeout PPM; MCU manda neutro
0,0,1,0,0,soldado,1,1,1,0,0,1,0,0,0,0,0,0,PARADO,4,bus sin potencia (K1/F1/S1); VESC en kill (ADC2); VESC en timeout PPM; MCU manda neutro
0,0,1,0,0,soldado,0,0,0,0,0,1,0,0,0,0,0,1,PARADO,4,bus sin potencia (K1/F1/S1); VESC en kill (ADC2); VESC en timeout PPM; MCU manda neutro
0,0,1,0,0,soldado,0,0,1,0,0,1,0,0,0,0,0,1,PARADO,4,bus sin potencia (K1/F1/S1); VESC en kill (ADC2); VESC en timeout PPM; MCU manda neutro
0,0,1,0,0,soldado,0,1,0,0,0,1,0,0,0,0,0,1,PARADO,4,bus sin potencia (K1/F1/S1); VESC en kill (ADC2); VESC en timeout PPM; MCU manda neutro
0,0,1,0,0,soldado,0,1,1,0,0,1,0,0,0,0,0,1,PARADO,4,bus sin potencia (K1/F1/S1); VESC en kill (ADC2); VESC en timeout PPM; MCU manda neutro
0,0,1,0,0,bobina_abierta,1,0,0,0,0,0,0,0,0,0,0,0,PARADO,4,bus sin potencia (K1/F1/S1); VESC en kill (ADC2); VESC en timeout PPM; MCU manda neutro
0,0,1,0,0,bobina_abierta,1,0,1,0,0,0,0,0,0,0,0,0,PARADO,4,bus sin potencia (K1/F1/S1); VESC en kill (ADC2); VESC en timeout PPM; MCU manda neutro
0,0,1,0,0,bobina_abierta,1,1,0,0,0,0,0,0,0,0,0,0,PARADO,4,bus sin potencia (K1/F1/S1); VESC en kill (ADC2); VESC en timeout PPM; MCU manda neutro
0,0,1,0,0,bobina_abierta,1,1,1,0,0,0,0,0,0,0,0,0,PARADO,4,bus sin potencia (K1/F1/S1); VESC en kill (ADC2); VESC en timeout PPM; MCU manda neutro
0,0,1,0,0,bobina_abierta,0,0,0,0,0,0,0,0,0,0,0,1,PARADO,4,bus sin potencia (K1/F1/S1); VESC en kill (ADC2); VESC en timeout PPM; MCU manda neutro
0,0,1,0,0,bobina_abierta,0,0,1,0,0,0,0,0,0,0,0,1,PARADO,4,bus sin potencia (K1/F1/S1); VESC en kill (ADC2); VESC en timeout PPM; MCU manda neutro
0,0,1,0,0,bobina_abierta,0,1,0,0,0,0,0,0,0,0,0,1,PARADO,4,bus sin potencia (K1/F1/S1); VESC en kill (ADC2); VESC en timeout PPM; MCU manda neutro
0,0,1,0,0,bobina_abierta,0,1,1,0,0,0,0,0,0,0,0,1,PARADO,4,bus sin potencia (K1/F1/S1); VESC en kill (ADC2); VESC en timeout PPM; MCU manda neutro
0,0,0,1,1,normal,1,0,0,0,0,0,0,0,0,0,0,0,PARADO,4,bus sin potencia (K1/F1/S1); VESC en kill (ADC2); VESC en timeout PPM; MCU manda neutro
0,0,0,1,1,normal,1,0,1,0,0,0,0,0,0,0,0,0,PARADO,4,bus sin potencia (K1/F1/S1); VESC en kill (ADC2); VESC en timeout PPM; MCU manda neutro
0,0,0,1,1,normal,1,1,0,0,0,0,0,0,0,0,0,0,PARADO,4,bus sin potencia (K1/F1/S1); VESC en kill (ADC2); VESC en timeout PPM; MCU manda neutro
0,0,0,1,1,normal,1,1,1,0,0,0,0,0,0,0,0,0,PARADO,4,bus sin potencia (K1/F1/S1); VESC en kill (ADC2); VESC en timeout PPM; MCU manda neutro
0,0,0,1,1,normal,0,0,0,0,0,0,0,0,0,0,0,1,PARADO,4,bus sin potencia (K1/F1/S1); VESC en kill (ADC2); VESC en timeout PPM; MCU manda neutro
0,0,0,1,1,normal,0,0,1,0,0,0,0,0,0,0,0,1,PARADO,4,bus sin potencia (K1/F1/S1); VESC en kill (ADC2); VESC en timeout PPM; MCU manda neutro
0,0,0,1,1,normal,0,1,0,0,0,0,0,0,0,0,0,1,PARADO,4,bus sin potencia (K1/F1/S1); VESC en kill (ADC2); VESC en timeout PPM; MCU manda neutro
0,0,0,1,1,normal,0,1,1,0,0,0,0,0,0,0,0,1,PARADO,4,bus sin potencia (K1/F1/S1); VESC en kill (ADC2); VESC en timeout PPM; MCU manda neutro
0,0,0,1,1,soldado,1,0,0,0,0,1,0,0,0,0,0,0,PARADO,4,bus sin potencia (K1/F1/S1); VESC en kill (ADC2); VESC en timeout PPM; MCU manda neutro
0,0,0,1,1,soldado,1,0,1,0,0,1,0,0,0,0,0,0,PARADO,4,bus sin potencia (K1/F1/S1); VESC en kill (ADC2); VESC en timeout PPM; MCU manda neutro
0,0,0,1,1,soldado,1,1,0,0,0,1,0,0,0,0,0,0,PARADO,4,bus sin potencia (K1/F1/S1); VESC en kill (ADC2); VESC en timeout PPM; MCU manda neutro
0,0,0,1,1,soldado,1,1,1,0,0,1,0,0,0,0,0,0,PARADO,4,bus sin potencia (K1/F1/S1); VESC en kill (ADC2); VESC en timeout PPM; MCU manda neutro
0,0,0,1,1,soldado,0,0,0,0,0,1,0,0,0,0,0,1,PARADO,4,bus sin potencia (K1/F1/S1); VESC en kill (ADC2); VESC en timeout PPM; MCU manda neutro
0,0,0,1,1,soldado,0,0,1,0,0,1,0,0,0,0,0,1,PARADO,4,bus sin potencia (K1/F1/S1); VESC en kill (ADC2); VESC en timeout PPM; MCU manda neutro
0,0,0,1,1,soldado,0,1,0,0,0,1,0,0,0,0,0,1,PARADO,4,bus sin potencia (K1/F1/S1); VESC en kill (ADC2); VESC en timeout PPM; MCU manda neutro
0,0,0,1,1,soldado,0,1,1,0,0,1,0,0,0,0,0,1,PARADO,4,bus sin potencia (K1/F1/S1); VESC en kill (ADC2); VESC en timeout PPM; MCU manda neutro
0,0,0,1,1,bobina_abierta,1,0,0,0,0,0,0,0,0,0,0,0,PARADO,4,bus sin potencia (K1/F1/S1); VESC en kill (ADC2); VESC en timeout PPM; MCU manda neutro
0,0,0,1,1,bobina_abierta,1,0,1,0,0,0,0,0,0,0,0,0,PARADO,4,bus sin potencia (K1/F1/S1); VESC en kill (ADC2); VESC en timeout PPM; MCU manda neutro
0,0,0,1,1,bobina_abierta,1,1,0,0,0,0,0,0,0,0,0,0,PARADO,4,bus sin potencia (K1/F1/S1); VESC en kill (ADC2); VESC en timeout PPM; MCU manda neutro
0,0,0,1,1,bobina_abierta,1,1,1,0,0,0,0,0,0,0,0,0,PARADO,4,bus sin potencia (K1/F1/S1); VESC en kill (ADC2); VESC en timeout PPM; MCU manda neutro
0,0,0,1,1,bobina_abierta,0,0,0,0,0,0,0,0,0,0,0,1,PARADO,4,bus sin potencia (K1/F1/S1); VESC en kill (ADC2); VESC en timeout PPM; MCU manda neutro
0,0,0,1,1,bobina_abierta,0,0,1,0,0,0,0,0,0,0,0,1,PARADO,4,bus sin potencia (K1/F1/S1); VESC en kill (ADC2); VESC en timeout PPM; MCU manda neutro
0,0,0,1,1,bobina_abierta,0,1,0,0,0,0,0,0,0,0,0,1,PARADO,4,bus sin potencia (K1/F1/S1); VESC en kill (ADC2); VESC en timeout PPM; MCU manda neutro
0,0,0,1,1,bobina_abierta,0,1,1,0,0,0,0,0,0,0,0,1,PARADO,4,bus sin potencia (K1/F1/S1); VESC en kill (ADC2); VESC en timeout PPM; MCU manda neutro
0,0,0,1,0,normal,1,0,0,0,0,0,0,0,0,0,0,0,PARADO,4,bus sin potencia (K1/F1/S1); VESC en kill (ADC2); VESC en timeout PPM; MCU manda neutro
0,0,0,1,0,normal,1,0,1,0,0,0,0,0,0,0,0,0,PARADO,4,bus sin potencia (K1/F1/S1); VESC en kill (ADC2); VESC en timeout PPM; MCU manda neutro
0,0,0,1,0,normal,1,1,0,0,0,0,0,0,0,0,0,0,PARADO,4,bus sin potencia (K1/F1/S1); VESC en kill (ADC2); VESC en timeout PPM; MCU manda neutro
0,0,0,1,0,normal,1,1,1,0,0,0,0,0,0,0,0,0,PARADO,4,bus sin potencia (K1/F1/S1); VESC en kill (ADC2); VESC en timeout PPM; MCU manda neutro
0,0,0,1,0,normal,0,0,0,0,0,0,0,0,0,0,0,1,PARADO,4,bus sin potencia (K1/F1/S1); VESC en kill (ADC2); VESC en timeout PPM; MCU manda neutro
0,0,0,1,0,normal,0,0,1,0,0,0,0,0,0,0,0,1,PARADO,4,bus sin potencia (K1/F1/S1); VESC en kill (ADC2); VESC en timeout PPM; MCU manda neutro
0,0,0,1,0,normal,0,1,0,0,0,0,0,0,0,0,0,1,PARADO,4,bus sin potencia (K1/F1/S1); VESC en kill (ADC2); VESC en timeout PPM; MCU manda neutro
0,0,0,1,0,normal,0,1,1,0,0,0,0,0,0,0,0,1,PARADO,4,bus sin potencia (K1/F1/S1); VESC en kill (ADC2); VESC en timeout PPM; MCU manda neutro
0,0,0,1,0,soldado,1,0,0,0,0,1,0,0,0,0,0,0,PARADO,4,bus sin potencia (K1/F1/S1); VESC en kill (ADC2); VESC en timeout PPM; MCU manda neutro
0,0,0,1,0,soldado,1,0,1,0,0,1,0,0,0,0,0,0,PARADO,4,bus sin potencia (K1/F1/S1); VESC en kill (ADC2); VESC en timeout PPM; MCU manda neutro
0,0,0,1,0,soldado,1,1,0,0,0,1,0,0,0,0,0,0,PARADO,4,bus sin potencia (K1/F1/S1); VESC en kill (ADC2); VESC en timeout PPM; MCU manda neutro
0,0,0,1,0,soldado,1,1,1,0,0,1,0,0,0,0,0,0,PARADO,4,bus sin potencia (K1/F1/S1); VESC en kill (ADC2); VESC en timeout PPM; MCU manda neutro
0,0,0,1,0,soldado,0,0,0,0,0,1,0,0,0,0,0,1,PARADO,4,bus sin potencia (K1/F1/S1); VESC en kill (ADC2); VESC en timeout PPM; MCU manda neutro
0,0,0,1,0,soldado,0,0,1,0,0,1,0,0,0,0,0,1,PARADO,4,bus sin potencia (K1/F1/S1); VESC en kill (ADC2); VESC en timeout PPM; MCU manda neutro
0,0,0,1,0,soldado,0,1,0,0,0,1,0,0,0,0,0,1,PARADO,4,bus sin potencia (K1/F1/S1); VESC en kill (ADC2); VESC en timeout PPM; MCU manda neutro
0,0,0,1,0,soldado,0,1,1,0,0,1,0,0,0,0,0,1,PARADO,4,bus sin potencia (K1/F1/S1); VESC en kill (ADC2); VESC en timeout PPM; MCU manda neutro
0,0,0,1,0,bobina_abierta,1,0,0,0,0,0,0,0,0,0,0,0,PARADO,4,bus sin potencia (K1/F1/S1); VESC en kill (ADC2); VESC en timeout PPM; MCU manda neutro
0,0,0,1,0,bobina_abierta,1,0,1,0,0,0,0,0,0,0,0,0,PARADO,4,bus sin potencia (K1/F1/S1); VESC en kill (ADC2); VESC en timeout PPM; MCU manda neutro
0,0,0,1,0,bobina_abierta,1,1,0,0,0,0,0,0,0,0,0,0,PARADO,4,bus sin potencia (K1/F1/S1); VESC en kill (ADC2); VESC en timeout PPM; MCU manda neutro
0,0,0,1,0,bobina_abierta,1,1,1,0,0,0,0,0,0,0,0,0,PARADO,4,bus sin potencia (K1/F1/S1); VESC en kill (ADC2); VESC en timeout PPM; MCU manda neutro
0,0,0,1,0,bobina_abierta,0,0,0,0,0,0,0,0,0,0,0,1,PARADO,4,bus sin potencia (K1/F1/S1); VESC en kill (ADC2); VESC en timeout PPM; MCU manda neutro
0,0,0,1,0,bobina_abierta,0,0,1,0,0,0,0,0,0,0,0,1,PARADO,4,bus sin potencia (K1/F1/S1); VESC en kill (ADC2); VESC en timeout PPM; MCU manda neutro
0,0,0,1,0,bobina_abierta,0,1,0,0,0,0,0,0,0,0,0,1,PARADO,4,bus sin potencia (K1/F1/S1); VESC en kill (ADC2); VESC en timeout PPM; MCU manda neutro
0,0,0,1,0,bobina_abierta,0,1,1,0,0,0,0,0,0,0,0,1,PARADO,4,bus sin potencia (K1/F1/S1); VESC en kill (ADC2); VESC en timeout PPM; MCU manda neutro
0,0,0,0,1,normal,1,0,0,0,0,0,0,0,0,0,0,0,PARADO,4,bus sin potencia (K1/F1/S1); VESC en kill (ADC2); VESC en timeout PPM; MCU manda neutro
0,0,0,0,1,normal,1,0,1,0,0,0,0,0,0,0,0,0,PARADO,4,bus sin potencia (K1/F1/S1); VESC en kill (ADC2); VESC en timeout PPM; MCU manda neutro
0,0,0,0,1,normal,1,1,0,0,0,0,0,0,0,0,0,0,PARADO,4,bus sin potencia (K1/F1/S1); VESC en kill (ADC2); VESC en timeout PPM; MCU manda neutro
0,0,0,0,1,normal,1,1,1,0,0,0,0,0,0,0,0,0,PARADO,4,bus sin potencia (K1/F1/S1); VESC en kill (ADC2); VESC en timeout PPM; MCU manda neutro
0,0,0,0,1,normal,0,0,0,0,0,0,0,0,0,0,0,1,PARADO,4,bus sin potencia (K1/F1/S1); VESC en kill (ADC2); VESC en timeout PPM; MCU manda neutro
0,0,0,0,1,normal,0,0,1,0,0,0,0,0,0,0,0,1,PARADO,4,bus sin potencia (K1/F1/S1); VESC en kill (ADC2); VESC en timeout PPM; MCU manda neutro
0,0,0,0,1,normal,0,1,0,0,0,0,0,0,0,0,0,1,PARADO,4,bus sin potencia (K1/F1/S1); VESC en kill (ADC2); VESC en timeout PPM; MCU manda neutro
0,0,0,0,1,normal,0,1,1,0,0,0,0,0,0,0,0,1,PARADO,4,bus sin potencia (K1/F1/S1); VESC en kill (ADC2); VESC en timeout PPM; MCU manda neutro
0,0,0,0,1,soldado,1,0,0,0,0,1,0,0,0,0,0,0,PARADO,4,bus sin potencia (K1/F1/S1); VESC en kill (ADC2); VESC en timeout PPM; MCU manda neutro
0,0,0,0,1,soldado,1,0,1,0,0,1,0,0,0,0,0,0,PARADO,4,bus sin potencia (K1/F1/S1); VESC en kill (ADC2); VESC en timeout PPM; MCU manda neutro
0,0,0,0,1,soldado,1,1,0,0,0,1,0,0,0,0,0,0,PARADO,4,bus sin potencia (K1/F1/S1); VESC en kill (ADC2); VESC en timeout PPM; MCU manda neutro
0,0,0,0,1,soldado,1,1,1,0,0,1,0,0,0,0,0,0,PARADO,4,bus sin potencia (K1/F1/S1); VESC en kill (ADC2); VESC en timeout PPM; MCU manda neutro
0,0,0,0,1,soldado,0,0,0,0,0,1,0,0,0,0,0,1,PARADO,4,bus sin potencia (K1/F1/S1); VESC en kill (ADC2); VESC en timeout PPM; MCU manda neutro
0,0,0,0,1,soldado,0,0,1,0,0,1,0,0,0,0,0,1,PARADO,4,bus sin potencia (K1/F1/S1); VESC en kill (ADC2); VESC en timeout PPM; MCU manda neutro
0,0,0,0,1,soldado,0,1,0,0,0,1,0,0,0,0,0,1,PARADO,4,bus sin potencia (K1/F1/S1); VESC en kill (ADC2); VESC en timeout PPM; MCU manda neutro
0,0,0,0,1,soldado,0,1,1,0,0,1,0,0,0,0,0,1,PARADO,4,bus sin potencia (K1/F1/S1); VESC en kill (ADC2); VESC en timeout PPM; MCU manda neutro
0,0,0,0,1,bobina_abierta,1,0,0,0,0,0,0,0,0,0,0,0,PARADO,4,bus sin potencia (K1/F1/S1); VESC en kill (ADC2); VESC en timeout PPM; MCU manda neutro
0,0,0,0,1,bobina_abierta,1,0,1,0,0,0,0,0,0,0,0,0,PARADO,4,bus sin potencia (K1/F1/S1); VESC en kill (ADC2); VESC en timeout PPM; MCU manda neutro
0,0,0,0,1,bobina_abierta,1,1,0,0,0,0,0,0,0,0,0,0,PARADO,4,bus sin potencia (K1/F1/S1); VESC en kill (ADC2); VESC en timeout PPM; MCU manda neutro
0,0,0,0,1,bobina_abierta,1,1,1,0,0,0,0,0,0,0,0,0,PARADO,4,bus sin potencia (K1/F1/S1); VESC en kill (ADC2); VESC en timeout PPM; MCU manda neutro
0,0,0,0,1,bobina_abierta,0,0,0,0,0,0,0,0,0,0,0,1,PARADO,4,bus sin potencia (K1/F1/S1); VESC en kill (ADC2); VESC en timeout PPM; MCU manda neutro
0,0,0,0,1,bobina_abierta,0,0,1,0,0,0,0,0,0,0,0,1,PARADO,4,bus sin potencia (K1/F1/S1); VESC en kill (ADC2); VESC en timeout PPM; MCU manda neutro
0,0,0,0,1,bobina_abierta,0,1,0,0,0,0,0,0,0,0,0,1,PARADO,4,bus sin potencia (K1/F1/S1); VESC en kill (ADC2); VESC en timeout PPM; MCU manda neutro
0,0,0,0,1,bobina_abierta,0,1,1,0,0,0,0,0,0,0,0,1,PARADO,4,bus sin potencia (K1/F1/S1); VESC en kill (ADC2); VESC en timeout PPM; MCU manda neutro
0,0,0,0,0,normal,1,0,0,0,0,0,0,0,0,0,0,0,PARADO,4,bus sin potencia (K1/F1/S1); VESC en kill (ADC2); VESC en timeout PPM; MCU manda neutro
0,0,0,0,0,normal,1,0,1,0,0,0,0,0,0,0,0,0,PARADO,4,bus sin potencia (K1/F1/S1); VESC en kill (ADC2); VESC en timeout PPM; MCU manda neutro
0,0,0,0,0,normal,1,1,0,0,0,0,0,0,0,0,0,0,PARADO,4,bus sin potencia (K1/F1/S1); VESC en kill (ADC2); VESC en timeout PPM; MCU manda neutro
0,0,0,0,0,normal,1,1,1,0,0,0,0,0,0,0,0,0,PARADO,4,bus sin potencia (K1/F1/S1); VESC en kill (ADC2); VESC en timeout PPM; MCU manda neutro
0,0,0,0,0,normal,0,0,0,0,0,0,0,0,0,0,0,1,PARADO,4,bus sin potencia (K1/F1/S1); VESC en kill (ADC2); VESC en timeout PPM; MCU manda neutro
0,0,0,0,0,normal,0,0,1,0,0,0,0,0,0,0,0,1,PARADO,4,bus sin potencia (K1/F1/S1); VESC en kill (ADC2); VESC en timeout PPM; MCU manda neutro
0,0,0,0,0,normal,0,1,0,0,0,0,0,0,0,0,0,1,PARADO,4,bus sin potencia (K1/F1/S1); VESC en kill (ADC2); VESC en timeout PPM; MCU manda neutro
0,0,0,0,0,normal,0,1,1,0,0,0,0,0,0,0,0,1,PARADO,4,bus sin potencia (K1/F1/S1); VESC en kill (ADC2); VESC en timeout PPM; MCU manda neutro
0,0,0,0,0,soldado,1,0,0,0,0,1,0,0,0,0,0,0,PARADO,4,bus sin potencia (K1/F1/S1); VESC en kill (ADC2); VESC en timeout PPM; MCU manda neutro
0,0,0,0,0,soldado,1,0,1,0,0,1,0,0,0,0,0,0,PARADO,4,bus sin potencia (K1/F1/S1); VESC en kill (ADC2); VESC en timeout PPM; MCU manda neutro
0,0,0,0,0,soldado,1,1,0,0,0,1,0,0,0,0,0,0,PARADO,4,bus sin potencia (K1/F1/S1); VESC en kill (ADC2); VESC en timeout PPM; MCU manda neutro
0,0,0,0,0,soldado,1,1,1,0,0,1,0,0,0,0,0,0,PARADO,4,bus sin potencia (K1/F1/S1); VESC en kill (ADC2); VESC en timeout PPM; MCU manda neutro
0,0,0,0,0,soldado,0,0,0,0,0,1,0,0,0,0,0,1,PARADO,4,bus sin potencia (K1/F1/S1); VESC en kill (ADC2); VESC en timeout PPM; MCU manda neutro
0,0,0,0,0,soldado,0,0,1,0,0,1,0,0,0,0,0,1,PARADO,4,bus sin potencia (K1/F1/S1); VESC en kill (ADC2); VESC en timeout PPM; MCU manda neutro
0,0,0,0,0,soldado,0,1,0,0,0,1,0,0,0,0,0,1,PARADO,4,bus sin potencia (K1/F1/S1); VESC en kill (ADC2); VESC en timeout PPM; MCU manda neutro
0,0,0,0,0,soldado,0,1,1,0,0,1,0,0,0,0,0,1,PARADO,4,bus sin potencia (K1/F1/S1); VESC en kill (ADC2); VESC en timeout PPM; MCU manda neutro
0,0,0,0,0,bobina_abierta,1,0,0,0,0,0,0,0,0,0,0,0,PARADO,4,bus sin potencia (K1/F1/S1); VESC en kill (ADC2); VESC en timeout PPM; MCU manda neutro
0,0,0,0,0,bobina_abierta,1,0,1,0,0,0,0,0,0,0,0,0,PARADO,4,bus sin potencia (K1/F1/S1); VESC en kill (ADC2); VESC en timeout PPM; MCU manda neutro
0,0,0,0,0,bobina_abierta,1,1,0,0,0,0,0,0,0,0,0,0,PARADO,4,bus sin potencia (K1/F1/S1); VESC en kill (ADC2); VESC en timeout PPM; MCU manda neutro
0,0,0,0,0,bobina_abierta,1,1,1,0,0,0,0,0,0,0,0,0,PARADO,4,bus sin potencia (K1/F1/S1); VESC en kill (ADC2); VESC en timeout PPM; MCU manda neutro
0,0,0,0,0,bobina_abierta,0,0,0,0,0,0,0,0,0,0,0,1,PARADO,4,bus sin potencia (K1/F1/S1); VESC en kill (ADC2); VESC en timeout PPM; MCU manda neutro
0,0,0,0,0,bobina_abierta,0,0,1,0,0,0,0,0,0,0,0,1,PARADO,4,bus sin potencia (K1/F1/S1); VESC en kill (ADC2); VESC en timeout PPM; MCU manda neutro
0,0,0,0,0,bobina_abierta,0,1,0,0,0,0,0,0,0,0,0,1,PARADO,4,bus sin potencia (K1/F1/S1); VESC en kill (ADC2); VESC en timeout PPM; MCU manda neutro
0,0,0,0,0,bobina_abierta,0,1,1,0,0,0,0,0,0,0,0,1,PARADO,4,bus sin potencia (K1/F1/S1); VESC en kill (ADC2); VESC en timeout PPM; MCU manda neutro
